accident_id,incident_datetime,city,state,country,latitude,longitude,road_name,road_type,intersection_type,accident_type,weather_condition,road_condition,light_condition,speed_limit,actual_speed_kph,driver_age,driver_gender,casualties,fatalities,vehicles_involved,alcohol_influence,blood_alcohol_level,weather_reported_at,reporting_department,pedestrian_involved
da067c81-5d96-4188-a954-e6a622da0f0a,2019-10-11T06:39:39.089Z,Rapid City,Pennsylvania,Micronesia,-15.5965,13.1276,aveho,veniam,vis,curia,ventosus,nemo,uterque,51,131.31703573829316,24,correptius,3,0,1,false,0.018202854693950832,2024-05-20T23:43:17.506Z,"Schultz, Gorczany and Hoeger",false
c4ef5682-90f5-4dd8-8278-ae2f700eeb3a,2024-11-18T08:19:44.327Z,Port Adrienne,Michigan,Lebanon,-23.4442,-135.3112,fugiat,error,tyrannus,reprehenderit,conicio,solium,porro,28,15.69954914201495,89,victus,5,1,1,true,0.08484084492461838,2022-06-16T16:02:20.294Z,Dietrich Inc,true
e03daa88-088c-4f6a-b9ff-265c27a3a715,2022-07-13T21:56:47.933Z,East Ashleeside,North Dakota,Peru,16.0972,37.677,admoneo,ver,adeo,turba,consuasor,certe,admoveo,78,70.63241698588483,87,vulnus,1,2,5,false,0.16899533324639002,2025-03-20T08:08:57.966Z,Vandervort and Sons,false
a88b7656-eee2-48f4-9c3f-4c7037306b03,2020-04-01T23:47:11.216Z,Hayesborough,Colorado,Norfolk Island,71.1028,-122.0468,theca,accendo,quas,cometes,demonstro,paens,atque,121,187.327903891246,79,non,3,2,4,false,0.014246444417899767,2022-01-03T13:32:13.391Z,Turner LLC,false
1b48c11f-f0ef-4db2-a92d-a1c9b15ecac1,2024-10-19T23:08:41.459Z,Ethelmouth,South Carolina,Angola,-57.759,-172.5956,conduco,tabula,denego,vita,carbo,terminatio,depono,109,123.28974799943009,67,aegre,0,0,1,false,0.021705192920610572,2021-04-11T21:12:57.802Z,McLaughlin - Gerhold,false
0684a439-b300-43b1-beaa-f48327ef5830,2025-05-21T11:39:01.115Z,South Gabe,Florida,Wallis and Futuna,3.7066,-67.2855,cribro,absum,animadverto,cervus,deleo,tredecim,adnuo,30,36.635788137192534,30,coma,2,2,3,false,0.23722010333748536,2021-04-11T06:59:38.872Z,Bashirian - Bogisich,false
6cdf3a72-dc7f-41da-8011-e33f79f79e43,2024-03-04T21:39:51.231Z,Lake Carole,North Dakota,Kyrgyz Republic,-34.047,10.9054,aureus,surculus,auctor,color,ver,tam,combibo,86,156.95701237749503,36,copiose,4,0,3,true,0.15873361102361688,2023-07-12T14:30:58.014Z,Larson LLC,true
aeb3ecbb-17f3-4e0c-98da-dce7eab2b221,2022-12-16T03:37:53.195Z,Sanford,Georgia,Indonesia,70.9262,0.3005,trucido,neque,charisma,ulterius,coaegresco,arca,arbustum,98,155.38012511977044,33,numquam,2,0,3,true,0.19047829540251018,2023-12-13T09:56:24.574Z,"Okuneva, Parker and Langworth",false
a1b79707-57de-47a5-9e39-2f189eb10a06,2024-11-20T06:45:18.791Z,Jazmynland,Texas,Faroe Islands,73.6931,-26.5244,tutis,comburo,unus,stips,theologus,saepe,admitto,27,238.4119391961252,93,vergo,6,0,1,true,0.13738949331703237,2022-05-03T05:16:25.856Z,Boyer and Sons,true
8604fac1-96e5-4f02-85d0-8ef8fc734ba9,2022-04-02T12:05:50.512Z,East Bernardobury,Florida,Angola,27.2675,-143.5498,tres,color,ter,celebrer,suppellex,aspernatur,vere,40,177.42609229376333,48,accusator,5,1,3,true,0.2140691129715928,2025-06-19T11:07:24.227Z,Beatty - Hegmann,false
494f57ef-1c52-4c70-9c24-29703a453984,2018-03-13T22:55:42.792Z,East Dexter,Arizona,Mauritius,-41.1387,-109.5165,tametsi,vacuus,substantia,desparatus,vinitor,temeritas,asper,26,77.8002964723405,18,theca,6,0,5,false,0.22946732374131978,2024-08-03T06:17:53.950Z,"Hills, Kris and Stehr",false
a981a5c6-ff47-4bff-a67a-804bdba1fd3d,2023-10-13T14:53:39.003Z,Cassinville,Hawaii,United States of America,-77.587,-31.5561,dens,adflicto,aggero,vomito,eaque,tabella,calcar,74,31.518843429175387,17,corrigo,0,0,3,false,0.23286507606666298,2023-10-12T01:54:43.372Z,"Crist, Olson and Schmeler",false
0322e128-e748-440c-aa00-ee7f23b58177,2022-11-09T02:19:47.220Z,Donavonfield,Hawaii,Turks and Caicos Islands,38.6587,-78.4642,quibusdam,cauda,curso,tempore,cena,decet,valeo,55,25.20520921204742,37,cribro,4,2,1,true,0.013358356855683845,2019-01-21T23:01:04.461Z,Rosenbaum Inc,true
17e9ee58-fb01-4ae5-b3f4-cc750a2b05d1,2020-01-20T01:15:11.465Z,North Amos,Ohio,Pakistan,43.5677,-20.1916,curo,quam,succedo,adipiscor,pax,voluptate,dedecor,24,32.17115166990948,63,acies,3,0,1,true,0.21086672858081057,2022-08-03T17:41:18.676Z,Pfeffer - Bernhard,true
176e8df6-8362-452c-86c4-0a7fe9ec67b8,2022-05-14T03:37:32.885Z,Henryview,Nevada,Denmark,74.1982,3.23,certe,cattus,uterque,veniam,succurro,cupressus,accedo,102,189.63888691870196,52,tibi,4,2,3,true,0.19321050043522073,2025-02-08T22:11:39.025Z,"Hackett, Lowe and Blick",true
1da71492-e924-4348-a7c8-3cd8ff251a9d,2022-09-22T06:28:26.107Z,Vandervortland,Oregon,Madagascar,-83.7182,-55.0082,voluptate,molestias,ultra,surculus,viduo,denego,demonstro,24,0.40208247458582314,26,thesaurus,4,1,2,false,0.010372631719055697,2025-06-22T04:27:20.252Z,"Stoltenberg, Johnston and Robel",true
c57beeb8-88a6-4287-8799-fd968cc49451,2024-06-12T18:39:30.361Z,Lorenaville,North Carolina,Panama,-38.4105,166.6789,stillicidium,sollicito,utrum,solus,deserunt,bibo,alii,65,216.52096616822996,20,quia,3,0,3,false,0.05482427739427345,2018-03-21T14:34:02.354Z,Kshlerin Inc,true
873626be-cf27-4167-a6e8-a59873f7a8b8,2022-11-20T04:31:01.839Z,Shieldsboro,Arizona,Western Sahara,79.1489,-19.1864,curvo,sordeo,vivo,corporis,peior,degenero,expedita,31,52.718636116614014,45,commemoro,4,0,2,true,0.2031006779540757,2024-12-19T21:30:14.926Z,Kling LLC,true
2b635956-42c6-47e4-b0b4-0f4f6ce329dc,2021-07-21T22:59:41.181Z,Borisstead,Texas,Belize,84.9183,-128.7925,voluptatum,patruus,volubilis,angulus,doloremque,bonus,cubo,23,187.30395406503314,44,tricesimus,2,0,1,false,0.2090854980326459,2022-05-25T23:26:29.400Z,"Ortiz, Sporer and Kirlin",true
8eaf34c8-de67-4b47-8912-611d68986948,2024-07-02T18:47:49.693Z,New Princeland,Oregon,Niger,10.6527,16.9606,admoveo,apparatus,depono,iste,caste,angulus,spargo,108,200.14415596710512,37,speciosus,3,0,1,true,0.16162289435590876,2024-10-20T11:20:51.555Z,Stroman - Ferry,false
ac1ebb03-a8dc-45fd-af10-cad223a3ff17,2022-10-04T16:33:41.297Z,Lornaport,Indiana,Palestine,-15.2915,59.3468,cogo,sollicito,tredecim,textus,totam,sulum,rem,66,122.08539133007602,43,undique,2,1,5,false,0.03557342038554756,2025-07-03T15:12:49.512Z,Ratke Inc,false
12b9a122-22e1-46e7-a473-1fc87cfd43c7,2019-05-19T15:20:12.734Z,North Ashlynn,New York,Nepal,-21.8276,-5.6683,vinitor,ad,angulus,umquam,abscido,cruciamentum,amplus,123,140.55434405584737,88,atque,6,0,5,false,0.16194904335156815,2019-09-23T23:15:02.381Z,Schinner Inc,true
9980a4aa-6c93-43ba-a53f-799001d345bf,2019-06-16T02:14:36.232Z,Elgin,West Virginia,Seychelles,42.1359,13.8772,careo,distinctio,subiungo,creta,adipiscor,cattus,adhaero,121,189.3476801207975,85,confero,3,1,2,false,0.06353221713660212,2019-08-28T21:53:14.678Z,"Nolan, Koch and Durgan",false
01eee35d-d38a-4d94-9af9-ac1220e86d39,2020-01-01T03:04:43.699Z,Broomfield,Kansas,Albania,-69.675,126.5597,quae,tantillus,pel,capillus,architecto,compono,currus,109,22.165187125057948,53,adulatio,2,2,1,false,0.1736688293089051,2022-06-03T08:01:56.262Z,Bartoletti Group,false
d7bbed68-151f-46b2-aef6-951986cb6752,2022-01-27T09:59:47.079Z,Lynn,North Carolina,Azerbaijan,-18.9196,19.5124,adsidue,aequus,quam,admiratio,id,depraedor,voluptas,112,35.70220690040835,39,ultra,6,1,1,true,0.00993834599384169,2022-09-23T09:28:28.509Z,Greenholt LLC,true
a3c63dbb-d9e3-4748-9122-1d1995d45496,2021-04-02T17:25:11.072Z,Beerstad,Maryland,Ecuador,30.7402,176.3989,vinculum,audentia,decerno,casus,acidus,vobis,deficio,76,158.9696904272905,88,ater,6,0,1,false,0.1968523320273542,2021-05-01T00:38:33.787Z,Haag - Mayer,false
83223853-297d-47dd-ac4c-e8afa30d2bc6,2023-10-08T03:22:25.848Z,Huldaberg,Montana,Cook Islands,-2.7866,100.3905,inventore,adhaero,casus,approbo,vitium,amicitia,tego,68,31.190992691223876,20,capio,2,0,4,false,0.17160127894596286,2022-03-25T03:18:01.766Z,Reichel - Stiedemann,true
b49fe8c4-0720-4de5-8152-da34d00afe56,2022-06-17T16:14:01.704Z,Danikatown,Alaska,Central African Republic,0.0248,-172.3511,conservo,conculco,sopor,voluptas,sol,vesco,tempus,88,157.6449010480762,97,cognatus,3,2,3,false,0.07848764051056425,2018-05-07T14:52:12.566Z,Steuber - Fadel,true
94d4ab6e-a5ae-4754-b65c-c84fba29b744,2018-08-11T00:19:37.401Z,Gottliebborough,New Mexico,Moldova,-67.0469,63.1212,bestia,viduo,nemo,confugo,veritas,quis,reiciendis,53,0.9482590064950269,24,vilis,1,1,5,true,0.0014501932028560816,2019-08-11T11:26:50.473Z,Harris LLC,true
6c6ec63d-32ac-425f-8c50-84cf6e0ab34a,2025-09-01T08:18:27.230Z,Herzogport,Texas,Marshall Islands,83.4692,32.4987,repellat,tripudio,cubicularis,infit,delicate,ullam,aranea,103,105.66515176667313,21,cognatus,3,2,4,false,0.10365053466415108,2018-04-05T04:12:35.058Z,"Blick, Schroeder and Becker",false
afee7eec-7c58-4d2d-b8b8-38cfbd2b9a02,2023-12-12T10:01:45.705Z,Lowellberg,Delaware,Puerto Rico,-47.0217,5.8894,spargo,atque,amo,valde,spero,auditor,commodo,25,139.51089709904704,24,thorax,4,0,1,true,0.05921280677980309,2024-02-11T04:53:27.316Z,Nader Group,true
0e70b4d7-10f6-4cf0-bf8b-cc15e36fccb9,2019-01-05T03:06:05.351Z,Urbanmouth,Vermont,Mexico,65.3785,-81.782,accusator,cupio,aestus,ducimus,amiculum,aegre,verbum,92,126.71682102572096,100,ustulo,5,2,5,true,0.08393638411853277,2025-01-16T17:45:22.145Z,Tromp LLC,true
4b207d17-6a91-4120-9003-c140b3f2d543,2021-05-02T05:13:27.782Z,Lake Mathiasfield,Nebraska,Singapore,-20.8025,4.8595,stella,cresco,tabula,suscipit,acsi,theca,contabesco,113,226.5267298759631,91,delectus,5,2,1,false,0.042378799855479626,2019-11-26T01:11:12.427Z,"Purdy, Klein and Dickinson",false
14358f5e-afa9-435e-91be-573a5f26ff10,2025-04-07T08:20:14.630Z,East Nathaniel,Oklahoma,Thailand,-17.9691,143.1701,impedit,pecus,tricesimus,abscido,expedita,laboriosam,supra,39,121.61644496390078,26,dens,4,0,3,false,0.13278009641415822,2024-10-01T09:12:27.688Z,"Runolfsdottir, Heathcote and Medhurst",false
a99ab58b-7eca-4749-89be-08e152068e8b,2020-06-13T15:42:36.301Z,Conorburgh,New Hampshire,Rwanda,88.5853,133.2497,comprehendo,deinde,facilis,aspernatur,bellum,stillicidium,degusto,69,13.542436150477855,52,praesentium,3,1,5,false,0.03249938012473749,2023-10-16T08:40:16.123Z,"O'Connell, Towne and Stoltenberg",false
67c69d35-adbb-4d69-9940-36c6ff34f5c8,2024-10-02T17:20:39.774Z,Johnstonstad,New Mexico,New Zealand,-40.5225,89.1172,patrocinor,civis,contra,textor,minus,aspicio,termes,121,124.40952024754209,64,absque,1,1,3,false,0.05710141055294851,2022-09-28T06:27:08.551Z,"Corkery, Schaefer and Tremblay",false
0d27a57a-546d-4c81-8329-172b707446ba,2021-09-12T23:10:52.656Z,The Hammocks,Michigan,Marshall Islands,87.8803,62.5431,clamo,corporis,considero,decumbo,demum,delectus,triduana,112,81.51257960570919,95,perferendis,2,2,2,true,0.08712687342377631,2020-06-19T22:00:10.204Z,"Kautzer, Wiza and Walker",true
58e2aa20-5d20-4787-8315-129b163af650,2020-07-03T00:11:45.867Z,Cormiercester,Massachusetts,Sweden,-33.0327,-146.4555,supplanto,spiritus,natus,creptio,altus,quis,curia,110,53.86980304416372,59,cogo,0,1,4,true,0.12605034697922435,2019-06-09T22:56:56.504Z,Heathcote - Bruen,false
b61234d0-5db0-481f-ba2b-4f347f695234,2019-03-16T05:33:12.284Z,South Adele,Arkansas,Benin,48.9818,16.6151,amicitia,valetudo,succedo,venia,vita,virga,patria,110,115.4449251430102,78,verbera,4,0,5,true,0.1947204032666888,2021-06-17T00:04:21.511Z,"Tillman, Corkery and Kassulke",true
17e9e35d-51bf-4542-b587-9c93d10d9b95,2022-01-13T06:34:26.756Z,Topeka,Vermont,Comoros,29.2527,-23.2705,capillus,theatrum,qui,versus,arbor,aro,deficio,72,87.50764076807934,51,aegrus,4,1,3,true,0.16635229805061413,2024-06-21T20:55:28.833Z,Gerlach - Cassin,true
63440a63-a4db-44f5-87b8-0973c0e591f9,2021-12-11T11:11:30.141Z,Langmouth,Maryland,Bosnia and Herzegovina,-51.5705,-136.2703,bellicus,certe,cultura,tantum,delinquo,synagoga,denique,28,37.22484903942448,62,universe,4,2,5,true,0.217597234501194,2025-12-04T15:47:26.455Z,Osinski - Friesen,true
2c45440d-6a91-4754-9fbd-c4c0e52b28b7,2024-06-08T12:46:10.000Z,Cruickshankfield,Iowa,Italy,-44.1531,-103.1751,cribro,fugit,cogo,demonstro,demonstro,derideo,spiritus,55,133.33844862898735,77,quae,0,2,3,false,0.16654799191388092,2023-09-17T03:32:33.448Z,Bahringer - Strosin,true
5dc307aa-bf87-4c06-b304-8241fd024de4,2021-08-12T10:32:41.000Z,Elzachester,New York,Norway,60.344,-30.3345,aeternus,alveus,sunt,verumtamen,dolor,talis,apto,94,56.98426501224277,51,caries,1,0,4,true,0.03235080411552893,2021-12-04T20:47:51.752Z,O'Kon and Sons,true
9eca629b-0a98-4eac-87e5-2a6b381a3dad,2024-01-16T13:01:57.942Z,Ursulaboro,Wisconsin,Bulgaria,62.8736,72.7098,crebro,comedo,conturbo,apostolus,combibo,sordeo,quas,43,57.40478744580016,43,cunctatio,2,1,2,true,0.08868458938124749,2019-05-04T22:29:22.488Z,Hackett Group,false
8a9b229a-21a9-47bc-bc18-95fbe6bb4798,2025-08-28T18:48:55.290Z,Ubaldoworth,Kentucky,Bulgaria,-55.5716,-170.0234,a,tenus,aro,aperio,sapiente,aestus,terga,74,164.3653262641298,82,aedificium,1,2,1,false,0.20251919027271395,2021-10-02T12:49:44.297Z,"Marquardt, Hessel and O'Connell",false
2a440928-70c7-4084-a392-594ad0551612,2021-01-16T14:05:26.002Z,Lawsonberg,Arkansas,Fiji,-53.6899,-12.1338,sapiente,sulum,cogo,clarus,vae,suppellex,eos,63,185.36653276768777,93,comburo,1,0,4,false,0.1575176070051804,2025-12-17T15:01:35.343Z,Friesen Group,false
b3d88f86-0887-4670-bd5d-6d3c5e489721,2022-04-22T08:49:45.732Z,Mobile,Alabama,Costa Rica,-64.9704,11.6978,culpo,annus,ratione,aut,capitulus,cogo,aqua,122,31.45089868983174,73,sursum,6,2,2,false,0.03258964706663825,2018-10-10T01:43:05.131Z,Mueller - Collins,true
b1ca5e95-b385-4faa-a9be-2d6ed31cee33,2020-10-27T22:57:45.868Z,Lake Albertochester,Michigan,Mali,-3.6873,80.8424,tondeo,complectus,conor,corrigo,curiositas,cunae,tergeo,53,124.17862980710919,66,aperiam,2,0,5,false,0.1199255856731222,2019-10-30T17:24:51.774Z,Torp Inc,true
4fb9c333-7fba-4332-a791-680d54bea475,2021-05-02T01:03:21.170Z,Evansville,Colorado,Fiji,65.2683,29.1782,caute,praesentium,suspendo,acidus,spargo,coepi,una,100,220.78703330545142,61,corpus,2,0,1,false,0.08301176584880784,2022-09-05T18:07:23.069Z,"Herzog, Gislason and McCullough",false
1585b341-d26d-442f-95e2-e1676321ca19,2019-03-22T10:44:42.976Z,Victorville,Wisconsin,Tonga,-29.699,175.1061,patruus,currus,amplexus,conculco,vir,clamo,capio,108,70.13095046358033,60,velociter,2,0,3,true,0.14175913462501472,2023-09-21T14:41:54.399Z,"Waelchi, Smitham and Purdy",true
3f28d369-4d89-41fa-982d-38ce27787e45,2020-03-24T14:14:05.502Z,New Camrenfield,New Mexico,Guernsey,-25.5284,90.5049,quod,curto,ubi,sunt,verumtamen,sed,contabesco,110,195.1145070275029,75,vilitas,5,1,1,true,0.18031058551883236,2019-08-07T00:27:27.176Z,"Rogahn, Koss and Kautzer",true
bc6a5ff8-75e8-497a-a674-e1a49aa4c17a,2023-06-07T23:56:16.014Z,Krajcikchester,New Jersey,Namibia,-40.4065,-34.2958,auctus,abscido,earum,defessus,curso,adeo,annus,97,233.31885337487572,40,decipio,1,0,4,false,0.18688491219621858,2020-08-31T15:24:27.655Z,Tillman - Senger,false
618d0cdc-4f4d-491f-b5e1-001263812c74,2020-10-23T09:18:46.472Z,New Santos,Arizona,Lithuania,-70.497,-58.3781,aufero,ventus,confugo,ad,desino,ea,copiose,66,40.86962678480121,44,tepesco,5,0,1,true,0.19377949899822106,2019-07-07T19:35:01.353Z,"Purdy, Orn and Pacocha",true
fa5bf4ef-4a6e-4f5f-b3a2-1942c7dcd6d8,2025-09-29T12:40:20.181Z,New Adriannafort,Florida,Zimbabwe,89.6269,-54.1751,omnis,curatio,tamisium,vinum,cito,tepesco,coniecto,72,191.88290264180756,48,desparatus,4,0,4,false,0.07909658360298166,2020-06-28T05:21:20.738Z,"Conn, D'Amore and Dooley",false
d542f6d4-7894-4287-b3c9-4192cacd47e4,2023-05-04T03:51:01.799Z,Sashaview,Illinois,Panama,-72.5516,-163.3143,peccatus,avarus,vereor,demergo,patrocinor,vox,celo,88,196.95044811473656,34,tyrannus,2,0,3,false,0.23704011273244602,2020-10-11T10:45:46.067Z,"Little, Brekke and Jakubowski",true
497de127-388a-43d4-97db-d67d03175d90,2023-07-13T13:10:01.686Z,Faheystead,Georgia,Greece,-47.2437,62.0045,terminatio,delectatio,sufficio,adicio,ad,conforto,cogo,120,6.276493790349091,35,carpo,0,2,3,true,0.06794844983020637,2022-09-08T07:20:26.809Z,Donnelly - Hayes,false
3245f3ec-452e-4122-9f51-c95af7f8251c,2021-06-17T23:28:20.612Z,State College,Connecticut,Bosnia and Herzegovina,61.242,107.0213,utique,denuo,voluptatibus,tripudio,cariosus,supellex,subito,59,84.11528193881315,35,custodia,1,2,4,true,0.15124465218031657,2025-11-24T04:51:45.416Z,"Koss, Donnelly and Cartwright",false
0f32bc6c-59bd-4f62-bc43-c00bdd940ef8,2020-07-28T05:27:24.462Z,West Markusview,Connecticut,Benin,-52.9515,22.661,sumptus,triumphus,crepusculum,ubi,centum,defero,demergo,110,185.33726638804703,89,temperantia,3,2,4,true,0.22980712315113525,2022-01-26T16:35:21.347Z,O'Keefe - Conroy,true
3fa1dc22-ebb9-46f9-8be2-2adf3b606986,2020-12-10T03:40:51.673Z,Baltimore,Oregon,Comoros,58.1113,-52.9393,beatae,animadverto,arx,accendo,traho,thesis,tersus,21,75.48829883638705,86,despecto,6,1,2,true,0.035585978684676806,2018-08-30T15:50:38.285Z,Ziemann - Bogan,true
8b274fea-7ca0-4771-b762-6deef4a1ca80,2023-03-30T09:07:00.326Z,Tucson,Washington,Italy,65.1902,-91.8013,carcer,depereo,cotidie,delectus,culpo,velit,sursum,40,62.37209303399347,66,vilicus,3,0,2,false,0.19911851652326548,2024-06-19T18:59:57.917Z,"Welch, Reinger and Reynolds",true
72b47fba-2142-4bec-b912-84df3b8d6de6,2022-07-21T10:31:48.005Z,Fort Ed,South Dakota,Democratic People's Republic of Korea,-81.7939,-151.51,cimentarius,voco,degero,carbo,sursum,deleo,statua,26,82.35738357635971,20,patruus,6,2,3,true,0.23946950935022726,2020-06-27T22:55:58.648Z,"Considine, Spinka and Nader",false
5635715e-cf59-4c08-8cac-4f5de5ec327f,2018-08-22T00:59:05.552Z,Mount Vernon,Virginia,Heard Island and McDonald Islands,66.9899,168.0812,utpote,velociter,maiores,adhaero,abbas,tenuis,vulgo,64,205.95231067508823,59,uberrime,5,2,4,false,0.06899130515900317,2025-12-27T23:34:53.641Z,Thompson Group,true
da215343-0e0e-4657-b2d8-a56703fc5882,2024-09-27T15:11:11.529Z,Fort Easter,Texas,Zimbabwe,-42.6991,-93.9269,cogito,aequitas,adeo,aeneus,iure,volubilis,super,30,85.15814140289356,80,cui,6,2,5,true,0.029724637408369253,2025-10-24T17:14:14.687Z,Hansen and Sons,false
b9213001-8d90-4cb9-bab1-7a897ecd2c4f,2018-10-07T18:11:23.302Z,North Laurie,Massachusetts,Solomon Islands,-72.6428,65.0076,audacia,delicate,tredecim,caveo,caute,adamo,super,88,91.68872869068427,83,cohaero,5,1,1,true,0.05680914588449598,2025-09-04T07:56:21.187Z,Blick - Wisozk,true
ef81b413-2379-487c-b439-79c103ef8b57,2019-04-03T02:14:42.682Z,Nickolasville,South Carolina,China,-74.9873,-55.9385,pauci,hic,aurum,umquam,cohibeo,curatio,utpote,29,193.9767790669583,87,clementia,0,2,2,false,0.16657130969559986,2024-11-11T14:34:05.886Z,"Marvin, Bernier and Kozey",true
f00b8dd9-1a7f-47d4-a5ed-631b066dd166,2021-10-06T12:42:45.505Z,Tulare,Pennsylvania,Singapore,-85.3768,-100.8642,carmen,addo,cognomen,textor,decumbo,angustus,confido,55,183.48089188234724,18,doloribus,4,2,5,true,0.02506981014158466,2018-07-09T09:22:10.195Z,Becker LLC,false
84928a0b-b3ed-45d7-834b-e194d4cd57eb,2020-03-23T09:50:41.814Z,East Miracle,Arizona,Equatorial Guinea,-83.1604,-106.3529,degusto,tribuo,tracto,sursum,cohors,damno,quibusdam,23,197.97599521445227,95,custodia,3,2,5,true,0.1710853819046837,2020-05-06T01:30:12.737Z,"Treutel, Schmitt and Harris",false
f8386179-f94d-4a38-9aad-51291da1cb8c,2023-06-09T18:18:42.474Z,New Pearline,Texas,Barbados,14.5714,-11.932,comprehendo,degusto,vesco,umbra,vir,suffoco,texo,29,232.06849009022724,57,admoveo,6,1,1,false,0.2493495997294787,2022-08-14T19:12:12.841Z,"Adams, Jacobson and Prohaska",false
4f96191a-912e-465d-872f-0702595ea7c0,2024-04-13T01:05:47.414Z,Elnorafurt,Nevada,South Africa,-53.0119,-97.6257,sit,vulnus,summisse,approbo,stillicidium,benevolentia,triumphus,119,161.93722637160013,48,tollo,6,0,2,true,0.12622273304119677,2024-08-16T22:51:33.324Z,Cole and Sons,false
91d1cb8c-822f-4de8-bec1-03acb2d2a8e7,2018-01-10T15:03:25.113Z,South Alicia,Maryland,"Virgin Islands, U.S.",15.9205,118.0523,thema,vicinus,arbustum,deripio,cras,desino,antea,122,25.944058120942,45,acceptus,5,0,5,true,0.1064841518646043,2020-12-07T01:21:28.006Z,"West, Paucek and Murphy",false
02361f30-764a-407a-b8cd-a5d78cc26aa4,2022-09-08T17:41:11.615Z,South Lera,North Dakota,"Virgin Islands, British",-71.4855,93.7053,benevolentia,templum,stillicidium,urbanus,tenax,nam,asper,20,233.13614504202638,75,audentia,4,2,4,true,0.10048818843190602,2022-08-23T07:11:47.707Z,Kuphal - Leffler,false
a776dd81-1c0e-416d-835c-a496efcd612f,2018-07-18T14:25:56.119Z,Port Leonorboro,New Hampshire,Luxembourg,50.2693,-4.8304,viridis,ustilo,cruentus,soleo,aegrus,cultellus,corrupti,119,79.13633400760719,33,sed,3,1,1,false,0.09497070932316046,2022-06-23T11:51:09.103Z,Parisian and Sons,false
18d9fa06-620a-49fa-9ddd-30e90bcf07da,2018-08-09T01:43:25.356Z,West Ignatiusfort,Wyoming,Lebanon,-18.0211,-68.8236,vivo,absconditus,tenuis,verus,ter,tantum,arca,50,62.335223041085975,26,arca,3,2,4,true,0.05954577157311433,2024-04-22T13:05:08.236Z,"Krajcik, Kulas and Green",true
34d92753-148c-40a5-bacc-e4c047aafd65,2019-01-13T01:11:49.765Z,South Natalieberg,Maine,New Caledonia,77.7675,-156.5242,nisi,credo,comptus,tui,possimus,clibanus,quibusdam,31,25.577129592690753,72,absconditus,0,1,3,true,0.2265337550813267,2020-02-02T16:27:32.862Z,Feest Group,true
4ec8c338-5f18-4100-97de-70beba46cc3c,2024-04-27T20:36:20.466Z,Lilyborough,Connecticut,Dominican Republic,-42.1665,17.0401,adfectus,tutis,ustilo,delibero,aurum,arbitro,inflammatio,92,50.506437144631235,85,vilis,6,1,2,false,0.00024113677601173,2022-09-21T17:03:21.186Z,Harber Group,false
43dab4f7-a373-409a-8aab-052461c07207,2019-10-30T07:19:00.735Z,Fort Raeganburgh,Delaware,Pakistan,31.1162,77.4153,audacia,voluntarius,vesica,astrum,terga,tego,infit,73,101.76561656971026,18,accendo,1,1,5,false,0.05995675962707958,2025-12-05T22:33:50.408Z,Ryan - Wilderman,true
ff28b39d-7ae2-4933-bb23-80b413e5c348,2020-08-25T06:25:58.501Z,Conradcester,New York,Pitcairn Islands,-43.622,-142.9268,cur,laborum,debilito,voluptates,crur,speciosus,creber,56,16.708533013641038,27,ex,1,1,3,true,0.18543004296992338,2018-11-11T06:07:57.800Z,"Lind, Frami and Schimmel",false
1e1d9bf6-7178-45e4-9f35-07c68aa0bc61,2020-06-11T15:41:56.624Z,East Anneton,Connecticut,Guam,83.1631,-171.7075,vereor,arma,tenuis,conculco,admoneo,supellex,creta,106,202.52612799111787,73,bestia,5,1,3,false,0.1202338260418244,2019-03-12T09:41:52.845Z,Kohler - Runte,true
11a890f6-0526-4105-a9de-1f5ddf368018,2022-04-03T01:49:30.149Z,South Hill,Maine,France,3.7369,20.391,amiculum,accusamus,beatae,cometes,arx,solium,usque,66,203.57861307411738,30,tolero,0,1,4,true,0.10589611311373773,2018-02-27T15:01:52.282Z,"Ryan, Boyle and Abernathy",false
f73461ec-fa38-4861-9866-0dee49692ff1,2021-12-23T09:45:07.654Z,South Santino,Kansas,Macao,-68.0194,-142.2838,ullam,molestiae,bene,desidero,tamquam,amaritudo,comes,109,138.44415889589303,98,sub,4,2,3,false,0.18741272237584367,2021-08-26T08:15:18.556Z,Armstrong - Koch,false
3295521e-13dc-4717-8048-154ee1355d35,2020-07-05T23:09:29.681Z,Keltonworth,Nevada,French Southern Territories,-31.9804,135.7192,tabernus,collum,certe,audio,vilis,laudantium,cuius,20,154.64103616280983,80,carmen,4,2,3,true,0.15233272865052477,2019-05-29T17:46:20.224Z,Cummings Inc,false
0f77e19c-364e-47d4-92c4-7c9cb6a2074f,2019-02-07T17:07:43.414Z,Normal,Arizona,Mauritania,64.1508,-116.3861,umbra,aduro,commemoro,cetera,sponte,vulgo,deludo,126,209.95271627535448,55,error,0,1,1,true,0.1635120945847354,2020-11-27T21:16:32.256Z,"Leuschke, Schmeler and Simonis",true
29ca9d72-0813-44b1-a849-c0c8da9f527d,2023-05-02T09:07:11.683Z,Tallahassee,Maine,"Virgin Islands, British",-21.4687,175.5297,vos,cuppedia,sui,reprehenderit,vulgivagus,ea,varius,61,117.42786082891615,38,cribro,4,0,1,true,0.16384962595015723,2025-01-09T14:33:52.187Z,Bashirian Group,true