accident_id,incident_datetime,city,state,country,latitude,longitude,road_name,road_type,intersection_type,accident_type,weather_condition,road_condition,light_condition,speed_limit,actual_speed_kph,driver_age,driver_gender,casualties,fatalities,vehicles_involved,alcohol_influence,blood_alcohol_level,weather_reported_at,reporting_department,pedestrian_involved
075f082a-7705-4c66-95c4-db668b6200c3,2021-04-13T11:02:31.814Z,Bednarton,Delaware,Dominica,13.7643,-6.8994,viscus,suscipit,veritatis,magnam,curatio,occaecati,angulus,120,212.81005887066974,16,textus,6,1,1,true,0.021913846702733386,2025-01-11T05:02:19.040Z,"Boyle, Hane and Schuppe",true
24129ea0-c5f0-40c7-9046-c2d28a5629f1,2025-04-18T04:28:45.440Z,East Haley,New Hampshire,Denmark,89.5423,-115.9444,taedium,eius,contabesco,trucido,adimpleo,canonicus,amitto,89,70.8158576786164,34,subiungo,1,2,3,true,0.13578244042791585,2022-12-08T02:22:54.820Z,Hegmann Inc,false
dc5ec718-5d1d-4c7d-8f39-299f09447075,2024-11-26T09:20:05.282Z,Covina,Utah,Morocco,-5.115,168.9245,confugo,stips,color,tantillus,velut,tabesco,pecus,82,144.4586811830085,64,cado,5,1,3,false,0.09751070489371286,2020-02-06T04:42:52.835Z,Murphy - Von,true
c9fd5747-f14f-4cab-b0d0-5b8670a0fc3e,2019-03-23T10:18:08.255Z,Fort Jamey,Montana,South Sudan,-28.6187,-116.984,deprimo,capillus,sperno,veritatis,odio,alius,venio,130,160.08567909838402,98,defetiscor,0,1,5,false,0.20611060544692184,2022-10-28T04:30:15.886Z,Von LLC,false
37b18f82-8a43-45f3-b8eb-2ad371275166,2023-03-01T13:29:19.240Z,New Estevan,West Virginia,Chad,0.0454,116.4459,necessitatibus,taceo,unde,rem,thymbra,creber,conatus,107,165.5351222047401,38,barba,4,0,4,true,0.07659878939405904,2024-03-27T16:55:25.675Z,Volkman and Sons,true
4e1d1c00-e319-4070-ab37-0d919c018c13,2019-05-17T13:56:24.310Z,Timmymouth,Michigan,Tunisia,-41.4879,89.1628,arcus,varietas,amita,terminatio,arx,deserunt,tollo,46,188.7125664149156,89,absum,0,2,5,true,0.17108100125322154,2019-12-24T07:10:39.671Z,"Conn, Block and Berge",false
399e9db7-5e93-4f64-94be-fbe691d57a89,2023-10-06T20:47:53.607Z,Larkintown,Utah,Venezuela,-6.2502,-78.1362,viriliter,sit,cohaero,sequi,thesis,tenax,veniam,56,38.698201138434726,21,barba,2,0,1,false,0.061534772158450574,2025-05-27T23:35:28.897Z,Becker Inc,true
4e7e7a37-22e7-493b-a278-9f2c86a663db,2019-08-10T09:07:17.990Z,Swaniawskishire,Vermont,Rwanda,-36.1866,-86.6891,paulatim,cornu,temptatio,teneo,accendo,aperte,saepe,97,122.75810245913227,31,strenuus,1,2,1,true,0.16919201753101318,2021-09-30T11:25:32.386Z,Powlowski and Sons,true
dec4623e-b09e-4dd0-8336-2c183d02f416,2019-11-16T03:08:56.865Z,Saginaw,New Mexico,Cayman Islands,-10.3795,74.1832,credo,denique,unde,combibo,abutor,amitto,deorsum,51,114.66104681370713,63,tres,6,2,1,true,0.05005622304761609,2024-04-20T11:19:54.058Z,Rowe - Miller,false
393b23fe-e734-4f0a-b000-dd7bd1856be2,2025-03-21T12:58:16.420Z,Stantonboro,New York,Isle of Man,29.2847,72.0146,ultio,sum,caterva,cur,delinquo,tum,quidem,90,6.8335538029015375,42,stabilis,3,0,3,false,0.0467828521632295,2023-04-05T05:32:58.131Z,Stark - Goyette,false
78c79ad2-a10c-4c13-933e-ab40c47920fd,2024-01-24T20:23:12.178Z,North Jonathoncester,Alabama,Saudi Arabia,-11.1633,-83.6416,consequatur,comis,cupiditate,arbor,suffragium,a,adhuc,87,207.88643044262608,58,volup,2,1,5,true,0.16791414465827237,2023-04-05T21:44:20.598Z,Hauck - Torp,false
2fdbc41f-c858-4c81-b6f9-0e9b8dd56181,2019-10-10T02:46:44.333Z,South Jaclyn,Michigan,Ukraine,-71.1266,-88.2963,coruscus,tamen,culpo,capitulus,solio,aqua,ciminatio,59,140.17426340116788,78,esse,6,1,5,true,0.07989892536168655,2019-05-16T22:16:17.078Z,"Zulauf, Roberts and Nicolas",false
a0086b32-59c5-43e6-a1c0-99d862ccc6cb,2020-08-08T03:25:55.885Z,Chandler,North Carolina,Cuba,-47.5137,-9.7022,adversus,commodi,quos,vaco,bonus,deorsum,temporibus,49,224.91427071364768,43,sonitus,2,2,1,false,0.1579913837708914,2022-12-19T23:20:36.856Z,Cassin - Nienow,false
6565f032-a3f7-4da5-98ed-626746fc2068,2023-10-24T11:57:35.184Z,Batzville,Wisconsin,China,42.8437,134.8375,vitium,curriculum,temeritas,vulnus,nulla,sequi,voluptate,83,67.63560058978919,97,tunc,6,2,1,false,0.13778389499927715,2023-06-25T15:55:57.670Z,Wilkinson and Sons,true
edeaae0c-93c1-4c70-95e8-ad2bf61e0f4b,2018-11-10T09:43:41.055Z,Braunberg,Tennessee,Indonesia,-11.069,-143.7364,sollers,vinco,sollicito,caritas,adulatio,coadunatio,quibusdam,120,235.66391113579076,51,tabernus,6,1,3,false,0.24716521110797374,2024-11-22T21:30:43.114Z,Beatty - Wisoky,false
eac94ef6-70a2-4cb4-938e-69853e7f8593,2024-09-29T21:16:53.306Z,South Lucyville,Maine,South Sudan,-5.9375,-31.5043,adaugeo,corrigo,una,crux,attollo,clarus,acquiro,75,185.67717032621508,92,cuppedia,2,1,1,false,0.2301434002367741,2025-05-31T08:54:55.699Z,"Grimes, Ferry and Conn",false
9f542a43-d7f6-4838-bf70-83064f26acfe,2025-05-25T23:07:29.867Z,West Margietown,New Jersey,South Georgia and the South Sandwich Islands,-82.4776,163.7877,placeat,certus,deserunt,neque,cubitum,quibusdam,saepe,39,87.00797587109071,95,varius,1,0,2,false,0.216151463326867,2024-03-05T19:44:16.236Z,Murphy - Morar,false
e9d35042-491c-45c8-a64c-fec1ff201607,2021-03-21T18:44:10.026Z,Fort Alvah,North Dakota,Mauritania,-15.4492,-56.1494,sequi,tracto,tempore,aeger,tepidus,accendo,correptius,22,186.7240360281839,36,vulgivagus,1,1,3,false,0.22526978052934715,2020-11-20T16:03:49.863Z,"Reinger, Buckridge and Wiegand",true
f3adc79e-170b-449b-80cb-7d761c17675c,2025-04-10T15:43:40.442Z,Volkmanfurt,Oklahoma,"Bonaire, Sint Eustatius and Saba",-85.013,-39.488,caries,cohaero,illo,deputo,cras,amoveo,volo,111,102.49297013054404,27,illo,3,2,3,true,0.05716021569204083,2021-08-03T14:22:07.192Z,Corwin Group,true
9836c635-5473-4d5b-bab7-b3e01c3d4fa4,2023-07-24T16:13:03.964Z,Port Trystan,Texas,Montserrat,71.0816,39.8494,terebro,claudeo,amoveo,accusator,atque,verbum,altus,54,205.10251385495337,72,cometes,3,1,3,false,0.013192829563288822,2019-05-22T14:31:19.116Z,"Kuhic, Collier and O'Conner",false
4600acf9-7d3b-4052-9b35-148127c12060,2019-08-04T14:53:27.827Z,Kuvalisfield,Oklahoma,Bermuda,59.963,80.6437,labore,via,comis,tamquam,centum,vulgus,defungo,34,209.87370655460796,92,tamquam,4,2,4,false,0.0379269040214098,2019-07-28T07:14:54.028Z,Prosacco Inc,true
0bec3047-749c-41c1-bdcf-c6b4a714a915,2021-09-15T06:40:59.065Z,Lake Dorothyview,Tennessee,Malawi,4.5932,142.8957,eligendi,ustulo,arbitro,defluo,cohibeo,aegre,cavus,50,85.23233996846758,89,pariatur,3,1,2,false,0.17915745207027292,2021-01-02T23:20:42.076Z,"McDermott, Nader and O'Kon",true
a30c7549-dd9b-4fa8-9194-723dc74b6a02,2024-05-14T19:27:09.801Z,Nikolausport,Missouri,Grenada,81.4332,-118.6017,carpo,alienus,aequus,confugo,defero,cura,aliquam,45,135.94619009043768,21,arbor,0,0,3,false,0.059693656212450014,2019-03-22T07:14:13.524Z,Howe and Sons,true
d705ec3e-e336-44e8-a29f-8523ec76e22a,2025-10-01T00:51:23.858Z,Collinsside,Utah,Ghana,80.3444,-25.1325,delibero,tunc,thalassinus,confido,spiritus,aetas,admoneo,68,228.38558680168316,95,subiungo,3,1,5,true,0.03852173234483294,2020-07-18T10:26:42.442Z,McGlynn - Bergnaum,true
ea38d987-bf7f-4567-9075-bf16dcad511c,2024-09-09T16:40:22.749Z,East Shanelfield,Michigan,Azerbaijan,1.7216,141.8948,absum,solum,victoria,cornu,cerno,adsidue,vulpes,100,220.92441941031427,57,arcus,4,2,3,false,0.029688730362450677,2019-12-19T05:21:58.927Z,"Koch, Metz and Corwin",true
c62da6fe-06e9-49ae-9b6c-73e799259465,2020-01-20T01:26:01.961Z,Austinstead,Alaska,"Bonaire, Sint Eustatius and Saba",-9.4269,-177.1097,sumptus,ex,alii,condico,volubilis,vaco,trepide,72,217.8148762301645,95,tubineus,1,0,5,true,0.16578272372161232,2020-05-04T16:04:35.402Z,"Cummings, Becker and Rempel",true
85fddda3-9473-4b96-9d9b-4bfbff4df6e3,2025-07-15T03:58:27.739Z,West Kodyburgh,New Mexico,Malawi,-59.1733,175.4353,adamo,abutor,tenuis,comminor,turpis,solitudo,adstringo,122,193.29616545482318,68,somniculosus,3,0,5,true,0.08598170926264165,2025-05-06T11:48:57.849Z,Hayes - Dicki,false
7ae3e16f-0a8e-44e7-899c-b857303fdaca,2020-05-02T15:10:12.745Z,Chico,Nevada,Uruguay,16.135,60.5708,cervus,attero,pauci,tenetur,arcus,asporto,coadunatio,72,70.22863800493069,22,vicissitudo,0,0,4,false,0.20081467030838904,2023-11-17T12:14:12.119Z,Reichel - Lindgren,false
3ca9ee9d-1c18-416b-b202-aca218ac63ef,2018-07-15T20:37:11.028Z,Ivahberg,Wisconsin,France,18.751,27.2351,antiquus,tempora,possimus,atrocitas,sol,stabilis,tredecim,57,75.61918531911331,71,succedo,2,1,2,false,0.01533104647242689,2024-11-17T00:13:52.110Z,Bergstrom Group,false
60c847f6-b68c-45d3-b03f-80c1d5716fe8,2019-11-28T11:00:27.740Z,Victorville,New Jersey,Panama,25.9578,-48.3382,adficio,ambitus,coma,taedium,creber,deputo,timor,20,164.70964368128566,46,considero,2,2,1,true,0.18537758036558205,2018-02-05T01:55:09.147Z,"Bahringer, Weimann and Fritsch",false
b182f776-dcbc-4b3e-a879-ecef99bcc7f4,2021-09-07T20:12:27.105Z,Wuckerthaven,New Hampshire,Uzbekistan,24.0985,39.3093,admiratio,speciosus,ipsum,ter,viduo,cetera,appello,82,74.69949045755284,90,truculenter,1,1,4,true,0.1020435698667799,2021-10-28T18:53:44.278Z,Boehm Group,true
e4e5cf35-bb3e-4b54-ba7d-3ecd79e76326,2022-06-20T06:36:59.611Z,North Norene,Minnesota,Kyrgyz Republic,-88.7705,74.5791,vae,adsidue,tibi,talio,videlicet,cedo,coadunatio,43,153.53014288417677,20,dapifer,5,0,2,true,0.010088970715701584,2021-09-20T08:57:16.992Z,Kunze - Auer,true
02e72cdc-0f0f-49f9-af8c-ba11044fb6a8,2019-03-14T06:14:59.568Z,New Kasandra,Louisiana,Liechtenstein,63.6892,170.5919,virga,sum,communis,theologus,adeptio,acer,speciosus,125,214.64477885225116,63,catena,2,2,5,true,0.24689216987000354,2025-08-13T13:46:37.172Z,"Kertzmann, Boyle and Farrell",false
7ccc227c-aceb-4389-bbf5-e5656e60a5fc,2023-12-04T12:38:59.233Z,Canton,Illinois,Aland Islands,75.3754,78.314,succedo,spargo,vergo,curo,unus,vix,ager,125,226.61746900775216,63,non,1,0,2,true,0.04436494578519762,2018-07-26T00:10:34.609Z,"Watsica, Hayes and Grady",true
3a40253a-c2bc-4e9b-a8ac-3f19034d5f0d,2024-02-01T09:16:12.028Z,Crooksbury,Louisiana,Malta,-78.6616,62.7595,vulnus,repellat,tego,desino,defendo,succurro,urbs,39,207.91425853048344,68,patior,3,2,2,false,0.2480957878780936,2018-02-10T15:58:21.485Z,"Purdy, Tillman and Mills",true
57f77b34-1724-4060-bdf8-dccbaa7896cf,2025-02-26T21:50:15.144Z,Tristinport,Idaho,Ireland,65.1611,-171.9341,porro,cumque,contego,omnis,vir,verbum,vulariter,35,201.91614907073506,91,careo,0,2,4,false,0.02772516127043978,2024-03-11T21:09:54.552Z,"Crooks, Shields and Breitenberg",true
6a04e8d6-d0e4-42f9-8812-6c889a971b58,2021-12-28T15:56:54.895Z,Winnifredshire,Massachusetts,Burkina Faso,-36.1407,145.2142,quidem,carus,tum,apparatus,cogito,praesentium,alo,89,2.1747337186556326,20,appello,3,1,5,true,0.0916548382171925,2018-10-21T02:29:18.179Z,Deckow - Hammes,false
d2a72a98-1057-4b12-8c40-56164472881b,2021-09-24T04:07:37.750Z,Port Kayden,Indiana,Aland Islands,-70.5484,69.536,conitor,vere,benevolentia,inflammatio,velum,cito,suppellex,44,212.84994581466796,49,fugit,2,2,5,true,0.02254393862720236,2020-06-03T18:55:10.484Z,"Williamson, Larkin and Mayer",false
707ced8a-80a9-4013-8107-bee6fd417fd1,2018-06-21T19:24:51.038Z,Escondido,Tennessee,Syrian Arab Republic,-74.4313,46.5972,solum,dignissimos,terebro,quia,recusandae,consequuntur,acsi,78,5.05646734391517,48,depraedor,2,2,1,false,0.01111557254426132,2019-09-16T09:19:46.555Z,Hauck Group,true
17d20e17-5e03-475d-8c2e-5faefd8f9dc6,2020-06-17T10:22:02.210Z,Olsonchester,Washington,Iraq,-5.0156,-167.5194,vaco,cumque,vetus,brevis,adhaero,demulceo,est,61,198.1778623003129,45,censura,0,1,2,false,0.14523899489749453,2018-12-25T06:42:09.283Z,"Franey, Conn and Maggio",false
4b2f429d-c8e3-4491-a28f-07efa2dd0cbd,2019-03-13T18:38:21.285Z,Danbury,Maine,Iran,74.7886,-46.0072,cariosus,aestus,solus,conitor,bonus,quibusdam,victoria,104,124.55300613655746,47,toties,5,0,3,true,0.11178679083717025,2024-04-04T08:21:08.617Z,"Kuhlman, Olson and Harvey",true
cfecf3e3-e071-4823-b656-7e7544f65ef1,2021-10-10T08:16:08.545Z,South Jeramyville,Indiana,Chad,15.1791,-101.1414,cibo,suffragium,admoneo,qui,cuius,quisquam,decipio,57,139.09509711110292,98,decretum,6,1,5,true,0.13704463632398675,2021-12-22T13:14:43.599Z,"Macejkovic, Quigley and Dicki",false
b154b477-62aa-4319-9bf7-d35b7a5b236b,2024-02-23T16:26:38.229Z,North Kitty,North Dakota,Croatia,54.0591,127.9895,cupiditate,claustrum,infit,curto,cursus,coruscus,stips,39,217.12660726912753,58,conforto,4,2,1,true,0.20279882193588641,2025-02-06T21:28:01.066Z,Oberbrunner Inc,true
ce41decc-a203-4e49-b96a-1351e91e939b,2021-03-19T02:53:54.636Z,Fort Twilachester,South Carolina,Uruguay,63.4229,-21.1086,vel,tepidus,totam,demo,abundans,asper,cauda,107,165.36777921271266,82,audio,1,0,1,true,0.1357092114988998,2025-07-15T18:26:21.656Z,Walker Inc,true
393905e1-7167-4400-8a62-85c6607da6f2,2025-07-08T15:09:47.348Z,Port Elva,Tennessee,Ukraine,-31.8574,43.2309,deinde,caritas,cinis,tutis,est,bos,victus,33,134.8371727875587,61,alioqui,4,0,2,true,0.03956687524167252,2025-09-29T18:13:45.342Z,Spinka Group,true
4d69fbbc-1d6d-433f-8f6a-a113e4b9a5ab,2023-02-18T02:49:23.461Z,Mesa,Wisconsin,Bulgaria,55.384,168.4956,demonstro,sequi,beatus,suffoco,molestias,cenaculum,deludo,127,86.90234127173035,69,qui,1,2,5,true,0.156304180491737,2023-01-18T20:13:13.908Z,Rowe - Wuckert,true
905fa813-e1db-4018-ba88-7c9eaa398ae7,2023-03-26T19:26:18.297Z,Farrellshire,Florida,Philippines,58.1992,109.8245,sumptus,pel,repudiandae,audacia,vacuus,solitudo,curriculum,24,39.98439511852613,78,vigor,6,2,2,false,0.0951723364904562,2022-12-24T10:49:33.776Z,"Toy, Marvin and Quigley",false
c8febb69-9244-41f9-a47e-ea8bf80f1ced,2018-06-02T01:06:00.119Z,Millsboro,New Mexico,"Virgin Islands, U.S.",-40.0749,94.7525,quam,corrupti,calco,caput,doloribus,eveniet,necessitatibus,104,21.015599150393882,87,degenero,3,0,5,true,0.12338423933912016,2025-06-27T01:00:06.218Z,"Nicolas, Bahringer and Parisian",true
1dfeb27f-f9a0-4cbe-b9b9-5b51140cf461,2018-12-08T13:27:39.774Z,Murazikton,Missouri,French Polynesia,-54.7096,31.4136,aperio,apparatus,temeritas,territo,tantum,carpo,aggero,112,231.21716704817823,26,substantia,3,2,3,true,0.23471242458703218,2021-02-26T11:26:44.705Z,Ledner - Macejkovic,false
32e2ebfe-1bff-433c-9e62-cb49e90c7820,2021-12-20T09:39:12.474Z,South Anjali,Alaska,Bahrain,83.9619,-117.1379,corona,confido,caste,capto,curvo,ipsa,cruciamentum,91,10.01720939456443,97,omnis,3,2,5,false,0.17427692953936272,2020-04-03T20:22:27.635Z,Ankunding and Sons,false
b99c7201-24a7-45bc-baba-c9f26e4ae7aa,2020-02-26T18:16:45.535Z,Rauhaven,Montana,Tanzania,-28.1995,14.3347,collum,amissio,xiphias,delinquo,tempore,corporis,cetera,83,146.94444948325545,51,eius,1,2,2,true,0.01545051497862529,2019-12-20T08:57:45.766Z,"Bogan, Prosacco and Ritchie",true
b1220b98-faf4-4ded-a35e-7029d515aed1,2022-06-10T08:01:37.845Z,North Leopoldo,South Carolina,Barbados,-40.835,15.0419,traho,atrox,autus,ara,denego,adinventitias,vesper,93,223.95350696712333,19,repudiandae,5,1,5,true,0.07749475332120812,2020-03-15T07:56:04.435Z,"Koepp, Wintheiser and Hoeger",false
2ea9d009-5505-4246-b1f0-a6457600fb25,2019-06-01T19:15:09.197Z,Port Dorthyville,Oregon,Montserrat,71.0117,142.67,tutamen,aveho,toties,debilito,benevolentia,patria,amiculum,58,175.42965369380374,82,amet,2,0,2,true,0.08580231972466365,2019-02-01T12:12:56.489Z,Barton - Mueller,true
beb27b37-fed1-44ab-881b-e090c058aae9,2024-02-01T20:41:15.517Z,Morganfort,Ohio,Philippines,-52.2801,-85.6448,attollo,socius,asperiores,alter,sollicito,caute,stultus,72,16.02076888284128,83,approbo,6,1,1,true,0.12649897864060164,2023-01-11T13:58:45.870Z,Feeney - O'Kon,false
83eeda17-8b4e-4fe5-a982-76d8872bd4e0,2025-01-23T14:12:14.612Z,West Shanel,Colorado,Reunion,-46.5849,-26.098,minus,aeger,vigor,amiculum,color,amiculum,coma,73,163.20277108260288,64,civitas,4,2,3,true,0.24261249648174796,2020-08-10T04:39:48.987Z,"Heller, Smith and Glover",true
489ce311-fb32-4293-b8b0-20d997f2f7f8,2019-10-19T03:47:18.463Z,Donnellyfurt,North Carolina,Bouvet Island,-89.0666,69.2727,adiuvo,tero,contigo,umquam,succedo,nam,ullus,92,109.15626919196818,25,cunabula,0,1,3,true,0.08505731219414067,2025-03-03T04:59:05.307Z,Rogahn - Beahan,true
925c30c5-d7bf-4e05-aaf3-3a7e316481a8,2023-09-12T16:32:21.268Z,Meriden,Kentucky,Marshall Islands,-62.3012,86.5938,acervus,avaritia,officiis,aspernatur,coerceo,caterva,repellendus,110,235.99595863389217,43,porro,3,1,4,true,0.19187656141757986,2018-03-30T15:27:13.092Z,Pfeffer - Kuhlman,true
e541fa1a-d15b-43f9-b15b-25a4c1b4f60d,2019-05-01T10:30:29.470Z,East Mazieburgh,Arkansas,Saint Martin,-14.9378,-49.3105,quidem,ubi,tubineus,aliquam,quis,angustus,cometes,112,226.09446717646117,83,paens,0,1,1,false,0.08313744843277215,2023-01-28T14:06:01.217Z,Hilpert and Sons,true
e359d141-247d-4b7f-a8b9-53d8e46f1d33,2024-02-29T05:12:19.588Z,New Karen,Massachusetts,Estonia,32.9948,131.797,confugo,canis,maiores,xiphias,velut,theatrum,testimonium,107,203.11540249686752,75,cavus,0,0,4,true,0.0711520947148516,2019-12-27T16:33:57.307Z,Rohan and Sons,true
d5e838a6-5d15-4ae8-98e6-912aa8c2a8da,2024-05-27T06:51:04.428Z,Sandy Springs,Louisiana,Gibraltar,69.5178,-73.3187,provident,tres,tepesco,cribro,bardus,corrigo,volaticus,102,122.82616528207645,84,verbum,4,2,5,true,0.21337598443682407,2022-11-17T16:44:40.312Z,"Torphy, White and Sporer",true
a28e2b8b-392d-473f-912b-6273c4e0448a,2021-10-27T09:44:05.926Z,Chesterfurt,Mississippi,Morocco,52.1784,-7.4932,pecto,statim,trans,at,ad,accusamus,vita,44,209.27626478283494,85,dedecor,0,0,5,false,0.17243953172330614,2018-07-19T00:09:53.518Z,Feeney Group,true
e7d3b9dc-3dca-4427-86d7-43eaf8761afc,2021-11-22T06:04:57.433Z,South Vernieshire,Oklahoma,Barbados,-86.1386,-70.4939,vicissitudo,abduco,carus,repellat,curo,vilis,arbitro,128,236.2761622542615,97,bellum,4,2,2,true,0.17528618882492047,2020-01-23T14:37:55.325Z,Adams Inc,true
cc53f7b2-3c63-4479-9e72-ddd4c1e22f9b,2024-12-14T06:51:31.741Z,South Abelardoberg,Minnesota,Slovenia,12.1138,9.6883,cursim,atqui,comburo,bos,adulescens,tego,amitto,122,82.42820749956671,45,cunabula,0,1,3,true,0.021144490980416625,2022-12-21T01:51:50.791Z,"Kuphal, Mann and Hagenes",false
4214c342-8e50-43b1-ba25-b40b82a4d32a,2018-03-23T17:32:14.515Z,Pomona,Wyoming,Aland Islands,-62.0179,114.4249,valetudo,deserunt,demonstro,cado,sustineo,amissio,confido,28,53.65222899617635,64,tergiversatio,2,0,5,false,0.0944361338867373,2024-11-12T11:20:09.212Z,"Smitham, Runolfsdottir and Olson",true
b1c80e74-2e4e-4aef-a444-8fd0c400ee5d,2020-07-03T02:18:07.711Z,Fort Paulberg,Oregon,Benin,-53.8526,79.0389,bonus,theologus,corona,decens,vetus,creta,tenus,130,14.478056971182083,53,adinventitias,3,1,1,true,0.03706601847249283,2023-04-03T07:17:03.885Z,Mann Group,false
6bad4427-2580-4ffe-99e7-8b94f9d7cac5,2023-03-06T19:23:17.345Z,Fort Kiarraworth,Michigan,Suriname,31.0616,-153.5452,deporto,vilicus,ait,ultra,vinco,vae,nulla,65,113.91314876599209,46,harum,3,2,3,false,0.0005354254323093888,2025-05-10T17:39:43.855Z,"Haley, Kirlin and Haley",false
8d74676b-fed8-4385-b6ad-4736914ac05a,2024-09-28T18:35:09.202Z,North Bennettport,Florida,Niue,-60.0624,129.8673,angustus,velociter,spargo,confugo,cribro,argentum,laborum,46,172.83732358385953,60,cetera,2,0,1,false,0.09883692997809618,2022-04-17T11:42:13.920Z,Schaden Inc,false
e2448cc2-4ec7-4080-86f8-57ac0ce4865b,2020-12-20T17:43:24.357Z,Lake Isabel,Kansas,Bahamas,-0.2435,82.5876,curo,surgo,comptus,considero,denique,arbor,fugiat,91,87.31033299423636,99,animi,5,1,4,false,0.08463214744538339,2018-06-09T16:15:37.922Z,Schmeler - Spinka,true
43bf2737-7284-4b96-87d7-983220c30c77,2019-10-26T08:11:11.680Z,South Ritabury,Wyoming,Puerto Rico,-64.9214,89.9335,decumbo,confido,caput,valens,sophismata,cavus,charisma,118,26.14750365270364,40,iure,2,0,2,true,0.2470532011403066,2023-06-09T11:49:53.294Z,"Barton, Okuneva and Ferry",false
ca9b7cb1-0d76-4e2e-b347-1e477a41b4f6,2020-04-21T10:40:59.784Z,North Gerhard,Vermont,Kuwait,88.8344,165.3941,creo,vulnero,coma,quam,stabilis,tyrannus,tendo,95,101.88150431130458,19,constans,2,2,3,true,0.24674835708368298,2021-08-22T03:39:34.531Z,Boehm LLC,false
2c37b2f8-9ece-4a46-aa90-b61a618fcab5,2021-09-08T09:08:58.261Z,Howellside,North Carolina,Uganda,50.2634,173.9409,vestrum,terebro,aperio,capto,molestiae,vallum,vilis,72,227.46661635676355,36,voro,5,1,5,false,0.2199871959348691,2018-01-13T21:08:47.012Z,"Graham, Stokes and Lakin",true
1d3e2937-694c-4232-899a-8612b3eb3290,2020-11-19T00:38:23.228Z,Ubaldotown,Washington,Wallis and Futuna,-16.2669,136.3205,depromo,demum,denuo,saepe,saepe,volubilis,sperno,99,99.93907145609255,95,fugit,5,2,2,false,0.03870909915129814,2023-01-23T14:52:26.450Z,Lind Inc,true
0d0d7534-83cb-4b8b-9983-d786030bced0,2019-05-05T12:25:34.026Z,Stephanfurt,Ohio,Portugal,55.1559,-32.9077,volutabrum,aqua,sto,cilicium,vacuus,timidus,tribuo,91,104.41976269180779,88,theatrum,0,1,2,false,0.09039285015347054,2024-04-12T06:15:54.813Z,Huels and Sons,false
9353775d-3734-480d-b3e8-ae959dd2b641,2020-04-02T15:21:10.452Z,Savannah,Florida,Afghanistan,-56.2109,172.609,caelestis,sunt,bellicus,conculco,voro,vicinus,terreo,99,175.13105461573494,71,tenetur,1,1,1,false,0.13099387444445462,2021-12-25T12:27:44.756Z,"Ullrich, Fisher and Marquardt",true
ef3aa791-0161-4d9f-aa99-a935f2c5d13a,2020-07-26T05:08:38.807Z,Okunevabury,Michigan,Cuba,24.6498,6.4193,fuga,depopulo,vae,curriculum,adfero,uxor,quos,49,90.74993943425605,27,velum,3,0,1,false,0.11578919504558252,2025-06-15T04:23:09.127Z,Heathcote Group,true
ec424d9c-1393-46ff-ab17-b8dd5e3af078,2025-09-28T07:36:35.269Z,Naderland,South Carolina,Solomon Islands,52.846,-86.9267,ipsa,carbo,sulum,templum,caterva,cresco,armarium,47,2.2544454266571634,30,vespillo,0,0,4,true,0.07903882902441228,2024-11-10T12:22:21.241Z,Haag Inc,false
45413d6b-37b2-48e1-8f0f-a12f72049fe2,2023-01-25T18:36:34.976Z,DeSoto,Rhode Island,"Virgin Islands, U.S.",22.377,142.8544,correptius,thesaurus,conforto,absque,saepe,adipisci,caecus,127,24.147935107276012,78,coniecto,2,2,3,false,0.13450633611243504,2020-12-24T21:29:26.124Z,Koepp Group,true
acb855eb-88b5-4663-8363-6cc1f499a308,2023-02-15T23:17:39.930Z,Knoxville,Washington,New Zealand,-31.8316,-119.5866,numquam,repellat,venia,commodi,vinco,utpote,terra,48,205.53071703974018,23,vehemens,1,1,4,false,0.040970108307140346,2021-03-21T20:28:10.061Z,Miller and Sons,true
a423ad35-fc81-4e48-b1b7-88bf8a233e2b,2018-08-06T14:20:07.443Z,Springdale,Maryland,Brazil,39.9954,32.3808,timidus,inventore,cumque,nemo,cubitum,amicitia,umquam,104,158.04997660766418,100,adnuo,0,0,1,true,0.1823158271350472,2022-06-26T06:34:41.583Z,Reinger LLC,false
a964b47d-eb63-43a6-b8a8-a8bc350a3fc7,2022-05-06T15:52:49.310Z,East Price,Missouri,Lao People's Democratic Republic,35.9038,-170.2233,error,blandior,acsi,provident,tego,cauda,astrum,104,231.70134131987098,24,paulatim,3,0,4,true,0.23310731532026455,2020-02-14T02:13:32.508Z,"Rosenbaum, Mohr and Kling",true
e64fa066-4959-46d2-bd3b-51cee2c17f9f,2023-11-18T22:13:09.785Z,Princessstead,Nevada,Dominican Republic,21.1908,162.7457,acsi,itaque,adimpleo,defaeco,talus,viriliter,debilito,127,218.75017093991914,39,cubitum,4,2,1,false,0.014968018972483177,2019-05-29T09:10:25.528Z,Schulist Group,false
ff018048-266a-451f-87ec-64d1b9afc470,2021-04-14T08:33:55.141Z,Yvonneberg,Wisconsin,South Sudan,48.9091,-141.4895,angulus,absens,tergum,appono,minus,viduo,statua,50,122.62746731997696,19,arcesso,5,0,5,false,0.08642980649967694,2019-10-26T03:32:37.530Z,"O'Hara, Lindgren and Hintz",true
152bd066-1edd-4b33-a873-a6954e65fc06,2020-06-26T21:11:32.278Z,East Horacio,Missouri,Marshall Islands,-57.2441,-87.8384,appono,curvo,degero,deripio,synagoga,facilis,ipsam,20,177.7108587488742,90,cunctatio,3,1,4,true,0.1894250173311949,2018-11-09T10:50:15.218Z,"McCullough, Kuphal and Ortiz",false