accident_id,incident_datetime,city,state,country,latitude,longitude,road_name,road_type,intersection_type,accident_type,weather_condition,road_condition,light_condition,speed_limit,actual_speed_kph,driver_age,driver_gender,casualties,fatalities,vehicles_involved,alcohol_influence,blood_alcohol_level,weather_reported_at,reporting_department,pedestrian_involved
dd5199ad-78fc-4d16-b71d-ceb8d180af4b,2020-04-13T16:32:17.186Z,South Gregory,North Carolina,Marshall Islands,12.1319,114.3547,tempore,laborum,paulatim,celo,quia,alius,comminor,50,93.30581465571477,76,talis,0,1,3,false,0.09259436112773053,2024-11-06T09:21:35.604Z,Lockman and Sons,false
07014595-e833-4a48-859f-7a8f086a6446,2020-03-29T14:07:21.694Z,Lake Lempi,Washington,Martinique,13.6033,21.4847,debitis,velut,clementia,speciosus,commodi,dens,delectatio,91,2.152500484988362,84,coaegresco,4,0,3,true,0.10046054605747204,2023-05-29T22:54:53.649Z,Murray LLC,true
00c15b81-8c51-4669-bfa0-a0177f563590,2022-05-13T07:00:12.583Z,Feeneyville,Alaska,French Polynesia,18.5667,-94.4895,tametsi,tardus,eum,vigilo,clamo,cogo,sufficio,87,197.14852174992996,88,denuncio,6,2,3,true,0.09966485280228468,2022-02-23T08:51:06.736Z,Klein and Sons,true
416b87be-ca91-4df9-ab73-866d0995f9a2,2021-11-08T06:09:42.784Z,Pagacland,South Carolina,Cape Verde,49.1269,-47.8734,absens,uter,caute,asper,crebro,celo,cornu,120,115.00290124573988,68,ambulo,0,1,3,true,0.1584874885115679,2024-10-10T03:24:55.768Z,Barrows and Sons,false
f71c0e3c-6a49-4c09-9b0e-08af11bda516,2023-07-24T00:06:35.888Z,Port Zoe,Texas,Eritrea,-28.5611,61.5998,cotidie,arcesso,demulceo,tamen,praesentium,sono,maxime,61,181.48838849308078,75,fugit,2,1,5,false,0.14186707836891954,2020-05-21T16:59:36.087Z,Beer Inc,false
07968c35-124a-4d9a-aae3-b25f5f8afcba,2025-06-14T03:29:24.274Z,East Gail,Washington,Iceland,-21.1842,45.4371,tenax,decretum,aperte,supra,civis,tergeo,eveniet,54,219.5275798841797,67,alo,5,1,5,true,0.1392750995917843,2019-01-03T16:52:56.259Z,"Blick, Koelpin and Sawayn",true
1a68c314-dde0-44e8-beee-5c01d5cfe897,2021-05-16T21:45:12.753Z,Leuschkechester,South Dakota,Senegal,-20.6799,90.0506,teres,vel,thesis,abutor,thymum,arceo,ver,94,229.34040793816274,59,cubitum,3,0,3,false,0.21052257346503295,2024-01-21T07:40:28.611Z,"Bayer, Krajcik and Grant",false
37b37fb3-81bf-4b7f-887a-ce4e13bc4955,2023-09-17T13:03:53.419Z,Casandraport,South Carolina,Wallis and Futuna,68.7537,-57.4812,voro,canto,alo,theologus,cibo,conatus,paens,90,110.59595905453274,57,quod,4,0,5,false,0.13521130358922812,2021-12-16T20:26:53.263Z,"Macejkovic, Nikolaus and Lueilwitz",true
76485488-78ed-4643-8c47-51593ebb470c,2025-10-24T12:39:22.173Z,South Ashlee,Georgia,Dominica,-67.0254,69.3343,trado,demitto,articulus,decumbo,comptus,caritas,terga,125,101.50969714575471,99,utilis,1,0,3,false,0.13081297004644316,2024-07-09T07:56:31.944Z,Schaden and Sons,true
1e443ab6-165a-44a3-a327-492324b82ff8,2018-08-05T00:09:55.166Z,Jacklynberg,Kansas,Netherlands,-16.0828,102.2123,caritas,collum,centum,bellicus,suffoco,possimus,vestrum,91,162.73643214413676,73,aegre,0,1,5,false,0.08408919066610307,2022-01-31T17:50:19.968Z,"West, O'Kon and Moore",true
47f6fd4d-8fa5-49b6-834b-ec0aca8f18ea,2021-09-22T02:05:33.054Z,South Ramiro,Kentucky,Botswana,28.8402,58.4969,conor,ventosus,fugit,ascisco,virtus,vomito,arbitro,101,85.91804377096997,33,victoria,4,0,2,true,0.2158941140719076,2023-01-12T14:22:39.714Z,Wolf LLC,false
2a3e50b4-1ec4-4961-9ea9-54be508f9f5f,2020-11-22T09:53:29.673Z,Hesperia,Wisconsin,Belize,-74.1988,141.4091,abundans,cunae,distinctio,tamdiu,aptus,deleo,usitas,114,42.50196308933046,30,cribro,5,2,4,false,0.04776400571072739,2019-09-13T13:37:11.106Z,Lind - Schaefer,false
fee9e249-d963-43b0-947a-b3de4049f4f1,2023-12-13T02:58:50.126Z,East Christianaport,Alabama,Montserrat,11.9978,-38.8161,cicuta,trucido,appositus,adicio,unus,cognatus,verecundia,124,228.52309323018284,79,confido,0,1,1,true,0.17785690276855343,2020-11-19T20:29:34.363Z,Tromp LLC,false
365103e8-5f69-4b55-8c69-15063bdc2a1e,2018-08-08T21:02:23.567Z,Altenwerthtown,Louisiana,Guinea-Bissau,-11.5968,-1.4326,bibo,cruciamentum,cado,arcesso,cometes,sed,volo,73,236.13136393067413,78,ullam,6,0,2,true,0.07624900434434329,2025-09-30T06:59:37.531Z,Johnson LLC,false
ef4daa3e-4ad7-4556-98aa-5a6946cfc8db,2020-08-27T08:34:04.708Z,Zemlakside,North Dakota,Uzbekistan,84.4743,42.4228,cernuus,charisma,degero,beatae,amplexus,derideo,taceo,56,218.01420796993898,26,undique,6,0,3,true,0.22119794636812587,2023-08-26T13:59:47.680Z,Dooley - Jast,true
689f19a2-822b-43f3-8242-4e54cafdfff1,2021-01-23T01:39:49.375Z,Hegmannchester,Hawaii,Montserrat,-6.0109,10.4762,advoco,coma,minus,temperantia,vilis,adeo,amplitudo,74,130.44763571350552,28,tondeo,0,0,4,false,0.12639340761411316,2023-06-08T23:16:07.100Z,Cassin LLC,true
931d35d0-b1c8-4a78-aac4-cb61c46b64b5,2020-02-11T16:16:13.267Z,Amberfurt,West Virginia,Liberia,-85.8127,40.9916,sui,cuppedia,verbum,corporis,talus,ipsam,clamo,61,95.25248170727038,100,decerno,2,0,4,false,0.05432417286150168,2023-05-22T07:27:50.618Z,Pfannerstill - Rippin,false
34984ba6-4353-4d52-a128-ff0140014e0b,2024-01-04T02:44:10.618Z,Veronicachester,New Hampshire,Isle of Man,81.2211,-61.211,voco,crudelis,quos,appello,ver,praesentium,certe,130,102.6743490996136,21,deserunt,4,1,2,false,0.09907734371057503,2022-08-05T06:43:51.282Z,Leuschke - Schmeler,false
1f127b47-cb5c-4bf5-b7f1-c7db670ec91a,2024-05-08T05:05:48.173Z,South Sadyeland,Iowa,Ireland,-30.2486,144.3806,veniam,torqueo,spoliatio,adflicto,fuga,urbs,tubineus,118,47.5485071669509,18,cogo,6,0,3,true,0.17327035456827,2024-08-20T02:47:17.523Z,King - Stehr,false
63e4c605-aebf-4659-b884-7b7048890228,2023-12-17T08:05:30.242Z,Palm Desert,Delaware,Guam,-66.3864,27.7145,caries,sequi,caveo,accusantium,volo,celebrer,admoneo,55,58.32997096688109,88,supplanto,0,2,3,false,0.22972990062407894,2024-12-23T14:00:00.888Z,"McKenzie, Keeling and Hauck",false
fa50eb53-822e-43fb-8cbf-8d93ecdef018,2018-01-15T04:45:37.640Z,Jaquanville,Michigan,Brazil,48.265,-108.1798,stultus,ter,caecus,decens,arcesso,ascit,cras,37,227.61237020118412,32,cauda,3,0,3,false,0.029658033259013006,2019-07-08T15:41:01.887Z,Bayer Inc,false
ddab37c5-6cd5-4901-b15e-f190dc5b9ec3,2024-05-07T23:36:22.247Z,Dariuschester,Arkansas,Bermuda,-81.1865,-26.8566,cibus,uxor,pecco,asper,porro,saepe,pauper,114,215.45335964474913,58,architecto,0,2,1,true,0.055374290436475126,2024-04-30T15:57:29.810Z,Bogisich Group,false
441b7532-3b76-41e5-a702-66d60da4f357,2025-08-01T16:41:02.286Z,North Margretville,Utah,Moldova,-27.0295,129.3231,contigo,deficio,eos,toties,canis,dedecor,bardus,120,121.92287104474912,82,versus,4,1,2,false,0.17301675812796496,2020-10-22T14:04:33.430Z,Adams - Mertz,true
3f18555a-67ff-4d8c-a691-93ff6f0f0510,2020-04-09T23:41:42.655Z,South Wilfredo,Tennessee,Western Sahara,77.0914,-59.6839,depono,auctor,sint,vulariter,custodia,sufficio,complectus,102,70.42129386197036,93,rem,4,1,3,true,0.23081244543338428,2025-07-02T09:53:58.946Z,Thompson and Sons,true
0afb0b26-7c0c-45e5-8835-1b5ab3b61c27,2020-06-06T09:04:17.935Z,New Noemyborough,Maryland,Malawi,-55.1454,177.5008,acsi,demitto,adsidue,asper,conturbo,sui,ager,124,188.53958223138065,35,corona,5,1,5,true,0.20590586787087545,2022-04-17T17:13:23.846Z,Shanahan - Denesik,false
1a5097ee-0cb8-47fa-96cb-bf9e32399451,2020-01-11T21:49:09.692Z,Medhurstville,Washington,Switzerland,-13.8604,24.0541,territo,adulatio,spoliatio,vir,dolores,laudantium,crebro,22,148.4422507399137,81,viriliter,2,0,5,false,0.14301998299623317,2023-07-26T07:26:03.896Z,Cronin - Bogan,true
f9ad2b97-30ef-4563-ba36-d52b3a049582,2022-01-22T22:00:58.086Z,Rennerside,Tennessee,Rwanda,-17.5136,55.1486,super,aspicio,velociter,talis,compello,umbra,aliquid,44,195.99567856942315,91,demum,3,1,1,false,0.031405481887007536,2025-08-14T05:45:01.753Z,Heidenreich - Hayes,false
1d35b523-e7a7-4200-858f-f72186f90a2b,2021-05-07T13:06:12.244Z,Port Ayanastad,South Carolina,Venezuela,-64.9061,108.0054,utor,degero,articulus,totus,tardus,copia,confugo,34,50.912386322877566,72,sequi,6,2,1,false,0.11792023039204813,2018-04-21T09:41:50.700Z,Hodkiewicz LLC,false
9df20424-83d5-4fe5-9519-3bd7b7cb8a63,2018-01-11T22:56:53.167Z,Morarburgh,Arkansas,Bolivia,-79.2677,-25.5196,amplexus,sperno,vulpes,suffragium,attollo,sapiente,ustulo,104,42.50851554864008,96,curiositas,2,0,5,false,0.11532646495736057,2025-10-31T14:30:54.534Z,Hessel Group,true
509eca2d-5e2e-4fa0-96c7-5b50ae502cf3,2018-07-21T14:36:58.787Z,Williehaven,New Mexico,Aruba,10.951,-24.1848,curo,curriculum,cado,valens,addo,demoror,curia,99,14.948163252945141,73,vociferor,0,1,4,false,0.04753037785500594,2025-09-14T21:57:29.907Z,Streich - Doyle,false
b925a023-7e4f-499c-9c53-1d061b887be6,2019-08-17T10:44:22.720Z,Plainfield,Michigan,Namibia,80.6941,-148.0656,undique,molestiae,carus,carmen,ea,adstringo,repellat,104,99.96182449713619,79,commodi,3,0,5,true,0.012307780914138505,2019-05-27T15:34:11.643Z,"Blick, Ward and Hane",false
9d7db7d0-be64-4d6d-90f5-f56d298eac8b,2024-09-30T11:01:12.419Z,Youngstown,Florida,Antigua and Barbuda,20.5149,128.8106,laudantium,apparatus,tergum,vergo,confugo,textilis,spes,43,130.40444790918275,23,terra,4,0,1,false,0.19263194462163113,2022-05-24T01:56:23.192Z,Prohaska - Smitham,true
de9fbd90-27c8-4f3a-b6cd-4a796d158e03,2020-09-19T12:14:16.354Z,New Gabriellachester,Kansas,Heard Island and McDonald Islands,-49.7526,-20.2205,acidus,sumptus,voveo,sint,tot,terminatio,demergo,50,17.460968477648553,56,cohors,5,1,3,true,0.09024406914324526,2024-07-19T20:03:35.301Z,Torphy - Bode,true
874f7891-3f91-44df-b1f1-2dd3814637f1,2020-05-30T23:55:08.184Z,Jersey City,Alabama,New Caledonia,-58.1651,9.4106,communis,rerum,illum,ars,demergo,eum,civitas,63,197.98765260149773,36,cubo,1,1,4,false,0.17627561219208543,2018-01-15T23:07:34.209Z,Howe Group,false
cbe9f7ae-b02a-48c5-93d1-881908d0b2bf,2025-11-12T21:04:41.824Z,South Sydnie,Vermont,Nauru,-44.649,55.5841,cui,sapiente,tamen,studio,cenaculum,tremo,ea,89,134.7548964383205,90,triduana,6,1,4,true,0.052626580255282746,2023-12-05T10:13:16.948Z,Beier - Barton,false
996d37e5-2232-4d28-b164-574d53a86ea6,2023-04-27T00:16:14.657Z,New Adan,Arkansas,Holy See (Vatican City State),3.7399,-167.282,versus,approbo,amplexus,titulus,absum,vae,succedo,90,22.204292533246885,100,sumptus,6,0,1,false,0.006549067422612742,2023-06-17T20:24:22.982Z,"Cronin, Boyle and Hegmann",false
ebba645b-0444-45ba-9ab0-5686f479e23d,2019-02-12T11:46:55.453Z,Lehnercester,Arizona,Seychelles,-6.2152,114.7146,subnecto,civitas,sed,comis,constans,cedo,perspiciatis,51,72.17464791908868,96,candidus,3,1,2,false,0.2365979733939683,2018-06-15T01:05:15.507Z,Kshlerin Group,false
37efa199-84de-41e7-9dfd-9890ba0ec450,2021-05-24T14:14:39.331Z,West Alysa,Michigan,Cook Islands,32.9384,-132.6782,virtus,fuga,ver,amita,spiritus,bardus,universe,20,119.89874502724984,98,valde,5,0,5,true,0.11996921476916284,2021-07-11T02:15:11.967Z,Jaskolski Group,false
76e23363-9a62-4199-a53d-f12ae3c2bfc3,2022-12-24T00:21:31.722Z,Lake Sedrickstad,New Mexico,Costa Rica,66.6715,-119.4433,at,desipio,tolero,canto,sumptus,terra,quod,55,81.91446174247875,19,tremo,2,1,5,true,0.05224605320550374,2018-06-16T06:32:29.936Z,Lebsack - Bruen,true
42d838ec-2eb3-4baa-986b-9231f1048ef5,2020-12-31T07:56:23.172Z,East Cathy,Alabama,Zimbabwe,87.6487,132.2326,valetudo,calcar,desparatus,ancilla,ocer,agnitio,voluptatum,37,55.19950169226074,37,stella,6,0,5,false,0.18695075253021026,2023-01-25T07:05:45.564Z,Mitchell - Bergstrom,true
f7b22c65-a366-46be-9a34-ee5c69d08105,2022-08-08T09:22:40.072Z,Weston,Hawaii,Liechtenstein,-46.616,96.6121,et,vito,possimus,adamo,tenetur,spargo,perspiciatis,50,65.89701316679631,69,ducimus,5,0,5,true,0.11021851171470987,2018-11-19T13:34:52.760Z,Schaefer Group,false
46b48f31-fd57-41a8-af86-0e685862f827,2024-12-27T09:12:14.991Z,Broderickmouth,Missouri,Cocos (Keeling) Islands,-39.1002,121.6278,super,celer,vulticulus,volubilis,casso,atque,volo,107,142.8624306698637,30,debilito,4,0,1,true,0.22189701071725224,2021-11-08T13:11:04.999Z,O'Connell - Hermiston,true
6230c3a5-217e-40da-8314-a2f46ce34f0b,2023-11-08T19:57:30.090Z,Marquisburgh,Indiana,Libyan Arab Jamahiriya,-37.3937,-8.6727,arcus,vesper,pecus,volup,caries,tantillus,ex,44,181.5897665150802,71,cunabula,3,0,5,true,0.06611239533896679,2025-05-14T21:24:01.799Z,Lueilwitz - Watsica,true
bb12c506-73c6-4515-b2b5-82195714e269,2021-10-08T10:59:16.352Z,East Brandyn,Arizona,Argentina,72.3564,-61.5317,calamitas,cruentus,votum,audeo,acies,ustulo,caries,108,140.62671926698707,36,admoneo,3,2,2,false,0.17561679606963487,2019-05-16T10:42:31.365Z,Kuhn - Volkman,false
679f1860-07f4-4585-a77c-54aa3d32fc4a,2023-08-30T05:51:52.322Z,West Shyannecester,Wyoming,Norfolk Island,48.6351,15.1498,dapifer,nemo,demum,nesciunt,labore,acerbitas,carpo,85,40.836809459062266,48,vulpes,2,1,4,true,0.17706668623104768,2018-12-26T19:52:16.551Z,"Kuhn, Hahn and Spinka",false
c4976ebb-b3d9-46f7-b0ac-68210e624394,2020-10-16T16:43:57.509Z,Ferrymouth,North Dakota,Iran,32.1216,-51.7511,consequuntur,benigne,villa,sit,tego,cerno,clarus,68,99.69043534207353,20,amita,6,2,1,false,0.21146979156082282,2020-11-23T10:09:54.440Z,Ferry Group,true
380341cb-93af-416d-abfc-aa65c1f28cfa,2018-02-26T05:07:39.063Z,Rydermouth,Maine,Cape Verde,-47.088,-121.9236,thorax,minima,torrens,tantum,laborum,claro,cultellus,44,75.27984432539851,71,surculus,4,2,5,false,0.011406451763356473,2023-02-03T06:11:35.672Z,Nolan Group,false
71582346-3afa-47f2-8db5-95ddd10f4d3e,2024-03-16T16:42:25.017Z,Stracketown,Massachusetts,Comoros,-2.2107,111.4064,sumo,volubilis,demonstro,comis,vitae,conforto,patruus,53,57.84908704902029,25,appositus,5,1,2,false,0.043142239813978106,2019-03-09T19:16:33.019Z,"Green, Olson and Barrows",true
b9078f3d-7b3e-45e9-91ab-002b75d99d2d,2018-04-20T15:59:03.594Z,Laishaborough,New York,Iran,-89.3819,20.4251,alias,ambitus,synagoga,vilitas,tribuo,currus,agnosco,130,116.55380660875417,28,aestus,0,0,3,true,0.031957344563666806,2021-04-11T06:46:58.811Z,Russel Inc,false
e9858ed6-1d4a-41a0-acc1-bac3659a85ec,2020-01-06T12:52:16.014Z,Bellflower,Virginia,Mozambique,-43.2674,-54.6646,tui,patria,asperiores,accusator,demergo,inflammatio,abscido,112,209.78735425591432,71,vitium,4,1,3,true,0.1849825853865036,2020-01-08T08:13:42.972Z,"Schaefer, Schinner and Hintz",false
2727f5f8-905d-4455-bb1a-08075f0a8092,2021-04-10T06:49:57.389Z,Woodbury,Oklahoma,Mexico,23.1039,59.4119,molestias,quidem,turpis,tactus,baiulus,sponte,suadeo,56,123.32532955553863,98,bene,2,1,3,true,0.16370087786922174,2018-01-18T02:41:35.704Z,Kozey Inc,true
5ae42a83-a11d-49d5-a9c5-07540cfafe4c,2020-06-20T06:38:35.224Z,Lake Jakob,Arizona,Zimbabwe,-58.0436,61.4781,aliquid,sumo,condico,clam,suffragium,arcus,occaecati,75,91.97736063878897,93,aranea,0,0,4,false,0.10704696747947959,2025-08-12T17:47:49.746Z,Stracke - Bartoletti,true
59b47262-1a07-4c28-bb54-a6b113c92b17,2024-07-22T06:44:19.876Z,Lake Rossie,Massachusetts,Bolivia,17.562,63.0689,volo,vitium,ulterius,dedecor,temperantia,bardus,cupressus,80,84.8717352164263,31,cupiditate,4,1,4,false,0.03663039780023419,2024-03-19T07:33:28.363Z,Kirlin Group,true
4e7ba8c0-bbca-430e-96b5-417c231792c0,2025-03-30T20:26:49.456Z,West Marjoryborough,West Virginia,Trinidad and Tobago,34.7647,146.5204,cohors,sordeo,ullus,hic,caecus,credo,tersus,107,228.43916332024685,70,villa,1,1,3,true,0.14920704125715073,2025-08-10T05:54:01.556Z,Kulas Inc,true
1f924dc9-cc83-4b57-b33b-9456313db7fd,2024-07-18T06:46:59.984Z,Miramar,New York,Ghana,19.9724,-56.2754,ascisco,speciosus,tabernus,crudelis,iusto,ut,tenus,47,126.71392963822085,30,cimentarius,1,0,1,false,0.2143936846437908,2022-09-11T14:43:19.100Z,Wiegand LLC,true
8c44bf90-2de5-4760-acd4-d03d316a6353,2022-02-07T16:17:04.580Z,Gloverberg,Washington,Uruguay,-59.536,26.6908,thalassinus,tandem,reiciendis,cinis,suasoria,articulus,causa,71,202.12866443845223,35,confero,4,2,4,false,0.06020977016473375,2025-10-14T15:34:05.607Z,"Grimes, Will and Price",false
f1460b28-42e7-4ade-b98b-bffbbb73f492,2022-01-15T21:58:57.750Z,South Izaiah,Texas,Qatar,-78.8824,65.9989,allatus,ubi,collum,claro,armarium,inventore,bonus,67,4.700845775550411,92,subvenio,0,1,2,true,0.14057388983056177,2022-05-14T04:09:04.473Z,Zieme and Sons,true
2b7f8887-00a6-4b55-aa87-88ddf44d9d79,2022-03-30T18:47:34.946Z,Port Rodger,Kansas,Botswana,-49.8884,-96.6769,vicissitudo,provident,utpote,comitatus,ullus,amplus,adhuc,126,94.36667836137897,68,crur,3,1,2,true,0.05817334238925889,2018-06-10T12:41:55.172Z,Hoeger - Haley,false
ed49bc9d-bc8d-477d-aa12-76a388eee8b3,2025-07-06T16:43:13.597Z,Boylefort,Washington,Paraguay,47.6202,122.0475,reiciendis,desino,curvo,certe,totus,timor,ipsum,24,66.12171142298018,20,acsi,3,0,2,false,0.06614199213300126,2022-09-30T17:21:03.547Z,Kutch LLC,true
594a7d8e-f18e-4a9e-b7d8-63799f180d5d,2021-11-07T17:04:53.238Z,Port Violet,Florida,Gabon,-80.0151,106.875,colo,commodi,culpo,clibanus,vinitor,animadverto,venio,99,149.15223622425432,100,cui,6,1,1,true,0.1214031783211891,2021-04-11T00:41:09.298Z,Smitham - Will,false
bd422ff5-9bb4-492a-bca2-1fb35c76a62d,2019-03-03T14:00:33.974Z,Aubreefort,Georgia,Northern Mariana Islands,5.7909,100.3247,antea,carus,corona,adversus,vereor,territo,averto,44,216.76134655755854,97,capitulus,3,1,5,true,0.02779325033765384,2020-08-07T15:17:28.677Z,Nader LLC,true
51e986c7-e449-471e-9e56-29522433e168,2018-03-21T16:34:15.675Z,West Wilber,Tennessee,Ghana,-7.8911,149.0166,suscipit,sumptus,cinis,territo,corrupti,contego,patria,79,15.334904696154315,70,non,2,0,4,false,0.20836652472623832,2024-03-03T18:34:24.862Z,"Rice, Okuneva and Kreiger",false
9993df24-e883-46ff-9dfc-f017cc0e3325,2019-03-30T11:38:49.515Z,Fort Dejah,New Jersey,French Southern Territories,3.6364,66.6292,antepono,capio,aequitas,patruus,voluptatibus,ambulo,truculenter,33,21.41005385951128,48,umerus,6,0,1,false,0.11664495722327267,2020-12-25T03:46:38.620Z,Parisian - Hills,false
fd4e139a-561f-4ab3-8666-bba47ef7806b,2023-03-23T15:02:49.709Z,East Chelseafield,Arizona,Liberia,41.1975,-70.7784,depereo,neque,clarus,clamo,tenetur,tener,solium,112,239.27530546959002,76,cornu,0,1,2,true,0.011875870951774031,2020-12-19T05:32:19.441Z,Nikolaus LLC,true
c24b16a6-05f4-40b5-a1b0-ec0310e8f141,2025-12-22T19:06:13.043Z,Port Adelle,New Jersey,Haiti,-63.3026,-24.5939,depromo,vivo,demitto,iste,cohaero,theatrum,vulpes,101,82.18288859417812,86,curtus,1,0,2,false,0.1587999488556137,2024-12-15T01:39:19.540Z,Hahn Group,true
7159e072-8c23-4c63-ace2-6775f35462e7,2018-09-08T23:00:12.402Z,North Priscillabury,North Carolina,Northern Mariana Islands,-0.3107,127.1398,arca,terra,solum,spoliatio,argentum,libero,nulla,55,232.57402723307845,49,textus,4,0,5,false,0.036753358093757516,2022-01-05T08:35:57.624Z,"Schmeler, Harvey and Hickle",false
371103fc-2a8e-464b-8bdf-a91ba2fecdb9,2019-08-10T18:30:40.737Z,Judahtown,Ohio,Burkina Faso,-71.8883,-72.6687,uberrime,amitto,curatio,cognomen,vesica,quis,sequi,110,26.20728984152506,54,spargo,3,1,4,false,0.11687385683923543,2023-04-04T17:15:13.019Z,"Morissette, Wyman and Baumbach",true
650df003-f378-441b-a38e-f5a312a4c86d,2018-09-17T22:42:30.494Z,Port Davidport,Wisconsin,Lebanon,-84.0987,-149.9423,solitudo,coniuratio,varietas,arca,carpo,tenus,repellat,99,79.33046094383421,18,tripudio,2,1,5,false,0.028666443660983476,2019-10-05T05:55:37.200Z,Hegmann and Sons,true
591c683b-1f5b-4d77-a8d6-67cab0d63472,2022-10-31T15:58:08.729Z,Antoniettaworth,Oregon,Haiti,-0.554,-85.5389,chirographum,bis,abundans,corona,video,delectus,conservo,107,34.90801833766373,33,tabesco,2,1,1,false,0.08721190931407882,2020-06-07T17:35:11.067Z,Weber LLC,true
d2986cad-e6ae-4e26-b407-355acf67c55e,2024-06-23T17:57:48.174Z,Fort Loraine,Tennessee,Brunei Darussalam,63.501,-173.2539,arcus,valens,templum,surgo,alo,studio,congregatio,120,102.54617976935366,51,tutis,4,0,3,true,0.020563362362960552,2021-03-31T03:25:16.476Z,"Emmerich, Reynolds and Brakus",false
61b42baf-faaa-4504-b915-7e294445279f,2020-10-29T08:09:30.796Z,Botsfordfurt,South Dakota,Taiwan,10.0858,70.184,vindico,absens,defaeco,adstringo,auctor,architecto,absconditus,126,130.74479876638907,81,cubitum,1,2,1,true,0.11277697338482137,2020-04-26T06:20:19.510Z,Ledner and Sons,false
8e45b5a4-1bf5-4ae7-98af-e07af8f8017e,2022-07-04T05:13:55.216Z,West Lafayette,Missouri,Guadeloupe,6.5786,104.793,adsidue,apparatus,testimonium,abeo,vinculum,aufero,claro,112,62.01087453378971,78,contego,3,2,2,true,0.1216144635116112,2020-03-28T07:58:50.068Z,Pfannerstill and Sons,false
ea25b927-b2d4-4e56-b436-4c62783c7fa1,2018-03-21T02:35:14.609Z,East Dudleyfield,West Virginia,Somalia,81.0123,-172.0837,adulescens,careo,triduana,alii,capitulus,maxime,facere,59,112.25035490475938,81,vel,1,0,1,true,0.14500032303547916,2019-06-01T05:08:23.156Z,Mitchell - Torp,false
8743e10a-3df8-4cc7-b165-1ffc64586f11,2023-11-05T12:19:35.182Z,Dickensview,Florida,Jordan,22.3649,14.9533,derideo,creo,acies,commemoro,vulgo,beatus,demitto,66,21.339339066923912,87,cuius,2,2,2,true,0.07853593440542306,2019-06-18T12:25:30.885Z,Shields - Barton,false
d19abb8f-fd94-483a-91f4-577bc250845f,2025-02-16T22:08:52.677Z,East Yesenia,Kentucky,Mozambique,12.4192,40.301,aer,conspergo,denuo,decens,cohaero,creber,taedium,126,182.34450545592657,80,alias,6,0,5,true,0.21843584838372265,2025-06-21T17:33:31.123Z,"Kerluke, Hand and Paucek",true
53b35f58-e9e2-4a8a-8daf-7e97969307cf,2018-03-11T07:41:17.885Z,Margotfield,Nebraska,Sudan,-83.4094,-83.0688,admiratio,charisma,callide,apostolus,trepide,sperno,solium,71,154.64462149822586,89,excepturi,1,2,5,true,0.19236447857925498,2019-10-04T04:34:23.560Z,"Hessel, Gutmann and Kub",true
c101b39f-ea09-46a0-982e-3a5ece1ac244,2023-01-05T12:12:53.708Z,Destinland,Idaho,Grenada,86.1086,-57.9609,amplitudo,patrocinor,solvo,adfero,numquam,quod,crudelis,119,3.897771330155644,48,subito,2,0,4,false,0.18226941050205686,2025-03-29T08:31:48.660Z,Crooks - Runolfsdottir,false
1bee3c39-e570-4939-a43b-e1e99ee9a54d,2021-03-27T04:40:34.544Z,Kearny,Ohio,Netherlands,-5.1642,-96.6838,conventus,crur,civitas,nisi,suscipit,veritas,theatrum,23,147.67178960023725,92,audio,3,2,3,true,0.07303212615545279,2025-06-29T13:42:28.866Z,Feil - Stanton,false
b172b0cb-dd32-4126-bf57-1bff520b910c,2020-05-08T09:52:49.950Z,Quincy,Nevada,Faroe Islands,-85.9703,-43.0829,occaecati,placeat,crebro,sub,animadverto,et,corrupti,54,76.95650554940903,85,attero,3,1,1,false,0.021877739365516097,2023-04-14T08:44:20.958Z,"Beer, Reilly and Bradtke",true
c3d16838-207e-4297-a94a-7e19ddfd7d76,2020-04-03T04:22:11.637Z,West Babylon,Mississippi,Haiti,16.852,50.95,aperio,doloribus,arcus,amitto,ventito,constans,damnatio,115,104.80108483984853,100,confido,3,0,2,true,0.19440448086493106,2024-02-05T12:42:19.575Z,Koepp - Klocko,false
ca918940-5ac0-4641-90a3-f60c2475fc96,2024-09-14T08:50:29.598Z,Teaganmouth,Texas,Moldova,-2.5558,22.0605,confugo,temporibus,vulgivagus,tero,temperantia,unus,suscipio,48,142.30812793881333,87,atrox,4,1,2,false,0.22075155053370352,2019-07-21T06:45:22.806Z,"Terry, Nolan and Rowe",false
5702244f-b880-4e57-9221-ba0abccd748f,2025-03-11T20:47:23.556Z,East Alek,Mississippi,Serbia,-79.2535,7.2432,repellat,viscus,correptius,vado,colo,conspergo,ambulo,80,117.35124526844986,24,modi,3,1,2,true,0.21840925736160496,2025-03-10T21:09:02.626Z,Fadel and Sons,true
519c65c4-f39d-44e9-8b5f-e8ead54342e3,2022-09-13T11:25:59.031Z,Schmidtborough,Oklahoma,Guernsey,-52.1497,42.2621,utrum,tersus,ter,aptus,dignissimos,ipsam,depopulo,61,105.52586704935258,99,pauper,0,2,4,true,0.09539799331387999,2023-09-21T07:14:13.609Z,Yundt - Blanda,true