accident_id,incident_datetime,city,state,country,latitude,longitude,road_name,road_type,intersection_type,accident_type,weather_condition,road_condition,light_condition,speed_limit,actual_speed_kph,driver_age,driver_gender,casualties,fatalities,vehicles_involved,alcohol_influence,blood_alcohol_level,weather_reported_at,reporting_department,pedestrian_involved
be4d5b36-684b-4a2a-9a40-d362e8329cdc,2024-02-29T16:43:10.052Z,Kayleighburgh,Maine,Venezuela,-74.2892,11.9249,cena,universe,tracto,vobis,consequuntur,cinis,umquam,123,4.058505625063651,38,delicate,3,0,4,false,0.17098796131004199,2023-07-09T16:47:30.707Z,"Ondricka, Spinka and Senger",false
4bd2a26a-31b7-4436-a211-b7e54aca2a25,2020-10-04T17:08:49.295Z,Upland,Virginia,Andorra,8.211,-9.6502,advoco,temptatio,suppono,deripio,aegrotatio,acceptus,clarus,84,176.47749140489563,76,summisse,5,2,1,false,0.20249854038176848,2019-05-09T06:18:36.792Z,"Reilly, Carroll and Willms",false
98ad4068-9b50-4e43-8857-72296a77a33f,2021-09-18T16:28:28.298Z,Port Bernie,Arizona,Reunion,61.3025,48.5125,vaco,suppono,tepesco,aiunt,aspicio,timor,suscipio,111,220.8071980960701,21,decimus,3,0,1,false,0.20656908081339004,2022-02-03T06:10:06.386Z,Reichert - Padberg,false
a91105f2-e838-4dfb-8515-fe0d848c6cac,2021-03-24T05:53:21.792Z,Santa Barbara,Iowa,South Sudan,-8.3208,-170.362,rem,cupiditas,pecto,vos,crastinus,approbo,aspernatur,69,43.466540092927474,83,apud,4,0,4,true,0.2280553743473996,2020-09-14T04:54:10.899Z,Gutkowski - Murray,false
d62c82c3-e52d-4760-8507-5ce558a19f5a,2019-06-06T12:53:49.821Z,Cathrinecester,Nevada,South Africa,75.8481,-35.7903,depromo,eveniet,valeo,debeo,tempore,tamen,texo,81,71.376407378351,88,capto,2,1,3,true,0.1748472693025017,2021-03-16T10:48:51.599Z,Quitzon Inc,false
9630b132-a170-4f3d-87dc-9181ccd8f2db,2024-07-04T22:42:01.312Z,Pearl City,Kansas,Lithuania,-72.0314,-6.8076,censura,deserunt,aiunt,tremo,tamdiu,comedo,bis,58,47.96648756126585,97,veniam,5,1,2,false,0.21965965212569913,2025-07-02T01:35:39.361Z,"Konopelski, Lemke and Deckow",false
9a223595-b8bf-4a30-a218-8863c39ec04e,2025-09-16T17:43:01.566Z,New Kendrick,Oklahoma,Portugal,77.2667,-25.4359,cinis,una,caelestis,maxime,umquam,earum,truculenter,66,31.96090144482028,76,subiungo,4,0,3,false,0.025588461484074038,2019-02-05T20:16:56.706Z,"Strosin, McKenzie and King",true
d72882c5-912b-4d2d-b0c9-9c194c0242b1,2021-07-05T04:38:28.841Z,South Jabari,West Virginia,Cook Islands,55.5423,26.779,cultura,caput,curia,copia,aperiam,subito,vereor,45,16.294646437024713,89,desino,0,0,4,false,0.07478490721480974,2023-07-25T13:51:59.817Z,Kunde - Bailey,false
2bda0e66-1b3f-41fd-a949-fa9c13a8e727,2021-05-27T20:48:52.224Z,East Trystanport,South Carolina,Panama,-82.2185,9.8147,credo,dolorum,quisquam,angulus,usque,ducimus,patria,20,37.347283646122094,79,nemo,5,2,5,true,0.03944586398357813,2020-10-17T22:05:15.601Z,Armstrong and Sons,false
116bf57b-26b1-47af-8b32-bf5b7389175e,2024-05-31T07:36:11.636Z,Fond du Lac,North Carolina,Wallis and Futuna,34.0863,89.0583,nihil,textilis,iusto,aestas,ipsum,thalassinus,deleniti,55,88.01005120921404,58,vitium,0,1,3,true,0.0023522002056416136,2025-02-27T11:50:16.866Z,Larson - Russel,true
0af00da6-7cce-41b7-8d19-2c5b24ef9a95,2023-01-23T21:35:56.207Z,New Collin,South Carolina,Norfolk Island,82.258,-42.0616,talio,comburo,hic,adhuc,succedo,conicio,auditor,117,78.60558287166127,34,constans,1,0,4,true,0.17245583787170304,2022-03-26T15:52:28.403Z,Gorczany Inc,true
67ef1d98-9996-4e66-a5da-027e0f0e80bf,2019-10-21T12:37:21.217Z,Livonia,Washington,Malaysia,-24.8817,101.502,alii,repudiandae,adamo,conitor,aliqua,vomito,ascisco,101,97.6094094257445,57,officia,2,1,4,false,0.07723759449876733,2022-03-17T06:20:24.535Z,Cummings and Sons,true
661ed83b-599f-4287-a72c-3bf1ec12623e,2018-12-11T00:15:23.242Z,Manteborough,Oregon,Albania,-77.5842,-23.2125,adnuo,audax,deleo,peior,tam,damnatio,vulariter,49,209.88435354539342,46,auctor,4,2,1,false,0.17742914840554497,2022-02-22T19:29:37.103Z,Schmidt - Jacobs,false
8114351b-3ee2-405d-9e74-82e179b7d217,2022-04-14T03:02:55.207Z,Marioview,Indiana,Antarctica,85.8717,-24.9728,succedo,depono,teres,conscendo,sollicito,sono,vorago,92,12.162517570217037,100,amaritudo,4,1,4,false,0.1724594288934542,2020-12-15T09:40:19.115Z,"Turcotte, Friesen and Stiedemann",false
a4f3fc15-b619-4b94-9951-f63ac7eb50fa,2019-09-30T01:21:05.721Z,Fort Mauricioburgh,Iowa,Saint Pierre and Miquelon,53.3457,126.3772,votum,ocer,caritas,casso,addo,beneficium,patria,44,92.84805599496731,93,natus,3,2,3,true,0.03679999646972773,2018-12-13T13:03:57.795Z,Herman Inc,true
bc4c37a6-542d-421a-82c3-3c672e240f40,2025-08-17T11:28:20.005Z,New Name,Nebraska,Russian Federation,-81.5761,-121.2426,spargo,carcer,officiis,suffoco,utilis,aptus,exercitationem,89,204.02211547778884,49,autus,6,2,4,false,0.18763904891499542,2022-05-27T18:55:59.439Z,Olson - Windler,false
c50631da-7940-4f57-a620-01a0ea186a65,2024-08-23T01:37:43.137Z,East Alvisboro,Florida,Nigeria,7.6641,82.3667,terga,adhaero,cariosus,arguo,vulgaris,sequi,vox,121,205.1223753662706,34,umerus,0,0,5,true,0.15370489660014022,2024-11-28T22:40:04.032Z,Rohan - Schneider,true
c1efd370-e13b-4759-852d-592e9559a426,2025-05-25T05:48:45.351Z,West Cecilia,Georgia,Georgia,57.7354,166.0496,architecto,totidem,molestiae,stips,dolorem,strues,tantum,116,217.62394490383915,21,corrigo,6,2,5,true,0.07030846752089545,2025-08-04T01:45:11.921Z,Kris - Jacobs,false
879e6a23-ad7a-4a67-b7a1-f639a9952c9f,2023-11-10T01:10:49.463Z,Independence,Georgia,Netherlands,67.6437,-77.5524,at,adinventitias,amissio,at,tamquam,cum,ullus,38,195.00475188679894,49,ago,2,0,1,true,0.22532393819694707,2021-01-05T02:05:03.471Z,Abernathy - Ortiz,true
307e516a-0784-4567-ab49-a3abf6babe09,2025-04-09T14:07:11.754Z,Port Lempiville,Pennsylvania,Guinea,28.6705,-136.6881,ager,cresco,cohaero,chirographum,cur,totam,at,40,102.3242792794728,56,adsum,3,0,4,false,0.18934686034411072,2024-12-22T06:46:39.955Z,Yost LLC,false
b3010161-0de6-47cd-ba9b-16a4a6f1a2ac,2019-09-03T10:05:50.308Z,Fountainebleau,New Jersey,Grenada,44.5994,130.2517,subiungo,laboriosam,summa,amplus,quos,audentia,maxime,56,27.371287954903536,59,callide,0,1,5,true,0.022655500418681446,2021-03-13T07:30:50.883Z,Robel and Sons,true
048ce11d-fe6f-4967-be9b-6a230c349ba5,2023-07-11T23:03:03.770Z,Lake Cortneybury,Delaware,Cocos (Keeling) Islands,34.8655,71.318,averto,atavus,admiratio,audentia,commodo,sumptus,quia,97,162.90453583917798,18,stultus,6,1,5,false,0.2400879384432509,2022-01-24T13:07:26.252Z,"Torp, Runolfsdottir and Leffler",false
30a62b12-8876-44b3-9070-4ee73672c97d,2024-08-29T17:10:12.312Z,West Werner,Iowa,Curacao,57.0133,166.7984,velum,voco,absque,auditor,saepe,ago,caveo,25,57.239383641047496,64,cubicularis,2,2,2,false,0.034181300060607045,2022-09-20T10:01:36.941Z,Kovacek Inc,true
a922e0a2-028a-403f-b525-96bfd04661d9,2018-02-24T09:58:37.815Z,Dareberg,Vermont,French Southern Territories,-45.205,-34.0618,velociter,titulus,colligo,altus,thymum,caelestis,bellum,72,104.87964056548817,66,nisi,2,1,2,true,0.15655995912689458,2019-09-13T02:35:46.075Z,Jacobson LLC,true
4cd42028-83ee-4deb-a289-fdc00cafbcd7,2024-04-18T23:05:18.408Z,Franklin,North Dakota,Egypt,29.0793,-156.1837,aqua,magnam,capio,aequitas,aliquam,delicate,vorago,78,228.70105381808395,66,nisi,1,0,2,true,0.0820656882248845,2018-01-18T16:58:40.166Z,Parisian - Blick,false
3ae0cf90-0e86-444d-a0b5-7d136597f12b,2018-10-11T06:52:11.118Z,Port Madieworth,Alabama,Saint Barthelemy,-1.829,-86.9767,ait,crudelis,statua,sum,cavus,cumque,usque,32,51.10329835401548,62,coniecto,1,0,4,true,0.018066989361726404,2021-07-15T18:29:48.727Z,Crooks - Pagac,true
dda1a3fa-aa51-4ef7-8004-2fed64646122,2024-11-11T16:29:09.559Z,West Andy,Georgia,Turks and Caicos Islands,39.6239,-90.7814,creo,fugiat,administratio,tenetur,quaerat,triumphus,tubineus,50,91.87602025816574,44,apto,4,2,1,true,0.17233643036981938,2021-07-10T16:58:21.214Z,"Schuppe, Jaskolski and Aufderhar",false
28685891-e06a-4841-a49c-264bd6985c4e,2021-08-02T18:31:51.731Z,Karolannview,Rhode Island,Portugal,-13.2418,53.6476,voluptas,copia,deludo,demonstro,colligo,adstringo,stillicidium,23,18.018975996636286,95,vulgivagus,1,1,2,true,0.16030142147526857,2019-09-09T15:46:04.949Z,Koss Group,false
426573fb-1fdd-466c-825f-744e5221e949,2025-07-24T05:11:18.979Z,Rosenbaumfort,Delaware,Iceland,3.3061,-19.4199,temporibus,tabella,termes,laudantium,cubicularis,voluptas,defetiscor,61,26.532599676050104,46,antiquus,2,1,2,false,0.07011720383237802,2025-06-24T11:32:14.636Z,Haag - Grimes,true
1fe581bb-878a-44c2-8f3c-ebcaef5ce256,2022-09-12T07:54:53.264Z,South Nels,Connecticut,Brazil,43.5201,-159.9217,trucido,sumptus,defaeco,auditor,speculum,adiuvo,cultellus,52,229.23275984919925,40,deleniti,5,2,2,true,0.11230126229238385,2022-07-04T14:38:47.287Z,"Smitham, Dare and Predovic",false
f91edf7d-d8d3-47a6-9489-2d83634f657e,2021-09-09T06:29:16.069Z,Rodgercester,North Dakota,Germany,-56.078,22.8117,textus,avaritia,sumptus,timidus,cotidie,peccatus,termes,26,65.80083406738956,34,appono,3,2,3,true,0.15840528748699917,2023-01-02T02:00:28.110Z,Murphy - Macejkovic,false
e9f185b9-315c-4b98-b0f8-6a2a051f8743,2024-07-06T21:39:30.487Z,Littleton,Virginia,Cyprus,13.6855,-139.6619,ocer,creator,volaticus,at,tantum,aspernatur,corrupti,61,195.69023504319614,40,sollicito,5,1,2,true,0.2466810078107359,2024-03-24T19:26:01.382Z,Lubowitz LLC,true
9e389393-ab19-4c12-a151-086d4cb1f837,2025-06-24T17:34:14.973Z,Akron,Nebraska,Sierra Leone,-73.6298,-69.8587,nobis,aedificium,approbo,torrens,urbs,confero,usitas,81,69.29524994563548,84,tremo,0,0,4,true,0.14919664398502236,2022-01-16T16:12:34.387Z,Frami Group,true
ef96de83-6515-4916-ae08-86ccf61393fd,2018-06-13T04:00:42.915Z,Parker,Ohio,Cyprus,23.4662,42.7831,in,tot,convoco,contigo,ascisco,vere,credo,120,62.697097620379836,55,video,3,0,1,true,0.23421968817249877,2022-08-14T04:07:00.341Z,Kris - Wintheiser,false
df2ed5df-76ec-4b70-9335-e74d8405c230,2018-06-17T06:15:40.646Z,Binsboro,North Carolina,Saint Barthelemy,50.314,46.2352,confero,est,voluptates,sollicito,casus,cohors,suspendo,123,160.8157806279862,70,aequus,0,0,3,true,0.08826657230087154,2024-07-12T05:22:36.505Z,Crona Inc,false
a99fee11-74e8-4e80-8041-1c57262cc2f2,2023-11-13T18:09:55.207Z,Boyerville,Wyoming,North Macedonia,28.8814,-105.0626,attollo,curriculum,impedit,vesco,validus,maxime,libero,100,82.18671254580158,61,doloribus,2,2,5,true,0.09312046024408904,2024-04-30T15:54:08.161Z,Sporer LLC,false
7c3f7826-5781-4930-8308-0aae2d8065f5,2018-10-27T21:15:21.264Z,Fort Lauderdale,Pennsylvania,Croatia,62.4551,-22.8531,accusantium,alioqui,explicabo,deinde,admoveo,dedecor,agnitio,61,98.61646238701792,21,depereo,4,1,5,false,0.04142095021744402,2019-05-25T14:39:19.511Z,"Hintz, Schultz and Morar",true
24bdf505-12af-426f-9c98-cf3f9100fb48,2018-03-03T04:17:09.993Z,Port Prudencehaven,Alabama,Czechia,-22.0335,-170.4873,suadeo,utrum,conitor,laudantium,appositus,suffoco,tristis,74,77.17368423892846,41,usus,0,1,3,false,0.050025668067612744,2023-05-01T03:09:56.532Z,"Schaefer, Bayer and Doyle",false
cf3396fa-a968-4ca0-8647-51de039b882a,2020-03-09T16:15:44.923Z,Revafort,Louisiana,Portugal,-78.2629,-150.1562,alveus,aequus,volva,colligo,spoliatio,tabgo,cuius,45,144.72796986343732,100,tepesco,1,2,2,true,0.034721193824010066,2023-10-21T01:05:18.933Z,"Lueilwitz, Cartwright and Ernser",true
b2de6da8-baae-4442-aa10-46aa53c0f168,2020-03-10T09:19:24.648Z,Lake Alekbury,Maryland,Uruguay,-55.7173,-41.784,solutio,totidem,civis,pax,una,arto,delectus,98,150.2759992499438,81,aspernatur,2,2,5,false,0.11037049050143324,2018-02-22T10:41:06.564Z,Collier - West,false
e49c5e11-a8fd-4842-b8df-8d2938942f55,2021-09-09T00:49:28.080Z,Mylesfield,Wyoming,Mauritania,-65.8693,164.7252,articulus,suggero,cubicularis,stultus,delicate,talis,terebro,89,33.50892673155404,97,confugo,6,1,5,true,0.16304535955487504,2025-06-16T05:14:42.801Z,Hayes - Brekke,false
80299b33-46e6-4d92-ac14-183c6d59b31b,2019-07-18T12:37:41.554Z,Raynorboro,North Carolina,Mozambique,55.6925,-158.1354,convoco,tribuo,cotidie,umquam,hic,tres,pauci,37,43.2046992187382,20,veritatis,5,2,4,true,0.09635758447416343,2025-01-04T06:48:22.620Z,"Tillman, Bahringer and Heidenreich",true
36222d79-843b-488b-bd0d-734ed230b0bc,2025-12-02T02:03:14.836Z,West Maverick,Delaware,Montserrat,-58.3946,-24.134,quis,illo,adulatio,curatio,bis,vinculum,sopor,114,198.63524279605778,66,veritatis,2,1,4,true,0.010191350219370787,2020-01-31T23:24:57.904Z,"Sanford, Quigley and Hyatt",false
c5bd2308-8861-4824-9fd8-ded02c0ddac7,2022-10-07T12:20:32.775Z,El Centro,New Mexico,United States of America,72.8652,-83.0189,decumbo,tum,attollo,ventito,accedo,alias,denuncio,102,56.4640870698036,28,sed,6,1,5,false,0.06266261377664603,2024-02-11T01:24:41.160Z,Terry - Okuneva,false
d01f9f8c-2f62-4caf-81d5-e32a59e8836c,2021-09-04T08:56:59.392Z,Lincoln,New York,Falkland Islands (Malvinas),-50.6969,17.4717,vestrum,certe,crastinus,ulciscor,admitto,textilis,crudelis,76,88.99299923807091,48,valde,3,2,2,true,0.023378250365884007,2024-05-18T18:39:23.039Z,"Macejkovic, Boehm and Gusikowski",true
4d7a8622-00b2-4ff2-ab7d-e61a587365d1,2021-03-16T23:48:52.629Z,Kyliestead,Texas,France,-75.5191,-170.2121,magnam,tabgo,coniecto,vir,vita,amor,decimus,20,222.88467493851033,28,addo,2,2,2,true,0.18661565822085271,2020-11-29T14:37:05.968Z,Larson - Mitchell,false
9d036045-ffdd-47d4-94b5-22fdf2944a63,2019-12-11T00:08:32.784Z,Alessandroboro,Connecticut,Suriname,47.6157,-69.164,vos,carbo,cuius,varietas,vita,cupio,vulnero,113,96.06444855639683,57,vir,2,2,1,true,0.2103166543430331,2025-08-26T15:18:42.790Z,MacGyver Inc,false
6416cd5d-3add-4f33-ba93-d2996e9aaf7c,2018-07-31T23:45:21.116Z,Reynoldsburgh,Washington,Chile,69.9367,-81.5683,timidus,explicabo,depopulo,surculus,absens,terminatio,ante,130,125.20218196655955,91,cetera,1,1,3,false,0.19862874655987012,2020-10-11T18:03:41.334Z,Breitenberg - Cruickshank,true
116a7c05-b646-40e9-b4ec-53d21812a7c8,2019-12-05T22:53:39.290Z,Hoppeworth,Virginia,Honduras,-4.4803,144.0526,vilicus,vallum,temperantia,aduro,aiunt,adipisci,sophismata,94,142.12105118596935,44,denique,3,2,2,false,0.20938651318418552,2020-09-17T07:04:57.527Z,"Altenwerth, Blanda and Nicolas",true
9515185a-d3c4-4e2a-ab3a-e86302c8f4f3,2024-07-09T04:48:20.267Z,West Lillyshire,Wyoming,Czechia,-41.0156,-150.4478,coerceo,stips,defleo,expedita,spoliatio,creta,subnecto,66,119.83105831543354,31,tunc,6,1,2,true,0.14661407934530052,2022-11-26T04:31:02.494Z,Gulgowski Group,true
6b693d5e-2dea-40f5-becc-55276d5ffac0,2022-05-13T02:55:00.834Z,New Henriport,Oregon,Venezuela,-75.5133,45.1195,testimonium,desino,pecus,debeo,suasoria,varietas,coniecto,63,18.431688563137456,53,colligo,5,0,2,true,0.02966307901291998,2021-11-17T03:58:43.226Z,Becker - Purdy,false
64504fa4-7fb5-4774-8bef-780f11e05ad3,2024-08-13T04:19:17.308Z,New Jasen,New Mexico,Papua New Guinea,27.3131,177.2752,solus,depulso,vaco,aliquid,aduro,victoria,versus,117,199.45728894657034,95,volup,4,2,2,true,0.21734305970980408,2024-03-03T16:57:27.378Z,Olson - Jacobson,false
04ebab5a-25c5-453c-a80f-2fc763ca2486,2018-03-19T14:43:52.699Z,East Jaredberg,Oregon,Indonesia,24.5801,-77.636,fugiat,decumbo,sophismata,sed,arbitro,suggero,repellendus,113,238.16346999592042,39,doloremque,3,0,4,true,0.03773340041636633,2020-12-19T23:46:00.891Z,Graham Group,true
a12b7b3e-7010-41a8-a8f1-f2c434909c42,2023-04-20T19:49:05.461Z,Judahland,Arkansas,Rwanda,50.2969,-152.1428,rem,audeo,accedo,videlicet,sapiente,adipiscor,tenuis,80,213.5701935082896,53,addo,2,1,5,false,0.04467701785600589,2025-05-22T04:02:50.686Z,"Kulas, Crist and Strosin",true
df4604f2-a51c-4e9b-934a-205a179730ee,2025-02-19T13:28:31.285Z,Ernestinebury,Maryland,Chad,-8.6939,-17.7472,minus,eius,textus,adulatio,amoveo,pax,decipio,56,113.99344019209651,72,capillus,3,1,3,false,0.10486058971964182,2025-07-26T17:44:38.911Z,"Dickens, Considine and Murazik",true
4cc18604-228e-4e84-868b-ddf6f1b4236c,2019-01-25T05:37:07.027Z,West Brigitteland,North Carolina,Saint Helena,-60.5699,-12.8583,arma,derelinquo,cum,sonitus,sustineo,demitto,necessitatibus,106,201.50650330893797,74,subvenio,0,0,1,true,0.2001882883561494,2020-11-04T23:18:11.124Z,"Cummerata, Boehm and Kautzer",true
7de9983a-1889-4920-86df-c123fc23640e,2023-09-01T06:02:17.981Z,Hanford,Oregon,Gibraltar,59.7515,40.4638,utroque,cribro,valetudo,studio,arma,quidem,abscido,32,173.54667143476865,34,vulgivagus,6,2,3,false,0.09192418581824585,2020-01-31T10:07:45.270Z,"Fadel, Zemlak and Greenfelder",true
796150d5-f5a0-4e18-8459-bdaacaa045fc,2020-12-31T16:45:08.594Z,Allentown,North Carolina,Lesotho,1.9691,-51.9694,voluptatibus,adiuvo,magnam,voluptatibus,despecto,complectus,tracto,43,160.18789206031488,98,claustrum,1,0,4,true,0.2457623287421399,2022-03-27T07:30:05.707Z,Waters - Keeling,true
cac81518-5d2b-4aff-b183-8750d6e19426,2020-04-20T08:31:41.148Z,South Richie,Kansas,Guernsey,8.6275,-84.0206,rem,arceo,accedo,pel,cerno,conduco,cicuta,102,1.3435592046178169,46,spargo,3,0,2,false,0.15439042791991592,2022-08-07T08:59:17.541Z,Cummerata - Kris,true
d004568e-5a00-402c-b82c-bee5e341ee27,2020-12-01T23:22:35.864Z,Roswell,New York,Spain,-60.3852,32.4206,sunt,crustulum,taedium,coerceo,alias,attollo,tego,128,141.75217885672726,53,xiphias,3,0,1,true,0.01688353647964408,2024-05-13T08:01:58.353Z,McGlynn Inc,false
c5abbd4f-8c9a-4d13-98af-4c623b304873,2018-07-25T21:47:27.344Z,New Leonardo,Idaho,Guinea-Bissau,72.6112,-41.1083,capitulus,defleo,attonbitus,caterva,ea,cupressus,minus,70,100.31441229837927,74,trucido,5,2,1,true,0.20944159794877484,2021-08-09T04:36:26.170Z,"Kohler, Rodriguez and Little",false
ca8d241a-b43f-4875-a10f-ec175a1b629b,2023-03-02T00:00:04.068Z,Bechtelarfort,West Virginia,Kiribati,47.6158,-109.2113,cubo,viridis,aro,vulariter,creptio,quos,laudantium,24,153.51414449113147,64,ustulo,4,2,4,true,0.1947398894456918,2020-10-28T07:07:08.527Z,Jakubowski Group,false
c6e98c65-b9af-41d3-ac57-b284198de96f,2023-04-18T13:48:52.638Z,Spencerberg,Ohio,Tanzania,-87.4223,-69.7684,pax,coniecto,argumentum,tenus,templum,viridis,culpo,129,181.29231885878062,83,celer,5,2,1,false,0.00929667510857976,2019-07-14T16:49:44.059Z,"Watsica, Streich and Will",true
3d507ed5-de09-4246-b262-0907c37f0a91,2024-10-15T03:57:04.794Z,O'Fallon,Kentucky,Saint Martin,-59.5651,-21.9712,vigilo,compello,surculus,talio,paulatim,ducimus,clam,89,200.414410079198,75,tersus,0,1,5,true,0.16493457435969516,2021-11-29T00:50:41.526Z,Blick Group,true
e71b7428-4432-49a8-97e6-964d0ca2ae93,2019-10-20T22:34:39.763Z,North Lauderdale,Kansas,Jordan,69.8328,12.087,nisi,antea,suus,surculus,celer,caput,iste,47,190.96179212407444,73,cito,2,0,4,false,0.10229400132237179,2022-12-17T17:08:15.592Z,Barrows and Sons,false
36db3e88-7a7d-4006-a5ec-35fe72e98648,2020-01-09T15:13:30.890Z,Littlestead,South Dakota,Suriname,9.5545,-77.7645,conqueror,usque,baiulus,sed,turbo,fugiat,quae,73,59.57238442483143,82,claro,6,2,4,true,0.20936339684768587,2022-08-24T23:35:03.099Z,Fadel Inc,true
f2880b19-ced1-4464-a71b-86cfb7a62208,2024-02-18T12:05:26.323Z,Morrisshire,Delaware,Tanzania,46.0549,166.4861,astrum,aer,natus,pax,molestiae,allatus,acerbitas,126,101.73039983153554,33,ancilla,0,0,2,true,0.202077351705732,2022-08-31T23:59:59.034Z,DuBuque Inc,false
cd4265bd-9e94-472e-861c-563ac48990b2,2021-10-15T10:34:00.897Z,Fredaview,Minnesota,Timor-Leste,71.7637,44.4418,crepusculum,vitium,ars,solum,absconditus,demoror,creator,54,132.15436350097235,28,vespillo,1,0,5,true,0.2480131958901432,2020-12-18T17:19:42.259Z,"Powlowski, Smith and Schinner",false
54e78f11-e8b3-46f3-a8f4-03f936d20546,2023-02-15T11:54:04.058Z,Norfolk,Ohio,Philippines,-62.9475,-76.5825,theca,laudantium,impedit,arceo,conturbo,correptius,ea,82,67.62897973055438,99,vinco,5,0,4,false,0.03889040470126684,2025-08-19T14:39:05.894Z,"Jast, Bins and Bernier",false
5c6e6ce7-ed99-4c7c-b1af-603e6818b1a7,2019-06-15T10:23:31.154Z,Providencimouth,Alaska,Guyana,-55.6916,-49.0028,cura,amitto,defluo,denique,perferendis,colligo,iure,95,123.31567057452348,88,vester,4,0,4,true,0.02554926291136786,2025-02-24T13:04:12.933Z,"Grady, O'Hara and Mohr",true
e1ea0e3a-a507-4d80-98c2-78574c5681b4,2020-05-08T05:19:28.873Z,Port Tatum,Kansas,Mayotte,-31.6239,98.6096,agnitio,thermae,ascisco,ascisco,sui,cognatus,officiis,32,92.29780737806277,68,audeo,0,0,3,false,0.1308675223832699,2024-11-05T03:11:59.007Z,Cormier and Sons,false
716a9fff-528f-4af0-8dc5-eaaf46a6d41f,2018-01-27T07:43:51.204Z,West Eulahhaven,North Carolina,Zambia,44.7124,156.6534,sol,tabgo,arto,cornu,cultura,villa,corporis,117,208.58091931920399,28,aeternus,2,0,1,true,0.22749482306122445,2020-03-29T12:05:49.633Z,Renner - Kihn,true
7482640a-330f-4991-a9e8-595318e693d2,2023-01-03T08:48:01.805Z,New Else,Delaware,Luxembourg,41.9811,63.8021,pax,volva,ventosus,curto,amitto,arcesso,vilis,64,62.6622325651589,20,deputo,6,2,1,false,0.15726621792756867,2021-03-26T14:44:18.559Z,Herman - Marks,true
4675cca7-49f6-465f-8137-fdef62027687,2024-08-27T22:47:49.492Z,Mount Prospect,New York,Nicaragua,-44.3141,174.8645,aro,aliquam,audacia,angustus,spargo,thalassinus,deputo,42,92.3102192210944,28,subnecto,0,0,5,true,0.025661476932069327,2023-02-01T08:46:49.741Z,Lockman Inc,true
3a885bad-b57e-4f38-b480-98170a6616f3,2024-06-28T09:15:47.226Z,Reingerburgh,Pennsylvania,Bolivia,-48.4318,-87.7379,harum,vestrum,voveo,comedo,voluptatem,alias,accedo,26,36.05193630255439,58,thesis,5,1,1,false,0.15231462506943363,2022-12-03T10:45:17.140Z,Jenkins Group,false
df421d62-346f-411b-a4b4-b688bb8818e6,2020-03-30T00:04:16.171Z,Lockmanstad,Illinois,Kiribati,42.6099,-60.6939,adaugeo,facere,ventosus,quaerat,amplexus,deporto,deripio,115,182.0593879702335,17,corrumpo,0,0,3,false,0.14065638580979328,2025-04-01T07:30:04.869Z,"Huel, Fritsch and Bergnaum",true
91422e80-ffa0-4e11-a176-79b635149c4a,2021-06-26T04:02:55.268Z,North Melvinstead,Montana,Egypt,67.3994,-2.2289,cilicium,explicabo,canis,antiquus,supellex,crebro,aro,127,52.22281513993874,81,error,4,2,1,true,0.10971893530977495,2019-04-25T10:03:51.171Z,Hirthe LLC,false
33f0f845-a3dc-4bfc-9b46-a4b527a3f9d1,2020-05-19T05:11:07.082Z,Lake Peytonfurt,Mississippi,Eritrea,50.422,55.5618,textor,molestias,suffoco,appositus,correptius,color,accendo,50,147.09636362571192,75,suspendo,0,2,4,false,0.14298184562379518,2021-05-17T10:38:21.273Z,"McGlynn, Lueilwitz and Hessel",true
8a4ad1de-f33c-43a4-85a7-5bcff05d995f,2019-09-29T19:13:47.946Z,North Karl,Michigan,Vietnam,-75.855,40.1531,suffoco,cogo,cetera,armarium,triumphus,videlicet,reprehenderit,46,134.5631665308161,35,apud,6,1,2,true,0.1771580980280408,2019-09-07T02:37:32.270Z,Schmitt - Dibbert,false
1d33a774-d57a-4373-a32d-c493f4963f34,2020-10-24T15:49:25.586Z,Lake Margretfield,Michigan,Germany,7.1371,75.9834,substantia,statim,dolorem,ut,vicissitudo,soleo,amplitudo,105,110.22721191963427,69,patria,3,2,1,true,0.0185179746251678,2019-01-18T04:56:01.877Z,MacGyver - Bogan,false
a20daccd-f65d-4842-a39c-be4b86311547,2020-04-10T21:10:16.905Z,East Eddie,Hawaii,Bahamas,-10.0525,95.0739,tandem,conspergo,pax,rerum,copiose,creo,armarium,120,222.34048591963727,20,tubineus,2,2,3,false,0.06963088993129388,2018-09-26T17:49:50.519Z,Ruecker - Collier,false
aab1c3f1-8119-47cf-928b-e0b3ad79008d,2019-04-30T02:21:22.675Z,Carolina,Wyoming,Eswatini,-85.5638,69.3479,tondeo,ratione,cavus,ancilla,sunt,cohibeo,vesco,100,94.60445640191179,49,curatio,4,1,5,false,0.03794563749045529,2020-09-06T12:51:34.158Z,Brekke - Marquardt,false
87af0f21-a247-4505-9524-5de2269115df,2022-02-19T16:48:55.009Z,Wolfhaven,Rhode Island,Luxembourg,70.8494,-115.2802,at,studio,natus,ara,tremo,decretum,auctor,103,120.9670347173215,53,beneficium,0,2,1,true,0.12395270638630149,2019-09-11T17:51:12.479Z,Lang LLC,false