accident_id,incident_datetime,city,state,country,latitude,longitude,road_name,road_type,intersection_type,accident_type,weather_condition,road_condition,light_condition,speed_limit,actual_speed_kph,driver_age,driver_gender,casualties,fatalities,vehicles_involved,alcohol_influence,blood_alcohol_level,weather_reported_at,reporting_department,pedestrian_involved
16f5dab7-c957-4ec2-889f-b566c5834676,2019-04-03T05:06:22.517Z,Schmidttown,New Hampshire,Solomon Islands,4.8287,-77.5822,dapifer,tergo,deficio,deserunt,et,condico,ara,36,233.267750612948,98,aperio,0,2,3,false,0.08435698230897526,2020-12-12T11:15:24.116Z,Bailey - Walker,true
becde429-d7ea-4548-ac2d-83ef78b66bd3,2022-02-27T09:29:05.094Z,New Carlie,Maine,Greenland,-58.4797,-175.0921,caries,cubo,voluptate,theca,sumptus,iure,bonus,110,3.8311507864807925,87,umquam,1,1,4,true,0.24525141126130862,2022-11-16T03:54:19.202Z,"Russel, Reichel and Bergnaum",true
93489e8e-1f1e-4b9c-a382-9a03b35d1b06,2020-07-29T23:25:20.217Z,New Jessica,South Dakota,Kuwait,88.3462,-125.1395,correptius,curtus,comis,caecus,vilitas,patria,itaque,129,20.298916371909755,60,suppono,4,1,3,true,0.18826595272163343,2019-01-01T18:15:07.078Z,Cormier - Bechtelar,false
a1c0b29b-c786-43e8-8bc1-978d1a52c08e,2022-12-09T12:07:46.768Z,West Eusebioburgh,Arizona,Guinea,-39.7414,36.9683,atqui,aetas,cedo,auditor,patrocinor,decretum,laboriosam,33,61.31671916126048,44,amplexus,0,2,5,true,0.1844125937462854,2021-02-01T04:34:08.072Z,Pfeffer - Reinger,true
5c7f3538-7873-4ad3-9b53-d92327b88fc1,2021-11-06T07:02:33.406Z,Alexiston,Washington,Mayotte,-38.5276,-160.0207,vorago,crinis,conturbo,carus,bibo,aptus,defleo,22,148.2976832613744,84,defetiscor,4,0,2,true,0.118238130816847,2024-03-23T19:55:55.612Z,"Rath, Heathcote and Wunsch",false
0d167d63-1c86-420f-8f67-e79fe221fe8c,2020-07-28T14:30:01.416Z,Blickport,Nevada,Kazakhstan,-58.0292,-178.2699,alioqui,modi,vobis,avarus,decipio,claudeo,templum,116,201.84031047354745,51,voco,1,0,5,false,0.050777261168542864,2018-06-08T02:29:24.607Z,"Simonis, Corwin and Marks",true
7855e74b-7c7e-46d8-adc2-4df73884dbcb,2023-05-09T17:19:39.084Z,Hilpertfurt,Iowa,Jamaica,-48.6253,80.2723,appositus,antepono,tempore,derelinquo,ancilla,verecundia,vere,88,215.10889837452447,84,antea,3,2,4,false,0.10360012084200965,2021-11-28T09:34:50.477Z,Johns - Armstrong,true
c7ad4158-5dc3-4a86-ae3c-79ba8acb3d34,2020-04-27T01:16:29.090Z,South Gate,Texas,Lithuania,-55.4125,74.4029,umquam,vado,incidunt,careo,carbo,temporibus,aestivus,34,13.304260491330853,70,sunt,4,0,5,false,0.163179634358081,2019-11-20T03:00:59.951Z,Dietrich - Smitham,true
3a42f5b2-e429-49f7-912d-65c4855d07c9,2018-03-22T04:34:37.991Z,Denesikton,Alabama,Lithuania,23.4979,23.8408,aegrus,temporibus,aiunt,depono,trepide,addo,vel,116,99.33043734049762,46,cubitum,1,1,1,false,0.07505277312555414,2024-05-23T19:06:21.494Z,Cremin LLC,true
df61f87f-9961-4985-b131-eae6a51674c3,2023-09-13T23:05:04.332Z,North Lelandstad,Michigan,Malaysia,41.8841,108.5906,bibo,caries,conspergo,tabgo,cursim,suffragium,conspergo,63,36.366531450014165,63,demo,1,1,3,false,0.08161740062905348,2021-03-09T06:16:20.524Z,"Hilpert, Cartwright and Thompson",true
dab70291-3096-4715-9ff6-ec1bc8e7a7c4,2022-05-24T09:31:58.026Z,East Noe,Wisconsin,Switzerland,22.4106,5.6842,vox,bis,viriliter,depromo,patrocinor,cultellus,defungo,41,96.08544001927467,36,vulticulus,1,0,2,true,0.05961673480920579,2019-07-24T10:04:20.321Z,"Prohaska, Schmeler and Schmidt",false
e42fa98a-9171-443b-9f10-b972b766ef0c,2024-05-16T08:06:15.656Z,Port Wilmerfort,Delaware,Jordan,21.1065,-174.5725,in,caelum,clam,averto,pariatur,acervus,crastinus,24,63.93854679167131,17,nostrum,2,1,2,false,0.01195842862846988,2023-02-10T07:07:22.699Z,Mills Group,true
d2d9bfff-b605-4660-a1eb-2a7cbf299bf6,2022-03-25T10:25:27.647Z,South Paulburgh,New Hampshire,Mauritius,62.9016,-92.0699,calco,laboriosam,officia,alveus,aranea,dolorem,arx,72,208.45708006540355,43,animadverto,5,2,3,false,0.1179225416871788,2018-08-03T18:47:17.324Z,Hettinger - Bruen,true
f8c6be94-fa20-4a44-8f5b-2a9d7cfbcee8,2019-12-08T07:04:28.557Z,Deckowbury,Missouri,Algeria,14.6922,177.0529,nobis,defungo,vulnus,defetiscor,vis,suasoria,caveo,46,8.339257353575071,54,curto,6,0,1,true,0.2232519367497956,2025-05-07T23:35:58.065Z,Koch - Tremblay,true
6f23c712-4a80-4af5-8fd6-72b76993152e,2021-04-25T16:14:32.584Z,South Sarahburgh,Montana,Saint Helena,85.494,-95.2519,ipsum,speculum,decretum,explicabo,vilis,ars,titulus,78,227.89057219364247,97,et,6,2,3,false,0.19891755012416307,2025-12-29T23:24:13.674Z,Bartoletti and Sons,true
8947cbb8-d85e-472f-ae00-aebb4a6de109,2018-07-23T11:01:05.661Z,Fort Telly,Tennessee,Equatorial Guinea,-1.1979,-45.2481,caterva,aveho,consequuntur,vociferor,tubineus,depono,defleo,46,68.14255711431743,100,animi,3,0,3,false,0.04024238478174466,2023-08-23T05:21:48.154Z,Hahn - McClure,false
38f93fc1-4d18-473d-ad36-e2fd0f101a2d,2022-05-18T11:47:30.480Z,Fort Sherwood,New Mexico,Albania,-50.1469,106.8569,antiquus,cattus,verecundia,tabesco,ventus,curatio,crepusculum,52,157.88775726919093,22,amor,2,1,4,false,0.12191089634153951,2021-04-09T18:01:45.242Z,Rau - Weber,true
ffcbd7ec-a36c-46cc-81f8-ede2a7118656,2024-05-03T23:50:40.841Z,Arecibo,Utah,Morocco,2.9984,-19.2597,placeat,appono,sperno,curvo,crux,celebrer,aut,39,79.50723182433616,22,caterva,4,2,4,false,0.09405329357083328,2022-01-18T04:29:46.300Z,"Jenkins, Greenholt and Sauer",false
658a0f5f-9b20-40b9-be6a-69dfc39099cf,2024-03-12T22:14:01.625Z,Bayerton,Arizona,Democratic People's Republic of Korea,-7.5703,-124.0577,vestrum,aurum,desidero,brevis,abeo,desidero,ver,56,219.95432061874638,31,avaritia,5,1,5,true,0.09375505113662017,2019-12-18T18:43:30.944Z,Moen Group,false
fbadd33b-f383-4691-b985-02b361c94d40,2022-04-16T17:45:48.110Z,Logan,Maine,Sudan,-51.9808,-92.9807,aqua,demonstro,voluptas,textilis,aequitas,tremo,excepturi,75,225.43265567430032,80,certus,0,1,1,false,0.001578098328466837,2020-07-21T04:25:34.961Z,"Wolff, Prohaska and Jacobs",true
6eb1adff-0f7c-45d7-8529-bf212a99a539,2023-10-24T19:45:29.309Z,Marianecester,Wisconsin,Curacao,57.1081,91.6779,tepidus,curis,aveho,statim,comptus,spiculum,vel,22,164.143312868865,32,quam,0,2,4,true,0.005199373201362184,2024-04-24T16:26:03.650Z,McCullough Inc,false
5da0f92a-48fc-47f7-956a-4792870bb587,2020-11-06T16:37:29.241Z,Izaiahport,Indiana,Kuwait,-28.6588,-106.816,color,suus,testimonium,solutio,spectaculum,aedificium,cauda,121,18.025149761660213,39,explicabo,1,0,2,true,0.1112559976756628,2023-04-04T23:16:45.475Z,Gislason - Lemke,true
bd73ef51-fb08-410e-af97-d9acf9350c72,2021-10-10T07:59:44.094Z,Fort Charlie,Maine,Saint Barthelemy,-71.675,137.2073,coerceo,amplus,templum,cado,aetas,pecus,delicate,111,188.2531140834917,91,aequus,6,1,2,false,0.16562790610970612,2024-03-30T18:51:44.970Z,"Von, Walter and Hermann",true
ede6392f-a8e6-4f51-8caa-a5095d148d0f,2020-12-11T03:13:27.740Z,New Lexi,Texas,United States Minor Outlying Islands,-89.2495,-118.7398,bardus,non,ocer,tempore,perferendis,succedo,bonus,111,11.797907049572158,43,taedium,3,0,3,false,0.09270214617519443,2022-10-17T20:47:55.980Z,Price Inc,false
497fe6e8-d0b1-4353-ab2f-941d249b814e,2019-03-10T01:44:30.272Z,South Bethanystead,Hawaii,Djibouti,60.384,109.8358,super,vito,astrum,viscus,cresco,circumvenio,tumultus,113,228.55242823345353,38,crebro,3,0,4,true,0.10239000556678271,2019-09-11T08:43:13.691Z,"Grant, Kutch and Weber",true
afad96c4-875b-4e4e-9587-13034495eacf,2024-12-21T02:21:09.128Z,Mrazworth,Missouri,British Indian Ocean Territory (Chagos Archipelago),-58.2124,94.8745,cruciamentum,stips,assumenda,cohibeo,sumptus,cinis,admitto,29,0.47841757362931503,17,debitis,5,2,1,false,0.17353580702691215,2018-08-04T15:17:50.916Z,Anderson LLC,true
053752bf-52a1-444f-909d-c91907443d3e,2025-09-01T05:56:39.451Z,Sonnyville,Oklahoma,Chad,60.6678,-117.538,denego,capillus,demo,tricesimus,tener,tantum,vicinus,126,173.25898080643518,85,succurro,2,2,3,false,0.10824969680981422,2022-01-09T17:23:38.309Z,"D'Amore, Franey and Kertzmann",false
8d460455-254f-49fb-a567-7fddb240613b,2025-01-13T01:39:03.084Z,Frederick,New York,Belize,82.1345,-50.7756,ascit,nulla,denique,dedico,quisquam,tunc,accusantium,58,74.55831098461809,93,nam,0,2,3,false,0.02567311276718784,2018-07-13T20:24:46.510Z,Hills LLC,false
60dea85a-ea0e-4328-8291-cffafb6ebad9,2022-09-18T04:23:55.086Z,Franeckifield,New Jersey,Iraq,-75.3346,-114.6526,cubitum,arceo,sustineo,derelinquo,vulgivagus,deduco,aduro,101,169.52651932345617,96,voveo,4,0,4,true,0.06470961653288762,2025-10-15T16:18:50.229Z,"Lockman, Bogan and Bashirian",false
e34dcfd1-b7af-4fd7-a279-22b77f41edb2,2021-12-15T19:39:40.886Z,Lake Nikita,New York,Grenada,47.047,-67.1872,vindico,pax,sint,censura,varius,cursim,allatus,92,157.36634550083244,65,conor,6,2,4,true,0.23745215159152663,2018-11-09T05:00:56.921Z,Reilly Group,false
fce1c02a-ed65-4eea-862b-63981b350717,2019-01-26T23:06:15.482Z,Rancho Santa Margarita,New York,Burundi,-83.344,73.7046,clam,corrumpo,arca,illo,vaco,amor,decipio,108,206.9054877308458,47,quasi,5,0,1,true,0.12899484117354468,2022-03-15T10:27:32.890Z,Crona - Reynolds,true
fd10f710-7483-45f6-822b-0cad88d0f8d8,2021-06-24T22:53:22.794Z,Fort Cristinafurt,Arizona,Democratic People's Republic of Korea,-8.1988,-26.0463,claro,harum,adipisci,voluptas,defaeco,cur,territo,68,100.04455373675684,92,amaritudo,1,0,4,true,0.00603618127497757,2021-07-23T17:08:14.911Z,"Cummerata, Tillman and Goyette",false
29698fcb-cfe1-4d97-87d1-9ad664b71633,2021-03-06T12:25:52.908Z,Olsonchester,Georgia,San Marino,-53.3815,166.7559,thesis,id,crustulum,spiritus,ducimus,varius,aequitas,74,218.27241561821072,21,ater,5,1,4,true,0.14057479559226316,2022-08-17T05:27:50.401Z,Tillman - Schulist,true
c114b22d-c292-488b-9329-1ba1451ee42d,2022-12-05T22:50:10.543Z,Isidrotown,Florida,Aruba,-72.8677,-89.3541,cauda,aeneus,crapula,tactus,vacuus,supra,vinum,54,141.55648438736384,24,demum,6,1,4,true,0.08020374171983147,2019-09-27T09:27:44.934Z,"Murazik, Walsh and Hand",true
b17443c5-33d2-4a68-b5d3-72b0d16ffda2,2019-03-20T02:58:40.364Z,North Karlie,Massachusetts,Egypt,14.5541,76.4568,super,civis,conservo,in,commodo,truculenter,aegrotatio,28,54.69694932409182,34,vilicus,4,2,5,true,0.20845606322737964,2023-05-25T06:09:57.237Z,"Schmeler, Collins and Steuber",true
4f5da21e-2eb3-4477-bee5-26de53549ff9,2019-03-25T08:14:50.793Z,Violetteburgh,Kansas,North Macedonia,-76.9491,-137.8157,vespillo,artificiose,decet,decipio,nesciunt,neque,verbum,100,172.01239721193176,57,cernuus,1,1,1,true,0.21588844508421157,2018-03-21T21:28:35.182Z,Kilback - Waelchi,false
66a3df63-a6a4-4e66-a502-950e68baeff6,2020-06-21T17:27:23.762Z,Philadelphia,North Carolina,Bangladesh,8.2856,-141.7374,ara,arguo,degenero,tam,adipiscor,substantia,solutio,61,187.05538551406156,27,anser,0,2,1,false,0.06931673127608387,2024-11-11T07:45:02.550Z,Cassin - Pollich,true
4275d33e-9f8b-4356-89e1-83d321add551,2020-12-07T16:02:47.962Z,Haagbury,Utah,Togo,-42.6783,-151.2941,vitae,amissio,exercitationem,titulus,colo,cumque,teneo,108,69.05201924337989,89,tutis,2,2,5,true,0.09662744775674076,2023-09-26T16:23:37.141Z,"Cummerata, Mante and Hammes",false
243f1db0-6516-471d-be78-81db7f1d5551,2021-08-18T03:51:57.306Z,Stromanton,Virginia,Faroe Islands,-64.9918,-136.7484,vita,facere,reprehenderit,conforto,deleo,error,decor,125,83.84736138846367,43,accommodo,4,2,5,false,0.19680136672864176,2022-02-03T01:43:15.438Z,"Kohler, Heaney and Feeney",true
78b4027c-ad89-414c-a867-2ac1900cc627,2022-07-06T14:44:45.843Z,Matildemouth,Texas,Saint Pierre and Miquelon,-30.6319,118.8276,socius,vulticulus,adamo,vulgaris,torrens,allatus,crapula,96,32.168321448913545,23,minima,1,1,1,true,0.1470444788864884,2020-10-11T13:22:12.801Z,Becker Inc,true
da2af648-1091-4b37-974a-72fd9404b308,2022-03-25T05:45:27.795Z,Paucektown,Montana,Mali,61.9946,-129.3388,stabilis,verumtamen,demoror,apto,venio,asperiores,suggero,67,64.30254782743874,25,universe,4,0,5,false,0.17351749540715136,2023-12-12T21:28:16.268Z,"Von, Renner and Lynch",true
31da91b8-02e0-4ed6-af52-80f0f736c523,2025-12-16T23:54:09.347Z,Milford,Maine,Chile,-14.4454,-31.9719,somniculosus,cibo,amaritudo,iusto,demonstro,inventore,amicitia,23,97.07983994282014,70,aiunt,0,0,3,true,0.21495614752138048,2022-06-15T08:03:23.777Z,McGlynn Inc,false
0897ee8b-f6b9-4c09-babc-35aaf16d2f53,2018-05-10T07:38:10.419Z,Wisozkberg,Mississippi,Panama,27.8306,134.7392,coadunatio,solutio,tricesimus,cervus,dolorem,voluptatem,sequi,27,14.86942534856487,92,coniuratio,2,0,1,false,0.03395987767850234,2018-02-13T08:27:00.559Z,Spencer and Sons,true
9dae0ff0-35ae-4e75-b81d-37a2449266ac,2021-02-20T06:48:24.918Z,Rochester Hills,New Mexico,Eswatini,-57.9378,39.2684,vestrum,recusandae,custodia,centum,pariatur,sequi,tamdiu,95,203.61025493973864,83,calcar,3,2,1,true,0.22580695429970285,2018-03-10T09:53:12.880Z,Huel Group,true
3579a39e-47b2-47f2-881b-8a6ccdfcd548,2024-05-15T09:50:02.447Z,Kovacektown,South Dakota,Gabon,14.5667,-162.1654,carmen,tertius,tondeo,earum,cervus,sunt,clarus,37,151.918035903308,94,degero,2,0,4,false,0.07002340332821935,2025-04-14T07:00:29.990Z,Yost - Crooks,true
8a603053-4702-4179-b76f-5eb81b8bc055,2018-04-29T05:56:44.364Z,Goodwincester,Oregon,India,28.3927,-125.2377,ultio,terreo,capitulus,comptus,aegre,ipsam,dolore,44,149.09846629166546,30,unde,6,2,5,false,0.20488968116987485,2019-12-28T21:13:01.171Z,Crist - Skiles,true
1853f2ad-41a9-4126-a772-00790472e911,2019-02-22T21:04:30.833Z,Muellerchester,Kansas,Ethiopia,-14.8264,127.2568,tristis,antiquus,curis,undique,thalassinus,vir,tamdiu,72,28.57689929704451,84,fugiat,2,1,5,true,0.20555836174185482,2019-11-17T13:06:54.487Z,"Gerlach, Grady and Baumbach",true
cc84645c-cceb-4964-8860-6313977eb0ac,2021-12-11T20:21:16.893Z,Starkton,Indiana,Faroe Islands,-63.3064,83.9027,antiquus,alter,tego,considero,thermae,tepesco,ocer,70,150.63545108869585,93,subito,0,2,3,false,0.18070586971915975,2019-01-08T05:23:17.762Z,Langosh - Roberts,false
939a2bf4-fff8-4565-a17f-697f431fb6c8,2018-07-26T15:54:59.065Z,West Taliaburgh,New Mexico,Belize,21.0023,86.4005,cavus,cilicium,conicio,aequitas,veritatis,aegrotatio,accusator,75,238.91549860502994,64,amor,5,0,5,false,0.10690829418688227,2021-08-30T19:01:11.170Z,Hand Inc,true
1f6f22a1-0051-46d6-b80d-9184b9650084,2022-01-18T02:48:15.053Z,Niagara Falls,Minnesota,Fiji,36.5373,39.1129,talio,textus,succurro,confugo,contra,theca,utroque,72,58.32268979768051,30,ullam,6,2,5,false,0.14642248935754515,2022-01-06T09:01:34.704Z,Stiedemann - Treutel,false
44915752-35c0-4ffc-8ccc-ea6af15f8aca,2024-03-14T23:40:56.585Z,Streichberg,Colorado,Austria,7.5831,-71.7258,desidero,valeo,adiuvo,creber,totam,numquam,cogito,38,120.39713650776028,75,claro,6,1,2,true,0.10094628566079736,2025-09-12T00:44:27.786Z,Bauch Group,true
da6a79b5-855e-42b0-af3e-c30dac54be27,2025-10-11T21:30:24.765Z,New Giovani,Iowa,Montenegro,20.85,-117.3102,vinum,maiores,carcer,argentum,solus,beatus,accusantium,82,68.63767785189239,81,summopere,2,2,2,false,0.2304065744267877,2020-07-23T01:50:24.929Z,Hirthe - Will,true
1864008b-a1c1-4ed6-93cd-1fdc60240862,2022-01-29T21:51:29.981Z,Port Leonardland,Minnesota,Central African Republic,-41.2172,-147.7903,deleo,desidero,vomito,asper,quia,territo,constans,61,77.50571430413474,51,nam,4,2,2,true,0.021008852455297322,2021-11-19T21:01:27.417Z,Stehr Group,false
f0ec62b8-5c74-4440-afdc-ad49d2182145,2022-08-16T00:12:17.206Z,Watsicatown,North Dakota,Niue,50.3294,-149.2793,trado,calculus,in,vitae,abundans,benigne,quas,82,182.33999966827898,79,nulla,1,1,5,true,0.0411754989051242,2025-04-05T11:50:58.884Z,Barton Group,true
42f6dcda-49a6-4872-92ae-3eb77fd4b3cd,2019-08-14T20:04:32.734Z,Rolfsonstead,New Mexico,Mali,56.2884,58.2685,infit,odio,dicta,demulceo,supellex,corrigo,bellicus,97,207.99531606681538,45,certe,4,1,2,false,0.20460209753814082,2021-01-05T13:34:01.940Z,"Casper, Hilpert and Waelchi",false
4ca6133d-c6de-4b66-ae1b-934caeb8d50f,2020-05-06T00:37:34.718Z,East Gladyce,Wisconsin,Slovenia,-41.3796,-104.8886,ter,suadeo,autem,coruscus,civis,titulus,cogo,91,83.25324587158372,97,auctus,3,0,5,true,0.15395052786146712,2019-10-09T14:47:26.832Z,Wilderman - Pouros,true
8fdd77f2-bae3-4fc3-905f-b15ba164c288,2023-09-19T08:01:34.030Z,Larsonfort,Texas,Hong Kong,20.417,-49.0399,adnuo,tergo,voro,sunt,comes,adfero,talis,25,215.53456665063942,100,sonitus,4,2,2,false,0.08575080442533944,2019-07-17T18:36:19.117Z,"Hauck, Emard and Breitenberg",false
393ad2a3-ecc3-47dc-9868-06f78f81b8f1,2021-04-03T02:19:16.034Z,New Eula,Iowa,Solomon Islands,18.8407,-111.18,supra,universe,demum,consuasor,defaeco,conforto,illum,59,18.967191386863192,29,deripio,4,0,1,true,0.1326760951881003,2023-08-23T15:59:33.169Z,"Adams, Skiles and Blanda",true
4198723c-d9d6-473e-86f0-70e7bb6d71ab,2024-03-17T03:59:11.359Z,Macejkovicstad,Virginia,Faroe Islands,42.135,-23.6038,utroque,adulatio,beatae,cedo,valde,copiose,trans,40,233.9632047211789,96,color,3,1,3,true,0.08083325282885034,2018-02-10T17:50:14.481Z,Wiza and Sons,true
478e256d-a79f-4279-bcf0-bca2bcee8578,2025-09-02T15:48:17.569Z,Loweberg,Texas,Congo,80.0083,-126.9979,sursum,audio,comes,consectetur,vix,utilis,adamo,50,131.8123287274092,51,tepesco,1,1,4,true,0.02581480558155569,2018-02-07T18:30:36.460Z,Sipes - Torphy,false
f6cc356e-0aa5-4111-9286-8c7d20b3c339,2021-08-02T15:57:17.862Z,Joanton,Maryland,Guadeloupe,-66.879,-51.067,alter,caecus,beneficium,damno,placeat,absorbeo,depraedor,120,235.25338367169323,93,demonstro,3,0,1,true,0.18240958058819828,2021-10-27T14:28:48.323Z,Tillman - Turcotte,true
e38d12f5-7b9f-4910-b648-967e0885947f,2019-04-10T11:51:14.293Z,Metairie,Massachusetts,Germany,35.7312,79.6483,tergo,trucido,vergo,ventito,studio,tertius,cinis,53,125.09490211665339,70,caput,3,0,4,false,0.011566477718020302,2022-02-26T11:19:15.755Z,Kuhlman LLC,false
55a36b78-26c6-4435-a059-fbcb262dcc04,2022-09-25T11:18:48.434Z,Portage,Illinois,Moldova,-55.9041,121.6455,abeo,corporis,color,enim,tremo,cognatus,ulterius,84,157.58757090343016,19,depulso,2,1,4,true,0.014615692564108301,2021-10-06T12:51:52.843Z,Schumm - Zboncak,false
35b412f5-8432-40ea-b87f-dbdc91a0d467,2018-07-08T09:46:14.379Z,Martinstead,Indiana,Malaysia,2.1211,100.3985,appositus,ea,magni,clam,thalassinus,illum,curriculum,63,79.3719624366405,70,comptus,3,1,2,true,0.21799358547593592,2019-09-26T13:51:18.758Z,"Romaguera, Blanda and Emard",true
ae89fee5-e21a-4af9-ac1e-b7085f85c3a5,2021-10-28T22:46:03.379Z,West Kathlyn,Hawaii,Austria,77.6312,5.6056,delectatio,adstringo,tamen,cohibeo,tripudio,summa,curis,87,66.22948886263956,47,arto,5,0,4,false,0.04398837496890501,2025-05-25T19:23:13.079Z,"Hoeger, Cormier and Bechtelar",false
5675d3b4-67ba-47f5-9566-8a835384f6a9,2023-03-11T08:07:40.519Z,Metzshire,Texas,Bosnia and Herzegovina,-18.3725,44.2865,ratione,sunt,consequuntur,verumtamen,vindico,sponte,vomer,102,161.88816348653145,80,sono,1,2,1,true,0.22213094726212274,2019-10-24T23:48:05.707Z,"VonRueden, Walker and McKenzie",false
498eec29-ad3d-4950-b10e-331e84b2fa49,2023-03-30T07:27:03.108Z,Zackaryport,Delaware,Cook Islands,59.613,-90.1258,asper,aptus,blandior,supellex,studio,avarus,auditor,115,191.62317704268213,27,tepesco,3,2,3,true,0.19962952608304382,2021-08-07T00:30:47.218Z,Miller Group,false
60935220-3a88-467f-8528-6ace7e48c7b0,2023-10-24T14:07:21.780Z,Cranston,Texas,Mayotte,-37.8144,-26.6521,tabula,vulariter,casso,cura,virgo,brevis,sortitus,126,143.23930039517472,59,venustas,2,0,5,false,0.19502291498482513,2018-09-01T06:29:14.704Z,"Hahn, Rau and Mayert",true
de4897eb-83b1-4638-a835-45d23b176ae9,2023-02-21T20:58:28.621Z,Littleton,Nebraska,Kenya,63.1058,161.8895,terra,vel,demonstro,admiratio,vester,sperno,blandior,88,212.470678045701,85,vilicus,1,1,2,true,0.15453393149424163,2025-01-07T15:29:41.810Z,Carter Inc,true
b5b36929-79d8-4ac0-94ff-1520409121cf,2021-07-10T21:10:14.311Z,East Hartford,Virginia,"Virgin Islands, U.S.",0.0657,-0.4276,taedium,spiritus,caelestis,demo,amet,vigilo,cubitum,98,0.7642169803489907,34,celo,6,2,2,true,0.03754454779970012,2020-08-17T10:20:13.574Z,Ebert Inc,true
eea3cc49-1796-437c-892b-9c09d0912004,2018-07-07T07:47:57.458Z,White Plains,Louisiana,Turkey,-67.6356,44.1076,adversus,maiores,recusandae,depereo,surgo,caelum,velum,37,32.797562670961526,71,casus,5,2,2,false,0.18815377981075204,2025-08-26T07:19:58.984Z,Keeling - Vandervort,false
3b2adb74-6922-4bd5-9510-81c302ad49e6,2025-06-06T07:47:56.684Z,North Stan,Oregon,Colombia,84.9508,73.0984,ventosus,tolero,capillus,itaque,auctor,amplus,clarus,89,150.36529537007297,48,sol,4,0,5,false,0.11412032283861931,2025-05-09T15:38:49.233Z,Jakubowski - Jones,false
26b12c46-958e-4fc1-80e1-1baa0dcebd19,2018-09-27T15:04:37.405Z,Amieview,Arizona,Norfolk Island,38.5698,-167.6793,vis,arma,tollo,supra,viduo,decimus,virtus,24,45.63426913872962,28,voluptatem,5,2,3,false,0.20458836063345762,2019-04-03T20:32:20.202Z,"Hermiston, Hessel and Bernhard",false
6f7fea6a-f864-4a1f-802f-56af84d454db,2023-08-16T22:11:26.520Z,Abdulstead,New Jersey,Curacao,-85.7019,-56.1987,canto,tui,nihil,creber,voluptates,alveus,aequus,68,44.95860757776092,82,vita,4,0,3,true,0.15316741570203507,2022-11-01T06:01:47.367Z,"Rolfson, Gerlach and Rau",true
0d89f9b7-b24b-48aa-838a-65c0ea5f3ef1,2019-03-30T12:11:37.463Z,East Adolphusfield,Missouri,Libyan Arab Jamahiriya,10.3099,-171.5886,communis,deinde,tempore,acerbitas,attonbitus,credo,surculus,35,86.69451428347843,70,tepesco,5,0,1,true,0.16679437244834505,2025-11-21T22:38:32.258Z,Romaguera - Emard,false
3bd79799-2fb2-46f9-93ce-4d041d8a4771,2022-05-08T05:06:38.248Z,Roslynland,Connecticut,Guernsey,-83.3325,-50.4771,abutor,viridis,balbus,conventus,suadeo,capio,victus,43,176.81611720906287,47,turbo,1,0,2,false,0.22820324145739895,2022-10-31T03:47:55.876Z,"O'Hara, Champlin and Metz",false
f0b2c4e1-5fcb-438e-91ed-d92db2c4f358,2023-05-15T03:19:19.413Z,Passaic,Michigan,Indonesia,4.4528,-33.9299,perspiciatis,adsum,vos,error,defendo,theologus,tactus,95,43.26380311662973,17,usus,6,2,5,true,0.2405760470829459,2023-06-21T15:49:10.960Z,Pagac - Block,true
8879af61-3106-4525-a534-7bf35cbbcde3,2023-01-25T17:06:11.539Z,New Adantown,Vermont,Oman,-46.2124,28.6371,admoneo,aggredior,verbera,curis,blanditiis,ubi,ulterius,82,228.81469334523337,73,una,5,2,2,true,0.026197892666797562,2023-06-16T14:57:35.104Z,Smitham Group,true
1d4067ba-540b-4e14-aba3-775cdaf56adc,2024-09-21T12:48:28.506Z,East Claudine,South Dakota,Egypt,-85.962,-13.5817,acceptus,avaritia,cuius,dapifer,complectus,stillicidium,demonstro,113,121.99241899942864,99,correptius,4,1,4,false,0.0588304696638276,2021-01-07T02:19:08.653Z,Crooks - Jones,false
f9880840-b6e0-44bd-ba2a-03eaeee650fe,2025-10-19T14:03:45.846Z,Fort Demariohaven,Minnesota,Poland,-39.7628,119.3955,carus,patrocinor,tollo,statua,demergo,ventus,sed,99,180.01597675537704,45,decimus,5,2,5,true,0.08937077413533173,2024-01-05T11:20:35.409Z,"Crist, Cartwright and Lubowitz",true
07e8e35b-41a7-4367-a2ce-3c27c09c838a,2021-08-14T06:04:44.837Z,New Grantworth,Vermont,Andorra,-27.9066,-25.3111,voluntarius,candidus,victus,peccatus,vehemens,optio,verumtamen,25,176.76468116812285,87,thymbra,0,0,2,false,0.08826347760648531,2022-10-06T21:37:04.014Z,Yundt Inc,false
1bfb0679-cc17-4f58-9825-66f1b4a426b6,2018-02-08T06:53:36.179Z,West Eulah,Oklahoma,Liberia,-22.6687,-113.6032,quaerat,solium,vespillo,charisma,aranea,amoveo,baiulus,95,107.78864865100495,98,aequitas,6,0,2,false,0.11169624609146339,2018-06-19T17:39:11.935Z,"Bartoletti, Johns and Wuckert",false
c2ea241b-3b56-4e74-b966-b48c44715df5,2025-01-07T17:58:39.884Z,North Jenningsmouth,Colorado,United States Minor Outlying Islands,71.634,80.7738,asper,cunae,attero,solutio,crepusculum,molestiae,tremo,106,113.70010226611177,76,desidero,5,2,5,true,0.05751190097627182,2020-02-07T22:43:28.175Z,Howell - Dare,true