accident_id,incident_datetime,city,state,country,latitude,longitude,road_name,road_type,intersection_type,accident_type,weather_condition,road_condition,light_condition,speed_limit,actual_speed_kph,driver_age,driver_gender,casualties,fatalities,vehicles_involved,alcohol_influence,blood_alcohol_level,weather_reported_at,reporting_department,pedestrian_involved
bb05f619-ee66-41bb-8347-24025190014a,2018-10-28T21:57:44.922Z,Lake Trenton,Minnesota,Faroe Islands,-14.7508,16.5751,damnatio,aedificium,pauci,talis,vallum,deficio,callide,96,237.53859767031614,79,amet,6,2,4,true,0.19779934832610604,2024-08-03T16:01:58.517Z,Considine and Sons,false
4fe4f9a4-4b1c-4cc4-8f77-2c36180ba3da,2020-11-20T05:09:45.391Z,Tonawanda,Louisiana,Martinique,6.3068,-19.9361,thymum,torqueo,vulgaris,succurro,curiositas,qui,vociferor,124,132.32681885798058,17,cumque,3,1,3,false,0.11903113599552348,2023-10-24T15:24:32.282Z,Goldner - Schamberger,true
fb371aa0-31bb-4271-b426-37b0017525dc,2023-05-29T17:08:42.031Z,Attleboro,Minnesota,Cameroon,-57.826,-149.2246,argentum,terminatio,caries,vergo,acervus,dedico,arbustum,112,81.60593827994867,49,et,1,0,4,true,0.13393703091228829,2021-07-11T00:05:13.914Z,Gibson - Maggio,false
cea6f41f-4a82-48de-abea-2887f2ca032c,2023-04-16T19:57:54.573Z,Waltham,Hawaii,Mauritania,79.2969,-39.9001,vado,carmen,accommodo,pectus,deripio,cunae,ciminatio,90,62.58768911447682,84,caritas,0,2,5,false,0.025983935396080016,2025-07-13T15:13:14.128Z,Kohler Group,true
b95649a7-a6f1-4ec0-80f4-f194c3788402,2021-05-30T23:59:35.516Z,West Lincolnland,Connecticut,Bolivia,-9.0564,150.2676,adeptio,corona,confugo,antepono,tripudio,consequatur,degero,99,163.41583530214032,36,acervus,4,2,4,false,0.09688290466167823,2018-05-22T23:57:41.964Z,Medhurst and Sons,true
bc792545-83d8-4099-a446-155a22f3fe08,2022-02-11T18:46:01.708Z,Abbottfield,Louisiana,Palestine,-39.8065,-139.2415,cursim,virga,tenus,benevolentia,sophismata,eligendi,arguo,84,11.385950209735487,35,infit,6,0,4,true,0.04212708309910357,2019-09-15T10:15:39.126Z,"Kertzmann, Grimes and Hamill",true
538d47aa-82ae-4339-baf2-21ff6a8f75d0,2023-05-10T14:22:11.145Z,La Mirada,Louisiana,Qatar,72.7126,168.6848,bardus,eos,audentia,admitto,aedificium,averto,ut,59,161.60928347934453,30,defessus,6,2,4,true,0.09618277300051739,2024-01-12T06:23:09.190Z,Harber - Pollich,true
68828b7e-8287-4bda-b4b7-7de9f082858b,2020-03-17T10:36:57.598Z,East Marcosburgh,Alabama,Sierra Leone,-38.1301,19.4081,universe,adnuo,terra,molestiae,audentia,capitulus,totam,127,29.90955557239922,88,vulgivagus,2,0,2,true,0.021511167308651963,2023-04-11T19:57:02.306Z,Dietrich Group,false
ffe4e132-7642-4492-be0e-dca127c10023,2020-04-05T17:33:48.678Z,North Haylie,Connecticut,Turkey,24.407,93.2281,conspergo,aufero,ter,angulus,pauci,coma,vigor,79,163.07238285620883,75,comedo,5,2,1,false,0.14262442965968547,2019-05-31T06:09:49.209Z,Mertz LLC,true
ebb3e374-5f3b-497d-a042-55e1ce3fd434,2020-02-06T03:17:57.835Z,Kovacekfield,Ohio,Kiribati,21.8163,149.7478,voro,quibusdam,quasi,aestivus,artificiose,summa,subvenio,26,67.37582103615051,93,pecto,0,1,2,false,0.14310055825044785,2018-04-28T19:42:13.324Z,Brakus LLC,true
bbd0d42d-f539-4744-833c-fa0777084294,2023-04-19T04:03:58.192Z,Brekkestead,Massachusetts,Costa Rica,47.4041,-43.8047,amitto,velut,calamitas,cauda,summopere,pel,amor,29,213.21361874983643,24,velit,4,0,4,false,0.13383961690018295,2019-07-05T02:54:17.520Z,Streich Inc,false
2b59c1a8-fccb-4224-b712-56a9d6827d18,2020-08-20T15:16:56.236Z,Lake Floyd,Washington,Jordan,7.6998,-21.3633,tracto,suffoco,doloribus,vero,tubineus,vacuus,error,71,100.59968424383396,55,saepe,1,2,4,true,0.20698434203168625,2023-04-04T19:21:39.237Z,Weimann - Hane,false
81e02a01-9ccf-4ee9-81df-0a7719bd9cef,2020-09-13T17:52:08.205Z,Preciousbury,Tennessee,Cayman Islands,68.3045,-79.9482,tutamen,varietas,crinis,cum,abutor,una,supellex,29,139.72981510674956,82,surgo,5,0,2,false,0.2391122299329915,2020-04-28T09:49:17.750Z,Weimann LLC,false
fec3daa0-8428-4aaa-bb88-753aa8361431,2020-02-06T15:44:59.457Z,Larsonshire,Washington,Christmas Island,-58.5212,-134.5599,pecus,abscido,circumvenio,sustineo,clarus,aequus,capto,78,121.78191370134893,21,absque,0,0,1,false,0.15182023428641944,2025-07-25T20:07:29.830Z,"Schowalter, Abshire and Oberbrunner",false
6af4ddc4-bc36-4f50-9755-d66e2ea778ed,2023-04-06T09:34:38.783Z,South Scotty,Hawaii,Aland Islands,-69.8491,-72.1221,vicissitudo,dignissimos,speculum,considero,viriliter,communis,tepesco,35,60.371996417047384,60,summisse,1,0,4,true,0.2076828876196477,2023-02-08T21:49:12.950Z,Littel - Considine,false
3fe39aa9-43f2-45b7-a855-1a1815c27195,2018-03-06T22:14:14.688Z,South Lennaburgh,Iowa,Burundi,72.9768,176.911,certus,sollers,civis,at,spargo,pectus,adeptio,36,50.37723898190491,81,tepidus,5,2,2,true,0.07683839821779112,2020-02-24T20:14:45.696Z,Schiller - Jones,false
f660fe60-0c14-4271-be83-ba31f9d19896,2019-01-06T16:22:24.049Z,Barnstable Town,Minnesota,Jamaica,-77.4316,170.6607,sumptus,caritas,aliqua,nihil,tendo,tepesco,commodo,46,168.74494371278564,50,sordeo,0,1,4,false,0.13670974325372076,2019-11-30T14:42:47.834Z,Mante - Casper,true
58058403-71f6-47de-863e-db69fcca52bb,2021-07-18T10:35:20.564Z,Santee,Mississippi,Kiribati,-17.9505,69.9401,calco,tempora,tempore,vaco,barba,certus,dedecor,68,208.43085634322298,100,verbera,1,2,5,false,0.2247765362795965,2019-03-20T10:08:35.118Z,"Kirlin, Harvey and Wilderman",true
bfe9ae05-a09f-4367-a95a-82b76696c192,2023-08-19T15:00:40.219Z,East Jillianville,Ohio,Peru,-8.8706,26.2527,ullus,adinventitias,volo,bis,vinitor,cogo,odit,107,54.08890065689593,87,clementia,4,0,1,false,0.09033876048067846,2024-03-30T02:49:57.012Z,Ortiz Group,true
778edb5c-144e-4df4-a476-669d63ddfbe9,2021-02-24T18:45:58.278Z,Pollichfurt,Washington,Azerbaijan,-1.5883,-2.8745,trepide,optio,cicuta,depromo,articulus,sto,speculum,116,115.79016211912189,82,ante,5,2,2,true,0.17364232775374241,2024-09-13T16:38:11.003Z,Schowalter LLC,false
e2c6e706-e71f-4865-a16e-0469c8683443,2023-09-16T20:15:20.133Z,Adrielfield,Kansas,Cuba,-58.7105,-1.2912,temptatio,velut,timidus,speciosus,asporto,astrum,cognatus,129,175.8545237223922,52,complectus,4,0,4,true,0.11243545515000908,2025-10-16T03:08:12.357Z,"Hegmann, Swift and Lang",false
81c31d69-d10d-457d-9866-1746b742a906,2022-03-31T04:44:44.230Z,Josianeview,Florida,Western Sahara,61.4974,139.2325,decipio,curtus,defendo,defendo,rerum,dapifer,dolore,54,180.40553962090777,57,earum,1,2,2,false,0.1249419610137408,2018-10-22T19:06:50.143Z,Senger Inc,false
e9669a66-12f8-4cbf-b4af-512a429b21db,2023-10-24T22:29:44.450Z,Adelastad,Ohio,Malaysia,-42.9044,20.0307,demitto,stips,carmen,caelestis,cito,verecundia,arto,60,43.285452557082856,65,damno,5,0,4,false,0.014786891290448412,2025-05-07T04:30:17.860Z,Feest LLC,false
eaef9df9-4cf0-4534-be8a-fa726c226c85,2023-07-16T12:50:28.106Z,Lake Sincere,Tennessee,Mauritania,-15.8656,-97.9115,traho,volo,corroboro,quasi,talus,deinde,ratione,100,196.98524771671333,85,atavus,4,1,2,true,0.03395583065538868,2018-06-08T10:55:19.599Z,Ruecker - Flatley,false
ee403c26-8e94-4aec-9e30-887e0ed378c2,2020-06-04T04:38:08.220Z,Cerritos,Virginia,Ecuador,-3.4461,8.7811,casus,spiculum,cuius,demergo,tres,demoror,ara,82,106.75327017532693,19,aliquam,0,1,1,true,0.21929625205008735,2019-02-13T11:14:46.162Z,"Kris, Hammes and Runte",true
60dc82e0-840e-4983-b115-3c19760f9d09,2021-08-23T23:35:53.027Z,Dearborn Heights,Washington,Wallis and Futuna,39.5647,108.1635,deficio,aliquam,tutamen,defero,decor,verumtamen,cognatus,29,81.71345210758761,86,magnam,1,0,2,false,0.17018048636197047,2020-05-18T23:28:36.995Z,Stroman Inc,true
71d28f14-ef12-44f2-8444-8ccb970e074e,2025-07-07T19:27:26.256Z,Eau Claire,Colorado,Cape Verde,3.7553,-7.282,armarium,vinculum,alveus,abundans,aut,aggredior,tero,100,228.62542915814083,37,apostolus,1,1,2,true,0.13441357832396858,2021-12-16T23:13:24.639Z,"Schmeler, Walsh and Welch",false
a6e99252-30ed-4027-8d16-f9afe73aa96c,2019-06-10T15:53:01.092Z,East Arielworth,Mississippi,Spain,5.9932,-55.293,absconditus,tenuis,adamo,sursum,utilis,acquiro,advenio,63,94.25665416262711,52,combibo,3,1,3,false,0.23678809492529737,2019-03-14T18:42:11.791Z,Krajcik - Schowalter,true
de2e2995-1523-4732-b16c-efca23733567,2024-08-22T19:38:02.124Z,Creminstead,Oregon,Reunion,61.6841,-123.1475,cariosus,conscendo,bestia,sumo,repudiandae,ipsam,spes,108,99.03470456757815,85,apud,3,0,3,false,0.028151056987777395,2024-09-03T04:51:09.181Z,Mraz - Labadie,false
b6223c3b-194a-41d4-ada4-12bcce6a3379,2020-07-14T15:15:21.838Z,West Anika,Connecticut,Japan,85.7942,-23.7354,adeptio,error,esse,ater,vulnero,corona,corrumpo,117,239.70792425430122,59,curvo,2,0,5,true,0.08795145793302592,2025-06-11T02:07:15.366Z,Dach - Kuphal,false
029d2c74-2a71-4691-a4c3-0ba903147c4e,2020-08-27T00:18:50.785Z,South Timmyworth,Hawaii,Saint Martin,-73.5277,172.1904,admitto,depraedor,culpa,depulso,vita,crastinus,decumbo,39,24.084752657739024,26,xiphias,5,1,5,true,0.0707314770336154,2018-10-15T16:28:49.119Z,Steuber Group,true
71d93c24-8fb9-4d86-be7a-40f80c5b90fe,2021-11-17T09:12:06.123Z,Boston,West Virginia,Fiji,-18.1963,-137.1302,conforto,debitis,synagoga,spectaculum,temptatio,color,substantia,42,111.29666558121761,26,veritas,3,1,3,false,0.24714687336973765,2020-11-19T01:54:38.325Z,Wunsch - Rosenbaum,false
06a2f3e9-64c5-4f1c-bd91-c370e32cf82b,2022-11-16T19:23:08.873Z,Sacramento,Montana,Germany,81.9489,-117.2324,nesciunt,temporibus,dedecor,correptius,subito,creber,tergo,28,22.597237990855284,94,vulgivagus,4,1,2,false,0.20191879143084326,2022-08-09T16:02:08.163Z,"Leuschke, Kessler and Bednar",true
eb2c576e-6ac3-4700-af0b-c78c5a191a6a,2023-05-21T10:10:05.179Z,Phoenix,Vermont,Ukraine,-52.297,34.2644,tres,hic,bardus,vesco,adsum,supellex,ab,59,71.79197153838327,73,tumultus,3,0,5,true,0.12294398098361775,2024-01-23T09:17:42.688Z,Kuhic LLC,false
9ab8a37c-a5aa-458f-86b3-54f8aaf9b9cb,2020-11-24T06:41:23.056Z,Mobile,Illinois,Sri Lanka,-55.9409,-136.1144,copiose,apto,pauper,quidem,volup,sumo,tabernus,23,19.454915539423,73,addo,6,2,1,false,0.24833478016527685,2019-12-29T08:24:14.859Z,"McKenzie, Barrows and Murray",true
b8ab4bc5-d32b-4a39-a298-f22aaf471c8a,2019-11-26T01:06:36.704Z,Vergiefield,Delaware,Saint Vincent and the Grenadines,85.7338,45.0556,dens,cohaero,velit,decumbo,antepono,subito,admiratio,79,64.01489507370472,25,accedo,2,2,3,true,0.005510091855234933,2024-05-01T07:37:58.569Z,"Kling, Schulist and Jacobson",false
1c254a49-1e4b-4b82-bd0d-ea883b6998ac,2024-04-23T04:07:07.968Z,Frisco,Florida,Turks and Caicos Islands,10.4104,63.9375,comburo,derelinquo,adeo,sufficio,carcer,vociferor,deinde,111,128.24082913739977,25,culpo,3,1,2,false,0.14806904398285764,2025-05-27T06:57:50.460Z,McGlynn - Grady,true
c1f34269-cb1b-4031-9930-01a91eadd811,2025-02-17T12:52:17.770Z,South Arturofort,Virginia,Andorra,31.9236,151.4017,assumenda,cariosus,vulnus,advenio,taedium,amitto,sulum,28,129.92627873889677,73,copia,2,2,1,false,0.09118539806181097,2018-03-19T16:42:20.897Z,Stehr Inc,false
ad6cf2cd-25bb-4d60-8660-bb31b4df8fad,2025-02-13T19:52:06.566Z,Dickinsonstad,Alabama,Netherlands,-58.1246,80.0593,adaugeo,tonsor,coniuratio,titulus,explicabo,volutabrum,conqueror,84,162.67187448278088,27,dedecor,4,0,2,false,0.1910077670402477,2021-11-22T19:53:17.720Z,Deckow - Abshire,true
284882c1-f8b2-4a26-9ec1-d5067bd500c0,2023-04-29T00:51:55.935Z,Casperfurt,Washington,Mauritius,-57.8375,-93.1988,aetas,virtus,vulpes,pectus,volutabrum,defetiscor,despecto,117,111.13320702956801,85,ascit,1,2,2,false,0.12770994413289502,2022-01-17T20:02:55.741Z,Schaden - Fritsch,false
ffea01a8-7597-4b55-9287-764e8faf3f34,2018-10-10T00:21:07.941Z,Treutelboro,Pennsylvania,Christmas Island,80.5045,73.8465,contra,suppono,triumphus,vapulus,comminor,pariatur,iste,66,2.641174619860527,47,centum,5,0,5,true,0.09340019234496935,2019-11-21T13:02:02.886Z,Crist - Yost,true
77d1f46b-46ca-4cfb-adca-73a2dd5dbc82,2021-05-12T05:43:03.884Z,North Jennifer,Alabama,Colombia,-50.0434,-136.095,uter,cerno,quod,demitto,audentia,sublime,totam,39,83.24788581486771,57,sponte,2,0,4,true,0.21800592039917038,2022-09-07T18:19:08.864Z,Watsica - Paucek,false
4e42338b-e477-46bc-afce-e52f4cc1f1d0,2021-03-14T14:26:42.239Z,Lake Meghan,North Carolina,Gambia,-57.6514,-108.1996,vae,distinctio,aurum,canis,ver,vesper,currus,122,190.14193866145996,26,comburo,3,2,4,false,0.048630463827344594,2020-12-24T01:15:04.033Z,Ondricka and Sons,false
b4290e61-bc19-4899-9f52-8efcc2606a73,2019-01-18T06:37:33.553Z,Lake Alva,North Carolina,Lesotho,-1.0676,28.8378,tristis,vestrum,arma,decumbo,certus,sol,magni,28,92.68609666735493,38,tutis,6,1,3,true,0.018132260738916883,2024-02-12T11:39:31.927Z,Harris - Adams,false
195e7812-9e14-4a25-8461-2b49db0071f0,2024-10-26T16:17:31.666Z,South Brenna,Idaho,Antigua and Barbuda,9.0171,-128.025,custodia,armarium,adopto,crur,absconditus,acquiro,caterva,79,198.2511149896962,85,vapulus,0,2,1,false,0.0011165762643847443,2023-08-09T07:55:13.959Z,"Schneider, Hilpert and Kub",true
f43dff75-505d-40c0-9dcd-6c1df66d0e4e,2024-12-19T22:57:48.843Z,Corkeryworth,Colorado,United Kingdom,59.2109,56.7725,ciminatio,attero,deprecator,colligo,assentator,cariosus,desipio,103,140.27831851242857,40,ocer,1,1,4,true,0.06095409631887819,2021-01-13T09:04:57.731Z,Cartwright LLC,true
3cbf075c-fb15-4b79-86f1-c9be30cc3b5b,2024-06-10T14:02:36.126Z,East Halle,Louisiana,Japan,52.5804,-84.2003,desino,votum,amicitia,cur,tempora,calamitas,cursim,130,187.32128989707815,81,caecus,1,2,3,false,0.07912443693851076,2024-01-25T04:10:56.177Z,Krajcik and Sons,false
0063e945-241d-4448-8880-f38ae8d6ba6b,2021-09-08T04:00:48.368Z,Frederick,Louisiana,Equatorial Guinea,52.2398,-53.1641,creo,depraedor,solium,calamitas,quis,cariosus,volubilis,108,80.45732747326542,23,ea,0,1,2,true,0.15171470087109276,2020-10-20T05:10:35.209Z,Cormier - Shields,true
dc9000b5-83d1-4dac-8f22-160a87aa8f91,2018-10-17T11:45:10.337Z,Margate,Florida,Chile,-86.3739,-114.2652,corona,error,temperantia,tener,vergo,conculco,carmen,42,111.13436462659615,82,baiulus,4,0,1,true,0.0050648194882601805,2024-04-09T00:49:55.351Z,Zulauf LLC,true
a8e75b53-478e-493c-82b0-c6edf74f2920,2019-09-11T06:51:33.357Z,Schadenton,Connecticut,Norfolk Island,-48.406,45.6361,spectaculum,triduana,patria,quae,canonicus,alii,capitulus,125,55.987375725515456,59,comparo,1,1,4,false,0.12021150112372847,2022-08-24T04:51:08.788Z,Rosenbaum Inc,false
0f982612-e549-47bc-b574-25b064404597,2021-04-16T01:06:15.846Z,West Myrtiemouth,North Carolina,Nepal,18.2241,-105.8508,supellex,similique,odit,surgo,tactus,utpote,sollers,92,104.02113877307906,87,aliquid,1,1,3,false,0.24609928267251616,2020-10-05T17:37:23.721Z,"Mertz, Jakubowski and Gulgowski",false
e30ec83d-203f-4c41-ac68-e896c8ec6ae4,2024-07-05T17:01:49.904Z,Judystad,Tennessee,"Virgin Islands, U.S.",20.4915,70.4772,aetas,demens,solus,sponte,cresco,acervus,debilito,71,201.8452924283224,47,demo,0,0,3,false,0.09631510909407048,2019-09-07T19:44:45.820Z,Ernser - Conroy,true
c4bf3d90-b9e1-437e-9362-a2efd552e470,2018-07-04T05:38:50.798Z,East Monroe,Kentucky,Liberia,19.5726,166.4801,patrocinor,tamisium,administratio,vox,defero,vulnus,sodalitas,37,88.7408105955709,40,adstringo,0,1,2,false,0.15207811003395724,2021-05-15T10:28:15.630Z,Russel - O'Keefe,true
fb27c48e-ea91-4df6-a04c-295dfd9e9689,2019-07-31T23:53:34.796Z,East Tessie,South Dakota,Andorra,-41.5099,53.8861,combibo,beatus,alias,aestus,cursus,libero,subvenio,39,201.204192588609,100,adduco,6,0,3,false,0.17272007742425755,2019-08-10T05:35:36.412Z,Kemmer - White,true
97639617-af70-4600-9d70-d46d9c476501,2019-08-30T12:03:03.249Z,South Celestine,North Dakota,Montenegro,80.149,-10.0778,tandem,ipsam,capitulus,curtus,maxime,tabula,bis,70,211.114694148261,94,impedit,1,2,4,true,0.14333828511404711,2025-01-31T19:14:30.995Z,Casper Inc,false
dafa940a-2345-4e3f-9bea-d677c5da40a0,2023-09-19T19:16:00.522Z,Madelynnland,Washington,Democratic People's Republic of Korea,63.0001,74.434,uxor,tracto,ipsam,adnuo,sit,reprehenderit,aggero,64,26.616642083060746,94,decet,1,0,1,false,0.004823815910207613,2020-05-24T09:01:42.495Z,"Deckow, Sipes and Huels",true
b3dc3f36-1fce-4c66-8c6b-7252759ec3fc,2022-12-07T06:33:18.833Z,Predovicbury,Utah,"Bonaire, Sint Eustatius and Saba",-5.5057,-167.2239,crur,calco,venustas,tracto,corrigo,tum,eaque,70,30.868256875556277,60,toties,4,2,4,true,0.07300716261712678,2018-09-25T09:59:04.845Z,Conroy Inc,false
00fe50d3-2abe-4df8-bb0a-508b3e9c35b1,2022-08-14T04:59:47.752Z,Emilioton,Montana,Guatemala,-2.1174,93.2849,pariatur,solio,assumenda,subiungo,tempora,audentia,tonsor,47,3.2725417784097743,55,tandem,6,2,1,true,0.1395508283420351,2023-09-28T19:11:33.584Z,"Sauer, Hirthe and Corkery",false
f4851f36-2dc0-4231-91d8-a4db8ebabadb,2021-04-10T11:25:49.179Z,Fort Chelseaburgh,Florida,Zimbabwe,-10.8944,-6.2782,sufficio,spero,callide,causa,thema,carpo,umerus,45,129.1640793621236,98,summopere,5,2,3,true,0.013760796690295146,2024-03-19T12:30:06.141Z,"Corkery, Schulist and Cummerata",true
ff0e78f6-37cf-4c52-b094-b577af5c0fc2,2021-12-01T23:27:52.645Z,North Terrence,Maryland,Greenland,-36.9046,-152.1714,socius,tantillus,currus,vix,beneficium,tabesco,caries,50,38.206640206577816,39,terra,6,2,1,false,0.1745332147520526,2023-09-21T14:20:42.987Z,"Hickle, Shields and Wyman",false
82c340c3-1635-4df0-8546-35e9663f8c32,2020-07-22T08:36:05.500Z,Virgiechester,Washington,Palau,69.8554,-115.8037,admitto,adulescens,suus,admiratio,cunctatio,assumenda,contra,38,80.73397099652749,96,arbustum,5,0,3,true,0.07721525504740406,2024-04-29T07:30:19.645Z,Bogisich - Huel,true
2299f661-7733-4d22-b42a-8293b8bf7d91,2020-09-09T16:11:57.364Z,New Crystalboro,Michigan,Honduras,74.7328,5.4734,cupressus,reprehenderit,spectaculum,suffragium,bellum,capio,admoveo,104,112.59172650391275,26,vulgivagus,1,2,2,false,0.20873971812918707,2018-05-23T12:24:20.495Z,Stiedemann - Strosin,false
8c43538e-7500-4de5-9c26-ca1f73958883,2023-07-05T19:19:44.608Z,Smithamburgh,South Carolina,British Indian Ocean Territory (Chagos Archipelago),-37.9107,157.0076,modi,amplexus,celebrer,cubitum,correptius,tredecim,tenus,49,92.85007986201366,55,uxor,3,0,1,false,0.2002040693758295,2018-07-27T11:10:34.944Z,Runte and Sons,false
d0ae565d-96b0-4797-93dc-0219e3374451,2022-02-26T19:38:15.751Z,San Luis Obispo,Wisconsin,Monaco,-58.1903,-92.4132,defleo,spero,eius,urbs,administratio,conatus,aliquam,73,7.976955358228288,25,acies,6,1,5,true,0.002462602272669645,2018-10-19T00:56:29.824Z,Jones Inc,false
2ce9675b-dab8-4e3c-adb4-c07ac84141f7,2025-09-15T17:00:54.531Z,Oakland,Kentucky,Holy See (Vatican City State),34.4349,-40.1601,excepturi,vicissitudo,vel,aegrus,subiungo,carmen,laborum,45,38.05325419467813,27,cedo,5,0,4,false,0.1887667705610227,2023-08-22T08:13:54.208Z,"Mertz, Streich and Ritchie",false
025e7edc-c924-450f-8d82-671c243f230c,2025-01-27T09:13:29.356Z,Lake Mercedes,Idaho,Fiji,-9.7442,-3.8357,decretum,illo,aer,decet,suffragium,abscido,tamisium,110,109.83954821004568,90,alius,3,1,3,true,0.05930763961424454,2023-10-23T22:51:51.028Z,Bailey - Keeling,false
ca712397-b524-4687-b3c8-764df0a520e6,2021-06-18T16:52:21.822Z,Alvinafort,Nevada,Niue,-33.1978,148.7016,peior,vita,sopor,validus,conqueror,terebro,coerceo,104,50.20196522508721,17,nostrum,6,2,5,true,0.20748087737024493,2025-06-07T14:18:53.769Z,"Wehner, Parker and Conroy",true
0226b670-3537-4452-bd43-df74c99158e9,2018-08-10T06:15:21.038Z,Olathe,Mississippi,United Arab Emirates,76.0185,-1.7632,claustrum,volup,ager,in,earum,aliqua,vigilo,34,67.29230458191014,66,amissio,1,0,5,true,0.0770917712249497,2021-11-30T14:29:30.950Z,Jones - O'Keefe,true
8969000d-63b6-464f-bde6-fa1304c43d28,2018-05-12T23:38:31.956Z,Carleetown,Washington,French Polynesia,50.7262,-63.5376,caste,volva,uter,porro,distinctio,angustus,celo,54,170.274163009296,78,dignissimos,4,2,2,true,0.17528360301525622,2019-10-30T08:50:36.804Z,"Shanahan, Runolfsdottir and Schinner",true
7e01361c-27dc-44de-8a69-c01b2e814189,2020-02-09T14:06:23.730Z,San Marcos,Montana,Denmark,33.318,-16.5872,speculum,deporto,caste,creta,aequitas,arto,teneo,33,29.6411469373789,47,ventus,3,1,5,true,0.19784744164957846,2019-10-18T21:00:08.106Z,"O'Conner, Hyatt and Steuber",false
79e9e8dd-3ffa-4078-a939-6b8593831d89,2019-01-23T14:18:31.628Z,Fort Hilarioworth,Oklahoma,Trinidad and Tobago,-51.2708,-63.259,uterque,demergo,tandem,comitatus,apostolus,utor,coadunatio,43,236.77270173408368,91,aegrotatio,4,2,1,false,0.20041529413014988,2018-06-18T21:34:04.532Z,Bechtelar - Mueller,true
caf5b00c-86a1-42c3-bc37-0c67b0469b92,2024-09-25T05:56:17.732Z,South Bradleyfield,Connecticut,Azerbaijan,13.9862,1.2484,toties,valetudo,perspiciatis,qui,tepesco,vitae,dolor,88,218.33173712054202,97,arcesso,6,2,5,true,0.03605506898219382,2021-02-26T19:35:29.073Z,"Schneider, Klocko and Bernhard",true
cc420108-66d9-4dd3-84d4-736832e691c2,2019-12-07T05:25:23.168Z,Port Cortezville,Virginia,Singapore,-28.2947,39.1942,cena,tredecim,coniecto,audax,explicabo,acsi,comptus,78,36.015090201077,58,sursum,1,1,2,false,0.1413482413737119,2022-10-17T17:30:35.928Z,Murray Inc,false
1a5dc493-c81b-4409-9391-04b0091a23fc,2024-04-20T03:24:39.010Z,Alfredostead,Mississippi,Yemen,74.8589,171.1658,confugo,uberrime,vinum,dedico,tibi,earum,delectatio,107,183.8625520837767,91,considero,2,1,3,true,0.23695377568818474,2025-09-20T09:23:31.405Z,"Zieme, Hane and Hettinger",false
4ae6195f-53b3-4115-a52f-05ae0961408f,2019-06-07T17:04:15.493Z,Valentinehaven,Michigan,Antigua and Barbuda,-8.1081,-43.537,terebro,claustrum,tendo,alienus,cogo,dolorem,cauda,117,212.77770662025097,25,id,6,1,5,false,0.1891850743090565,2021-02-26T21:49:00.527Z,Harvey - Sporer,true
87e01044-cefc-4261-b074-f0e6e34d42a4,2024-11-11T14:08:21.926Z,South Lavada,North Carolina,Senegal,61.5846,115.205,subito,administratio,volaticus,delego,conservo,animadverto,venustas,111,25.17569005519375,90,arbor,2,2,2,false,0.23104026044083156,2022-12-11T09:55:40.470Z,Shanahan LLC,false
fb0bb745-7398-4dbc-98bc-6e45c2ff3316,2021-06-14T15:43:49.694Z,Uptonworth,Illinois,Ethiopia,-29.3244,-39.2713,comparo,conturbo,torrens,admiratio,argentum,spiculum,tersus,76,238.0145481866376,62,taceo,4,1,2,true,0.17519425698779215,2019-09-03T22:35:34.853Z,"Williamson, Waelchi and Gutkowski",false
ad001ebc-523d-45a1-b502-41bbf9f330bd,2023-12-15T02:09:08.024Z,Juliannemouth,Idaho,Brazil,-1.2256,91.01,est,cotidie,corrupti,desidero,beatus,dedico,degusto,88,113.70709151114234,82,coaegresco,2,2,2,true,0.19132215179328743,2021-07-05T17:33:46.666Z,Bode Inc,false
3936057e-6d5a-4be6-8470-81c9b5f2a718,2022-07-17T21:46:10.478Z,Bedford,Arizona,Zambia,-27.4996,-119.6225,caecus,necessitatibus,adfero,sufficio,voluptatem,culpa,cras,116,55.66197655632453,97,collum,4,0,2,false,0.16811735080060758,2019-12-13T14:56:29.512Z,Bauch - Gibson,false
54741f94-334b-4e58-a2fd-724dba00afb9,2025-09-28T11:09:49.250Z,North Favian,North Carolina,Spain,66.9366,-8.8003,quaerat,dedecor,cunctatio,sponte,utpote,ea,utrimque,84,206.5965649731248,29,collum,2,2,2,true,0.23148465872376567,2018-07-09T15:53:56.182Z,Schumm Inc,true
9d2dc765-2734-44ca-a2c6-3a6423c5eb84,2025-12-16T05:25:56.887Z,Elmhurst,Arkansas,Reunion,-63.4826,-55.5189,tepidus,cogo,deduco,trado,damno,accusamus,sponte,50,188.9071520875807,75,assentator,2,2,5,false,0.011921639612269996,2022-10-04T05:40:08.450Z,"Robel, Reilly and Abbott",true
33b14eec-99b0-4c27-9900-714500988c1d,2025-05-27T21:44:10.621Z,Los Angeles,Delaware,British Indian Ocean Territory (Chagos Archipelago),65.0063,-84.5448,ter,adfectus,terebro,creta,creber,cogo,demoror,23,188.6374497047684,67,vicinus,0,1,5,true,0.17677344399440248,2023-02-17T07:23:30.446Z,"Nitzsche, Turner and Rogahn",true