accident_id,incident_datetime,city,state,country,latitude,longitude,road_name,road_type,intersection_type,accident_type,weather_condition,road_condition,light_condition,speed_limit,actual_speed_kph,driver_age,driver_gender,casualties,fatalities,vehicles_involved,alcohol_influence,blood_alcohol_level,weather_reported_at,reporting_department,pedestrian_involved
395a3880-2075-43f6-b454-02479313c499,2019-10-08T07:09:10.360Z,Port Lou,Pennsylvania,Guinea,-40.6124,99.363,una,repellat,carus,tolero,ceno,aufero,tantillus,110,90.80427701658012,46,thymum,1,2,1,false,0.15793317801568874,2019-02-28T00:06:36.288Z,Mayer LLC,false
1b336d9a-96be-447e-9e28-273dbe64512f,2024-11-25T21:37:49.146Z,Kent,Montana,Bangladesh,-74.6148,125.9263,cultura,autus,virga,a,defaeco,explicabo,id,112,182.95265150283302,71,termes,5,0,1,true,0.0444412040920914,2022-07-04T16:14:44.804Z,Emmerich LLC,false
87806524-e136-4342-9f9c-fa9d24f6fb3a,2025-11-27T02:44:54.609Z,Sipesboro,Minnesota,United Arab Emirates,15.0788,67.7224,dolores,urbs,audeo,cena,denuncio,asperiores,strues,49,91.942161012405,81,in,2,0,4,false,0.20122064023329728,2022-09-08T15:36:24.372Z,Auer - Klein,false
af7c47a7-8ad9-4eab-bb72-2082bda9af51,2020-06-27T20:28:30.810Z,Zachariahbury,Georgia,Andorra,48.6557,-82.2517,tui,apud,delego,adsum,valetudo,audacia,debeo,33,217.05578854733778,82,causa,1,1,3,true,0.16869298453326426,2021-01-29T09:42:15.639Z,"Hirthe, Kunze and Auer",false
82533b68-b9b6-4caa-8287-1a925e390390,2020-06-14T11:39:51.724Z,East Beverly,Oregon,Bermuda,34.88,-136.5568,sint,decerno,apto,aeger,angustus,testimonium,infit,89,179.66227239830815,98,suscipio,6,2,1,false,0.1816491410818887,2021-06-24T13:18:14.918Z,"Steuber, Ortiz and Pollich",true
de17e499-30dc-4ce1-8e9c-158a00ca93e1,2025-07-29T02:05:46.829Z,East Rosettaville,Alabama,Morocco,80.4649,100.213,nobis,considero,ulterius,talus,versus,artificiose,ipsa,112,38.46743686015567,66,virga,0,2,4,true,0.026255055008491762,2023-11-21T13:10:05.323Z,Stokes - Kuhlman,true
65b4111c-daf7-40c6-be74-ec3d4ccf6c82,2024-09-06T16:54:10.222Z,Maiyatown,Florida,United States of America,52.9775,112.3879,supellex,auditor,ultra,cornu,vigor,cohibeo,caritas,94,157.26193521467115,16,velum,2,1,1,true,0.07150485462619818,2025-07-08T10:47:44.713Z,"Herman, Hoppe and Stark",false
15a9005e-98fc-4dd3-aceb-da23c9c100de,2020-06-02T23:06:33.266Z,Bradtkestad,Wisconsin,Mozambique,12.6535,22.1649,deleo,suscipit,quisquam,subnecto,talus,desino,comitatus,41,198.94126926304213,93,amita,6,0,4,true,0.029568078252310503,2023-05-18T09:03:52.350Z,"Hand, Roob and Bode",true
6444e57a-bcc3-4a41-bc2a-d67a9091c144,2025-08-16T20:27:25.600Z,Lake Hallie,Iowa,Ireland,21.5287,-19.3212,adsum,victoria,agnosco,abbas,demo,varietas,curvo,39,196.67610003221043,88,suppellex,1,0,4,true,0.14295468730622862,2019-10-25T15:24:37.209Z,"Harris, Dicki and Lebsack",true
ac98af58-ba78-484d-856d-0d9a144afafa,2025-11-20T11:04:11.928Z,Fort Electa,Pennsylvania,Bhutan,13.6431,-160.9799,carcer,commodi,statua,vesco,vero,bellum,eligendi,86,161.189659466636,77,quo,0,1,2,false,0.15686779504923537,2020-07-19T06:06:55.435Z,Jerde Group,true
12b0af8c-9bd1-4142-b19d-4945e27786c3,2020-01-04T22:16:29.239Z,Catherinebury,Washington,Guam,72.1688,-128.2245,cibo,auctus,capitulus,dolore,sustineo,administratio,spargo,48,157.0254122958936,45,eius,4,1,4,true,0.16596823739351635,2022-07-19T23:04:38.742Z,"Reynolds, Hoeger and Ferry",false
a64031e4-aa53-4539-9cd4-3d1b67d553b5,2024-06-26T20:32:31.626Z,Aufderharhaven,Illinois,Saint Pierre and Miquelon,-1.3722,87.9613,vigor,universe,tutamen,cruciamentum,in,tergum,baiulus,55,109.57925431438456,47,assentator,5,2,3,true,0.2416330938196908,2018-04-13T17:06:33.878Z,Armstrong and Sons,false
614351f6-0dad-4b7a-a3a8-477fcc0678ff,2019-01-27T20:14:23.235Z,Fort Jerrodcester,Nebraska,Saint Barthelemy,1.9187,-97.1125,nostrum,colo,labore,impedit,cras,denuncio,subseco,46,30.174458543691756,17,vir,2,1,2,true,0.009217599072960714,2019-07-09T09:57:26.492Z,Schroeder - DuBuque,true
ff9f8093-43b3-49b3-8041-23872120f9a5,2025-12-22T16:04:39.238Z,South Pinkie,West Virginia,Pakistan,-14.6661,156.244,repellat,cohibeo,sollers,delinquo,tribuo,totam,alo,99,190.78307134602224,100,depereo,4,1,2,true,0.05719430883118182,2021-04-23T07:45:29.016Z,"Tromp, McGlynn and Stracke",false
e17b7f30-1fb6-4886-a77a-b6cce4c8f3bc,2021-03-15T20:55:13.287Z,Faustoton,Colorado,Tanzania,0.1417,94.7296,triduana,voluptate,cunabula,pax,deputo,sollers,speculum,130,14.557913924649375,58,speciosus,6,1,5,true,0.1267029880101748,2025-05-07T03:52:50.564Z,Deckow Inc,false
405d72e1-65a4-4cfe-bfd7-139f278c0732,2025-12-07T18:36:28.665Z,Schusterfield,North Dakota,Argentina,39.3066,-74.8889,apparatus,ademptio,corrumpo,copia,thymum,aqua,natus,90,229.9863622575312,80,appositus,2,1,5,false,0.024880711908685738,2019-08-26T08:33:03.274Z,West and Sons,true
ec76cebe-8db4-44b5-b1f0-d0219f8d0db5,2018-07-24T10:50:25.158Z,East Darrellport,Delaware,Cyprus,46.7154,-88.3971,sumptus,capto,mollitia,demoror,adicio,atrocitas,adulescens,110,144.28844785871604,91,totam,2,0,1,false,0.18636207312694017,2020-05-27T01:48:51.648Z,Effertz - Nader,false
7d8cf0ce-dcf9-48c5-841c-34f99d600879,2021-12-15T04:00:42.727Z,Concord,Texas,Vanuatu,-48.3134,-7.031,alo,aufero,ultra,asperiores,communis,cum,quas,122,25.542417948398104,28,decens,3,2,3,true,0.1465791136667737,2018-02-04T16:27:24.060Z,Fay and Sons,true
3452e558-06d6-4b78-83f6-844313d6b81d,2024-11-03T12:03:03.965Z,Jonesville,Minnesota,Tokelau,-64.289,-163.3561,culpo,totam,admoveo,aut,victoria,calco,urbs,113,51.08773914905254,83,calculus,3,1,3,false,0.09392330189987713,2018-01-01T14:24:47.277Z,Spencer - Kessler,false
7fed5540-f9f7-4a62-aa1c-aad18226bdc3,2023-04-09T23:23:00.312Z,Kertzmannburgh,Oklahoma,Solomon Islands,-76.2033,-179.4791,ustilo,desidero,vulnus,ustilo,avarus,supellex,civitas,96,230.0641022104038,28,curis,4,1,3,true,0.08395951855229009,2018-07-12T09:33:39.083Z,"Senger, Kshlerin and Ward",true
377e25f2-2b25-4ed9-85f3-48fa3d3640ee,2020-02-19T23:01:12.810Z,Fort Athenastead,Idaho,Lesotho,89.1032,-23.5344,tricesimus,arbor,inflammatio,soleo,cunctatio,celer,thymum,91,236.99046621256923,20,provident,6,2,1,false,0.08259269946296455,2025-01-11T00:35:26.221Z,"Jacobi, Murray and Ankunding",false
bf745a1d-9211-4e92-9a45-48c50011f7df,2025-12-26T07:03:05.371Z,East Louside,Maryland,Christmas Island,-26.5043,31.3947,trado,tamisium,allatus,tergiversatio,defetiscor,decet,a,103,68.80672876626534,53,laborum,5,1,1,true,0.12938135151486096,2024-11-02T05:51:42.057Z,Stokes - Collins,true
2fdf578d-7bbb-4a84-a093-200ae93ce93d,2025-07-14T14:29:50.894Z,Lake Sybleshire,Wisconsin,Sint Maarten,-17.4952,43.7702,consectetur,contego,unde,vero,vociferor,porro,apparatus,58,236.58887877286116,71,odio,5,1,4,true,0.1620844237896226,2025-10-04T14:41:51.601Z,Schmeler Group,true
f4e611bc-fbb6-47d1-8536-636c101a6324,2019-10-18T22:01:17.248Z,West Keyoncester,Rhode Island,Guatemala,-89.0861,-96.5195,una,clibanus,non,capillus,alii,patria,xiphias,67,17.07343995717716,66,doloremque,5,0,1,true,0.14823024355550604,2019-12-07T20:18:04.916Z,"Hansen, Bins and Heaney",true
754fae73-9cca-491c-bd37-912052161842,2019-08-22T17:37:36.966Z,Clovis,Montana,Saint Vincent and the Grenadines,5.7471,34.4465,arx,tergum,umbra,charisma,amo,crux,calcar,69,135.28438770695348,61,defendo,3,1,1,true,0.14506028905604024,2025-08-03T07:28:45.880Z,Labadie - Hermann,false
3ae3c645-2863-4aa8-93a1-89f660abfc0d,2022-09-03T15:09:23.054Z,Erikland,Virginia,Dominican Republic,81.9235,96.6763,callide,officiis,arguo,possimus,tepesco,censura,cruentus,75,103.06932370971518,51,vinum,0,2,4,false,0.13789610092020607,2025-11-04T19:36:40.567Z,Gulgowski and Sons,true
18d5e446-8dd7-42c4-ada6-3c92c42d6e2a,2019-12-14T02:11:41.881Z,New Clair,Utah,Guatemala,68.0911,90.9404,quibusdam,pauper,alias,celer,vivo,virtus,corrupti,41,23.654074464219423,68,praesentium,5,0,1,false,0.07791653989489317,2024-01-25T00:59:43.504Z,"Roob, Wiegand and Abernathy",false
2733610d-3278-4082-9cd2-54dd7163c11d,2022-08-26T08:49:26.289Z,Bartonview,Delaware,Sri Lanka,-62.7835,140.7122,adhaero,aegrus,adversus,dedecor,sursum,demum,quae,33,154.52480969887722,51,paulatim,3,2,2,false,0.1427833188457623,2020-04-30T01:04:32.426Z,Rath - Stracke,false
8d32da2c-b840-40b2-904e-0fda3d8fa0ae,2025-02-14T16:44:39.850Z,Fort Demarcus,Vermont,Benin,-33.2842,50.1225,conturbo,sordeo,vester,adaugeo,accusantium,ullam,autus,119,173.56807398858066,43,vorax,5,2,1,true,0.06404418008213,2021-02-09T08:34:13.504Z,Huel Inc,false
6e143982-2d6a-4c9e-ad5b-22798dca366d,2022-05-30T11:18:08.262Z,Chandler,Virginia,Argentina,18.6198,-2.8437,aqua,solutio,aestas,statua,cilicium,suasoria,verecundia,21,36.9680382837793,48,anser,6,2,2,false,0.09671671263923912,2023-09-20T16:13:45.359Z,Renner - Toy,true
db7a986b-4aa8-455c-b26b-5f3dab93720d,2024-05-03T17:49:55.448Z,South Gennaro,Alabama,Jersey,62.0252,-126.4948,defetiscor,tergo,aperio,eveniet,conspergo,statua,aegre,130,94.78120778685548,64,charisma,3,1,2,false,0.1931555422224801,2018-01-04T19:11:36.896Z,"Lubowitz, Rippin and Wisoky",false
e1082a5f-525a-48e0-bfb3-d16fae19b1e1,2024-11-24T11:02:32.145Z,Port Reneton,Hawaii,Cyprus,-69.7975,94.8794,decet,vesper,utroque,sono,caveo,sit,autem,20,119.86096052847104,79,uterque,1,1,3,false,0.21271342852103137,2025-08-17T18:46:27.432Z,Sipes Inc,true
e38a1cfc-e88c-42ef-8776-f63de8a8ee2e,2019-09-28T10:50:26.065Z,Port Jarvis,Oregon,Guinea-Bissau,-12.2367,31.5391,atqui,abbas,sit,vesica,voluptatem,basium,sequi,106,174.87887948525173,67,tergeo,6,1,1,false,0.23630838767845694,2025-10-12T12:59:50.708Z,Vandervort and Sons,false
b3a5e5fd-f5f3-469c-a40b-7aec52e73ec8,2023-09-05T15:05:42.076Z,South Candace,New Mexico,Taiwan,-66.3235,-105.4114,vallum,adsidue,numquam,vehemens,sulum,velit,ustulo,35,88.7237149045413,69,conqueror,4,0,5,false,0.11135816656372755,2024-09-07T02:50:59.097Z,"Kris, Torphy and Nitzsche",false
28969252-2d24-4bd2-8f72-33f06f89e927,2021-06-30T12:08:34.660Z,South Amandaview,Colorado,Costa Rica,33.7556,-69.5197,hic,conventus,alo,toties,spiritus,creator,stultus,38,1.4572943681945727,89,dedico,1,1,2,true,0.198650249719095,2020-05-15T13:36:31.240Z,"Pagac, Hammes and Trantow",true
7774d13f-fe08-4eeb-80e3-46f179763a64,2024-10-31T08:30:20.926Z,Lake Magalihaven,Maryland,Armenia,-2.8024,44.5581,stultus,charisma,thorax,consuasor,culpo,peccatus,attonbitus,59,230.29642346592678,78,vitiosus,6,1,5,true,0.24937101942656204,2022-11-05T21:43:05.062Z,Rempel - Bradtke,true
9cd9ffca-64e6-488d-9101-18a45d7a9b66,2023-10-03T05:03:44.956Z,Danykacester,Tennessee,Mozambique,23.5139,60.4245,dignissimos,numquam,tendo,tamisium,valetudo,ulterius,spiculum,77,169.6870383936911,70,defessus,2,1,1,true,0.12006158032155392,2019-04-24T11:48:28.059Z,Schneider and Sons,false
c1038c06-2441-4395-b49c-8666b82b0f97,2025-12-01T09:02:51.627Z,Silver Spring,Colorado,Samoa,-17.8525,-19.2668,astrum,aggredior,auditor,desparatus,urbanus,antepono,pecus,37,172.32058707928056,17,ademptio,2,1,3,false,0.14243851313532124,2020-08-16T10:09:30.273Z,Fay Inc,false
3308e325-66ef-47e2-972a-b5ec66514955,2025-11-26T02:33:09.121Z,East Katelin,Arizona,Lao People's Democratic Republic,-43.5791,111.4727,abutor,verumtamen,beneficium,uxor,thymbra,chirographum,porro,87,27.855891455880997,38,ceno,2,2,5,false,0.06627737619344717,2020-09-15T08:54:34.852Z,"Spinka, Boehm and Kuhic",false
14b5cf54-5cc8-4e46-ab03-50e3623158c0,2018-07-29T04:33:32.342Z,Redondo Beach,Pennsylvania,Northern Mariana Islands,-15.2034,102.2427,acidus,urbanus,trado,stultus,tabula,deripio,testimonium,59,26.85758319176057,21,depraedor,2,2,3,false,0.1752162758622729,2022-02-01T12:35:48.678Z,Parker - Swift,false
0a457d37-ce79-4d30-917b-fd9dc123a858,2021-01-04T17:22:26.488Z,Taunton,Maryland,French Guiana,-73.5172,70.6952,vinculum,caritas,pecus,suppellex,adimpleo,saepe,credo,76,47.50458070299757,92,similique,4,0,1,true,0.14004976518339346,2020-01-30T22:43:13.476Z,Strosin Group,true
94497653-c52d-4091-986d-9ca6a4ff2e68,2021-02-06T13:08:50.149Z,Kassulkeburgh,Vermont,Christmas Island,-20.1157,89.4757,valde,tardus,vorago,curis,trepide,cur,quod,82,104.61018640866126,41,atque,2,0,2,false,0.13197445608832037,2024-07-16T11:16:17.406Z,Ryan Inc,false
e4adee53-d5d9-41d2-befa-5db488b00922,2022-10-07T21:31:39.805Z,Laguna Niguel,Kentucky,Benin,62.7715,-143.5226,crebro,tardus,veritas,adsum,temperantia,totus,terreo,70,199.2901803576357,43,apto,0,1,4,true,0.017418947051259542,2019-06-27T03:21:34.574Z,Bergnaum and Sons,false
6b272ecb-8f56-4aef-bb66-781e9b7a51aa,2019-07-23T01:04:40.895Z,Somerville,Maryland,Saint Vincent and the Grenadines,-58.1449,-87.9692,teres,terra,cauda,adimpleo,suspendo,utique,bardus,86,5.0367233535597755,18,volva,5,0,1,false,0.21645924297086788,2023-02-01T09:31:53.544Z,Muller Inc,false
f9251764-a37c-4a1f-99de-bd3be49e416b,2021-09-08T10:39:21.739Z,Lawrencefort,Maryland,Czechia,-23.8827,15.1793,versus,auxilium,reprehenderit,deputo,soleo,adipisci,tui,22,2.2217722944258256,83,cohors,0,0,1,true,0.004059762281105217,2020-01-19T06:57:27.442Z,"Rath, Casper and Mertz",true
8e3a243d-6a15-4281-bc68-f7942d713187,2018-09-02T22:56:02.098Z,St. Joseph,Alabama,Sao Tome and Principe,-75.8325,98.5832,id,amiculum,una,dens,cursim,crapula,synagoga,122,171.31742111922253,57,angelus,4,0,5,false,0.04946954368399467,2021-09-08T08:55:47.701Z,McCullough Inc,false
b6528e07-d6e9-4dfb-830a-0d377c9ffc9e,2025-11-13T07:31:08.550Z,West Gonzalo,Iowa,"Virgin Islands, British",-3.0012,-126.5409,comitatus,esse,delectatio,tepesco,ait,cenaculum,aurum,80,78.74331473835989,72,cado,5,0,1,false,0.01739439716546451,2025-08-17T03:27:29.438Z,Kohler Inc,true
1a21c1a2-d571-43f7-b305-b30f80c8ee3b,2025-04-06T05:37:02.302Z,Alexandria,Tennessee,Sudan,-4.2916,-59.7032,temperantia,terebro,veniam,suppono,arcesso,aut,suadeo,101,230.3871206552888,70,vacuus,0,1,2,true,0.07690373324097893,2020-10-07T21:48:28.167Z,Lang - Torphy,true
72a3ef7a-349a-4c29-8b19-97a1f4bc4e9a,2019-07-05T07:32:23.720Z,Huelmouth,Virginia,Antigua and Barbuda,-85.8662,48.5477,demoror,aut,corrumpo,accommodo,subseco,cresco,villa,34,174.67370904419226,45,suasoria,0,0,3,true,0.18451346382107595,2018-07-16T23:25:41.446Z,Murazik Inc,true
23675087-38e6-40e0-9e56-4e958db27420,2018-05-31T00:02:10.210Z,Hettingerstad,Tennessee,Sudan,11.8084,116.7768,aperio,placeat,spoliatio,verto,ullus,cursus,tandem,110,91.82887844168852,53,rerum,6,0,4,true,0.051065479713386985,2018-07-07T12:50:16.223Z,Stiedemann and Sons,false
78eb24f3-86a6-4e6d-82ac-b78ef5e3fa0b,2021-05-13T22:51:18.682Z,Averyville,South Carolina,Bosnia and Herzegovina,-67.5774,-74.536,tabella,pel,consuasor,venio,stillicidium,delinquo,atrox,24,45.92139375277696,48,cauda,0,0,5,true,0.1330910654449968,2018-08-05T16:25:24.061Z,"Homenick, Upton and Osinski",true
a07b9b28-fa3b-4283-8c5a-95ff72662e02,2019-04-26T09:47:26.957Z,Charlottesville,Tennessee,Slovenia,-6.549,77.1916,amoveo,cibus,usitas,repellat,benigne,vociferor,cruentus,88,165.89076553499575,27,audio,4,2,5,true,0.20123694415473733,2020-02-26T01:40:01.634Z,"Abernathy, Bayer and Langworth",false
82b6878c-e407-4512-81b4-c26c1474370b,2020-11-15T17:00:41.554Z,Tyrelfort,Minnesota,Burkina Faso,-5.1333,144.0702,magnam,thema,enim,tabesco,patrocinor,contigo,angulus,41,16.47149932006606,38,vilis,4,1,2,true,0.16137621051484394,2018-09-30T13:35:33.837Z,"Schroeder, Shanahan and Ferry",false
8f408669-070f-4c82-9267-c8ae36ecb465,2020-08-16T22:47:08.003Z,South Vilma,Texas,French Guiana,66.7777,26.9481,demulceo,amet,bellicus,angustus,depereo,socius,demergo,63,149.76023536343953,97,vulpes,1,0,4,false,0.04541851470624017,2018-11-30T06:15:43.731Z,Borer - Rempel,true
6bae0da1-ab30-4ed6-9cf4-e25c335b30ec,2024-09-30T08:29:57.296Z,O'Konstead,Michigan,Angola,-64.1493,-13.4439,delego,totidem,solium,tactus,atrocitas,confero,voluptatibus,101,168.175521604925,50,caute,6,1,4,false,0.16120842528087023,2022-08-24T15:04:43.702Z,"Lindgren, Ryan and Harvey",true
79c718ee-b96b-4612-a0ea-1ec97e77cf98,2025-08-22T20:13:40.292Z,Spencershire,Georgia,Azerbaijan,-45.7574,-105.0188,perspiciatis,acsi,barba,curso,vulnero,audentia,adipiscor,41,181.75128887203874,44,sollers,4,1,5,false,0.22479864054381113,2022-04-29T21:54:35.432Z,Aufderhar - Vandervort,true
dddb81f0-8fd7-409a-a781-14d6d7e92fae,2018-10-02T15:09:14.164Z,New Shakira,South Carolina,Mayotte,33.087,-173.4997,utrum,iusto,adulatio,uxor,sumptus,repellat,adhuc,51,236.36399456831825,69,admiratio,2,0,1,false,0.028387825955099644,2025-04-29T00:51:14.598Z,"Crist, Gleichner and Streich",false
051fb59c-db16-44ad-b11a-ee7b06d97c00,2021-01-16T11:00:56.644Z,South Dennisberg,Arizona,Angola,-48.3766,112.5061,eligendi,tabella,vereor,amplus,cernuus,assentator,suus,56,53.66228845625205,46,vergo,0,2,1,false,0.2178802839436421,2023-05-13T03:28:17.461Z,Johnson - Blanda,true
85be36c0-3720-41d5-b47f-1f81fa0e760e,2025-01-14T07:23:36.805Z,Rancho Cucamonga,Ohio,South Georgia and the South Sandwich Islands,37.5357,-66.5032,aggredior,cuius,defungo,tot,titulus,ante,officiis,28,50.958256631911,21,decet,5,1,3,true,0.17162380340014427,2022-07-24T15:16:53.374Z,Kuvalis - Cole,false
473ce9e9-786e-4083-9e80-9ec9b35ef563,2019-12-29T18:47:16.180Z,East Conner,Tennessee,Lao People's Democratic Republic,54.9943,-39.6348,ventito,dolore,canonicus,voro,adfero,apud,ipsa,100,197.962220241974,76,velociter,6,1,1,true,0.10114220917930106,2023-04-12T12:09:05.663Z,"Adams, Hudson and Howe",true
b5f04396-21f3-4f20-8f28-d6c91cd7520e,2025-09-17T20:16:57.658Z,Josephton,South Carolina,Vietnam,-81.0433,-14.3792,tenetur,aptus,toties,thema,attonbitus,accedo,caelestis,91,203.05456022540395,56,villa,5,1,1,false,0.04442449632390766,2024-09-07T15:57:28.270Z,"Rutherford, Spencer and Jaskolski",false
a8e80f20-3621-4085-9b32-695d54b00fa1,2019-01-07T09:36:46.136Z,Kingbury,Massachusetts,Australia,44.7782,-14.3139,sono,bardus,nisi,cribro,claro,sum,ventosus,73,117.63624700624442,73,sponte,6,2,2,true,0.08968232960206066,2025-06-29T18:00:36.071Z,"Hayes, Altenwerth and Runolfsdottir",false
d4a41889-3b08-4ab1-8a0f-51190ac152ee,2018-06-12T03:08:23.594Z,South Zeldachester,Missouri,Oman,-27.9727,-93.3728,aestus,culpo,accedo,exercitationem,textilis,solvo,conspergo,104,180.7856880496297,84,aspicio,4,0,4,true,0.21212712444070625,2025-11-27T22:16:03.974Z,Haley - Christiansen,false
3960c91c-7180-4691-9ad6-dd3cee0afb34,2023-05-17T23:06:15.482Z,Fort Mathias,Vermont,Syrian Arab Republic,-13.3939,34.326,ademptio,universe,laudantium,umbra,numquam,assentator,sordeo,90,129.51609601573335,26,aliquid,3,1,2,false,0.18239540435536178,2024-09-11T05:29:49.923Z,Hoppe - Grimes,false
57a179f2-671b-460f-aba0-f13c294ef63d,2018-09-15T14:59:12.007Z,Hahnfort,Oklahoma,"Bonaire, Sint Eustatius and Saba",-83.7289,-169.0702,valeo,ex,cribro,iusto,ipsum,usus,caterva,130,85.4373253556821,99,concedo,5,2,1,true,0.23579616794805844,2022-09-27T10:48:50.737Z,McCullough and Sons,true
65a6ad18-31ce-4993-a12b-92f3a9911fb7,2024-05-20T01:12:15.401Z,New Emilia,Oregon,Romania,-49.4008,-51.8224,cuius,conservo,coniecto,succurro,comes,callide,degenero,120,192.72303982854078,24,aestus,2,0,4,true,0.20976511992386823,2020-09-18T07:26:27.265Z,Renner - Mayert,true
43a6f15b-e4c4-4125-a970-cc29d3145b47,2024-10-22T15:35:15.227Z,North Solonshire,Massachusetts,Mongolia,-0.5481,103.8004,tactus,comis,eaque,alter,uredo,quasi,centum,104,162.06020931914284,54,coepi,1,1,1,false,0.1675368171800368,2025-01-06T14:59:42.128Z,"Mueller, Rippin and Spencer",false
e650eb97-c025-4987-b99d-65990e9b3728,2020-04-10T01:54:26.205Z,Lake Bulahville,Georgia,Paraguay,-24.1744,-110.77,sed,curriculum,cur,facilis,catena,esse,calco,53,93.79781853505828,57,attero,5,1,2,false,0.13850864369414262,2022-08-14T21:44:03.887Z,Dach Group,false
a2f28b5d-37b9-4a18-ade9-243808bcc39c,2022-10-19T03:13:03.869Z,Luettgencester,Rhode Island,Panama,-6.0601,93.7834,ad,amet,voluptas,conscendo,amet,benigne,utroque,83,4.822704132707409,67,absconditus,5,1,1,false,0.14197512149798047,2022-09-19T18:49:59.480Z,"Carter, Heaney and Satterfield",false
1e355db5-3752-4236-8db1-ad0a5839f339,2022-10-21T21:01:56.252Z,Ashaland,Vermont,Kiribati,-53.452,18.5558,deleniti,ante,sumo,terra,amo,carcer,verumtamen,61,153.72612129499208,63,sed,0,2,2,true,0.00297556822446321,2018-11-22T23:28:28.699Z,Schuppe - Langworth,false
4f63e081-342c-4078-9209-ab73e0ac2086,2021-01-12T22:15:47.768Z,North Luigi,Washington,Cocos (Keeling) Islands,-48.681,-20.7758,tollo,iure,suasoria,adsidue,celo,bene,vomito,83,147.5362828715473,61,cupiditate,6,2,2,false,0.14339508013031607,2022-04-14T08:18:47.932Z,Schmeler - Cremin,false
f07ccb53-0447-4a17-98e8-dcea58f217c9,2018-02-16T16:13:51.758Z,South Royalfurt,Mississippi,Andorra,-59.6472,-57.3226,substantia,defero,abundans,cimentarius,agnosco,arceo,crapula,65,89.61704262134485,73,adsuesco,5,1,2,false,0.12201557221945097,2023-12-29T02:04:03.479Z,McGlynn Inc,true
dc583447-1ee9-476e-a6e3-68d4c4fd67f0,2020-04-20T07:39:24.255Z,Cronaberg,Alaska,Lesotho,45.9122,160.1649,adimpleo,thesaurus,repudiandae,tantillus,degusto,somnus,terreo,107,31.70821605152776,61,modi,6,1,5,true,0.0893683927101116,2019-07-24T12:55:24.936Z,"Abernathy, Skiles and Leuschke",true
d144cd89-e325-4cee-840d-f7af5222a4c6,2025-05-18T20:28:29.710Z,Lake Marcelina,Florida,Nauru,-31.3117,44.3654,pecto,bibo,angelus,sumptus,defleo,inflammatio,dedecor,80,67.24532106710129,83,correptius,5,1,5,true,0.03901934423945541,2021-10-09T07:39:56.856Z,"Corwin, Tromp and Ledner",true
54be95fe-8a45-4d0d-9312-62ffd989ad3b,2021-10-06T13:32:27.268Z,Malden,Michigan,Bermuda,23.2432,-57.5295,callide,aedificium,ratione,suppono,aeneus,apto,delicate,127,199.7635209110914,16,cursus,1,1,4,true,0.20720049995479725,2020-03-29T18:31:22.747Z,Wintheiser LLC,true
87bf1702-6f5a-4914-ac5c-e56e0a571277,2020-02-11T21:11:28.651Z,South Valentin,Iowa,Saudi Arabia,30.6842,-88.3212,vel,veritatis,sit,credo,adfectus,claro,avarus,88,22.100748091304176,69,creator,3,1,3,true,0.1302044997325007,2018-12-06T18:53:17.619Z,"Von, Zboncak and Brakus",false
f06f39ef-609d-4fa9-a871-77e6699229b9,2019-09-06T02:46:30.781Z,Rebamouth,Kansas,Fiji,-82.383,31.5838,consuasor,natus,amissio,aperte,blandior,versus,sollicito,94,207.0455774902823,50,cumque,6,1,1,true,0.1002392332861797,2018-11-17T05:07:57.154Z,Kerluke Inc,false
23a8d8c4-7acf-452e-8151-d8ab97e70f19,2021-05-31T09:10:41.502Z,Fort Jackson,North Dakota,Fiji,21.947,75.6227,magni,vilicus,curtus,cunabula,ambitus,vindico,suppellex,32,164.15601734913133,19,antiquus,3,1,3,true,0.20079901562267208,2025-03-02T12:43:54.561Z,Wehner - Harber,false
cf7e8f65-8582-45fc-84f9-081dab3b8ea3,2020-11-11T05:36:04.633Z,Port Alberto,Nevada,Malaysia,-46.3906,-160.6027,tolero,cupressus,adaugeo,atrocitas,in,angulus,eaque,114,211.05506440846494,35,sustineo,6,0,3,true,0.022818157776646475,2020-12-25T11:21:28.320Z,Schmeler and Sons,false
ddcaedd7-ac62-47d0-b1f2-9f974fe878a0,2020-03-15T09:27:57.231Z,Lueilwitzside,Vermont,Andorra,-24.2533,169.2979,temporibus,canto,addo,consequatur,similique,aggero,soluta,70,87.62883984376239,34,absorbeo,2,2,4,false,0.06277313114203628,2025-02-13T06:47:53.197Z,Terry - Sawayn,true
25c92842-9780-4cf1-a16e-099a4c3c0155,2025-03-07T15:36:16.942Z,Arlington,Arizona,Iceland,-82.9363,-92.5912,tutamen,stips,textus,approbo,absorbeo,victus,alioqui,92,170.3624076914678,45,earum,5,0,3,true,0.17796720095688004,2019-11-07T22:54:18.394Z,Effertz LLC,false
5b4a4823-8909-4b0e-a431-dc9d257cdae6,2024-06-01T23:02:06.118Z,East Stanford,West Virginia,Cape Verde,35.8032,36.5001,adhaero,bibo,textilis,tero,solutio,deinde,conforto,109,151.97889030739196,22,iure,2,2,3,false,0.1665224047021848,2025-10-22T15:39:25.777Z,"Collier, Jacobi and Dach",false
52d91a91-4429-461b-a2d9-52d82e889fa8,2024-01-25T15:54:47.721Z,Schaumburg,Rhode Island,Singapore,12.7352,72.1468,desino,corrupti,crepusculum,aliquam,nobis,acquiro,cado,106,190.55324139551124,50,tubineus,5,2,5,false,0.017105797017773594,2018-06-11T20:12:18.974Z,Pouros - Franey,true