accident_id,incident_datetime,city,state,country,latitude,longitude,road_name,road_type,intersection_type,accident_type,weather_condition,road_condition,light_condition,speed_limit,actual_speed_kph,driver_age,driver_gender,casualties,fatalities,vehicles_involved,alcohol_influence,blood_alcohol_level,weather_reported_at,reporting_department,pedestrian_involved
0e4566ba-cbde-427b-9cb2-097c1084fa48,2023-02-27T04:50:48.209Z,Blickchester,Minnesota,Mayotte,-76.9238,91.9019,bestia,amet,convoco,mollitia,speculum,acceptus,utique,21,177.43058230257478,91,nihil,5,1,3,true,0.19669964472031254,2022-02-14T10:47:27.777Z,Reilly - Kihn,false
00e09a54-552b-4a52-920b-46c4856e98ea,2023-08-21T02:25:52.584Z,Norfolk,Tennessee,Isle of Man,-77.6576,-149.8261,tabesco,velut,caveo,adstringo,amitto,contabesco,vinco,63,116.76622638843189,67,tamisium,3,0,5,true,0.09109685054672259,2019-11-07T07:14:09.625Z,Wuckert and Sons,true
426cf9d0-7e6c-4a4d-b93d-88f922b966b3,2018-03-28T02:48:07.078Z,Elbertboro,Arizona,Dominican Republic,88.2787,51.1996,alius,in,utilis,charisma,corporis,capto,suggero,54,212.49458901613335,77,somnus,0,1,1,false,0.026310086245503933,2025-10-27T18:48:34.351Z,Hilll and Sons,false
44a98078-5354-4879-968b-f123e3899801,2019-02-07T02:04:39.310Z,Port Brownshire,Alabama,Antarctica,-60.6949,31.7276,derelinquo,cicuta,cohibeo,solio,adiuvo,debeo,vitae,75,219.31096672033027,60,aiunt,4,0,2,false,0.12477941984005378,2023-07-19T09:35:53.231Z,Witting - Luettgen,false
6117d1b4-9093-4b26-9a1f-6a7562595b15,2025-03-21T08:21:19.746Z,West Aliville,New Jersey,Chile,-7.1565,-52.9681,deduco,acquiro,aestas,crur,alveus,similique,quae,31,27.05941622676212,82,cedo,0,0,3,false,0.11286330679577222,2025-10-04T14:07:26.164Z,Spinka - Friesen,false
dcf4e1af-74c7-49e6-9b78-e03c07c6619a,2025-02-12T17:57:53.449Z,East Jabariberg,Missouri,Algeria,-37.9522,-142.4522,vitiosus,cotidie,laudantium,advenio,vindico,architecto,argentum,120,169.82041114863273,67,tergo,0,0,2,true,0.06464748071538073,2018-07-17T18:11:59.916Z,MacGyver LLC,true
01b050a6-ee32-425e-950b-a0dbcadc0657,2024-06-21T21:02:36.006Z,Auerfurt,Arizona,Cocos (Keeling) Islands,-25.8537,118.275,adsidue,ustulo,vorago,adopto,cupiditas,comparo,tenuis,57,133.64823816312668,40,praesentium,5,1,5,false,0.16205928529718805,2023-01-20T07:13:48.341Z,Mitchell Group,true
e1491f23-5562-4ae6-bb1d-ef38dbdcb908,2022-06-20T07:05:29.255Z,Albertotown,Minnesota,Mexico,63.5207,-103.353,decet,censura,tyrannus,subiungo,repellat,decens,delibero,66,75.483292171973,25,facere,4,0,4,false,0.04787934427170859,2022-06-19T09:44:32.086Z,Wyman - Feeney,false
02383439-b7d8-4095-ab92-a2cdc1d78556,2023-12-30T18:00:05.721Z,Lakeville,Michigan,Pakistan,-71.6522,155.4226,tametsi,fuga,in,ex,viscus,testimonium,aer,58,58.64587955502931,42,sopor,3,2,4,true,0.0426778551056827,2018-05-15T00:09:04.654Z,Bartoletti - Kuvalis,false
0c049142-3ef9-44a5-8631-e8a064af597c,2025-02-12T14:55:52.535Z,Lueilwitzhaven,Iowa,Cayman Islands,-26.301,142.0967,possimus,delinquo,curiositas,defero,desolo,timor,deleo,79,68.7056679935852,51,decerno,1,0,2,true,0.08276856893243653,2025-10-16T11:43:22.417Z,Williamson - Stiedemann,true
414fcb74-f319-4475-bb62-a79e744fe620,2019-03-27T21:43:01.962Z,Twilaside,Texas,Mauritius,63.984,29.6104,titulus,modi,votum,sumptus,solus,ascisco,unde,101,64.7480433771202,94,textor,6,0,5,false,0.16330301207552042,2025-03-14T15:41:56.147Z,Gorczany Inc,false
1493c55f-d697-45c7-be19-b783d63e2db6,2023-01-25T12:28:00.819Z,Washington,Pennsylvania,Monaco,-73.2617,-131.5829,adsidue,vergo,pauper,exercitationem,tui,cunae,venio,25,137.54786189293338,73,bestia,0,0,4,false,0.23233607107821794,2020-07-16T19:25:39.843Z,"Considine, Mosciski and Wisoky",false
502d4d8d-b706-4e7d-9171-f5653aaa138e,2023-01-23T19:54:18.997Z,North Elviehaven,Ohio,Malaysia,-74.9124,-94.5147,molestiae,theologus,adimpleo,uterque,alioqui,cruciamentum,vitae,31,73.27700956783168,27,aspernatur,1,1,5,true,0.12661319288974468,2020-02-08T16:22:45.993Z,Monahan - Abernathy,true
34a3d78f-84da-4d26-a2f9-7ba195572b72,2019-10-31T11:02:02.152Z,West Abdullahville,Maryland,Suriname,-30.6465,18.2264,aufero,agnitio,combibo,canis,uxor,tracto,aveho,80,155.90315406519116,49,nemo,5,0,1,true,0.24149616771374147,2022-04-08T14:24:00.970Z,Brakus Inc,true
01c92c4c-ec96-4f88-8ece-e732e281eb3f,2022-09-11T12:25:29.324Z,Konopelskiberg,Delaware,Bulgaria,-78.6936,-81.064,altus,nostrum,sufficio,iure,curto,spargo,amo,96,186.4868344913433,47,vapulus,6,2,1,true,0.014443432398009742,2024-08-10T07:26:35.165Z,Wolff - Blanda,true
b52baab6-9ffd-4626-b6fb-e5ffd5c8ceb2,2022-06-01T18:45:43.081Z,Larryborough,New York,Azerbaijan,74.9287,39.2443,correptius,deleo,addo,derelinquo,uxor,tracto,temptatio,119,63.36622931772091,18,vero,5,2,2,false,0.021186614955552907,2018-09-28T17:05:39.324Z,Bode - Emard,true
e370f795-17a4-42d8-8ac4-369df8b0f5cb,2024-08-29T19:26:34.498Z,New Fayeworth,Idaho,Sweden,28.2999,163.926,unde,iusto,copia,virtus,textus,antepono,at,117,191.3351656081347,76,tui,2,0,5,false,0.045207761762567855,2021-06-02T08:29:25.683Z,Moen LLC,false
255af04d-ec10-4cb9-8841-b16da3b4f8b4,2024-04-15T00:41:24.299Z,West Janis,Utah,Bouvet Island,73.1738,-60.6898,dicta,adinventitias,atqui,tui,admoveo,strenuus,cattus,47,170.21672859750498,63,pax,2,0,4,false,0.09620229168924008,2025-03-05T10:44:02.983Z,"Osinski, Nicolas and Harris",false
f7343775-216f-4844-a27c-8534b8479d07,2024-02-24T20:43:35.185Z,New Emilestad,Delaware,Indonesia,76.1812,57.5331,tui,verbum,occaecati,suadeo,cogo,tunc,somnus,23,75.34788122746629,34,fuga,2,2,5,false,0.11440747502077772,2024-12-06T01:51:39.807Z,Jacobson - Batz,false
77a88b8d-eea8-4b24-9b03-9fdb4df8c0d0,2024-01-05T23:11:48.453Z,East Lavinafurt,Texas,Kenya,15.9331,-124.522,confido,laudantium,arcesso,impedit,placeat,suspendo,adsidue,66,0.07059361101109829,25,solum,1,2,4,false,0.11046072566294576,2018-11-04T15:10:07.175Z,Boyle LLC,false
b373adb3-317e-47eb-996c-e3a580325963,2019-06-06T07:18:00.131Z,Emmanuellefurt,Massachusetts,Kazakhstan,-37.1541,-62.7592,crux,solvo,molestiae,vero,tenax,viscus,delinquo,108,83.60390486686107,68,uberrime,6,1,5,true,0.23471667207440808,2023-04-29T14:57:54.942Z,"Purdy, Barrows and Krajcik",true
86cd4e76-ef13-46ce-bfb8-ca2e34bcb30c,2019-06-18T00:28:15.966Z,New Fay,Missouri,United Kingdom,59.3723,11.381,adulatio,tergo,bonus,sollers,callide,corona,aurum,40,104.147849203165,72,compello,5,2,1,false,0.1597852291394803,2019-04-22T08:22:35.367Z,"Beatty, Keebler and Rogahn",false
47c4dd6d-4164-4723-98f3-4aca8b074b7b,2023-12-22T09:00:25.734Z,Janeport,Wisconsin,North Macedonia,45.8695,77.7065,conor,supellex,velit,dolore,arbor,aggredior,benevolentia,89,64.20291627285741,28,tam,4,1,2,true,0.09463481592339665,2019-01-06T16:05:07.457Z,"Weimann, Bosco and Pouros",false
d4bb9170-39a6-4d40-a2ea-491d105dd60f,2025-03-19T16:54:02.286Z,Bodefield,South Dakota,Portugal,16.9667,-147.1269,brevis,decerno,una,chirographum,attonbitus,curatio,corpus,58,136.06849925631178,44,valetudo,6,2,4,false,0.10640249492093909,2025-02-04T17:30:39.788Z,"Bartoletti, Lind and Kilback",true
398589b1-cba7-4896-a5f6-cc286cbfb687,2024-03-09T17:06:09.013Z,Hilllland,Connecticut,Hong Kong,57.8949,-82.2584,sono,desino,valeo,sophismata,terminatio,vinculum,quas,47,202.9610752158996,32,vesco,0,2,1,true,0.17291308475942468,2021-08-25T18:23:48.153Z,Pfeffer Inc,false
3784a24a-95da-41b0-90a0-015d1f1e6da1,2022-06-14T23:41:28.530Z,Alizeville,New Hampshire,Curacao,-10.5922,-161.6197,molestiae,asperiores,cito,debitis,constans,charisma,dapifer,122,53.21139482135577,91,vomer,6,0,4,true,0.24567636656380862,2024-03-20T22:14:29.542Z,Herzog - Bednar,false
8ace3ae1-be45-4a90-a913-ef2ca0cdf947,2025-03-14T06:43:32.743Z,Oklahoma City,Illinois,Saint Kitts and Nevis,28.6054,75.167,cariosus,contabesco,autem,textor,volva,carpo,uredo,100,168.7458867922489,47,vinitor,1,1,2,false,0.1494501164093105,2025-03-21T05:31:59.574Z,Beier and Sons,false
23df52f2-d55a-4ee0-8904-dfaed5c0da2f,2019-10-28T03:38:44.689Z,Kraigbury,Rhode Island,Cuba,45.0645,-10.6331,ullam,crastinus,speculum,laudantium,angulus,defaeco,asperiores,115,234.8874583878165,27,adficio,4,2,1,false,0.03183908920491424,2018-07-13T05:03:49.739Z,Gulgowski Group,true
abb203c0-f6fa-422b-981d-f29626fb5a9f,2025-06-27T07:17:11.833Z,Manteca,Alaska,Estonia,15.2281,-173.2269,comburo,quos,solus,eveniet,tametsi,universe,tenetur,35,108.16430032541619,62,confido,0,1,5,false,0.06801710008675432,2024-07-04T23:47:03.837Z,Braun Inc,false
edc07415-a4fb-4a13-b094-8ac3a1da3ff9,2024-11-08T08:49:37.455Z,Deionfort,New York,Vanuatu,-34.439,-72.3331,bellum,doloremque,solvo,bestia,angustus,addo,texo,34,53.39314414233837,18,defaeco,1,1,3,true,0.20544801210053112,2024-02-09T23:32:09.137Z,Von and Sons,false
67f02b92-63f0-46a2-a95f-d04324e70039,2018-08-16T15:04:54.920Z,Kentwood,Kansas,Algeria,-39.7018,41.8583,aspernatur,utpote,totam,curtus,avarus,adulescens,adaugeo,105,38.35457940875007,56,volva,3,1,4,true,0.12140690602418663,2020-04-14T08:28:49.602Z,"Powlowski, Terry and Balistreri",true
484829ba-196f-4ae9-b8d8-e1584a8ea43a,2022-10-24T19:37:14.944Z,Miloland,Louisiana,Lao People's Democratic Republic,-87.4386,67.4564,curo,coadunatio,curis,vulgaris,pel,beneficium,laborum,40,100.92710769318423,82,magni,6,1,5,true,0.031971028260362605,2019-04-26T03:35:45.925Z,Kuvalis - Runte,false
e39b107d-a6c5-4349-b8ec-93e4d9b61198,2023-07-23T15:33:34.806Z,Athenaville,New York,Mali,-81.6644,-50.9829,alter,vesco,ducimus,amo,cilicium,cicuta,tamen,87,152.91363046684594,79,adamo,2,2,3,true,0.15006005899317826,2018-09-28T05:04:52.371Z,Lemke Group,true
0279216a-d519-4d13-863c-4203e583f1af,2018-04-03T07:21:15.276Z,West Maudemouth,Oregon,Gibraltar,62.3226,74.1938,colligo,tremo,maiores,aliquam,surculus,volup,tui,26,201.87318433732716,54,inflammatio,5,1,4,true,0.1678141119574004,2025-05-14T02:08:02.885Z,Collins - Welch,false
25c201d2-1914-43b2-a029-9906b53a2d70,2024-04-04T03:41:58.844Z,North Desiree,North Carolina,"Bonaire, Sint Eustatius and Saba",-31.8958,-54.3157,subnecto,tibi,tempore,tam,delectus,cognomen,vallum,21,91.00859210222127,96,ab,5,2,4,false,0.09906372601114882,2024-07-31T14:55:32.440Z,Stiedemann and Sons,false
7824ff8b-5fec-4b23-b03a-53425b15a146,2019-04-07T15:27:09.817Z,Port Miashire,Delaware,Bouvet Island,-71.673,0.1995,casus,comburo,autem,universe,turpis,cribro,creber,91,73.43060032687815,60,ver,0,2,1,false,0.09552364182234341,2018-11-15T05:17:59.869Z,Block - Gleason,false
b58a2408-36ac-4e8c-aace-c02b5deb352d,2025-03-10T18:43:28.518Z,Manteside,Wisconsin,Yemen,-22.8651,117.3907,universe,stipes,somniculosus,tabula,bonus,ventus,aperiam,94,97.93487518241021,51,theatrum,6,2,4,true,0.21625317203855948,2023-07-07T03:21:31.163Z,Franecki Group,false
f229d8fa-3bfb-4b66-98cc-a28c9a13d11e,2022-01-23T16:45:05.999Z,Ferrybury,South Dakota,Uruguay,-76.8512,14.3219,turpis,thalassinus,demergo,bos,dicta,caveo,aro,92,56.77122637040938,65,acsi,0,1,2,false,0.10499525694999223,2020-08-08T08:08:22.778Z,Watsica Inc,true
ec4d2aeb-7025-440c-bcde-e607ce7e9cff,2021-09-12T12:10:44.148Z,Union City,Hawaii,Albania,76.1791,-82.2509,ratione,caterva,illo,placeat,vomer,tamquam,facilis,60,155.66373859748603,92,valde,2,2,2,true,0.12805453242526504,2019-06-23T19:47:59.989Z,Veum Group,false
be3ef42d-171b-4ad9-93db-130c1b010559,2024-09-02T16:27:29.269Z,North Faustostad,Delaware,Slovenia,-34.711,30.3145,apto,sui,aer,celo,excepturi,calco,patria,124,222.61033665100547,36,centum,5,1,4,true,0.14185288470765176,2018-09-25T16:05:28.914Z,"Carter, Carter and Reichert",true
251cc1b8-56c7-4ab6-be39-da5f32b57e09,2018-05-22T17:15:26.790Z,Temecula,Maryland,Oman,22.3462,-139.3411,usque,verus,aggredior,coerceo,conservo,vacuus,suadeo,104,55.72660128651448,51,canto,3,1,3,false,0.21289376369449084,2019-06-02T06:31:13.436Z,Wintheiser LLC,true
c8ba20b0-adae-45e6-8ba6-5cb7c7ba6265,2025-07-06T11:14:11.553Z,South Rhianna,Washington,Comoros,-7.8149,-81.32,dens,color,defessus,creo,viriliter,demitto,capitulus,118,18.348326143611644,65,arguo,6,0,2,true,0.21748706506225535,2018-01-14T22:03:04.993Z,Larkin Group,false
0fe8b731-9616-430f-a49b-8bca110e1fb8,2022-08-03T18:15:24.819Z,Leonardoworth,Wisconsin,Lithuania,34.6733,117.2046,teneo,acer,spes,summisse,tergiversatio,admitto,tenuis,92,207.6205488466526,43,aranea,4,0,1,false,0.18979658184628154,2019-04-09T17:24:05.866Z,Nienow LLC,true
feb165f0-3435-407c-b343-b0ed5e191d8a,2019-02-01T16:39:23.870Z,Bernardoville,Florida,Congo,-44.4684,137.3262,adstringo,tabgo,beneficium,paulatim,excepturi,ciminatio,tandem,69,157.31390491769423,83,corporis,5,2,1,false,0.09012764816485183,2021-07-24T00:13:54.134Z,Lebsack Inc,false
3f7fc8c5-edc1-4d1e-8697-7e9693dbceaa,2018-07-22T22:03:11.279Z,North Darion,Louisiana,Martinique,-27.0148,24.2034,spargo,admoneo,arbustum,incidunt,ceno,cruciamentum,timidus,55,4.7775647315009895,21,aegre,2,1,4,false,0.014931167360003827,2018-06-18T17:07:02.635Z,Jenkins Group,true
b1edb373-2604-4413-9022-69a0bc996a86,2021-04-06T04:35:25.341Z,Alliestead,Montana,Republic of Korea,68.9992,-3.7054,eligendi,administratio,timidus,acerbitas,basium,contigo,vulnus,103,149.03536014244787,62,ait,2,0,5,false,0.013937970659417265,2022-11-28T18:29:29.198Z,"Glover, Stehr and Swaniawski",true
71dbedda-0329-4d87-8499-2bb516f67463,2023-10-25T13:11:00.925Z,Quigleystead,Alabama,Montenegro,-8.8089,47.3799,aegrotatio,sopor,curis,urbanus,basium,conculco,deprecator,27,161.46264513254388,34,admoveo,5,1,5,true,0.17963291225796835,2018-12-08T09:09:22.663Z,Crist LLC,true
58eaa5d2-0635-4592-b1ad-9d6b164d6644,2021-07-23T15:36:46.752Z,East Arnoldoshire,Rhode Island,Brunei Darussalam,36.0217,113.8223,placeat,atavus,carmen,callide,ventosus,civis,titulus,29,169.608201372135,46,claudeo,0,1,5,true,0.028748034643490072,2019-09-04T01:43:14.793Z,Anderson Inc,true
ab508c5e-ef6c-4e42-88ca-d124b18e0783,2019-09-02T18:03:16.581Z,East Michaela,Indiana,Pakistan,4.0945,-78.8594,adeptio,coma,cicuta,allatus,condico,supellex,advenio,24,89.43131427695361,20,adstringo,6,2,2,false,0.04909689602732403,2024-12-24T04:57:56.821Z,"Fay, Labadie and Stark",false
4c1d7253-da10-4857-a391-d800ebec55a3,2025-04-13T21:07:49.530Z,Schmittstead,Virginia,Antigua and Barbuda,-7.5297,-64.2876,rem,vomer,vomer,curriculum,vaco,vestigium,et,21,85.66386371225092,100,thermae,5,2,1,true,0.2306603556578744,2024-06-18T14:06:36.937Z,Blanda LLC,false
981e422b-c692-4de7-9723-88310b381126,2022-01-12T17:08:10.724Z,Krajcikfield,Nebraska,Guinea-Bissau,86.5825,-11.5148,urbanus,defero,certus,autem,annus,tunc,dolor,27,239.3732649322597,59,dolores,2,1,5,false,0.09716425578313184,2025-07-22T00:25:04.654Z,"Schulist, Barrows and Strosin",true
b982ccf7-29cf-4c29-9ebd-39d27e483a57,2020-01-11T21:43:38.554Z,Casimirstead,Idaho,Chad,2.0974,5.9123,curvo,baiulus,viridis,careo,valetudo,hic,provident,55,115.36273610044299,38,dapifer,6,2,1,false,0.07708970427377121,2022-11-26T16:22:47.925Z,"Prohaska, Ryan and Hartmann",false
b7a2eace-164a-48ef-917a-04f277ea846c,2024-04-01T22:03:58.047Z,Carriemouth,Arizona,Montenegro,56.3878,90.4208,architecto,conturbo,cursus,error,patruus,pecco,talio,110,26.966703872357467,94,desparatus,6,0,2,true,0.19860181548220202,2021-09-11T22:43:33.799Z,Kulas and Sons,false
d56d80f1-b8d5-4b88-9ac9-fa4d7fd9c45a,2023-06-14T08:14:24.060Z,South Jesus,Georgia,Cameroon,38.5047,156.8856,alioqui,absque,valens,claudeo,audio,adsidue,conspergo,80,235.28574392507213,73,commodi,6,1,5,false,0.05865736841857391,2022-10-05T23:22:40.470Z,"Wilderman, Gleichner and Lowe",true
aa00b945-4afd-45be-bd8e-60a24eb420ec,2023-06-28T23:19:41.746Z,North Wardbury,Massachusetts,Bahrain,-84.0643,134.5018,balbus,necessitatibus,voluptatibus,vespillo,cursus,corroboro,thorax,93,221.40621235219373,75,conicio,3,1,3,true,0.11855190506583366,2020-04-20T20:11:44.922Z,Schultz - Kuvalis,false
a2ccdb9a-74aa-4c7e-87a2-efaf2b76b999,2023-02-08T15:27:04.935Z,West Amir,Missouri,Kazakhstan,-86.4589,16.1991,angulus,textus,aegrotatio,denique,contego,arceo,delinquo,96,192.80821429112785,63,damno,4,0,3,true,0.0068600345672870655,2020-11-20T03:24:25.395Z,Rosenbaum - Kuvalis,false
65320241-8616-4d20-97d5-0a16c43b0623,2019-01-24T22:16:14.424Z,La Mesa,Utah,Jamaica,1.7739,175.9085,subiungo,asporto,depraedor,dolores,ciminatio,tolero,advoco,50,222.86016020048496,55,audacia,0,0,1,false,0.11663046338618227,2020-06-03T07:22:05.651Z,Lang Inc,false
cc8b0049-7225-4672-b5ce-b8ea9285e8fc,2025-02-24T00:25:29.865Z,Fort Anastaciocester,Minnesota,Venezuela,8.28,-107.1443,terga,congregatio,arbitro,currus,cras,decipio,claro,58,202.36783494737554,74,thermae,5,0,3,true,0.20322244290017208,2024-04-10T05:43:48.814Z,Rodriguez Group,false
10da03d4-ce10-4f80-93b6-4c17ef906d98,2022-12-14T02:17:50.367Z,South Carrie,Georgia,Martinique,-85.1085,-139.6599,virtus,alioqui,maiores,strues,triumphus,appello,adeo,77,232.52290782518796,45,tui,1,1,5,true,0.03353795399091053,2023-11-19T05:34:20.030Z,Halvorson Group,false
fe2e3e70-3740-4e58-80c4-c422a67c2cf5,2018-10-23T19:36:00.234Z,New Dylan,New Jersey,Greece,-53.9475,-43.7258,sperno,uter,approbo,defungo,cariosus,combibo,tenetur,71,181.85631742935394,48,conforto,2,2,4,false,0.03532570624013329,2022-01-21T01:23:04.610Z,"Weimann, Emmerich and Hilll",false
192ee657-9aa7-43e7-9f79-bc08e97c477b,2025-06-24T20:58:16.695Z,Kautzermouth,Arkansas,Lithuania,-57.2612,31.9781,uterque,contigo,conventus,neque,ab,curiositas,clarus,44,233.82879324406548,25,placeat,5,1,4,false,0.08674995980094913,2020-11-01T22:59:07.963Z,Streich - Hahn,true
144f1c44-19c2-4805-bd2f-d0fe19e542fa,2024-04-15T23:27:19.699Z,Visalia,Michigan,Indonesia,38.2144,45.9928,dicta,tabesco,virgo,conspergo,aliqua,ater,acquiro,113,141.5769065096223,51,nisi,6,0,1,false,0.05075400061941629,2024-12-28T23:43:12.819Z,"Powlowski, Lynch and Wolff",true
28c4690f-3c66-4c41-97f6-9c390e6ed729,2024-10-18T23:58:46.897Z,Apex,Nebraska,Libyan Arab Jamahiriya,71.753,-98.1736,contigo,tam,laudantium,amicitia,varietas,angustus,cubicularis,56,30.78064573030418,42,delicate,6,2,5,true,0.15571578971380523,2023-09-25T12:39:42.790Z,Rau - Schiller,true
81e176e4-f87a-45dd-bb37-f118eef5fd12,2019-04-23T12:09:36.142Z,Fort Freedaland,Hawaii,Turkey,0.6986,23.9403,atque,congregatio,videlicet,expedita,desipio,adfectus,necessitatibus,33,134.62657378965213,64,in,1,0,4,true,0.07223690274897177,2018-05-23T01:59:20.746Z,"Moore, Hirthe and Littel",true
c3e98991-5945-4956-9b7b-845c5abf1274,2022-04-22T14:21:14.535Z,Kirlinstead,Kansas,Cape Verde,-62.4955,86.5814,hic,civis,tenetur,cum,brevis,acceptus,caterva,80,99.16908451000228,95,victus,6,2,5,true,0.15559029610670203,2018-12-28T17:46:02.537Z,Block Group,false
b726bb53-d2ab-4cbb-98a8-0f9fd35dad70,2025-06-04T18:50:48.838Z,Fort Sydniestad,New Mexico,Cambodia,3.5017,108.9633,vereor,exercitationem,vicissitudo,cavus,cunabula,dolorem,barba,45,142.75770506403802,55,ciminatio,3,0,4,false,0.024445083536643458,2021-05-20T06:33:52.986Z,Lynch - Renner,true
c3b64c0e-2a6d-4704-a6d4-2ae6d15d0170,2019-09-05T06:48:12.318Z,South Kenyonshire,Missouri,Turkmenistan,-10.8865,43.9583,comes,turpis,avarus,patruus,videlicet,ait,statim,108,17.54681188479622,56,consectetur,0,1,3,true,0.02397291426985168,2025-08-18T01:16:43.018Z,"Bailey, Leffler and Emmerich",false
797473a7-2604-49a9-92df-689a2076e58b,2021-03-23T02:16:07.247Z,Leschstad,New Jersey,Mauritania,19.3566,-63.3688,sono,eveniet,aestivus,suadeo,quaerat,dapifer,collum,71,59.9981129344857,90,verbum,3,1,1,false,0.004239139465062464,2023-12-11T10:38:25.038Z,"Wyman, Beatty and Treutel",true
ed8eaad0-d06c-4e4d-b4d5-5930537935ae,2021-08-04T05:41:04.664Z,Claudineborough,Hawaii,Tanzania,18.7871,160.4642,inflammatio,pel,pax,deputo,quia,apto,vesco,107,39.81515963732019,65,carbo,0,1,5,false,0.09012488853005635,2018-08-24T20:23:37.842Z,Gerlach - Farrell,true
a8fc1d7c-711a-4cb2-a701-ee86ddf7e03e,2025-09-23T20:22:36.589Z,Port Shannycester,Arkansas,Equatorial Guinea,-53.5989,-131.6785,colo,copia,uberrime,totidem,aestivus,at,volup,112,23.131535648966278,21,substantia,3,1,1,false,0.06277000477270711,2024-04-19T08:24:12.057Z,"Donnelly, Champlin and Feest",true
d0aa3ecf-4e0f-4b38-9b29-384179c789b9,2020-02-23T23:08:21.043Z,Framistead,Washington,North Macedonia,-24.2145,-111.2377,cunctatio,colo,depono,derelinquo,commemoro,uberrime,tracto,116,130.5796334019234,51,utique,2,2,1,false,0.1184448914038023,2019-08-12T15:39:32.597Z,Halvorson - Mohr,false
d3101fc1-1f62-47b9-ae6c-b90efe837ea8,2020-09-13T11:44:19.101Z,San Juan,Nevada,Holy See (Vatican City State),-82.4532,-24.8239,maiores,commodo,tabernus,voluptatem,compello,aequitas,stipes,37,217.32641475149023,40,vero,0,1,1,false,0.030896001779629312,2021-11-24T11:53:27.700Z,Kuhic - Bergstrom,false
8a8e567f-e6d5-4a43-8156-cae23652cbf7,2023-11-22T22:16:05.221Z,Fort Freeman,Texas,Tajikistan,-34.4166,3.6305,theca,illo,derelinquo,terebro,spes,succurro,sum,28,219.9324616466782,53,debeo,6,1,5,true,0.17003912322834203,2020-11-12T10:50:18.302Z,"Cronin, Lehner and Rath",false
da506c50-3c04-4166-b0d8-6ad955b07788,2019-04-21T10:16:18.246Z,Feliciaberg,Ohio,Austria,-84.5763,174.1799,depopulo,causa,statua,eveniet,crinis,cohibeo,vulgaris,84,209.59213370052834,100,quis,6,1,5,false,0.08435413268874117,2024-02-14T05:25:52.010Z,O'Hara and Sons,true
fc784b6c-971f-44ae-8520-10a0c0dbaa1b,2019-02-10T21:49:59.953Z,Tracy,Hawaii,Anguilla,8.0472,167.6077,copia,suffoco,nihil,congregatio,fuga,accedo,spoliatio,128,176.36214984483337,82,bibo,3,1,5,true,0.19957262074777207,2021-08-20T18:54:31.414Z,Hoeger - Lang,false
858cb138-e7a4-44f9-b6b0-3a6f68a231fb,2023-07-25T14:51:39.700Z,South Bailey,Utah,Slovenia,61.9102,67.7579,uterque,abutor,cogo,tubineus,carmen,eos,bellicus,94,86.73130676871004,87,tenax,0,2,1,true,0.18027639853114882,2025-08-09T14:19:33.553Z,"Veum, Morar and Bernhard",true
2cb3e458-a3b1-4aa2-8c50-339ca027d4ad,2020-01-13T08:02:29.638Z,Laurelburgh,Virginia,Luxembourg,71.5091,-4.8262,iusto,varius,utrimque,victus,pectus,crapula,magni,113,167.70970018761508,37,amiculum,0,0,5,false,0.2180562778292202,2019-09-05T05:20:12.657Z,Ferry Group,true
12254ed8-7d0b-45b6-af85-8037a31bc122,2021-08-14T17:51:53.262Z,Hermanchester,Nebraska,Moldova,12.3318,46.9161,strues,terror,carcer,perferendis,ademptio,cado,ubi,113,147.5720107666152,74,ascit,1,1,3,false,0.2221370216923876,2023-02-09T03:05:44.046Z,"Altenwerth, Satterfield and Morissette",true
46f9fc05-cb4a-4879-96ae-e5971076f67c,2022-04-22T09:33:48.700Z,East Trent,Louisiana,Aland Islands,-31.1769,2.5429,coadunatio,candidus,corpus,creber,aurum,veritatis,canis,65,130.78342755594832,51,socius,0,2,5,false,0.1514299380522589,2023-10-20T15:24:52.949Z,Tromp - Cummerata,false
3dec259f-05e6-4afa-bd92-786dca16b763,2022-02-15T16:12:00.119Z,East Nonabury,Kentucky,Hungary,44.9718,-129.2127,delego,vester,iusto,adhaero,deprimo,victus,vicissitudo,38,33.90396627702145,16,cuius,0,2,1,false,0.09893917780585199,2023-08-24T11:37:34.794Z,"Hansen, Romaguera and Legros",true
d7b2fdd4-9b96-43e4-a465-25b294811e32,2021-11-11T07:02:16.315Z,South Norvalfort,Texas,American Samoa,-18.1676,119.7263,virgo,tunc,contra,advoco,aurum,accendo,succurro,43,234.05215031823323,38,defaeco,5,2,5,false,0.04220847838732719,2024-02-13T13:01:45.427Z,Littel and Sons,false
51930145-3467-4598-a3a6-1f2d8b944ee0,2019-08-02T11:17:40.315Z,Ahmedport,Arkansas,Jordan,-45.3725,132.6898,adsidue,vomica,defungo,sonitus,sapiente,validus,clam,28,149.29184360943947,36,suffragium,2,0,5,true,0.1698794937977647,2021-08-01T17:15:16.985Z,"Lubowitz, Turner and Rempel",false
3e68a088-4b2c-4337-a07d-cac3e6964ade,2018-07-09T23:43:36.086Z,Chino,Nevada,Costa Rica,55.1054,-22.0341,considero,vigilo,adsuesco,est,corrigo,ut,suppono,107,19.81446129379843,92,alter,0,1,2,true,0.13683330606403896,2023-11-21T04:57:44.785Z,Yundt Group,true