accident_id,incident_datetime,city,state,country,latitude,longitude,road_name,road_type,intersection_type,accident_type,weather_condition,road_condition,light_condition,speed_limit,actual_speed_kph,driver_age,driver_gender,casualties,fatalities,vehicles_involved,alcohol_influence,blood_alcohol_level,weather_reported_at,reporting_department,pedestrian_involved
0279a5cf-033d-4b06-a8b8-9fcbe066451b,2021-12-12T16:52:10.469Z,West Alessandroworth,Rhode Island,Antigua and Barbuda,59.1496,110.9839,coniuratio,approbo,adulatio,asporto,sustineo,audacia,sui,40,110.81158012615919,51,utor,6,0,2,false,0.23335132363765407,2021-08-13T06:00:59.312Z,Welch - Marvin,true
628253b2-6b76-4836-92a8-bebbc9cb4bc9,2019-07-17T23:05:26.416Z,Gilbert,Wyoming,United Arab Emirates,33.6975,-50.3283,denique,vociferor,suscipit,coniuratio,velociter,attollo,animus,92,207.52436378050945,79,thymum,6,1,2,true,0.1745379009821399,2025-04-23T00:14:45.705Z,MacGyver Inc,true
0bd859d4-a945-4a14-a50f-b659423143f6,2020-06-02T04:50:10.930Z,Shanelfurt,Ohio,Denmark,24.5401,9.1231,curtus,ulciscor,error,absconditus,cum,demo,stips,89,34.5095016136529,17,solvo,2,2,5,false,0.19970959441240152,2025-02-12T16:47:24.500Z,Kuphal and Sons,false
fb059001-e7c1-4d31-b977-d86ee3993539,2018-06-26T05:30:36.158Z,South Sarai,Montana,Mayotte,86.6924,19.265,comparo,alter,dapifer,strenuus,mollitia,degero,cetera,71,165.97875358483276,98,careo,2,1,4,true,0.0744425759790315,2021-04-04T11:30:30.989Z,Lakin LLC,false
b57f153e-1fdb-4146-8adf-25dc5bd39858,2019-04-20T11:28:37.368Z,Mayaton,New Jersey,Ghana,38.2966,122.5083,veniam,cauda,quis,venustas,subiungo,circumvenio,neque,38,47.13954098488185,69,temeritas,1,0,4,true,0.09559426900294829,2019-09-02T18:16:22.340Z,"Lindgren, Altenwerth and Bartell",true
00cb25f3-e6e8-42b6-a737-a66218b2cc7b,2025-01-02T18:37:09.258Z,Milpitas,Montana,Gabon,-64.2606,-146.2742,agnitio,veritatis,abeo,somniculosus,stillicidium,tempore,sortitus,35,168.69195338978082,100,sumo,4,2,3,false,0.0886581084334847,2021-02-22T06:58:42.023Z,Kessler - Krajcik,false
863223be-2cac-463c-88e4-cc560f247e04,2019-08-19T04:33:33.087Z,MacGyverville,Montana,Liechtenstein,84.5357,16.4424,suppono,amor,amiculum,torrens,vulgaris,laudantium,vel,34,114.05366927148718,64,curis,0,1,1,true,0.23314057609825034,2023-08-24T22:07:36.602Z,Bayer - Leuschke,true
6b39a46f-8edf-4618-a777-50865d3e1d6e,2025-09-09T07:37:26.858Z,Rogers,Arizona,Cayman Islands,43.8017,74.4026,desparatus,dens,tabernus,beatus,deorsum,tenax,apto,125,107.32532901140897,41,tamdiu,0,1,3,false,0.016785618600084484,2019-06-21T22:03:24.506Z,Frami LLC,false
c04a64a0-3258-424b-bf5b-8701b24afecf,2019-08-10T13:31:10.280Z,New Rasheedcester,Indiana,Andorra,5.6449,8.1416,optio,culpa,conscendo,stillicidium,corrumpo,fuga,cultura,63,27.794267094751397,79,cognomen,1,2,3,false,0.03461617490201199,2018-02-27T19:20:35.357Z,Pagac and Sons,false
0b991947-ee06-43d1-958f-b2e47fbc417e,2024-07-12T14:24:14.369Z,Leuschkefield,Maine,Samoa,-74.783,79.229,apud,toties,supplanto,alienus,alias,certe,qui,101,23.37304916870209,58,amitto,1,2,1,false,0.001259533960946857,2021-02-12T03:58:23.506Z,"Swift, Schuppe and Pouros",false
1bfec615-08b4-4e08-af7b-523b957c8f14,2020-04-17T06:37:35.174Z,South Louvenia,New Hampshire,Northern Mariana Islands,-44.6771,37.7819,clarus,censura,aveho,altus,labore,comprehendo,illum,48,202.9076946776597,78,accedo,5,0,3,true,0.07206221508539948,2022-05-04T21:34:14.361Z,Schuster Inc,true
4b410240-f7bb-40cd-ab10-385f91a88a0d,2019-07-15T01:22:25.175Z,Kozeybury,Utah,Poland,-34.6298,41.8044,denuo,valeo,degusto,vilis,vapulus,audeo,advoco,128,121.1570630288932,35,aureus,3,1,1,false,0.20044143295244146,2018-03-18T09:17:26.834Z,"Kirlin, McClure and Boehm",false
72ad0078-2dd3-4a8f-a25e-b65261277ed1,2023-08-09T05:12:21.132Z,South Era,South Dakota,Chad,-13.7052,-89.622,brevis,sophismata,tui,corporis,adimpleo,consectetur,conor,23,97.9702161551057,93,ullam,5,1,4,false,0.014025662220656626,2019-01-31T12:49:08.590Z,Stokes LLC,false
de61f653-960c-44e9-bae4-8fcdbd8e9605,2019-03-25T18:39:48.634Z,East Velmamouth,West Virginia,Turkmenistan,41.6523,39.6612,sperno,conculco,vestrum,reiciendis,sufficio,tenuis,decor,30,191.72785366858454,98,curto,6,1,2,true,0.057149047939846515,2018-03-09T08:29:34.462Z,Hyatt - Dietrich,false
82147068-2b51-40d9-9d9b-40c31d53ae7a,2021-01-17T13:05:05.013Z,Orinborough,Nevada,Lithuania,74.1336,165.5697,apostolus,dens,beatus,color,accedo,sol,aequitas,73,123.66787622804773,89,ex,5,1,1,true,0.2084001323822934,2018-02-07T20:59:55.628Z,Tromp LLC,false
2e469465-95d9-4c48-a6ef-06b5713eea45,2024-11-24T17:49:58.853Z,Pollychester,Virginia,Mali,37.9575,-70.7962,necessitatibus,cupressus,coepi,tepesco,adsidue,voveo,perspiciatis,25,212.64211473547576,69,terebro,3,0,1,true,0.07522669881951227,2020-01-19T18:07:28.580Z,"Howe, Botsford and Williamson",false
6ab719b5-d280-4d4c-a37d-f62108d61206,2023-05-13T06:41:53.251Z,Irving,Connecticut,Colombia,-31.9547,-151.1978,sunt,cras,doloribus,abscido,accusantium,videlicet,demulceo,89,7.11745517375487,97,cibus,0,0,5,false,0.08518349959216093,2021-10-31T07:32:40.424Z,Romaguera Inc,false
cd8f86d2-e35d-4610-a291-8918636aec35,2023-01-01T07:44:39.204Z,West Verda,Tennessee,Andorra,-28.5947,-25.5144,stultus,degero,patrocinor,speculum,certe,curtus,audacia,94,64.33756081470975,25,suppono,1,1,2,false,0.2010106196737003,2025-01-05T22:08:18.744Z,Fisher and Sons,true
ba5274ba-5c36-4691-9885-6f18c0a24a33,2018-11-26T00:27:44.468Z,Baumbachburgh,Florida,Lao People's Democratic Republic,4.2616,-47.4808,corrupti,abeo,virtus,cena,tondeo,dolore,succurro,74,192.06131308988964,34,umerus,1,1,5,false,0.23833577117716606,2023-08-09T06:04:20.228Z,Kshlerin Group,true
84814605-027b-481e-af8d-26b1c66f752b,2022-12-07T06:19:45.474Z,East Bettyeshire,New Hampshire,Oman,-88.5683,-19.1556,texo,sit,accedo,cubicularis,allatus,verbera,velum,72,55.37317119016403,80,ager,2,1,1,false,0.23160900445654523,2020-11-16T04:05:10.532Z,Gerlach LLC,false
161a108e-1922-4ac5-930b-e9809183dddc,2020-08-31T09:32:15.679Z,Worcester,West Virginia,Eswatini,17.4193,54.0348,nihil,cubo,cavus,defleo,acceptus,calcar,quisquam,43,121.45624837380117,61,cariosus,5,2,5,false,0.22581770265388212,2020-06-23T01:21:18.361Z,Crona LLC,true
ebd9cf1b-db4b-4772-b279-b522fddf452e,2020-02-16T12:07:01.651Z,Richmond,Rhode Island,Burundi,-58.2923,-99.4606,suus,sit,textor,vox,inflammatio,illum,sopor,45,136.2795131637943,21,vesco,2,2,1,false,0.0493085576958493,2021-06-03T01:51:57.043Z,Bosco - Williamson,false
8e4461eb-0953-48d4-bf16-ce3d86878a3d,2025-07-26T13:58:38.029Z,Bellflower,Georgia,Aland Islands,44.5669,151.5383,accusator,peior,varietas,velut,tollo,tam,vallum,82,233.01075593894302,85,totidem,1,1,4,false,0.1540343480596101,2025-05-02T18:53:30.117Z,"Erdman, Bogan and Hyatt",true
f84470df-4aed-439d-843b-3c6992e4e68d,2025-08-27T06:34:11.176Z,South Mina,Montana,Sri Lanka,-55.0994,60.679,optio,bis,cavus,tener,depraedor,decor,curto,90,44.33859245444588,75,vulgivagus,3,0,4,true,0.05084605086377014,2018-09-04T11:21:36.374Z,Smitham Inc,false
10e44f35-d213-44c8-94c8-0cf22a93baaa,2019-05-16T22:29:48.314Z,Racine,Minnesota,Vietnam,70.4804,-29.4601,cohibeo,corrupti,adstringo,calamitas,tristis,cernuus,sui,113,137.84055279437027,28,copia,1,2,3,false,0.06765477028534406,2021-08-12T08:19:29.854Z,Rempel and Sons,false
b2062487-6b60-49b4-8e73-84407662a240,2025-03-16T18:06:29.674Z,Lake Jeffreyburgh,Nevada,Morocco,4.1312,-95.0985,suggero,creo,cimentarius,constans,iure,tristis,cilicium,88,31.936296824530366,65,pecto,1,0,2,true,0.16516721995570394,2022-10-10T05:37:11.627Z,"Stamm, Greenfelder and Powlowski",true
d6292ad4-17bf-49b2-b89b-f310ad153197,2024-06-14T18:06:50.525Z,East Juliusfield,South Carolina,Jersey,12.8486,-94.6657,verus,thalassinus,subiungo,ter,somniculosus,defetiscor,aureus,57,122.97204486297522,41,quidem,4,1,5,true,0.07611480419509925,2018-10-15T00:30:45.703Z,McClure - Reynolds,true
f0908ab0-5919-4f0c-a907-c4eb5f894020,2019-11-16T11:24:07.563Z,Paucekburgh,Pennsylvania,Svalbard & Jan Mayen Islands,-32.1655,80.8306,thesaurus,confugo,damno,verto,tergo,cogito,cuppedia,122,144.0801970723189,45,conscendo,6,2,1,true,0.17774955248201696,2020-08-16T23:05:03.818Z,"Ernser, Walker and Feil",true
7c964248-cfc0-4cb0-852e-8301a7466cb3,2022-04-10T15:06:39.784Z,Hilllstad,South Dakota,Saint Vincent and the Grenadines,42.0151,117.1712,tabella,saepe,reiciendis,non,cogo,tenuis,volutabrum,45,220.24311838063505,72,adhuc,0,1,5,true,0.12129964240482122,2025-01-13T13:31:54.463Z,Feest - Jenkins,false
bcd606d1-3fac-40ac-a178-29f81ea3e9b3,2021-09-27T16:36:52.335Z,Lake Juwan,Iowa,Holy See (Vatican City State),-41.3517,84.5008,audio,amitto,alveus,possimus,excepturi,accusamus,exercitationem,130,45.405966782281126,80,sperno,0,0,3,true,0.0013123210074416358,2023-11-07T04:52:31.721Z,"Morissette, Robel and Haley",true
ad390140-f05d-4557-8752-775ae6cb6fb1,2024-02-07T00:43:52.506Z,West Cade,Washington,Senegal,6.0409,112.0556,aureus,ante,vetus,totidem,vulnero,triduana,succedo,40,231.76901477346718,86,usque,3,0,5,true,0.23281419105752754,2022-12-20T01:31:58.867Z,O'Hara Group,true
75306cbb-963c-4ef5-9d96-070a9e7fef98,2018-05-08T04:34:51.238Z,Deckowboro,Connecticut,Rwanda,64.6728,-71.1288,creator,conduco,adnuo,congregatio,triduana,ab,ventito,53,130.7924183656909,32,arbitro,6,1,4,false,0.03428806585003938,2018-03-13T21:04:57.698Z,Vandervort Inc,false
61bffbd6-9caa-4e9b-810c-32325e1b5d36,2021-10-15T05:01:22.834Z,Homenickborough,Wisconsin,Eritrea,-84.605,160.2937,callide,tollo,virga,alias,cognatus,tantillus,tripudio,30,26.181618546538417,58,adopto,3,0,5,true,0.24162784302217738,2018-01-04T12:54:20.403Z,"Feil, Bernier and Carter",false
f1f5a1bd-e3aa-41f3-822e-798f7b450030,2021-07-15T06:05:34.199Z,South Leopoldofield,Kentucky,Bahrain,-7.8614,-157.2651,verbum,acsi,consequuntur,tardus,eius,id,aperio,119,72.56640750437224,37,officia,6,0,1,false,0.19091069691283447,2021-12-20T10:42:11.151Z,Barrows - Wintheiser,false
9f3994e9-3aa3-48f2-a2a4-83d1d0a27890,2019-01-01T15:02:58.476Z,Parkerport,Missouri,Guernsey,69.3684,19.9397,titulus,aggredior,abduco,aeternus,caput,argentum,cervus,76,14.134670412006365,84,acceptus,3,1,3,true,0.204145852976274,2020-08-02T11:40:50.129Z,Bahringer - Hoeger,false
cbf422ca-3806-4004-98a4-71416a9d74c5,2021-05-10T21:47:12.807Z,Edgarland,Rhode Island,Sweden,-74.3393,-87.1462,tunc,error,laborum,beatae,dolorum,tego,sit,107,164.07006526973092,18,vaco,0,1,1,true,0.07486560077313856,2022-02-15T03:03:35.248Z,"Stroman, Adams and Rolfson",true
1dc0f6f8-9fbe-4c26-8515-e088c0bf599a,2023-08-24T10:23:24.236Z,Freeport,South Carolina,Rwanda,-9.9919,-104.3468,temeritas,vix,creptio,comprehendo,alter,aurum,quia,126,125.58390520140497,71,ascit,0,2,2,true,0.13700343384890518,2022-01-17T23:06:35.464Z,Marvin and Sons,true
af803c88-fa6d-4c36-bd96-7846e4398acb,2018-10-23T19:25:59.384Z,East Marleneland,Louisiana,Taiwan,-82.9657,-62.9247,arma,utrum,concido,vix,voveo,amo,titulus,119,58.89966264750922,19,utrum,3,1,1,true,0.02688970290507134,2020-05-28T00:02:16.184Z,Reinger - Ankunding,true
376605ed-460f-4003-a73e-cce8ca6cf3bd,2019-08-08T17:20:13.284Z,Waldorf,Illinois,Singapore,-71.8574,-134.4753,summisse,vito,nobis,aut,volubilis,demum,comptus,125,143.50450434509864,51,conturbo,6,1,2,false,0.01222099081405309,2023-03-03T16:56:44.547Z,Koelpin - Mitchell,true
25c3af31-96df-4d35-9bdc-c22023c580a3,2023-11-24T23:14:19.123Z,Ernestchester,Utah,Gambia,-13.3483,49.4572,sto,vulticulus,cultura,aestas,optio,triduana,ciminatio,49,10.717117816958242,73,compello,6,0,3,false,0.19227135000817158,2025-08-23T10:53:56.933Z,"Gleason, Mayer and Borer",false
ac1cdd33-8433-49a3-b178-e373bd189d8a,2020-07-30T18:38:05.268Z,Sigurdfield,Michigan,Algeria,-29.1372,136.1397,officiis,dolore,crepusculum,antea,aequus,volup,termes,23,23.1386717673847,66,constans,3,1,2,false,0.10584502244800689,2023-09-09T22:07:22.414Z,Larkin - Kessler,false
08554c05-4d5a-493f-a97e-15af80f969b1,2022-08-01T17:20:32.600Z,New Brandiport,Massachusetts,Bosnia and Herzegovina,7.376,-108.7381,vaco,celo,vero,caecus,artificiose,rem,tam,97,238.07174469369804,91,synagoga,3,2,1,true,0.16588927442632218,2023-08-20T16:36:42.492Z,Lowe - Kozey,false
ec8c3e05-1cad-4661-b939-38c0475c6881,2023-08-06T22:18:33.803Z,Pagacbury,Maine,Tajikistan,38.3288,56.6044,usitas,arguo,coadunatio,paens,ducimus,tumultus,sodalitas,115,0.9373814863193708,27,talis,0,1,1,false,0.07866011583357585,2023-02-02T01:59:42.686Z,Hane - Vandervort,true
460d740f-e38a-4d54-9d69-1b1ae1bb721a,2023-06-18T08:42:36.999Z,Fort Jaidenburgh,Tennessee,Nicaragua,-36.4033,126.5227,vallum,defleo,accedo,desparatus,arca,uredo,repellendus,113,23.859074902926316,30,tabella,4,0,2,true,0.24246834142390117,2021-06-27T05:53:20.941Z,Howell - Grimes,false
08f90fc0-a15d-4916-8ce7-a83fe8d7442c,2020-07-10T07:54:55.681Z,Jamesonville,Kansas,Austria,33.4101,123.007,decretum,calculus,vorax,aspicio,suppono,ustilo,subvenio,109,12.55927957267442,41,centum,0,0,4,false,0.10737513589007641,2022-02-25T10:05:02.120Z,Maggio - Cummerata,false
2d15afae-0d8b-4de6-9e4d-73ee50e9cb8e,2020-05-19T16:31:52.708Z,Danbury,Oklahoma,Angola,-68.1339,-32.5734,patria,adficio,alter,aegrus,super,blandior,versus,48,139.13230416927644,29,angulus,5,0,3,true,0.07402175085505586,2023-08-06T08:57:03.627Z,McClure Inc,false
0944b958-7499-4826-8d8b-f5e2d66ac4a6,2019-03-08T10:44:25.511Z,Fort Rudolphview,Kansas,Senegal,89.1472,124.0428,tenuis,reiciendis,quisquam,sublime,decens,astrum,animus,73,35.37685773703478,82,congregatio,0,1,1,false,0.08920916042071056,2024-04-17T12:13:54.173Z,Skiles Inc,true
dc4b23ff-3c02-46e0-a06b-5acdeef7a5ea,2022-12-24T06:57:09.165Z,San Francisco,Rhode Island,Switzerland,67.5996,28.2383,ver,cunabula,assumenda,denique,sulum,cubicularis,vilis,90,96.58419886458906,44,urbanus,1,0,3,false,0.1304858251007809,2021-12-08T22:06:58.464Z,Maggio - Funk,true
f04e0c63-8601-4363-9a4e-3233b41745e4,2019-12-01T14:50:58.019Z,Sanfordburgh,Arizona,New Caledonia,42.7695,-110.212,quam,coaegresco,crepusculum,tametsi,perspiciatis,capillus,aureus,108,39.26106001234112,84,dolor,5,2,5,false,0.058056268015202445,2022-08-26T10:08:25.142Z,"Barton, Emard and Trantow",true
184256d4-67a9-4636-b2e9-219f8cf028e5,2022-07-09T04:06:18.116Z,Lake Orlando,North Dakota,Timor-Leste,-9.658,-43.0035,tolero,coepi,deinde,dedico,amplitudo,quibusdam,vicinus,85,106.77388181134685,20,avaritia,4,0,1,true,0.0010257439292309378,2025-11-26T05:49:20.582Z,Satterfield Group,false
6dbd77e2-5971-478d-8e31-5b76de5ee636,2019-12-25T22:39:55.992Z,Lake Shanelle,Oregon,Indonesia,77.9077,93.8411,curiositas,bellum,arx,turba,creo,substantia,repellendus,28,72.58450833961811,68,modi,6,0,2,false,0.11254898024907264,2018-03-11T19:41:33.536Z,Stehr - Collins,false
3fa2eae1-44d9-4a94-9960-0a6f565647d5,2025-12-08T15:19:35.741Z,Riverton,Delaware,Uruguay,54.2688,-138.3054,quasi,comprehendo,veniam,tamquam,arguo,auctus,crastinus,42,53.518365075675966,59,demum,5,1,1,true,0.2425523009671284,2021-07-09T19:29:22.594Z,"Mills, Pagac and Cassin",false
aafd82fd-c007-44f2-8e15-04972241eb74,2023-12-18T20:13:21.206Z,Clemensmouth,Tennessee,Western Sahara,9.2959,-15.45,cimentarius,minima,error,acidus,tricesimus,quae,demitto,60,30.628364967375692,31,abutor,6,0,1,true,0.1983997889950415,2025-12-24T04:56:45.909Z,"Stracke, McLaughlin and Keeling",false
c2a36cab-bbc0-4af3-838b-a3cd4ffa960d,2022-10-28T21:11:03.166Z,Cuyahoga Falls,Wisconsin,Cote d'Ivoire,-77.2103,109.7994,quis,cui,conicio,acidus,venia,amor,bis,89,0.01117349339649465,83,adsuesco,5,0,3,false,0.2122151495184177,2022-11-21T08:49:54.793Z,"Kuhic, Collins and Hintz",false
6da75c50-f845-4508-b644-649c3fcd6ca5,2023-12-08T03:53:51.589Z,Rileyberg,Alaska,Guernsey,-75.3389,16.8842,astrum,nesciunt,tumultus,vigilo,ipsam,cado,subiungo,78,154.36978643460947,43,decens,5,0,1,true,0.07729723820167295,2019-03-15T17:55:43.801Z,Wuckert Inc,false
3f2276b7-8ddb-4264-8df5-046925ef0d13,2025-10-12T19:50:49.139Z,North Hans,Delaware,Maldives,-78.0985,-47.3069,atrocitas,somniculosus,congregatio,terga,antiquus,in,verbum,31,73.81366194728068,37,cur,1,2,2,false,0.032155595818666005,2022-05-09T01:06:28.919Z,Bruen - Prosacco,false
3a2a0444-cd97-42af-8a32-37ec3917dc3e,2018-04-02T06:57:10.335Z,Morartown,Idaho,Netherlands,75.6125,-76.1445,cuius,defungo,decerno,curia,delego,amaritudo,pauper,87,74.87272925702254,78,celebrer,3,1,3,false,0.001814212987387459,2018-05-20T14:31:07.091Z,O'Hara LLC,false
88faa95d-2174-47fc-9a08-a0b2b818162f,2021-06-24T19:05:12.822Z,Gaithersburg,Alabama,Gambia,-24.4115,-105.2792,crudelis,custodia,quas,decumbo,apostolus,vapulus,adipisci,125,42.98719776463073,23,vulgivagus,1,0,2,true,0.1498981629611194,2018-08-31T05:33:42.511Z,"Nienow, Koch and Abernathy",true
7091cda2-4f1c-4e9a-b848-f0b7d32a8dac,2019-01-25T15:56:59.304Z,Martashire,Washington,Solomon Islands,26.6815,-39.6698,statim,autem,voluptas,veritatis,uberrime,reprehenderit,ultra,93,146.0981682762803,49,decretum,2,1,5,true,0.041868073651653764,2024-03-30T22:12:52.575Z,Gleichner - Walker,true
0f821d87-e2b9-4590-aaa5-70e3353c990e,2025-05-20T13:38:11.026Z,North Richland Hills,Nebraska,Czechia,50.6974,138.9371,voco,absque,angustus,depulso,uxor,conculco,tibi,64,52.188922885928754,96,deinde,1,1,2,true,0.06402686884939071,2025-10-11T14:50:30.398Z,"Pfeffer, Luettgen and Goodwin",true
b47296b9-e3ce-4df9-b3fc-359c0ed5d02f,2021-05-12T01:35:54.907Z,West Hayleeshire,Alaska,Brunei Darussalam,-80.5808,-129.3389,ceno,patria,clamo,triduana,blanditiis,talis,cibus,73,189.55325434103824,39,depromo,2,0,2,true,0.20636790938382354,2022-11-23T03:50:29.387Z,Jakubowski - Jenkins,true
878405a7-a38d-41b0-80dd-4eaf95358857,2019-02-21T03:02:32.004Z,Stehrberg,Illinois,Uganda,-55.9163,-9.4408,argentum,appono,perspiciatis,comis,aedificium,urbs,desparatus,97,77.87253555425514,86,acervus,3,1,3,true,0.05748977211549797,2021-01-06T09:03:55.398Z,"Roberts, Mosciski and Schroeder",false
37bf2f40-b728-49b4-ba37-55cf5cbde7b9,2022-07-20T13:43:53.615Z,Fort Donnell,Florida,Nicaragua,65.8168,64.3548,acer,trado,accusamus,calculus,damnatio,aestas,thorax,122,64.41544799400894,58,tergum,6,1,2,false,0.09713683589446942,2021-04-02T13:57:46.381Z,MacGyver LLC,true
28a18a14-8ecf-43c0-bee0-458cc1a75b15,2024-06-28T22:40:57.348Z,Beertown,Colorado,Tajikistan,59.8896,-91.2847,incidunt,vergo,amo,cupio,saepe,concedo,combibo,128,145.01900236530517,64,corpus,5,0,4,true,0.18769375950094697,2022-12-18T01:11:35.898Z,Hills and Sons,false
b7e50c19-2158-468c-a55c-235e808db97c,2025-04-13T06:16:37.611Z,Guillermohaven,Iowa,Ethiopia,58.2985,34.4166,cuppedia,molestiae,stipes,tenetur,similique,voluptates,volutabrum,21,137.03890901193157,87,sperno,3,2,3,false,0.17523891610746278,2023-07-26T09:15:50.047Z,Schaden and Sons,true
a8fb32cc-bdd7-4a6e-a2ff-b4ec5dc64cd0,2019-02-10T23:50:00.807Z,Lake Claraview,Georgia,Slovenia,77.6202,59.9626,stips,tendo,sollers,advoco,currus,veritas,terga,57,49.50784075638537,43,virtus,1,0,4,true,0.063584831311772,2023-03-11T18:33:11.159Z,Herman - Zulauf,false
8c95c12c-95aa-4d91-838c-7effd8f7e88a,2020-07-27T02:56:45.661Z,East Dorotheaboro,Pennsylvania,Guadeloupe,79.3339,55.9146,usus,debilito,contabesco,auxilium,autem,aufero,tunc,69,131.73157560841278,75,laboriosam,5,1,1,true,0.182191133190397,2018-07-12T06:37:50.154Z,Leannon - Parisian,false
71f24fe4-314e-4926-9ffd-0c9df1d1445d,2023-03-15T12:32:48.850Z,Abbottland,Montana,Brunei Darussalam,60.9005,-91.0675,sapiente,deinde,cauda,hic,caste,aqua,substantia,73,237.23297633550408,51,rerum,6,2,2,true,0.08477895788287884,2023-08-03T01:09:46.165Z,Hoeger LLC,true
b41d8946-367b-41a9-a46f-87696936fb8e,2018-04-09T20:21:57.723Z,Manchester,Texas,Rwanda,-54.6335,-124.6354,barba,antepono,vapulus,benevolentia,infit,cervus,balbus,22,142.72113180362396,50,clementia,2,0,1,true,0.02170627702390676,2022-08-28T15:18:38.417Z,"Powlowski, Hegmann and Kunze",false
14a530d4-b974-4584-96b8-94ab197a2978,2023-11-26T15:22:21.870Z,Luettgenboro,Arizona,Togo,-79.2351,-137.4615,aestas,voluptatum,audeo,beatae,denique,vallum,terra,67,82.21295577239259,76,spoliatio,0,1,4,false,0.14479896467354425,2021-12-27T01:39:48.537Z,"Koss, Cummerata and Crooks",true
f1c90367-07bf-4fa3-b281-d27dbba76362,2025-07-16T11:57:51.604Z,West Celiaville,New Mexico,Reunion,70.2582,151.5322,absconditus,tepesco,curo,vitae,veritatis,decretum,cursim,59,0.26749312380055734,51,alveus,3,0,3,false,0.2346678744591793,2019-03-04T19:00:22.544Z,Grimes Inc,false
26d3b6b7-4076-40b6-97f6-43fd615ef097,2019-07-05T02:31:33.819Z,North Lauderdale,Nebraska,Turkey,-88.9294,5.0986,carmen,tenetur,sum,caelestis,absum,depopulo,summa,34,85.04064650281285,24,pectus,4,2,4,true,0.24542504549489538,2021-12-01T13:58:10.967Z,Mueller - Goldner,true
f6c03690-b574-43fd-91d5-c1f4c7571f14,2021-07-15T08:06:28.942Z,Bretburgh,Mississippi,Jamaica,61.2748,-34.796,degero,aufero,speculum,demonstro,virga,centum,sodalitas,41,68.57964211210579,28,culpa,1,0,3,true,0.12745081989913407,2021-08-01T01:29:22.535Z,"Greenfelder, Heathcote and Lakin",false
d0a9da6c-0b57-4cb2-a121-309c01291599,2023-01-31T02:54:55.658Z,Apple Valley,Texas,Argentina,55.8702,-49.2322,optio,ambitus,bonus,verecundia,sustineo,valetudo,abundans,80,197.28482404391772,84,caterva,5,0,1,true,0.009101884281332628,2020-07-07T03:04:25.879Z,Keebler - Smith,false
a7bffc88-dda7-4bef-8c20-af17c884ccd5,2024-05-23T21:32:16.621Z,Camrenfurt,North Carolina,Ghana,83.3876,57.2466,corporis,viscus,blandior,audentia,adimpleo,blanditiis,vestigium,30,117.67717630415754,69,casso,6,1,2,false,0.10809644767860319,2022-12-13T17:44:58.462Z,Bosco - O'Hara,false
faf7613b-412f-4ce0-8e6f-9ef8443c2865,2024-08-18T14:05:35.057Z,Fort Christyville,Connecticut,Venezuela,-33.4563,-82.9156,utor,enim,adicio,inflammatio,at,triduana,subito,111,124.44505262188508,57,coniuratio,2,0,2,false,0.23911279126919083,2025-07-05T14:07:17.204Z,Muller and Sons,true
86ee2134-68bc-469d-8dd1-07d1a6e6611c,2020-06-02T22:48:27.871Z,New Alf,Louisiana,Algeria,27.2128,49.0644,eos,vigor,dolores,caelestis,impedit,inventore,decor,95,164.13644040905874,98,arbustum,4,2,2,true,0.045786636756034144,2022-08-15T22:35:00.713Z,Stiedemann - Turner,false
1acda231-14bc-4455-8ebb-9b817aee2a35,2023-09-27T06:34:30.318Z,Encinitas,Idaho,Uruguay,34.1306,125.3645,cito,sollers,culpa,delibero,victus,utpote,aegre,44,207.1183180615251,68,ante,6,0,4,false,0.02745740833124996,2023-04-21T12:35:53.089Z,Jacobi - Murazik,true
8d96d43e-a623-4283-ac2d-f068530da8c1,2019-04-16T22:45:21.111Z,Reichertcester,Kentucky,Lao People's Democratic Republic,-11.1138,-168.633,cubo,aestas,unde,voluptates,angelus,celebrer,aeternus,80,42.506860300898886,74,desipio,1,0,3,false,0.09156076350053471,2018-12-26T18:11:11.090Z,Schaden Inc,false
59ab69ae-9a36-4a7b-a45f-ddf85e2218ef,2019-12-28T13:15:13.268Z,Santa Clara,Florida,Ecuador,-12.1412,9.6036,demo,adamo,confero,adsidue,aurum,arca,copiose,70,162.6392323066694,68,eveniet,4,0,3,true,0.1981084434528383,2018-04-05T06:30:32.857Z,Brakus LLC,false
4eb8dd86-6b90-4b96-a52b-52d7db6539ec,2020-04-01T10:36:40.983Z,North Mateo,Texas,Netherlands,-83.3772,-91.6648,absque,articulus,annus,via,vicinus,capillus,vespillo,35,226.65262278233632,17,corrupti,5,2,3,false,0.017405937782667108,2023-02-26T07:45:12.096Z,"Douglas, Kub and Heathcote",false
bdea475e-6ac3-4870-9cdd-961205a41c5f,2023-04-13T16:05:31.571Z,West Joliestead,Illinois,United Arab Emirates,-17.0214,-140.1531,astrum,conturbo,defluo,solutio,compello,stillicidium,supellex,51,100.32354806119373,78,sumo,3,0,1,true,0.17609322340075229,2018-07-08T01:05:48.527Z,Green LLC,false
884f7dab-096f-4333-b26d-fb7c56a7f7d1,2024-04-01T10:16:51.914Z,Lake Vickie,North Carolina,Gambia,-65.6474,25.653,statim,thymum,supplanto,depromo,coniecto,excepturi,antea,35,131.86756710819998,64,totidem,6,2,5,false,0.1665348476511445,2021-12-31T09:53:24.566Z,Ziemann and Sons,false