accident_id,incident_datetime,city,state,country,latitude,longitude,road_name,road_type,intersection_type,accident_type,weather_condition,road_condition,light_condition,speed_limit,actual_speed_kph,driver_age,driver_gender,casualties,fatalities,vehicles_involved,alcohol_influence,blood_alcohol_level,weather_reported_at,reporting_department,pedestrian_involved
40c510d5-7df1-49ec-9328-835308d29814,2021-03-09T12:15:58.930Z,Luettgenfield,Pennsylvania,Cuba,-89.9181,-85.212,repudiandae,temperantia,aeger,ambitus,subiungo,deleniti,patria,59,38.21142530071171,82,autus,1,0,3,true,0.20034249923324549,2025-10-08T00:19:01.729Z,Murazik - Quitzon,true
c2794c0d-2c0a-4843-8aaa-7683df1ef465,2023-06-26T11:41:29.382Z,Cummerataville,Missouri,Ukraine,-52.8439,107.1542,deprimo,acerbitas,uberrime,defluo,thalassinus,aptus,desparatus,109,8.764225583836618,90,varius,6,1,2,true,0.2472684905454135,2019-04-07T17:46:18.532Z,"Hilpert, Blanda and Herman",false
9066c822-41bf-4e7f-8016-fc91b4fe5bfc,2019-01-11T02:16:10.998Z,South Ellie,Delaware,Cayman Islands,-11.4635,-153.7386,vox,tenus,sulum,usus,terror,valens,voluptate,27,0.17554140389518302,30,aedificium,2,1,5,false,0.018008740251949762,2021-08-03T10:38:48.853Z,Hagenes - Jones,true
993c5a2f-2345-467f-acbd-abb9c27a0d49,2024-08-22T23:15:07.797Z,Fort Harleyworth,Idaho,San Marino,14.388,17.2589,spero,templum,velociter,articulus,ambulo,suadeo,suadeo,24,233.42491175706743,27,tactus,0,0,3,true,0.09043960235692156,2018-10-12T23:49:14.466Z,"Grimes, Schowalter and Lesch",true
993e2250-61e4-4327-af9c-0855c852327d,2019-04-04T02:25:51.777Z,Apopka,Kansas,Saint Pierre and Miquelon,-12.6255,49.854,torrens,vinco,a,complectus,vinum,colligo,caelum,32,2.3156433715128433,61,suffragium,1,2,3,true,0.18354688354362958,2021-05-17T21:18:30.814Z,Cummings Inc,true
f6ec55f4-77aa-4754-a9c4-fb5e5d9eafeb,2025-10-28T22:14:34.425Z,Solonton,Maryland,Mozambique,68.8206,-83.9508,cito,voluptatem,pecco,venio,cupressus,pariatur,calcar,49,78.33912805843258,37,depopulo,1,2,4,true,0.12456662761034035,2022-04-28T18:51:12.785Z,O'Reilly Group,false
33b0d766-4974-4fbe-bde1-54b9861673af,2018-04-06T19:22:01.879Z,Canton,Tennessee,Gambia,-63.7334,-25.5197,tutamen,cimentarius,commodo,armarium,curiositas,tabernus,vorago,39,111.95310161817443,81,appono,2,2,1,false,0.08252333535224649,2022-05-27T18:24:46.838Z,"Waelchi, Pouros and Heller",false
92bf10ef-f68f-4cf6-a332-b1d92b7e0fa4,2020-09-14T15:19:42.338Z,Stromanton,Minnesota,Bouvet Island,-9.6244,-26.3681,ullam,exercitationem,non,spargo,adhaero,cruciamentum,cupiditas,32,187.1370700080737,36,virgo,3,2,4,false,0.1456157808222741,2024-11-20T09:28:39.499Z,Walker - Jast,false
a5b9984e-3938-4aac-9236-b0387da0ea90,2019-07-14T22:39:29.549Z,Lake Emmitttown,Arkansas,Lebanon,-86.0539,-154.7893,tersus,voveo,magni,tunc,crastinus,cariosus,tenetur,44,222.59982803896511,17,minima,1,0,2,true,0.22528295043430088,2020-07-13T13:42:56.743Z,Daugherty Group,false
37a4b76d-bd69-4fc0-9d09-fabde49f0334,2025-02-03T20:27:36.264Z,Luehaven,South Dakota,Democratic Republic of the Congo,34.026,-92.368,corroboro,carus,utpote,sunt,tempus,cribro,canonicus,64,20.060882073934536,72,depromo,2,0,3,true,0.19836957720880036,2025-03-07T16:37:27.514Z,"Nolan, Mann and Dickinson",false
e90b3b1b-58a8-4c78-a8cd-658b69746085,2018-09-21T05:26:08.475Z,Kingtown,Wisconsin,Chad,45.4674,164.9722,recusandae,cenaculum,acerbitas,ventosus,molestias,consequuntur,varietas,79,112.44059576921549,35,corpus,4,2,3,true,0.24603445583622818,2022-05-25T00:01:41.792Z,"Koch, Bauch and Gutmann",true
851852f3-745f-404f-81e2-c6baf3842303,2021-12-03T16:17:50.349Z,East Guston,Michigan,Iraq,61.7699,-151.4877,adeo,stips,defetiscor,solitudo,deserunt,sapiente,cras,107,15.116273705746481,37,sono,6,0,4,false,0.07300677902702007,2024-09-29T16:48:11.143Z,Nienow - Wilkinson,false
cae8b7cf-6672-4e6e-b374-e15b70c8f829,2018-02-16T11:01:58.582Z,West Eldridge,Pennsylvania,France,0.0148,-55.3203,abscido,depromo,pecco,distinctio,eos,decet,celer,42,54.57885553849391,87,subnecto,3,2,5,true,0.1181367580576102,2022-06-26T06:14:23.314Z,King - Howe,false
ad1ece98-5ddd-4a88-a384-e4598c558563,2019-12-28T05:51:45.590Z,North Juliaport,Mississippi,Cuba,-57.1597,-38.4127,alienus,textor,artificiose,avaritia,tripudio,defleo,urbanus,43,197.02287640820217,30,dolor,3,1,4,true,0.1016161476793721,2021-06-09T23:27:43.875Z,"Zemlak, Schulist and Gislason",true
6d6cc7c3-9f7e-44a0-87ed-fd85d7513948,2020-04-07T02:10:29.175Z,Fort Marielacester,South Dakota,United Kingdom,-54.8335,-129.7879,ars,cervus,autus,quidem,caste,audax,addo,60,174.76006728326655,62,amoveo,0,1,1,true,0.18069449425876782,2023-09-05T13:49:35.951Z,"Davis, Larson and Kozey",true
7c195162-520b-42ff-a76b-57012d495232,2018-10-09T09:48:12.097Z,Skokie,Massachusetts,Guatemala,49.3625,-154.3573,supplanto,dolore,quae,ter,temptatio,aeternus,suasoria,91,192.7683304940474,97,vix,6,0,1,false,0.1552214708532324,2018-08-21T07:57:47.765Z,Veum LLC,false
6c7015b8-b0d3-4dd8-b5f6-f0cc0dcb7a11,2024-10-25T07:09:39.781Z,Mortimertown,South Carolina,Vanuatu,-39.4125,-89.4414,terror,cultellus,theca,celo,compono,tremo,caecus,32,16.982642746809915,56,vivo,6,2,3,true,0.03192889764144441,2019-11-17T21:10:16.598Z,Feest Inc,false
5d14aa6a-c3c6-4cc2-baed-88750424cb3c,2024-04-14T11:26:27.359Z,Port Aylin,New Jersey,Kuwait,-52.812,-104.9361,caterva,varietas,ubi,depono,adsum,defendo,vehemens,118,64.52004578299929,96,amplus,3,1,4,false,0.12525620835075874,2022-02-03T18:49:39.589Z,Wiegand - Renner,true
ecf89f88-e81e-41db-948f-03a9a0653bf3,2023-08-19T16:41:02.714Z,Sunrise Manor,Virginia,India,-24.3875,139.8523,adhuc,succedo,coruscus,usque,acies,administratio,artificiose,122,16.965558990234342,17,synagoga,6,0,3,false,0.06625876202048364,2024-09-26T04:46:54.460Z,Reichel and Sons,true
675fe0cb-cad6-4cd1-b74d-569272aa3389,2023-12-22T05:02:32.172Z,Severn,Vermont,Democratic People's Republic of Korea,-9.8382,-113.0213,caelestis,triumphus,cado,cogito,accusamus,clementia,ciminatio,63,206.21070049720703,17,concedo,1,0,5,false,0.19934866885620653,2025-01-18T12:58:21.898Z,"Reinger, Bogisich and Treutel",true
e67be0b9-4874-4fd0-acf8-0c98643789ff,2019-08-10T10:53:20.138Z,Simonisworth,New Jersey,French Polynesia,-2.2094,124.136,confero,dens,somniculosus,saepe,defendo,aequitas,cado,80,131.71018432275048,21,omnis,6,1,1,true,0.13754227487964304,2025-07-21T19:45:34.555Z,Bartell LLC,false
5646d485-0fbf-4503-90cb-d08de00c4d41,2018-07-10T01:21:11.381Z,Hialeah,Texas,Sierra Leone,-24.0453,-34.1987,dapifer,tener,comminor,trado,ambulo,dolorum,utique,47,27.238530329665622,60,solitudo,4,1,1,false,0.22629895329681457,2023-08-26T03:48:40.379Z,Hagenes and Sons,true
bed16ce5-b430-46aa-a1b9-501a0b040d01,2020-09-11T17:20:44.969Z,Tristinfurt,Rhode Island,Belarus,-55.5548,126.4008,appono,appono,crustulum,ultra,reprehenderit,vestrum,vestigium,96,99.4921914973468,52,tempore,2,0,4,true,0.15719108957275654,2021-10-21T10:12:10.260Z,Kemmer Group,true
c1b29572-b9b9-4f8e-aaa7-72cfae13a5ef,2023-12-16T05:08:37.120Z,Fidelfurt,Kansas,Netherlands,2.1078,165.4043,utique,ulciscor,sophismata,ab,depromo,accendo,bene,126,53.120098353034074,40,cumque,0,0,3,true,0.16487405996120377,2024-06-19T12:03:52.289Z,"Boyle, Schneider and Littel",false
40c3fdb2-3d7e-49a6-bda2-6a81df4bac06,2024-01-03T11:54:40.357Z,Lake Libby,Wyoming,Malta,55.0489,-45.2469,minus,communis,cicuta,cribro,supellex,vespillo,peccatus,67,187.69048046190852,84,amplexus,3,2,2,false,0.018013263356879555,2020-07-25T05:32:55.829Z,Beier - Lehner,false
98bb726f-5c9f-457b-b59f-1dd1a1d41310,2024-07-26T01:43:10.468Z,North Edmond,Louisiana,Malaysia,-67.7951,94.5842,adstringo,verumtamen,ager,aranea,accedo,caritas,vilicus,99,75.52621500580152,36,abbas,5,1,3,false,0.23384279839611163,2024-09-15T16:52:43.210Z,Weissnat and Sons,false
e302b071-1ab8-43dd-8f02-a641d760fa8a,2019-09-26T22:23:24.419Z,Wilmastad,Missouri,Belarus,57.7811,-170.2972,deripio,defessus,sonitus,sit,tondeo,statim,acervus,94,140.97663578483665,19,verus,6,1,4,true,0.08819543538407107,2024-03-12T19:43:59.152Z,Crona Inc,true
c8ffdf33-2925-446a-9cde-0a88bbf1b34e,2024-12-22T01:46:10.075Z,Mavisport,Ohio,United Arab Emirates,20.5046,-103.0038,suppellex,delego,teneo,vester,adamo,acerbitas,est,61,162.7494831521899,44,spiculum,2,2,2,true,0.00739072885503389,2025-03-02T23:17:06.886Z,"Wunsch, Goodwin and Goldner",false
541e6446-a5aa-4ef5-873c-cb09cfd01c69,2020-01-23T04:15:21.092Z,North Madisynhaven,New Mexico,Slovakia,-45.1615,-154.4784,sophismata,carcer,carpo,cubitum,abscido,uberrime,necessitatibus,51,86.67257812277967,90,vigor,1,2,1,false,0.016248047010732264,2019-06-09T22:55:09.009Z,"Roberts, Romaguera and Dietrich",true
240c7357-3660-40ca-8a88-0b4a87914820,2023-08-14T08:11:48.710Z,Jacksonchester,Arkansas,Burkina Faso,5.3975,138.0506,aegrus,adicio,tres,conforto,vitiosus,suscipio,tamen,107,216.81741089908013,96,textus,6,2,3,false,0.2117074416779251,2021-11-02T17:23:52.951Z,"Hartmann, Jacobson and Dickens",false
87c8ff3a-a0a2-49e2-bfc5-ddba722df62b,2022-11-23T15:23:43.102Z,Eau Claire,Michigan,Qatar,-73.5461,-79.6805,solvo,concedo,urbanus,temeritas,peior,vomica,vilis,47,50.105082559837506,38,consequuntur,4,0,4,false,0.10155080181107212,2024-10-16T18:16:16.357Z,Towne Group,false
26ff5972-654d-43a9-821b-1e3e7c380aac,2018-08-07T01:15:30.270Z,Kleinfield,Florida,Singapore,-53.1987,103.771,tam,conventus,vesica,ducimus,demoror,uredo,aperio,68,37.69057843659027,41,adulescens,3,0,1,true,0.03740603458843336,2022-05-25T02:12:21.840Z,Haley - Wiza,false
7ce2ec04-c5aa-4b77-b7c4-4f50a4d224bb,2019-06-17T02:23:09.506Z,Rickyburgh,Maine,Antigua and Barbuda,48.9099,78.2677,comprehendo,ocer,velum,vereor,auxilium,curso,sortitus,126,159.6897982907297,57,argumentum,4,0,2,true,0.24788057339352706,2021-08-09T09:41:18.657Z,"Leffler, Labadie and Keebler",false
50350d36-9576-4cca-b5a8-fd55c8b785fa,2025-12-11T15:31:26.699Z,New Ephraim,Michigan,Guernsey,-3.3714,149.0708,vinculum,vulgus,synagoga,voro,sumptus,voluptatem,deprecator,89,137.2431072655868,74,usus,5,2,4,false,0.19720249888903685,2023-11-11T08:02:21.902Z,Streich - Dare,false
896ec016-d778-44f4-808e-d8af0af78702,2024-03-02T13:42:11.561Z,New Tonychester,Mississippi,Anguilla,-9.9196,45.1291,annus,alienus,aetas,veritas,viscus,sufficio,veritatis,84,58.4103575309529,73,vulgaris,3,0,4,true,0.06702902842462746,2021-10-15T02:38:41.740Z,"Koch, Lindgren and Bernhard",true
73d58c47-471a-49cb-bf50-caa8796bd13e,2021-12-26T12:59:45.008Z,Port Frederic,Texas,Svalbard & Jan Mayen Islands,-15.4115,94.9455,theca,placeat,abutor,alveus,talus,cohors,vester,21,79.67015039130166,19,curvo,1,1,2,true,0.08444008266567618,2024-09-06T19:17:40.390Z,"Rogahn, Rohan and Lubowitz",false
6e8b26b3-5437-4fae-8de5-922e42c03e21,2021-11-17T14:02:19.566Z,New Kristina,Alaska,Holy See (Vatican City State),10.6029,-127.6812,aranea,subiungo,supellex,thema,vir,velit,vivo,38,39.69003084620635,81,utroque,5,0,2,true,0.2078941321099081,2022-02-28T22:58:12.242Z,Hartmann and Sons,true
4bdf0e54-3fb3-43f4-b2cc-dc794e8ce48f,2025-08-01T23:35:32.773Z,Lauryside,Texas,Martinique,-71.0147,171.2039,pecus,verto,thesis,viriliter,depopulo,addo,thema,111,29.289485905973088,97,somnus,4,2,2,true,0.10027087183890232,2020-06-01T13:29:13.137Z,Hermann - Gleason,true
993b882d-bb17-4d35-b655-57338b01569c,2025-06-07T16:44:10.323Z,Armandfield,Indiana,Anguilla,-85.3169,166.6443,demonstro,venio,officiis,conculco,cicuta,denuncio,subseco,103,142.390266321915,29,adeo,3,1,4,true,0.10651467149606986,2023-11-05T13:30:26.028Z,"Botsford, Baumbach and Cremin",false
2f58df8a-6df7-4d8e-9a7b-4eea63424251,2020-12-06T20:59:44.041Z,Joliet,Alaska,Uruguay,78.963,91.7898,sequi,varietas,subito,rem,collum,compello,cupio,41,60.27145262522388,25,admoveo,2,0,1,false,0.20855260152208752,2019-02-07T08:00:30.274Z,"Okuneva, Weissnat and Zemlak",false
fe38d9ff-3b76-4f17-95c7-97d16175041d,2022-06-13T05:47:18.801Z,Aurora,Arkansas,Western Sahara,8.4033,97.0689,acer,decimus,aspicio,ambitus,capto,tero,audeo,57,133.915579378808,88,succedo,0,2,1,false,0.12306527054070981,2019-08-04T20:49:13.276Z,Yundt - Cronin,true
a15f8be5-7b0f-4d8a-8ef2-e21ff94cd55b,2022-09-27T18:37:20.075Z,Lorineland,Vermont,Senegal,-89.2481,-7.9832,verecundia,tenuis,clementia,commodi,ut,tamisium,sponte,129,74.36724823809062,69,tamquam,0,1,4,false,0.17057415809456006,2018-01-03T13:15:59.164Z,Considine LLC,false
ce78c958-99f3-4426-93a4-250b01e74429,2020-09-18T12:23:32.436Z,Alizechester,Oklahoma,Malaysia,-59.0553,5.5078,desipio,deripio,ut,centum,triduana,valens,verus,51,58.338790126741884,90,viduo,2,2,5,false,0.20647383389953078,2019-01-11T02:06:24.738Z,Kirlin - Jenkins,true
a123d185-8d38-4c11-9820-af91546c7714,2021-10-22T03:08:06.343Z,Urbandale,Oregon,Democratic Republic of the Congo,-44.5897,41.5108,damno,tenuis,vitium,occaecati,sumptus,trans,absum,58,13.387340351014796,97,adeptio,5,1,5,false,0.22638125429203357,2020-11-15T10:50:21.123Z,Erdman LLC,true
ec46bf4b-c9f5-4a8f-816c-12e2814a123e,2022-11-06T11:07:48.724Z,Trudieside,Washington,Sint Maarten,63.0691,95.9565,id,bos,ago,suffragium,vorago,demens,tardus,130,3.2878526368430006,98,laboriosam,3,1,5,true,0.20350340783702545,2020-08-17T23:26:39.265Z,Funk Inc,false
ddb2cf32-8697-4e56-a361-b189f034702f,2021-12-15T18:14:27.121Z,Clifton,Nebraska,Luxembourg,-37.0458,-141.4419,veniam,tempora,molestias,quod,commodi,suasoria,aqua,37,185.88708085856075,78,volo,2,2,1,false,0.009998497719961585,2018-10-06T11:31:14.470Z,"Goyette, Carroll and Thompson",true
abf0e4e6-4bd7-4054-b3e0-2afae6d59b12,2022-04-18T06:53:33.373Z,Vandervortport,Maine,Afghanistan,-48.4573,95.6322,cogito,debitis,aggredior,terror,atavus,adipiscor,creator,114,179.72516090416917,37,cornu,1,0,3,true,0.04091868934339754,2023-06-07T17:45:42.067Z,O'Conner Group,true
a080c64f-610c-4c51-8ef3-64622368d629,2019-02-20T17:13:15.337Z,North Samantacester,West Virginia,Mali,-58.9675,18.6196,sulum,vinum,verbum,tergum,iste,combibo,adaugeo,94,160.172515470237,77,curo,5,2,4,true,0.2471492417732952,2024-07-17T04:03:36.389Z,Bins - Zieme,true
338165a2-ee32-4632-9054-d2e1bb6a2be4,2021-05-05T16:49:50.811Z,South Horacioshire,Louisiana,Oman,-44.3911,-103.2203,voco,delibero,vulgo,alioqui,terminatio,cum,iure,47,147.96590648975706,72,vulgus,4,0,2,true,0.010886660606778426,2024-01-28T11:08:12.904Z,Stoltenberg and Sons,false
29f938e3-a2d6-4081-8285-26a659340a46,2025-04-22T04:44:43.573Z,Lednerland,Mississippi,French Polynesia,26.2492,-29.9976,deserunt,dolore,quis,corona,beatae,soluta,beatus,114,64.40282259251121,31,vester,4,0,4,false,0.016673309909350176,2021-08-29T00:31:44.312Z,Wisozk Group,true
2c78f6e8-1bab-43df-a21b-e12af9220986,2023-03-30T22:17:42.134Z,Marcusburgh,Connecticut,Ireland,59.6865,139.3191,somniculosus,arcesso,tutamen,surgo,cavus,benigne,quasi,94,162.7645846452379,57,debitis,4,2,1,false,0.08323582715067362,2021-03-19T09:55:20.989Z,Ortiz - Wiegand,false
99547928-9d51-4d66-a39a-cce16ae58ba0,2023-10-11T04:12:40.196Z,San Juan,North Carolina,Mexico,6.7076,-127.7931,universe,quisquam,caterva,depraedor,argumentum,tergiversatio,aetas,49,185.2424165349146,22,cetera,1,0,1,true,0.24763743191165297,2025-04-28T10:01:53.350Z,"Paucek, Macejkovic and Reichel",true
7e897722-4852-4265-a82d-7157e8651c53,2020-01-13T02:55:36.598Z,Lerafort,Ohio,Ecuador,1.4615,57.5981,aeternus,adhuc,vindico,venustas,patruus,vicinus,socius,39,51.90163262954363,17,tutamen,6,2,5,false,0.07150391347799501,2024-10-19T02:09:23.688Z,Schimmel - Torp,true
c91ee34c-fbcd-49e9-a65d-4a0875804480,2018-09-05T22:05:43.740Z,East Aronton,Louisiana,Armenia,18.5677,155.433,atrox,traho,tardus,arma,theca,coadunatio,voluptatum,45,197.90721077768242,37,usitas,3,1,4,true,0.07481507649275163,2021-07-20T12:51:12.729Z,"Boyle, Howe and Maggio",true
65897c61-0d8e-471a-af4c-dcf848fca7bb,2018-06-19T21:31:59.289Z,Marietta,North Dakota,Cyprus,-66.1925,-14.0662,somnus,absens,defungo,in,arto,tabgo,cunabula,67,94.01192450291383,73,unde,5,2,5,true,0.16592806482853223,2025-09-10T09:09:39.406Z,Kerluke LLC,false
fbad1aa4-def4-4abf-bd36-d59e3761a602,2022-04-23T20:31:43.125Z,Bergeborough,Virginia,Poland,-65.8034,82.1312,totidem,talis,basium,aequitas,urbs,omnis,quibusdam,65,210.24219556125828,84,tempus,0,0,2,false,0.109503012779782,2024-04-08T22:48:13.896Z,"Nader, O'Kon and Reichel",true
73b089de-8400-4ca7-80ce-5b6ee3519d9f,2019-05-15T03:01:16.988Z,Spencershire,Alaska,Romania,68.1251,176.6255,accommodo,tenax,ventito,versus,suspendo,adamo,tibi,89,111.1543886380141,54,tui,0,2,5,false,0.07874805039044158,2018-01-04T09:09:12.337Z,Toy Group,false
df58f570-90ad-4538-ae2e-e0020826222f,2022-10-18T17:23:16.212Z,Fort Lilian,Utah,Poland,-52.7006,31.7683,textus,contego,titulus,error,reprehenderit,aperte,denuncio,103,203.3557094330887,39,velum,1,0,4,false,0.13798750512114266,2021-02-02T22:47:53.717Z,MacGyver LLC,true
032c9d5c-50e5-4330-8529-3db8f50d3e35,2023-05-22T07:04:29.513Z,New Dashawnport,West Virginia,Kazakhstan,-83.7611,58.9401,antiquus,delego,studio,bis,ducimus,cupressus,apparatus,119,76.40583379482916,58,arbor,6,1,1,true,0.21153175879269864,2025-05-10T09:46:58.489Z,Casper - Schiller,true
e0b769ba-fb49-4cb3-8f7f-afe74bf37908,2018-08-22T18:53:50.497Z,Lake Weston,Kentucky,"Bonaire, Sint Eustatius and Saba",24.0639,-70.1251,aedificium,vereor,provident,absque,verumtamen,aperio,dapifer,66,167.61207801020413,73,arcus,0,2,2,false,0.003192119149723699,2024-05-12T17:33:24.664Z,Krajcik Inc,false
5a934583-7a70-4e3a-81ec-6cb57ad74a3e,2019-08-14T03:03:48.854Z,South Rubyeview,Hawaii,Netherlands,60.216,-88.9867,suffoco,adsum,est,cibo,vigor,deficio,ver,124,136.0486148114681,67,solio,4,2,4,false,0.24503778573835064,2025-06-17T21:40:59.303Z,Carter - Mosciski,true
77c06389-f571-40e9-ae38-fa476ec6a3fb,2018-12-30T01:46:38.812Z,New Fredshire,Maryland,Montenegro,-63.3329,81.6939,tener,subnecto,utor,aeneus,illo,tondeo,tamen,84,183.1947727210698,73,conservo,1,0,4,false,0.06717953752418365,2025-06-14T01:50:52.520Z,Cormier Group,false
2bf0ace8-28f8-448f-86ab-39c0fb8d3af5,2021-07-11T09:45:57.781Z,Sunrise Manor,Illinois,Chile,36.5413,-108.1483,accommodo,vivo,trucido,vos,deputo,audentia,thesaurus,71,119.85801401318562,80,vero,2,2,4,false,0.020167973211372314,2025-11-29T18:26:15.150Z,Goldner and Sons,true
d49e4081-97b9-4a85-9916-268edbedaaea,2019-09-13T09:25:58.462Z,Bartland,Illinois,Albania,70.6621,45.4835,voluptatem,ad,custodia,cura,ea,cupiditas,taceo,23,63.50946978976399,27,statim,3,1,3,true,0.1729744123642353,2020-02-25T20:01:53.082Z,"Flatley, Aufderhar and Vandervort",false
527b90f8-a647-4b02-ab0a-20666b32b581,2019-01-01T10:13:39.870Z,Jaynehaven,Massachusetts,Chile,-11.9353,-166.7815,sustineo,tam,vacuus,adipiscor,tersus,cometes,aequus,110,2.321888336101816,79,thesaurus,2,0,5,false,0.12829501046154748,2019-08-01T16:20:42.885Z,Thompson - Beer,true
4ade4c95-57a6-498a-8d05-2bce76c0acf0,2018-01-27T01:44:16.504Z,East Tressamouth,Colorado,Latvia,-68.6704,-113.1217,audeo,unus,audentia,atavus,cribro,amplexus,benevolentia,87,174.06239381255617,48,comburo,6,2,3,true,0.08223149042307121,2022-07-13T15:17:20.773Z,Legros Group,false
e88c556e-00a9-44de-a84b-8e79f4e9bd87,2023-01-27T15:49:43.506Z,Millerbury,Vermont,Bosnia and Herzegovina,45.4405,-4.8523,infit,crustulum,adamo,cruentus,deficio,voluptate,sodalitas,96,92.50486092694538,95,adipisci,0,2,3,true,0.21256188276117302,2022-07-14T14:16:46.449Z,"Wehner, Hansen and Labadie",false
afd1ac46-06fc-4a7d-923a-ec3844a405bc,2019-05-20T08:41:47.914Z,Rathton,Maryland,Djibouti,37.3468,50.4621,coaegresco,auxilium,adinventitias,sit,apparatus,tardus,tripudio,51,53.99500458713932,73,deorsum,1,0,3,false,0.12193476372371084,2021-11-02T11:06:02.359Z,"Lowe, Block and Koepp",true
9aebec81-e724-4c73-a657-1f0fc832f0ea,2019-04-13T00:32:52.831Z,Duanehaven,Nebraska,Fiji,-49.6958,138.9556,tendo,incidunt,ipsa,sui,maiores,corrupti,tepidus,66,119.51839278221178,41,ustulo,2,2,4,false,0.17304885902889958,2018-05-03T23:16:52.548Z,"Shields, Becker and Lang",true
19a94d39-0ee4-40df-8ce6-36c9d444badb,2020-11-25T14:17:38.791Z,Lee's Summit,Kentucky,Czechia,12.3795,-100.7093,taedium,adinventitias,alius,eos,ad,cras,pauci,34,162.5185978067494,95,totidem,3,1,1,true,0.01295633272157004,2020-10-27T15:32:58.383Z,"Marks, O'Connell and Rau",true
d9e6cad3-4f02-4fcc-afcd-17e3fe2de9fd,2019-12-21T04:20:04.106Z,Port Madyson,Texas,Saint Lucia,-37.9586,118.5824,pecus,nam,tempora,placeat,usque,cum,careo,70,183.79763450080782,38,crustulum,3,1,4,true,0.10646337612044465,2024-06-18T03:43:38.521Z,"Raynor, Moore and Howe",false
6acf2163-4fd5-44f8-a88f-756cb4615610,2020-04-09T21:48:31.640Z,Rempelstead,Nevada,Mexico,40.8299,-172.8244,decet,creo,ventus,brevis,viscus,excepturi,conqueror,33,2.5293813566916867,58,virgo,0,0,5,false,0.1043225365038819,2021-10-06T06:42:09.153Z,Larkin - Johns,false
593debfb-0b2f-4db6-a8bf-d685fb955d1a,2025-03-04T22:43:35.818Z,Lake Paul,Wisconsin,South Sudan,-49.9668,-88.406,vir,amitto,quo,conforto,demum,occaecati,ascisco,56,198.6431928918197,41,combibo,3,1,4,false,0.11417943761606655,2018-11-17T13:14:38.377Z,"Erdman, Fisher and Terry",false
224edd92-f9b9-43dd-9623-dd3db0cb4e75,2023-08-19T12:00:19.476Z,Ezekielboro,Utah,Kuwait,-0.3068,-49.3555,magni,tibi,speculum,adamo,coepi,delego,abundans,78,175.36040109114344,83,at,6,1,3,false,0.18804183329517984,2022-10-12T14:04:30.120Z,Farrell - Lebsack,false
5027e916-27c6-4fc3-bf41-3cccde3d1627,2022-04-01T19:24:01.655Z,South Hughchester,Mississippi,Lao People's Democratic Republic,44.3297,59.3782,calamitas,illum,deficio,expedita,deficio,tracto,antepono,88,48.59122468682237,65,somnus,1,1,3,false,0.23019266656083942,2024-08-04T07:35:21.943Z,"Bradtke, Price and Bailey",false
eb59052e-3220-44c1-9b2f-c5b7f88c98da,2025-09-19T16:38:13.582Z,Kannapolis,Utah,Mongolia,-67.2431,-64.1533,adopto,toties,subito,adfero,turba,adversus,arceo,121,224.68139020198086,59,sustineo,4,0,1,true,0.08614257297567349,2023-11-25T21:16:13.970Z,Bartell Inc,true
91813adc-b7df-462a-9379-db2cfa9c0235,2025-09-15T16:45:49.638Z,Efrenhaven,Oklahoma,Guinea,-1.1654,-65.6026,capio,tener,porro,solvo,cubicularis,stipes,placeat,89,52.59509274100475,80,cattus,0,2,2,false,0.18802206993126866,2025-08-23T02:25:44.005Z,Swift - Klocko,true
f5f598c6-9c3c-4e0f-bc0f-5419e26623d7,2024-08-15T04:35:51.749Z,Isomton,Wyoming,Norfolk Island,33.8517,61.4849,taceo,conduco,ait,uberrime,comes,claro,celer,126,73.00782342308315,65,subnecto,3,0,3,false,0.1260825339635772,2024-07-02T00:48:44.155Z,Farrell Group,false
ec938b38-5efc-490a-8d4d-837eff8ba418,2022-12-18T18:35:50.338Z,West Jess,New York,Faroe Islands,84.7615,120.188,voco,maxime,vulgus,suppellex,ex,delectus,coepi,83,126.7718052268692,25,voveo,6,0,3,false,0.23098987486411848,2023-01-18T05:04:47.392Z,"Heller, Durgan and Quitzon",false
82b21b97-1864-495f-aae1-faaea939e7bf,2019-04-06T22:36:11.161Z,Mabelleberg,North Dakota,Libyan Arab Jamahiriya,-83.0301,-13.8505,adipisci,creptio,vinco,aiunt,vomito,timidus,argentum,117,221.73004146735133,45,maiores,6,1,1,true,0.13981294265250815,2018-11-26T09:14:34.901Z,Rippin Inc,false
35bf0236-eda6-459b-91bd-324c152c6677,2021-11-12T18:57:11.016Z,Lake Agustinatown,Michigan,Argentina,-64.4911,-156.4842,despecto,curriculum,saepe,vomer,sulum,tollo,vinitor,26,183.8388472516316,58,adversus,1,2,1,false,0.1925689271908978,2019-05-29T02:03:05.371Z,Glover LLC,true
ae4915f5-c899-4ec5-b872-1525acb7bc54,2022-09-13T07:15:56.303Z,Lake Wendyburgh,Nevada,Sao Tome and Principe,26.3433,-56.7714,correptius,vesica,adversus,synagoga,aperte,mollitia,victoria,116,10.99057183219946,40,verbum,5,2,4,false,0.017184896699611735,2018-09-21T19:12:02.427Z,"Collier, Balistreri and Leannon",true
882604e5-fe1f-4874-8095-1f511983e2b1,2025-02-04T01:48:51.824Z,Ronaldoshire,Arizona,Uruguay,55.8444,-104.3115,tepesco,coruscus,decens,ater,catena,aliquid,crudelis,69,236.51347670470327,72,ancilla,5,0,5,true,0.08541809100830175,2021-01-29T22:10:11.625Z,Schmeler LLC,true