accident_id,incident_datetime,city,state,country,latitude,longitude,road_name,road_type,intersection_type,accident_type,weather_condition,road_condition,light_condition,speed_limit,actual_speed_kph,driver_age,driver_gender,casualties,fatalities,vehicles_involved,alcohol_influence,blood_alcohol_level,weather_reported_at,reporting_department,pedestrian_involved
c5bd4a63-f585-4693-93ec-d175d5e5b20e,2020-09-16T15:38:02.879Z,New Lacy,Kansas,Guadeloupe,-82.9162,-43.0213,usque,alias,minus,adfectus,subiungo,reiciendis,sum,91,40.51771135945592,20,veniam,6,2,3,true,0.10417448804110788,2020-10-05T05:38:56.426Z,"Hahn, Robel and Quitzon",false
f64da573-12dd-4eb3-9f9d-e67f6f5e923c,2025-01-05T14:34:38.585Z,Fort Efrenton,Kentucky,Pakistan,88.5473,-148.8177,comitatus,admitto,dolor,at,alius,triduana,sequi,122,161.3678160191295,65,volva,0,2,5,false,0.02950096006463443,2018-06-28T07:16:00.475Z,Heller and Sons,false
98ced27b-f6c3-4d2c-86e5-82f15cfbfedf,2020-03-21T19:44:52.201Z,West Amelie,Rhode Island,Portugal,82.3536,-103.6257,supellex,vicissitudo,creber,bonus,succedo,timor,repellat,93,169.31308019022035,73,capto,5,2,1,false,0.15759884142376263,2020-08-15T03:34:15.124Z,Effertz Inc,false
5552a28e-1b29-46c9-889b-e5a2909fbc55,2020-08-13T16:57:06.548Z,Lynchshire,Utah,Nigeria,54.6579,40.6041,stips,coma,aliqua,excepturi,autem,cubo,totidem,64,182.24383729534307,87,arx,4,2,1,false,0.127478683010022,2023-05-03T07:44:22.151Z,"Lehner, Kuhlman and Bode",true
4d88c160-e5cc-4028-b0aa-9d4b3000f539,2024-02-23T21:26:21.431Z,West Haylieside,New Mexico,Brunei Darussalam,-35.166,-140.5876,thermae,cimentarius,sordeo,amoveo,vinum,arma,dolorem,40,181.9634873700907,95,celebrer,2,0,2,true,0.1515238188160113,2022-06-14T20:47:11.836Z,"Ondricka, Bernier and Crona",true
2621f964-5a83-46bb-88ab-332c80bf6d26,2025-08-03T16:05:13.954Z,Waterbury,Indiana,Senegal,-68.7879,-162.4938,vinum,blanditiis,voluptatem,totus,absum,concedo,socius,86,167.70408366059146,67,amita,4,0,1,false,0.20581652750513849,2019-04-14T03:16:42.945Z,Lakin - Hilpert,true
db7ff5bb-55aa-4ea7-b8e5-6e0a20984583,2020-09-30T10:58:21.457Z,Jeanneland,Minnesota,Liechtenstein,-19.2109,140.4148,commemoro,demum,circumvenio,asporto,decor,crustulum,auctus,55,132.63753642566368,51,adicio,4,2,3,true,0.07538090058726263,2018-03-21T23:54:24.662Z,"Borer, Balistreri and Schoen",true
776c4caf-3642-42ae-8efa-65fd00b4be23,2022-05-09T14:41:42.237Z,West Clair,Illinois,Rwanda,41.6047,-45.0367,doloremque,officia,cena,agnitio,subseco,cimentarius,valens,126,169.25867460483457,57,pectus,1,1,2,true,0.1259942572680644,2025-01-01T06:45:34.201Z,Balistreri - West,false
3857cef8-793b-4af9-bb91-b3330047f2be,2023-12-30T13:37:33.600Z,Beckershire,Alabama,Iceland,77.4162,-51.3583,thalassinus,at,undique,eveniet,adopto,ea,numquam,49,25.431156520497993,58,ascisco,6,1,5,false,0.059543553773728136,2023-04-20T00:38:12.339Z,"Kohler, Lehner and Jast",true
8cdcf886-f180-4862-9107-6da99d32e7bd,2020-06-26T12:42:14.568Z,Prohaskaburgh,New Mexico,Namibia,-10.4721,123.6451,voluptates,tui,circumvenio,cunabula,temeritas,infit,tergo,108,227.802512677468,24,apostolus,2,2,5,true,0.053233562702915405,2019-09-25T05:24:51.843Z,Kassulke - Wisoky,true
a2018791-75f8-4074-929d-f45dee58dd12,2021-07-24T08:49:13.277Z,North Olaf,South Carolina,Republic of Korea,-41.5513,-37.1576,fugit,talio,impedit,abeo,victoria,statim,ambitus,50,217.39494578016803,33,deleo,5,1,4,false,0.1865525094736789,2024-08-15T19:37:42.512Z,"Littel, Leannon and Windler",true
f892f889-db47-4932-9a9b-eae2e5ed8c8f,2024-08-18T10:16:10.835Z,New Emilieview,Nebraska,Cote d'Ivoire,-40.1947,166.0722,arcus,bibo,corrupti,cibo,auditor,sperno,virga,50,133.51668269865993,96,trado,6,0,5,true,0.23330134527563248,2018-05-17T23:21:25.041Z,"Jacobs, Emmerich and Stamm",false
81b551da-8d4f-42b3-ae93-d8ba032a7a34,2022-12-01T19:31:31.827Z,Calliecester,Rhode Island,Spain,89.554,-6.8484,angelus,trado,coaegresco,terreo,incidunt,dapifer,cupiditate,33,130.2668516558446,22,coma,2,1,4,true,0.06554773422104518,2023-07-09T16:55:10.357Z,Tillman Group,true
49bfa88c-1478-47b1-b932-715bd05f0eec,2021-09-19T15:22:26.508Z,San Juan,Mississippi,Antigua and Barbuda,3.0445,163.6565,cursus,usus,aiunt,cito,exercitationem,crux,adimpleo,73,94.68191796060286,52,ager,6,0,4,false,0.04115370815298197,2019-07-20T02:33:04.756Z,Kessler - Rippin,false
9610745c-f60d-4545-9976-5d96a36893c3,2022-10-07T02:57:54.800Z,Deionstad,New York,Australia,53.358,161.1307,vinculum,absconditus,vita,sperno,videlicet,crapula,curriculum,40,12.098910396983893,28,defero,5,0,5,true,0.1126262154177311,2018-12-24T22:02:34.213Z,Schneider and Sons,true
9c468fa2-ad8a-4f79-a4a0-b3e8af3e43d4,2023-01-28T17:48:17.241Z,Hilo,Kansas,Cape Verde,60.1347,-63.7726,cetera,ut,baiulus,antepono,degenero,solvo,celo,101,121.54928547082493,39,quo,5,1,5,true,0.16391152828137145,2020-02-02T03:06:46.024Z,Pollich - Kris,false
d7b0fe19-d9e4-4d3d-b70e-9df199978fe8,2018-07-10T00:56:17.334Z,Alexandria,Michigan,Equatorial Guinea,-1.6326,41.8387,caries,stipes,vulticulus,aptus,atque,textilis,asperiores,57,27.087712494985592,97,theologus,4,2,2,true,0.10618443271354,2022-06-24T06:59:10.403Z,Swaniawski - Yost,true
54463e30-fc35-49a3-beba-a7e5b61f0076,2022-06-29T01:32:02.652Z,Keelyshire,Maine,Philippines,-43.6585,-152.7653,spectaculum,asper,nulla,cena,terra,tandem,nemo,128,141.8057350611157,19,ex,1,2,2,true,0.04731775398784113,2018-04-08T15:47:58.119Z,"Cummings, Goldner and Swift",false
ea4e93aa-85c5-49a0-ae5f-3839deb4b453,2021-07-06T08:46:43.669Z,East Minnieland,New York,Djibouti,-47.3525,50.97,molestias,curo,tabula,spargo,clibanus,supplanto,coma,35,44.83698420325936,28,amicitia,2,1,4,false,0.03968275934793497,2018-09-25T13:07:00.731Z,Dare Group,false
bce27c31-a71c-49b9-ac35-aa69a8b53a44,2025-06-20T17:14:20.211Z,South Emmanuellechester,North Carolina,Timor-Leste,85.3457,-103.3981,sulum,tredecim,commemoro,dapifer,peccatus,benevolentia,condico,46,132.83950237744074,64,cibus,4,2,5,false,0.02996091985803495,2018-08-09T01:38:54.011Z,Stark Inc,true
c4e914e0-0458-49a3-9014-837c424462ef,2018-12-22T22:36:26.254Z,South Jesus,North Dakota,Republic of Korea,15.8833,-56.6525,capillus,vitae,desolo,cohaero,damno,hic,solutio,97,18.380401461057172,86,timidus,4,1,5,false,0.09346780354955758,2021-01-07T21:35:11.562Z,Wiegand and Sons,true
be8e107f-655f-4df0-bfd7-10d98f799693,2023-02-25T22:05:10.297Z,Brendanton,Virginia,Vanuatu,-76.6268,117.1561,bellicus,agnitio,caterva,victus,abduco,attollo,utpote,114,39.798006721568925,72,argumentum,1,2,3,false,0.09955951601039753,2021-06-16T07:51:12.707Z,"Kuphal, Gislason and Legros",true
bc16920f-86b3-4cb2-a207-672e298a877c,2018-03-26T15:02:12.865Z,East Milford,Michigan,Aland Islands,-7.9467,58.5835,deputo,argumentum,comparo,utrum,colo,soleo,appositus,91,214.435391925516,17,audax,2,2,3,true,0.15454022010316235,2018-12-06T09:17:21.506Z,"Beatty, O'Connell and Toy",true
857c7c73-2db5-4085-8972-82441ab711f2,2018-08-24T22:36:25.485Z,Port Jaquelin,Idaho,Guatemala,30.0842,33.8857,canto,eos,cinis,atrox,theca,demitto,voluptate,86,218.11148681499984,82,balbus,3,1,4,false,0.23153368810198222,2020-08-25T06:45:42.666Z,Mohr - Erdman,true
964d4acb-632b-4e9f-b120-32113e81e1c0,2019-09-27T23:07:40.075Z,Padbergfurt,Tennessee,Comoros,-33.5195,138.3983,patrocinor,creptio,thymum,ipsa,cavus,aliquid,atavus,106,3.3864483790090016,91,suscipit,2,0,1,false,0.0876118297313486,2025-12-13T03:28:12.931Z,Durgan Inc,true
0fb5aa17-12de-43de-9a5d-974f482d2d55,2019-06-07T23:45:47.777Z,Keontown,Texas,Montenegro,-89.223,62.8912,alter,nesciunt,vado,possimus,id,assentator,facilis,104,207.4833960351242,58,arbitro,4,1,5,true,0.003987850575793012,2021-02-01T02:03:06.208Z,"Balistreri, Kozey and Prohaska",false
c25f1635-b585-403d-976f-1ac6ac9c402a,2020-03-05T19:28:34.047Z,South Coty,Indiana,Kenya,-19.6191,-50.9306,deficio,ullus,libero,averto,sollers,una,verus,113,58.06876870211303,72,tergiversatio,4,0,1,true,0.17561572971930536,2022-07-13T16:30:53.029Z,Nader - Padberg,true
d0d46b47-f3bf-4c76-b1f6-61c47eec02be,2022-01-09T23:09:39.482Z,South Mayraview,Pennsylvania,Benin,-50.2051,54.0663,acer,coadunatio,acsi,ventito,addo,decipio,speciosus,70,185.9302157220964,44,cura,0,0,3,true,0.1756538238657067,2022-09-11T20:25:14.413Z,Krajcik Inc,false
4851bc57-b816-4305-ad0d-ce86b14d0a6b,2024-11-01T04:07:28.462Z,Irvine,Missouri,Honduras,60.3979,175.506,conqueror,vaco,repellat,sit,alius,conscendo,volva,35,31.40473612280416,91,approbo,6,1,1,true,0.0041832200664141395,2018-06-14T05:29:36.528Z,Powlowski and Sons,false
847bdb0b-469b-43ab-9fb9-487a9e9d64e6,2022-01-13T23:47:21.524Z,New Francocester,Minnesota,Poland,-3.0214,160.8868,testimonium,careo,spes,vulticulus,creptio,paulatim,adinventitias,82,200.1690901208421,82,compono,1,0,5,true,0.22319239885048964,2022-04-25T08:26:20.677Z,Kihn - Bradtke,false
161ac223-20fc-4998-bf78-ad73dc7e6ffa,2020-01-18T09:41:21.147Z,Quincy,Washington,Lithuania,-54.0247,69.2135,clarus,pecco,sublime,censura,sursum,ciminatio,adhaero,27,167.14307494361458,62,amet,0,1,4,true,0.1598067005746093,2022-06-12T10:49:26.569Z,Nitzsche Group,true
d62a7536-328a-4b15-a8cf-ab775645b703,2022-09-22T00:28:28.430Z,O'Reillyhaven,Wisconsin,Guyana,-74.8504,-88.4849,tondeo,amissio,vilitas,defendo,curo,carpo,talis,30,123.69559420241055,71,currus,5,2,2,true,0.011708345949021676,2021-08-29T07:33:59.474Z,Vandervort - Roberts,true
5492a4b1-9b5e-4988-b889-eba13f9c634f,2021-04-05T20:16:58.100Z,Fort Abigale,Vermont,Canada,-63.4718,-33.9822,deputo,aetas,triduana,conicio,succurro,suffoco,utpote,24,169.43098226450493,21,natus,4,0,2,true,0.13301694485114254,2020-05-18T01:58:46.835Z,Cummings - Schiller,false
66291bbb-045c-4fd2-b1e0-946f860a04ec,2023-08-09T17:46:20.408Z,East Maynardfield,North Carolina,Pitcairn Islands,-71.3047,-123.0524,paens,recusandae,vilis,dicta,peior,pecto,crustulum,105,120.1641450294864,51,tendo,3,1,5,false,0.19206053952418167,2019-01-20T16:03:40.772Z,Nikolaus - Waelchi,true
bf0657d2-7024-464d-a7b5-485791a413ab,2020-05-25T19:51:33.689Z,Walterland,New Hampshire,United Arab Emirates,51.6701,16.1549,acies,cribro,bonus,assumenda,stillicidium,thema,dolor,36,129.65165207575117,73,tergeo,3,0,5,false,0.13735601942128645,2023-04-01T00:19:30.902Z,DuBuque and Sons,true
cfba7efc-4bc3-4244-b7fc-d0656963def3,2021-12-22T23:53:10.605Z,Rockville,Tennessee,Belize,-29.7941,-36.005,cupiditas,cotidie,defendo,curiositas,voco,abbas,labore,100,134.3108338381128,44,ars,2,0,1,false,0.19005778354641234,2022-03-11T18:53:00.029Z,Ankunding LLC,true
78245865-d55f-48be-ae16-9d2782dd76bc,2024-06-30T23:46:50.873Z,Port Hipolito,New York,Marshall Islands,-65.9135,77.5205,minima,deripio,peccatus,timidus,defero,thalassinus,vulgo,88,43.438676526347265,57,minus,6,1,1,true,0.1225323207029366,2018-09-26T13:19:27.347Z,"Koepp, Koepp and Frami",false
3564635b-94de-48a2-839d-ea8277446329,2018-09-17T15:40:58.442Z,West Valentina,Texas,Croatia,-19.385,-134.3785,corroboro,careo,talis,atrocitas,decet,adamo,decor,101,209.30095355707562,63,ducimus,5,2,1,true,0.21889156348695643,2022-05-09T22:21:16.921Z,"Rutherford, Stiedemann and Ward",false
fc05b997-c4bf-4df4-87a3-e45bba101818,2019-09-09T13:44:29.412Z,New Jeramieland,Ohio,Serbia,-29.6958,-152.9211,culpo,velut,itaque,casus,rem,caecus,ulterius,26,47.663148471863806,79,utilis,2,0,1,false,0.0740488149986018,2025-09-14T11:54:15.421Z,Koch and Sons,false
bef7937e-5564-4791-9041-afae9b8a1200,2022-05-17T21:47:47.427Z,North Andyfort,Indiana,Christmas Island,-74.532,-171.0428,tepesco,vomito,beatus,clamo,creo,vindico,valeo,38,58.8128016029234,86,temperantia,3,1,3,false,0.005834756100874666,2020-07-26T07:12:15.107Z,Batz LLC,false
ad600556-11c4-4566-ab4f-e800fe97d92f,2020-04-25T02:00:59.509Z,Kutchtown,Indiana,Vietnam,-89.9653,-121.2098,terminatio,sto,porro,adeptio,compello,amitto,distinctio,86,200.77524026323042,94,verto,6,0,3,false,0.12092667911741867,2023-09-21T08:58:18.057Z,Turner - Moen,false
8b91104f-26ba-45e3-994e-615ea8ce6f71,2025-08-18T11:54:40.942Z,Newark,Arkansas,Japan,-16.4004,98.7122,peccatus,admoneo,usus,accommodo,occaecati,spiritus,ulciscor,108,145.7587816779296,66,adaugeo,2,2,3,false,0.11420602739882271,2022-12-15T17:35:29.479Z,Pfeffer - Cummings,false
f37f3df9-0015-4827-96c1-9f6d2ccfa883,2020-07-26T22:42:21.030Z,Lake Dayana,Vermont,Guernsey,4.5858,48.8399,ea,amicitia,convoco,aperiam,aliqua,villa,reiciendis,94,207.33739364345817,25,quam,5,0,4,true,0.07745410378295042,2021-10-11T19:56:36.536Z,"Hessel, Kertzmann and Harris",true
32acc89e-84a0-4012-8848-1fdb148c4f88,2023-11-16T01:48:47.129Z,North Kiley,Massachusetts,French Guiana,63.0449,-62.1339,soleo,paens,allatus,possimus,quisquam,aestas,vulgus,120,168.76966784811387,23,facilis,6,2,1,false,0.16335435832829226,2020-03-27T08:44:42.769Z,Murazik Inc,true
fba00d6d-f578-4c04-8eb9-28c927cb3e2d,2021-03-28T00:16:28.124Z,Port Juliotown,Minnesota,Grenada,30.6895,-143.5708,ex,solutio,cras,nostrum,fuga,argentum,despecto,106,44.24226578600445,34,acer,4,2,4,false,0.11246862331570842,2022-10-08T10:03:55.248Z,Baumbach LLC,true
7b6a8e0b-e3a9-4cb2-8b73-31739d5d0b53,2020-04-01T21:45:56.104Z,Schambergerbury,Missouri,Azerbaijan,15.1267,-40.8587,depromo,baiulus,victoria,arbor,confido,cultura,dolorum,92,80.26290658349126,52,autem,1,0,2,false,0.13672979740530905,2024-12-16T19:41:35.171Z,"Kling, Kemmer and Pagac",false
f94efa54-e7b0-4c8d-823d-d29d09115943,2019-11-21T01:35:36.359Z,South Minervaborough,West Virginia,British Indian Ocean Territory (Chagos Archipelago),-33.2436,101.8176,vestigium,adstringo,caelum,non,carpo,abundans,tandem,48,74.07382011274667,24,aestus,5,0,5,false,0.19992649906356008,2020-07-15T10:22:58.376Z,Wyman - Toy,true
582cc524-273b-4e52-9e23-cb43ea4f2c4a,2021-06-28T06:30:05.528Z,South Gate,Hawaii,Aruba,68.7726,-14.2719,chirographum,suus,abutor,canto,quas,timidus,cursus,87,18.599194818423523,89,coma,2,2,2,true,0.020116547621797848,2020-04-03T20:40:37.392Z,Wisoky - Douglas,true
26d8fb9b-b7a5-4e70-8c08-9925d7012f91,2018-10-16T04:28:44.067Z,Turnerchester,South Carolina,Belarus,-2.5126,-59.2691,abeo,vel,veniam,maiores,defero,torqueo,vacuus,113,155.6336412618682,65,vigilo,2,2,3,true,0.137815904719341,2019-08-25T03:29:15.621Z,"Stiedemann, Reinger and Schroeder",false
ca2b5442-f397-4bd4-92df-6c494096cd6a,2020-11-10T21:14:03.779Z,Phoenix,Louisiana,Northern Mariana Islands,2.177,23.7649,libero,totus,demergo,totam,usque,voco,videlicet,79,182.90346068696593,84,spoliatio,2,1,4,false,0.008951701024787762,2018-06-11T06:23:29.765Z,"Oberbrunner, Bernhard and Harvey",true
d15dfd41-6332-4b9c-b8b1-240451029175,2024-09-02T17:14:57.224Z,Manhattan,Arizona,Belarus,24.8227,-41.0364,cruentus,deripio,villa,adulescens,sophismata,combibo,casus,64,202.70359530086733,96,a,2,1,5,true,0.1954499283786862,2020-07-10T23:22:23.621Z,"Durgan, Beier and Sauer",false
fe2bd704-576e-4a6e-8b72-cef28ae1d04c,2021-05-04T01:04:17.200Z,Marisaton,Maryland,Algeria,17.6648,-5.8031,ara,ventito,voco,asper,bos,tener,varietas,119,190.09074527384925,68,cogo,2,0,2,true,0.1910194556762032,2025-02-03T14:57:30.719Z,Becker LLC,true
70b8ec3d-0e27-416b-8049-3c2b7235a5ae,2022-11-10T13:02:02.946Z,South Zack,Maine,Congo,-76.7828,162.038,turpis,volaticus,tergeo,strues,thalassinus,quae,thorax,55,106.27618440471197,98,accusator,5,1,4,true,0.15095973474297467,2021-06-03T12:00:37.690Z,Kuphal Inc,false
dbbcf04d-d464-40cb-9488-1fe3c08d0588,2024-03-17T15:31:40.449Z,Fort Katelin,Iowa,Cook Islands,-44.6913,-152.8796,vesica,aedificium,amet,confero,summa,denuncio,conicio,37,169.71346574866794,53,averto,4,0,3,false,0.058633418782493035,2021-09-27T18:23:02.049Z,Spinka Inc,true
fcb5131c-ca56-45d0-a4ef-e07083c86b6d,2022-02-25T18:02:57.730Z,Brakuscester,Oklahoma,United Kingdom,49.2238,-12.9005,ter,alias,sponte,tonsor,stips,textus,caecus,85,236.21110690086957,18,cura,1,0,5,false,0.24469465574738086,2024-11-26T09:41:55.270Z,"Beer, Spencer and Walter",true
4af5ab1d-576e-4650-97f7-68f2162461a9,2019-08-06T14:19:01.343Z,Carminefort,Indiana,Timor-Leste,-41.8066,4.8044,subiungo,comburo,a,vitiosus,anser,quod,cado,129,189.7395808614788,50,solutio,4,2,1,true,0.09113268478576053,2022-05-01T00:37:14.594Z,"Kertzmann, Armstrong and Swaniawski",true
57141921-9ff6-4514-95e6-a89818c3771c,2024-03-12T04:23:17.589Z,Ankundingworth,New Hampshire,Hong Kong,67.985,8.2622,cena,depraedor,rem,commemoro,aggero,tardus,quos,99,74.85169968635958,58,alveus,4,1,1,true,0.019812748465168672,2021-02-01T21:22:00.054Z,"Willms, Jenkins and Feeney",false
c01b04eb-6ea8-482e-834c-da728c951175,2018-10-31T22:31:03.870Z,Kenyafield,Virginia,Comoros,-24.414,-107.0542,statua,nam,clementia,videlicet,vapulus,taedium,benevolentia,128,210.9387194519882,92,fugiat,2,0,1,true,0.1171906829395925,2023-05-18T04:03:10.004Z,"Goodwin, Koepp and Breitenberg",false
26041480-bf2d-4de2-bab0-3ab07ab538a1,2018-05-26T16:36:29.227Z,New Lizzie,Massachusetts,Jamaica,-58.5387,-144.2157,tergo,deputo,terror,ambulo,dolor,voluptatem,cogo,44,41.17368495024796,71,video,5,1,1,true,0.18864921708768698,2025-08-12T16:31:16.437Z,Schroeder Inc,true
f51ca6d8-8cbd-4c4f-8821-4533a087f758,2021-12-16T01:58:43.380Z,South Kassandra,Georgia,Holy See (Vatican City State),35.4409,90.4394,benevolentia,complectus,soluta,bellum,patior,debitis,succurro,130,30.14422216852359,70,deludo,1,1,1,true,0.10756545251839705,2018-09-29T12:46:28.438Z,"Beahan, Nolan and Bogan",false
11a55b6c-c59e-4597-86c9-900e708621b0,2022-08-07T21:12:15.455Z,Port Dina,Arizona,New Zealand,66.4533,158.804,validus,vero,textilis,cupiditas,defluo,adstringo,cogo,108,126.16562119255099,38,autem,2,0,2,true,0.13227191244216382,2018-12-29T12:32:40.700Z,Zieme - Hills,true
e1f40f5f-56e8-4c56-b8a5-49e9064bd0ee,2022-01-04T16:45:14.051Z,Maritzashire,Wisconsin,Niger,-0.3435,107.1224,conicio,quasi,audentia,aestivus,tripudio,colligo,peccatus,107,202.06448643127578,48,abduco,6,1,5,false,0.15471288921843224,2025-03-04T03:38:00.023Z,Schmidt Group,true
a7a8e099-1c68-483d-8b12-8330f370a546,2022-10-01T12:38:47.923Z,Delano,Alaska,Algeria,-81.0302,-148.6558,cogito,socius,benevolentia,consuasor,adiuvo,vere,tutamen,125,157.4084448366283,84,alo,1,1,3,true,0.04355698371241079,2025-09-23T11:55:22.248Z,Rau - Casper,true
d968e945-c656-4fc4-a5e4-75fa6c48c697,2018-04-02T10:23:51.570Z,Lake Leslie,Alabama,Germany,86.5404,47.2457,caecus,modi,causa,canis,sublime,praesentium,vester,84,78.00109653334704,66,depono,5,2,5,false,0.19024860392966428,2019-01-02T05:02:59.774Z,Howe - Brakus,true
9485d990-05ba-4120-803e-9d8b44d616ce,2020-10-29T14:53:40.311Z,Lefflerburgh,Indiana,Seychelles,-81.8403,122.2297,voluptatem,compono,cogito,volva,armarium,complectus,commodo,66,71.17146070483672,98,dedico,4,1,5,true,0.22944507042263745,2018-02-18T22:53:34.053Z,"Klein, Predovic and Turner",false
76991ff1-1178-45bf-8a92-0e607bbaefe3,2019-01-18T22:38:34.263Z,Arloberg,Indiana,Venezuela,7.9303,175.0513,sumo,alienus,velum,carmen,cervus,cavus,amitto,96,122.2546335753516,63,solus,1,1,4,false,0.025301666970889064,2021-04-30T12:09:15.158Z,Schaden - Carter,true
e2024df5-91b5-4973-b43a-20e884a8b7b4,2019-09-11T03:43:28.945Z,East Bethanyberg,Massachusetts,Brazil,-48.3606,-136.2881,socius,tamisium,crux,nobis,quaerat,ceno,conqueror,113,68.66454216297834,89,utroque,6,1,3,true,0.07384395407535346,2025-12-23T00:38:19.157Z,"Rice, Okuneva and Ebert",true
797f5a98-d276-472b-96fd-65024754c6c2,2021-07-30T14:05:08.499Z,Fort Jayne,Arizona,Barbados,-68.1856,43.1934,dolores,attonbitus,aegre,caritas,debeo,tot,expedita,21,49.886910388333845,37,odio,2,1,1,false,0.005393369835732076,2020-01-05T14:52:03.563Z,"Wunsch, O'Reilly and Harber",true
6dbd7a2e-e2c0-405c-857c-6733a00edd23,2025-06-15T19:02:48.260Z,Effertzville,Alaska,Comoros,-12.8066,28.2861,varius,vesica,vespillo,coniuratio,aegrotatio,tenus,ater,78,173.59669370107667,21,aptus,5,1,5,false,0.09525219664259424,2024-02-23T00:26:32.941Z,Collins - Rempel,false
4c449250-62ca-4cbd-8e4e-9995dc2bbeb4,2022-07-26T03:58:33.193Z,Chino,Florida,Yemen,64.1894,79.3827,cerno,cuppedia,validus,cariosus,campana,complectus,thymbra,47,26.411451515980513,53,aegrotatio,6,1,4,false,0.11379923097163971,2024-04-28T11:38:32.228Z,"Jacobson, Quigley and Predovic",true
c8b20365-dcdd-4565-a9d5-29040c9e9ee0,2023-01-14T22:33:45.370Z,Fort Janis,Alaska,Papua New Guinea,56.1099,27.4641,deleo,cubitum,ducimus,ventus,creator,taceo,amicitia,45,151.1958692717921,47,creta,2,1,4,false,0.09691941329808054,2025-06-23T05:32:52.166Z,"Jones, Zboncak and Tromp",false
0fd096d4-d859-4f4f-aa3e-2fd6e5b9161f,2018-08-10T11:49:45.808Z,Kihnfield,Maryland,Singapore,-86.5656,141.4267,vulgus,avarus,qui,vallum,sono,tamen,tamen,117,171.84342709940978,52,nulla,3,2,3,false,0.12282884326043467,2023-06-20T21:55:21.883Z,"Cruickshank, Waelchi and Hahn",true
89889835-e72f-499c-9bc1-c5f32e254820,2024-06-27T21:09:59.450Z,Tomasboro,New Jersey,Sierra Leone,77.4806,-37.6715,labore,tendo,viscus,aliquid,tracto,thema,conculco,70,60.73797488609615,18,occaecati,0,0,1,false,0.12941716906274375,2024-03-06T04:57:58.406Z,"Windler, Towne and Franecki",false
4e8163a6-66e1-46f9-bdae-c59d9afec77f,2020-11-08T22:10:48.450Z,Broken Arrow,Montana,Equatorial Guinea,8.845,92.1086,atque,alius,perferendis,aeneus,adulescens,vivo,enim,123,110.51527662431455,79,ventosus,2,0,4,false,0.053904396970372,2023-06-26T05:18:19.773Z,Cole and Sons,false
c4fa02ff-2515-44a1-9132-32c60428eaba,2024-11-11T13:58:43.653Z,Port Darianaton,Colorado,Liberia,-27.588,24.4235,amissio,degusto,basium,sto,utrimque,amiculum,amaritudo,95,158.10676737867533,77,defungo,1,0,5,true,0.10787598282218305,2021-08-01T18:52:42.892Z,"Rippin, Hirthe and Orn",true
ad7f32b2-fbc9-4180-b2ce-f43c6df7eac0,2020-02-17T03:24:54.651Z,West Bulahfort,North Dakota,China,-2.2095,-164.2981,conitor,alter,crepusculum,cognatus,incidunt,sollers,vis,51,25.298940238491888,51,tribuo,6,0,3,false,0.04325870715056543,2022-12-24T07:47:58.405Z,Rippin - Medhurst,false
705a33ae-2596-4fd3-95fc-37f5859098fb,2020-01-23T20:23:12.931Z,East Stantonfurt,Vermont,Sudan,6.2994,-25.9991,tolero,sapiente,adiuvo,vapulus,vae,sono,reprehenderit,24,181.55071483063418,49,comes,1,1,1,false,0.13151937242433667,2024-03-24T03:33:07.952Z,Schumm - Goldner,false
ad3caf04-1b6d-4e07-b689-501c114e307b,2018-01-21T03:43:09.374Z,Harmonyview,Montana,Greenland,16.4445,-73.7411,commodi,suspendo,cupiditas,conor,aptus,aqua,aureus,27,52.38090896215063,32,patrocinor,5,0,5,true,0.09646666683039473,2025-08-25T17:10:50.408Z,"Hand, Schuppe and Cummerata",true
0e6722b4-d0fa-4c93-956b-6654b8716f3d,2022-11-24T07:26:05.033Z,Lake Paulineworth,Idaho,Uganda,-58.9394,-27.5727,venia,audacia,catena,beneficium,alias,pel,adeo,111,180.3209327289468,45,attollo,6,1,1,false,0.03506795716918859,2021-06-26T02:55:34.094Z,"Kuhic, Botsford and Stracke",true
6b0d03ef-1df8-4e11-8049-4766e003b70e,2018-10-13T00:26:49.288Z,Port Carliestead,Rhode Island,North Macedonia,7.7044,63.6851,cohaero,adfectus,baiulus,desipio,eaque,tabgo,adhuc,84,133.5427934236424,29,tergiversatio,5,1,2,false,0.00866136343872645,2024-02-07T06:37:40.329Z,"Yost, Heaney and Ruecker",true
aabd885f-66cd-47c3-b0a2-a87fdbba55c1,2022-07-31T18:46:19.357Z,South Gate,Massachusetts,Syrian Arab Republic,-9.8185,-54.3817,degero,voveo,creator,baiulus,dolorem,deinde,calamitas,34,10.726076347447489,79,comptus,6,2,3,false,0.14298969232003897,2019-12-18T00:19:46.534Z,Witting - Jones,true
8e9f89c7-4b79-4134-a06f-de8752e9c509,2025-07-20T00:20:31.811Z,New Aubreystead,Illinois,Gabon,63.3205,-179.689,vacuus,tabernus,clam,antepono,conspergo,autem,curo,23,200.02671822391758,23,ademptio,6,1,2,false,0.09934602376854851,2022-08-11T15:44:48.267Z,Leffler - Ziemann,false