accident_id,incident_datetime,city,state,country,latitude,longitude,road_name,road_type,intersection_type,accident_type,weather_condition,road_condition,light_condition,speed_limit,actual_speed_kph,driver_age,driver_gender,casualties,fatalities,vehicles_involved,alcohol_influence,blood_alcohol_level,weather_reported_at,reporting_department,pedestrian_involved
1ba7daaf-daae-425b-a3e6-365b9f98e748,2023-04-15T11:38:02.012Z,Emardtown,Texas,Angola,-37.0177,-133.9742,voluptate,minus,similique,doloribus,tunc,aro,contego,94,223.7744795747806,72,valetudo,4,2,5,false,0.033780945031055026,2019-04-04T01:14:17.395Z,Shields LLC,false
7cf863a3-b0b8-4caf-88c0-2f98ce92d0fd,2019-08-16T14:05:02.710Z,Elyria,Kentucky,Moldova,33.1234,58.2225,tres,id,solio,pariatur,delibero,vacuus,copia,57,46.427785640387114,49,thymbra,0,0,2,true,0.14084806978292808,2023-10-23T06:36:46.756Z,Kuvalis - Ernser,false
73dce62a-9569-4f39-a4d9-60f8d39c3e98,2018-03-18T13:52:52.278Z,South Valley,Oklahoma,Malaysia,78.5396,116.8915,clementia,curtus,adsidue,utroque,victoria,aliquid,antepono,42,83.40251536855001,20,calculus,4,0,3,false,0.10762617336841798,2019-09-20T00:47:59.363Z,O'Connell Inc,false
afc33901-d1d4-421a-9c5f-4adda3c22d1b,2020-12-23T16:11:16.267Z,East Maddisonshire,Oklahoma,Belarus,53.4853,-37.3154,cribro,apud,verto,vita,agnitio,compono,adfectus,68,73.65406527414018,82,eos,1,1,5,true,0.06219281132000787,2018-07-05T22:56:32.287Z,Spencer - Dickinson,true
f9164e15-72d4-49b8-940c-13744eb83434,2023-01-25T18:09:25.739Z,South Treverstad,Connecticut,Tajikistan,21.9674,62.2581,angulus,avaritia,vulgo,thema,vulnus,auditor,aeneus,49,138.84965952394188,59,odit,2,2,3,true,0.09170121252576083,2018-09-18T10:09:45.745Z,Legros - Padberg,true
56283314-a410-4b8b-aca9-b1083eedf5b3,2022-09-06T10:05:10.763Z,Keanuboro,Tennessee,Finland,18.1896,-97.1263,eaque,ait,statim,tollo,vae,pecus,acies,94,15.824344203488154,40,totam,2,1,5,false,0.21898095206648097,2018-05-31T01:21:57.929Z,"Turcotte, Schiller and Ullrich",true
e02b26d0-1587-48f6-93bb-6e75c4877228,2019-02-10T13:33:21.800Z,East Nella,Michigan,Sri Lanka,-83.5804,-32.3509,velut,officiis,calcar,theca,corporis,brevis,defungo,101,195.22483925821479,18,pauci,4,0,4,true,0.0626928008638116,2021-06-20T22:12:01.825Z,Pfeffer - Kilback,true
19738774-4bd3-466c-a64e-e3c59be36276,2022-10-15T15:12:05.248Z,Lake Ignacioshire,New Hampshire,Bahrain,52.5533,-106.6497,atque,vomito,cognomen,rem,conculco,defero,varius,68,149.11096410164967,98,clarus,5,1,3,true,0.12854772484865187,2019-09-29T00:53:49.433Z,"Anderson, Halvorson and Barton",true
c8a30467-4c01-485d-ac5f-76f3497f0067,2022-05-05T08:47:50.734Z,South Bend,Utah,San Marino,13.6412,32.4327,cerno,decimus,trucido,volva,copia,patruus,umerus,70,205.3160870175005,27,vomica,6,1,4,true,0.21151955788197263,2018-05-02T23:31:51.419Z,Klocko and Sons,true
abb63df5-2089-4412-af20-088b573ed6d5,2020-11-30T02:07:07.320Z,Keelyside,Washington,Uganda,17.6085,-136.1773,arceo,molestiae,coepi,crur,clamo,assumenda,armarium,23,175.9690214137467,43,atavus,1,2,4,true,0.10237125663372254,2023-03-07T17:09:59.873Z,Graham - Leuschke,false
fc6bf1b1-a913-409c-b16e-d40ffe61dd9a,2024-03-17T14:39:01.494Z,Lockmanborough,Georgia,Jersey,38.015,-56.8388,sollicito,beneficium,clamo,quidem,vinculum,cicuta,depromo,31,84.3462359181444,16,suspendo,6,0,3,false,0.12995272975817213,2018-09-23T23:06:32.373Z,Quigley and Sons,true
73b8c818-697d-45c8-b01b-7e1f815f922a,2018-08-22T05:23:54.798Z,Mayworth,North Carolina,Northern Mariana Islands,43.0308,-153.9922,fugiat,velut,architecto,cavus,pax,ascit,volva,129,32.965958106911195,92,adeptio,0,1,5,false,0.049547300802678634,2025-04-15T16:00:50.812Z,Walter - Franecki,true
1248e87f-a187-43bf-a41a-d929710a48d9,2022-04-21T06:59:05.090Z,Rockford,Vermont,Italy,-37.825,109.7299,turba,id,solio,deficio,abundans,adicio,voluptate,119,81.45841234241882,24,caelum,6,2,5,false,0.044910078136946724,2025-09-11T08:35:33.061Z,"Brown, Monahan and Wolf",true
da4ac8ad-b452-4035-80c4-62242047e29b,2018-02-28T11:58:10.583Z,Nedborough,Michigan,Cuba,-80.6049,-122.813,deprimo,adsum,dolor,delibero,velut,utroque,abutor,112,25.863728786739486,22,possimus,4,2,5,true,0.1882334681408833,2025-04-22T05:39:46.591Z,"Armstrong, O'Reilly and Fadel",true
afd93423-8436-44ac-ad03-676dde42f873,2025-07-27T16:57:23.807Z,Schuppeport,Iowa,Slovakia,-32.8926,-90.9548,ullam,aestas,sponte,amplitudo,deprecator,tempus,fugit,37,90.44854158053428,38,conturbo,2,2,5,true,0.17707727816073002,2024-02-18T17:18:18.291Z,"Nicolas, Leuschke and Jacobs",true
e31e299d-3c82-43b8-abe3-58c55ae0c242,2024-06-24T11:47:48.768Z,Schuppeview,Rhode Island,"Virgin Islands, U.S.",84.0467,168.9006,accusantium,pecus,tardus,abbas,comminor,rem,collum,124,97.74617812479367,68,creator,3,0,4,true,0.12518516558402146,2019-01-07T14:05:54.873Z,Jacobi Group,true
19418fbe-a4eb-4b0d-952c-d64c2d88ef09,2023-06-06T08:13:43.585Z,Aufderharport,Iowa,Chad,47.7857,72.2257,ambulo,adipisci,angelus,sponte,defluo,ait,auxilium,120,109.17989237148376,27,conspergo,1,1,1,false,0.21370094323692115,2025-10-23T10:00:28.603Z,Tromp - Kerluke,true
fd28d5aa-061a-4fee-b076-94b920bfa6d5,2023-09-11T20:38:06.650Z,Port Maud,North Dakota,Heard Island and McDonald Islands,-57.4851,22.0875,absorbeo,conduco,correptius,abeo,decor,derelinquo,confugo,23,166.02681123373733,24,denique,1,0,1,false,0.07201170783554864,2018-12-29T10:55:30.419Z,Zulauf Group,false
7439264b-af1f-4d93-a7cc-45b2aff015cd,2020-06-07T11:39:59.454Z,Tinley Park,New Hampshire,Panama,-79.4071,135.7754,minima,audax,tersus,audacia,aeneus,culpo,error,123,30.126656227491708,100,adeo,3,1,3,true,0.10642879736050287,2025-02-27T01:24:13.104Z,Barrows - McGlynn,false
a7b1a42f-902b-404e-8a7c-491e594563da,2024-07-25T10:01:40.717Z,Palo Alto,Iowa,Malta,8.4763,121.5405,aestas,eaque,occaecati,molestiae,cuppedia,conicio,damno,70,124.21480230216564,21,laboriosam,2,0,5,true,0.0107425059807916,2025-07-13T20:29:52.586Z,Graham and Sons,false
fd82c342-49ad-4e72-85a6-c0a972147c70,2023-11-07T16:55:34.037Z,East Hermann,Indiana,Australia,4.3131,-109.8194,tam,certus,ambulo,comburo,vesper,bibo,crudelis,66,152.39592330767715,72,utique,4,1,4,true,0.22549084166392014,2019-08-26T23:58:43.088Z,Zboncak LLC,false
f8a028d8-1e0e-4841-88b3-6f9eee4a5f80,2018-02-22T03:58:34.612Z,East Thad,Connecticut,Western Sahara,71.2124,126.4178,adimpleo,usus,vulticulus,fugit,tardus,aliqua,vestrum,45,57.03294966389609,95,tamdiu,2,1,1,false,0.05442769075664483,2023-07-14T05:06:13.856Z,Oberbrunner - Hansen,true
499b0c1f-92f0-4cbf-8247-4d120237e597,2019-11-12T15:52:10.300Z,South Orvalton,Virginia,Palau,-53.657,108.0737,vivo,quibusdam,claudeo,aqua,adipisci,viscus,alius,75,86.6057847354263,80,aperio,4,1,1,true,0.12252653198745639,2024-04-01T14:54:41.400Z,"Greenfelder, Green and Wisozk",true
99d605d2-fdb9-4771-8ee7-6f9426590773,2025-05-26T03:56:09.534Z,Port Janessa,New Hampshire,Mongolia,30.5631,-130.9039,delinquo,thesaurus,thermae,cumque,una,cupiditate,ipsam,61,71.59617986796957,26,aeneus,2,0,1,true,0.21456370722900242,2019-02-06T12:54:59.315Z,Leannon - O'Keefe,false
f2c6ff08-01f3-45cf-898c-f2358abd5feb,2021-07-26T23:25:37.470Z,Port Jalyn,Maryland,Seychelles,-11.3422,-123.7748,audio,patria,sol,vesica,incidunt,id,teneo,36,62.46293727205912,31,ulciscor,6,0,4,true,0.23706548994166107,2022-07-22T09:31:46.764Z,O'Hara Group,false
4f32026a-fbcd-4f1c-badd-af51f49abc02,2019-08-27T12:31:12.193Z,Brookhaven,Missouri,Sao Tome and Principe,66.5803,153.3324,arma,tamen,tersus,verto,utpote,subvenio,tubineus,48,153.81595578152633,89,acervus,4,2,1,false,0.0624827932576921,2025-06-09T13:11:17.415Z,Weissnat - Treutel,false
50b778a4-bb0f-4022-903e-62bd685f0767,2019-11-11T06:14:14.610Z,North Antoinetteview,Nevada,Antarctica,73.2624,75.3019,deficio,altus,id,triduana,basium,necessitatibus,una,28,167.7242192639029,73,sed,0,2,4,false,0.20542443097969512,2020-03-03T21:29:17.577Z,"Bosco, Hegmann and Lueilwitz",false
abf03c59-02e1-4f9f-8af4-3f0c4359873a,2018-04-19T14:48:00.876Z,Somerville,Colorado,Saint Helena,-48.0894,-58.1213,aro,approbo,laudantium,cinis,venustas,ventosus,vilitas,127,219.75177241679563,17,assumenda,3,1,1,false,0.1388887100336536,2022-03-22T04:53:26.101Z,Stroman LLC,false
370b2245-1570-426f-8ad3-19edf8bf8174,2018-04-16T05:37:19.446Z,Pearl City,North Carolina,Myanmar,15.3409,160.3414,demulceo,sollers,caelum,tamen,accusantium,caveo,recusandae,109,186.9541319950474,55,desparatus,5,2,2,true,0.07891367163722557,2022-03-24T01:13:32.072Z,"McGlynn, Schumm and Jerde",false
56c3656e-2816-46a7-9535-fa7b557f65a0,2018-04-19T15:38:18.720Z,West Ottisburgh,New Mexico,Paraguay,8.082,155.2424,creta,crux,ciminatio,omnis,cetera,tersus,auxilium,90,56.37459094800974,30,validus,6,0,5,true,0.02230260279540583,2020-04-02T05:36:43.090Z,Barton Inc,false
e1f05595-fbe4-4672-86e9-6731e5ae957b,2022-01-05T22:01:24.133Z,Corwinstad,Connecticut,Trinidad and Tobago,33.5879,64.4249,ars,infit,valens,fuga,tandem,tabella,beatus,122,179.67521829254704,49,vel,4,2,4,true,0.12005913698144557,2021-01-26T07:09:58.588Z,Bailey - Conn,false
9a9dfdc7-3de0-4b83-8e04-c2fc174160df,2021-09-10T07:22:49.151Z,Tulsa,Kansas,Kuwait,-84.2573,110.309,omnis,laudantium,tamisium,coerceo,unus,super,triduana,92,58.35920312249827,49,charisma,3,2,3,false,0.06649831752776836,2019-07-12T11:10:46.991Z,"Koepp, VonRueden and Schumm",false
b87643e2-d1df-4544-80e0-25eb3b668cd9,2024-01-09T02:04:57.725Z,West Chester,Idaho,Aruba,-30.1447,-39.8844,deleo,appositus,inflammatio,considero,verumtamen,vestrum,vulgus,77,89.6752288827793,26,pauper,2,2,5,false,0.10696967239951471,2023-04-26T02:46:15.792Z,Dach - Hermiston,false
1ad84c74-4230-46fb-9fe5-3abb7e665feb,2025-01-23T10:28:56.443Z,Port Leanne,Vermont,Guinea-Bissau,45.706,85.5448,agnitio,aut,venustas,adamo,amplexus,villa,comedo,120,12.008001813252998,38,suscipio,4,0,4,false,0.0034182350281000973,2025-06-20T11:09:48.658Z,"Veum, Weber and Carter",false
4be4ecea-e909-472b-88a2-50c6ccab2c5b,2023-02-14T09:29:05.346Z,East Archibald,Tennessee,Timor-Leste,-40.7688,86.9108,aeger,clibanus,adiuvo,hic,ultio,cubitum,pauper,31,113.06993760869193,62,velit,0,0,4,false,0.09545482188037954,2019-11-11T07:55:58.759Z,Herzog - Graham,false
a0eb586c-77da-4e32-b439-653b3060fe6b,2023-09-06T17:54:21.770Z,West Reganbury,Iowa,Ecuador,13.068,-43.0235,curso,vicinus,vitae,error,terror,via,crepusculum,108,55.57704674793322,86,virga,2,0,3,false,0.07011610447600994,2018-06-28T20:30:53.518Z,Reichert LLC,true
67b85340-0d05-47fb-b98a-d854818a6971,2023-01-10T18:01:16.030Z,East Shanaside,Wyoming,United States Minor Outlying Islands,18.7808,-123.9003,aeger,atrox,cinis,adulatio,attero,admoveo,verecundia,64,148.65811837462115,35,auxilium,4,1,2,true,0.07965969100063217,2023-07-09T00:03:56.282Z,"Koss, Ferry and Rutherford",true
c3a8e0d0-3a51-4845-b8bd-e401a70eabc2,2023-09-10T00:45:35.115Z,Port Ewaldstad,Arkansas,Haiti,11.0743,57.7767,teres,suscipit,acceptus,aut,confugo,pel,concedo,60,83.52210079722548,20,cubitum,1,0,1,true,0.034528138373555645,2024-02-27T15:13:38.137Z,"Dietrich, McKenzie and Mitchell",true
b7d1b355-53ef-4eb1-8826-fd5ed6e1ae83,2023-02-17T06:20:32.999Z,East Montana,Alaska,Turkey,35.9966,172.6837,sollers,dolorem,quod,ustulo,artificiose,delinquo,denique,87,103.48873662054929,48,tutis,3,1,3,true,0.05076978928695758,2024-01-28T18:32:39.340Z,Fritsch - Kling,true
9c20bd2c-e53b-4d84-a455-e8fd3d71ab3e,2025-08-05T15:05:13.610Z,West Dereckworth,New Hampshire,"Bonaire, Sint Eustatius and Saba",-19.0166,-175.5991,asper,deduco,adhaero,barba,apostolus,auditor,dicta,66,142.74451860353244,78,administratio,6,2,5,false,0.05844545108870974,2023-08-24T05:15:38.945Z,Bernhard - Gutmann,false
fe046ed5-5aa3-4d45-b26a-b27ba11fd683,2023-02-21T15:44:32.717Z,Lake Miller,Kansas,Mayotte,11.661,-144.7601,delicate,creta,desidero,vitiosus,appello,tardus,denego,113,45.63446747428909,91,veritas,6,2,2,true,0.09267478131897117,2023-09-04T18:14:36.368Z,Gorczany - Thiel,false
1e3beb3c-0d3e-405d-965f-53f23515e549,2020-12-10T11:29:58.159Z,Hunterchester,Arizona,Bahamas,-17.2542,-86.4109,alveus,subseco,calcar,vinum,teres,solus,debitis,67,105.26179550952165,63,vomito,6,0,5,false,0.034786141788919006,2022-06-15T16:29:08.308Z,Bechtelar - Swift,false
53740aaf-b469-4857-9e0a-add96752e5f0,2020-03-18T19:50:24.710Z,Rodland,Louisiana,New Caledonia,10.3679,36.5599,deserunt,auditor,cervus,thesaurus,arguo,verbum,admiratio,122,19.129014542171312,91,viduo,0,2,5,false,0.09424175366145066,2019-01-08T03:03:35.120Z,Maggio and Sons,true
406351a6-7077-4207-98a4-3a04d2e8075c,2025-01-21T11:50:01.506Z,Detroit,Utah,Belgium,83.2551,-15.492,decens,ipsa,concedo,aegrotatio,territo,ulterius,debilito,32,141.25695582975655,35,cupio,0,1,5,true,0.23205770099242898,2025-10-20T11:12:49.831Z,Stanton Group,false
55443c19-cd68-44db-b19b-98ec3c14dddc,2022-03-11T20:01:22.696Z,Miami,Texas,Nigeria,14.7418,113.2654,deprimo,vado,ter,adeo,eaque,nam,adfero,25,7.048271797694161,58,quis,1,1,1,true,0.13935786743392306,2024-06-18T18:03:29.810Z,Auer Group,true
74b252b9-b2ff-4431-a473-5a3a9aa2b865,2023-06-04T01:13:04.454Z,Dearborn,Wyoming,Latvia,65.6286,-144.0965,viridis,tripudio,corrupti,comedo,perspiciatis,cunae,depromo,67,164.59538113088638,97,ascisco,4,1,4,false,0.099444386115987,2024-09-28T15:53:06.880Z,Erdman - Watsica,false
58f3af86-08a2-469c-a052-1760867e93f0,2019-05-08T10:43:14.093Z,Fort Geraldton,Utah,Jersey,-71.8475,95.6936,contabesco,cetera,nostrum,ambitus,deleniti,confido,sumptus,70,21.03943054013495,78,repellat,1,1,3,true,0.08126885519791138,2024-07-11T09:01:34.361Z,Oberbrunner - Hintz,false
80bd3d81-0c19-4a6a-a65f-e59a0f71ae4a,2024-10-26T19:37:03.372Z,West Lauraburgh,North Dakota,Saint Kitts and Nevis,-41.1074,125.5032,paens,vulpes,at,cum,spiculum,arbitro,timidus,56,74.85494730525049,71,velum,6,2,4,false,0.1083493473915911,2024-11-17T02:07:36.246Z,Gleason and Sons,false
5cac0a02-b128-49c6-81d2-de623faab928,2025-03-04T01:37:30.275Z,Port Godfreyfield,Louisiana,Lesotho,11.2025,77.1201,crastinus,dignissimos,maiores,nobis,vitiosus,nesciunt,utrum,81,217.15665340646999,66,pauci,2,2,2,true,0.011388078242443644,2024-02-26T17:34:08.196Z,"Towne, Kris and Abbott",false
043f4e0c-d231-4bf9-bfe7-1783cecc18c0,2025-03-11T02:34:31.244Z,North Marielleside,Maine,Azerbaijan,39.6165,9.3514,ambitus,caries,sapiente,video,deporto,culpa,crepusculum,70,33.21202572903181,53,veritas,0,1,4,false,0.05396700918745617,2024-05-07T16:52:49.098Z,Doyle Group,false
29d308a5-2e94-4783-9afb-fa9cb1fc4f5e,2019-10-13T20:23:37.138Z,Stockton,Wyoming,San Marino,4.4059,-85.4013,cresco,nisi,et,quam,deinde,vomica,vix,99,199.43777211051088,19,iste,5,0,2,false,0.10167215622369094,2020-05-22T13:44:14.960Z,Upton LLC,true
32c5667e-02c0-4099-9b34-f5c41b55eef4,2018-01-26T01:44:19.271Z,Fort Kareemshire,Indiana,Saint Lucia,76.6936,-156.8147,absque,tepesco,deinde,ullus,nobis,arcesso,dedico,55,37.75930511379694,87,decretum,5,1,3,true,0.06976787256832326,2019-07-12T00:24:36.531Z,Ritchie - Nikolaus,true
685d30b8-20cd-4ff3-a1fb-b7f03dc8222d,2018-05-12T23:33:53.183Z,Simoneport,Vermont,Moldova,42.8649,157.0966,suadeo,valeo,adimpleo,communis,depraedor,desidero,armarium,97,94.25057216459868,78,curtus,5,2,5,false,0.23202942654536937,2025-11-15T12:20:39.738Z,Gislason Inc,true
a11a97d1-6220-44ca-a2b9-44319e69603f,2024-09-22T23:40:13.538Z,Hassieworth,New Mexico,Svalbard & Jan Mayen Islands,63.2206,-125.6713,deinde,sunt,viduo,delicate,aureus,vir,adflicto,42,152.65984490108008,98,arcesso,1,0,3,true,0.12446192188810559,2023-03-01T14:31:55.300Z,Bogisich - Bergnaum,true
1d21de6a-76de-4d8d-991b-0e6f4673ce8e,2018-12-07T00:13:11.608Z,North Ubaldoboro,Maryland,Cook Islands,-53.5624,-7.6066,usus,undique,quibusdam,amo,teneo,paens,creator,73,145.67131997183373,37,depulso,1,0,5,true,0.09758781680208475,2025-09-17T09:12:07.430Z,Ortiz Inc,true
fc255667-6d70-4f71-a427-48029cc8bc09,2019-07-20T21:00:37.953Z,Fort Susan,Tennessee,Cambodia,-64.5158,-155.7785,aranea,degusto,audio,ascisco,adiuvo,aggredior,thalassinus,97,211.3553059685361,61,deprecator,4,1,3,false,0.20864499535651337,2021-10-08T03:35:47.363Z,"Stiedemann, Ruecker and Rempel",true
bbd00a48-8501-4630-ad37-f5d14cc8c493,2025-09-12T13:29:24.620Z,Kasandracester,South Carolina,Guam,-34.23,-149.0411,audeo,ad,approbo,pauci,speculum,pecco,asporto,54,71.69534983951358,21,celo,0,1,5,true,0.0408608025555138,2019-08-04T12:56:57.836Z,Prosacco Group,true
b834bdd6-1421-430f-9cd2-aad1a267aaa4,2020-09-05T20:28:07.755Z,South Brycen,Alabama,Benin,-18.9585,-9.6841,vesica,confugo,terra,carmen,ab,artificiose,tenuis,38,198.7921281293034,45,perspiciatis,4,0,4,false,0.07265571861355125,2018-08-10T03:37:54.410Z,Schultz - Gutkowski,false
1e2447d5-7d9f-4694-9831-f513eb82f103,2019-05-27T20:43:43.742Z,Tonytown,Wyoming,Latvia,-33.7033,118.821,vehemens,aperiam,vulariter,adulatio,strenuus,caveo,ustulo,77,52.220854412720286,46,conservo,0,0,2,true,0.21900418258511198,2025-05-31T17:58:14.856Z,Hauck Inc,true
72c6a24e-2a1f-4566-99b4-3f9fb76929c2,2019-01-16T10:09:17.371Z,Fort Jerod,Michigan,Montserrat,33.8215,148.401,sol,cicuta,comitatus,nam,cras,atrox,abbas,101,207.4373783030631,32,vestrum,5,1,1,true,0.01811046557519222,2021-01-05T17:37:15.211Z,"Yost, Kling and Fadel",false
ae42e7fd-1867-4237-b895-5f3eebe0ad1a,2019-06-13T13:13:35.346Z,Bernhardstead,Iowa,Poland,16.3053,32.0792,molestiae,contego,substantia,vilis,vinculum,sint,delectus,90,141.57098753689618,82,stips,5,0,3,true,0.11829266646793835,2022-05-20T06:05:48.455Z,"Reinger, Botsford and Kreiger",false
d870f45b-3e70-4d21-8b57-018b5f26c2d5,2019-10-19T08:58:49.787Z,Port Everettburgh,Montana,Monaco,87.6665,98.5877,corrupti,solutio,impedit,coniecto,dolorum,spiritus,tabula,107,4.961119062571235,52,sunt,4,2,1,true,0.025385520540719658,2024-09-02T14:09:58.394Z,"Rowe, Corkery and Considine",false
6c17f99c-18cd-42ab-a49d-95dc3305b905,2023-04-22T01:00:14.101Z,Fort Holdenmouth,Nevada,Sao Tome and Principe,63.8546,146.0568,veritas,succurro,cado,deporto,demitto,ducimus,solutio,111,170.16287356723214,58,sustineo,3,2,1,true,0.06451415346771772,2020-05-03T04:22:52.893Z,Cronin - Blick,true
b9e10bfa-d5a9-4056-abbc-79313bfcf583,2020-08-07T21:17:03.654Z,South Junior,Connecticut,British Indian Ocean Territory (Chagos Archipelago),77.9365,96.3185,terminatio,fugit,adfectus,culpa,synagoga,cultellus,aduro,22,66.23886879874276,21,delectus,3,2,5,true,0.1306798775303221,2022-05-14T22:22:25.832Z,"Mills, Wiza and Fahey",false
690fd79d-fc8c-4e35-a963-13af79fac0bf,2025-09-14T15:46:20.579Z,Rippinchester,Kentucky,Costa Rica,51.1099,35.981,clarus,crux,solio,vito,coruscus,copiose,dolorum,23,34.45970479180605,94,terga,0,0,1,true,0.16753470466932102,2023-06-12T04:51:29.267Z,Hansen Group,true
62494146-758f-449f-aca7-bfe754997d14,2021-11-30T09:10:13.666Z,East Curtisbury,New York,Ethiopia,13.1045,77.3376,tracto,sublime,ante,adhaero,caveo,terror,esse,83,184.01085976401166,24,agnosco,4,1,2,true,0.1975218798412647,2023-09-19T06:17:00.598Z,Larkin - Ankunding,true
2e43143b-ce68-49cb-8678-481952785f9a,2025-03-03T21:22:48.146Z,Salinas,Vermont,Montenegro,10.6854,-137.9475,umquam,chirographum,adipiscor,quis,vulgus,sui,vae,63,138.14975294177412,99,communis,6,0,2,false,0.1836932869847362,2019-04-29T09:03:16.382Z,"Schoen, Kessler and Nolan",true
da6458bd-22a3-4925-9407-de7e8c9dcc28,2025-12-15T19:15:29.731Z,Kerlukeberg,Hawaii,Timor-Leste,31.5353,150.4859,toties,velociter,tempora,conscendo,avarus,comis,benevolentia,121,75.4795314044385,97,comes,4,1,5,true,0.2201619488677198,2018-12-16T03:10:11.826Z,"Gottlieb, Funk and Bogan",true
2045d473-dd9a-4096-afef-162ad89ce9aa,2021-07-07T02:11:36.502Z,New Gwendolyn,New Hampshire,Cyprus,-8.9482,-67.3468,tondeo,comprehendo,vero,deinde,beatus,conservo,aestus,128,115.14470852824354,64,quidem,6,1,1,false,0.14772007196625966,2023-12-26T06:33:59.464Z,Schinner Inc,true
15ceb67e-416c-40ff-92ad-6469d99d5873,2024-04-04T12:40:27.356Z,Port Archibald,Delaware,Australia,56.6238,-27.3855,terebro,auctus,usus,sophismata,vomica,demitto,tunc,29,16.570589724249007,43,quod,3,2,5,true,0.1763859803414049,2019-04-24T00:56:38.204Z,Mann - Mayer,false
f6efa310-f2b3-4da2-8c48-c2beda6dfea1,2019-11-20T06:39:56.886Z,Westonhaven,Nevada,Cuba,29.0524,101.9531,cauda,thymbra,subseco,alii,tyrannus,valeo,complectus,100,156.58411248043745,35,tristis,0,0,3,true,0.185902144596738,2023-09-14T07:45:43.189Z,Pfannerstill Group,false
0eb53914-4f0d-4a36-ad2e-07b976b58527,2020-09-18T05:02:22.181Z,Faheycester,Vermont,Belize,-6.6842,-69.6049,vomito,considero,vitium,creo,carcer,substantia,delicate,60,122.28682237843098,80,summopere,5,1,2,true,0.21922142344185117,2025-12-16T04:28:41.368Z,Lehner Inc,false
8f6f248c-86a8-4321-89bd-ac66c6516f4e,2019-06-21T15:14:12.739Z,South Ruthetown,North Dakota,Saint Martin,-66.5284,-69.0456,coerceo,excepturi,ipsa,corrupti,veniam,quam,spoliatio,84,184.26686275932576,33,cur,4,2,5,false,0.2090894108967354,2021-10-05T02:07:04.585Z,Durgan and Sons,false
d56de43e-e067-4779-9599-054b6f5958b7,2019-02-01T15:03:04.516Z,Schmidtfort,Massachusetts,"Virgin Islands, U.S.",80.9632,88.9074,tenuis,conforto,stella,nobis,canto,consectetur,summisse,103,208.55146309644468,56,aureus,0,2,5,false,0.21741833871974478,2023-10-01T07:56:00.521Z,"Terry, D'Amore and Okuneva",true
008cd14b-45ab-4fec-a548-55da851fe1ea,2023-03-22T20:58:18.306Z,Corkeryshire,Nebraska,United Arab Emirates,1.0352,-148.1203,blanditiis,nam,perferendis,cornu,traho,arcus,curis,43,67.9203453546312,98,tabula,2,2,3,false,0.11898175674926526,2019-08-22T18:10:50.114Z,Miller - Keeling,false
07c1325d-29d7-4fef-9a56-8433136197d3,2018-03-20T18:59:15.093Z,Rosehaven,Nevada,Aland Islands,18.024,-25.7109,delinquo,colo,vaco,tamdiu,carus,autem,capio,101,131.88493178582138,56,quia,3,1,4,true,0.06598967235116235,2019-04-20T07:54:17.030Z,"Waters, Dickinson and Braun",false
22e77cdd-616e-40db-8c96-ef60fc121c9f,2021-06-11T04:00:22.434Z,Sipesborough,Montana,Gibraltar,-67.7191,-157.4217,beneficium,ulterius,absens,tardus,sortitus,patrocinor,cupressus,103,62.25697880917325,16,tutis,2,0,1,true,0.15648469446166582,2023-09-10T02:09:37.719Z,Beer - McDermott,true
9a52cc80-9b92-4c81-9f10-87ed629e5714,2020-12-06T08:11:25.298Z,Linastad,Illinois,Georgia,29.3292,-171.3753,surgo,taedium,eaque,acies,conforto,certus,dens,32,187.84453868378736,84,adfectus,3,1,4,false,0.21265633916950294,2024-05-23T02:22:16.988Z,"Wolf, Christiansen and Batz",false
fce85433-be3f-4d9e-8bc0-d81b77cfd90d,2022-06-19T09:17:37.931Z,Lake Charityfield,Oklahoma,Saint Helena,-15.8577,113.5204,demum,vacuus,universe,nulla,dedecor,cenaculum,exercitationem,63,197.67559995029987,44,dens,3,2,5,false,0.1162526966316291,2024-05-06T09:02:19.342Z,Turner Inc,false
6b2922e1-cada-4e3b-b44a-36600c0107b9,2021-11-27T03:21:45.773Z,New Demond,Louisiana,Micronesia,61.8006,84.7134,cunae,thymbra,temperantia,cohors,at,supellex,cunctatio,105,11.783776092564215,39,angustus,6,0,5,true,0.12905923355160598,2023-04-11T19:29:06.351Z,Kemmer and Sons,true
101e94a6-c765-4e52-a6e4-517590327c4f,2021-08-12T01:37:29.615Z,Athenacester,Tennessee,Tanzania,-16.606,71.6726,consequuntur,usque,tamisium,capto,blanditiis,sono,caries,110,36.07118329265822,31,unde,1,2,1,true,0.2071521432149264,2021-06-05T18:51:50.448Z,"Kuphal, Gottlieb and Cormier",true
2f16ae5e-314a-43c8-987a-29288ff647e9,2021-03-31T07:59:11.892Z,Fort Madalineburgh,Mississippi,Aruba,-20.4869,53.8776,canonicus,credo,voro,virgo,solium,vinco,varius,82,131.24055646806545,56,theologus,3,1,2,false,0.03263252668732164,2021-02-21T06:30:27.999Z,Barrows - Stehr,false
7479cb6f-ab75-41d4-9548-2d8448f1f8f8,2021-11-30T11:14:13.629Z,Salmafield,Oregon,Saint Pierre and Miquelon,49.765,25.6845,minima,crux,adstringo,comprehendo,cohaero,nesciunt,valde,82,45.524377622036944,64,videlicet,1,2,4,true,0.1313755315925975,2024-12-01T08:26:32.650Z,"Gottlieb, Bins and Schaefer",false