accident_id,incident_datetime,city,state,country,latitude,longitude,road_name,road_type,intersection_type,accident_type,weather_condition,road_condition,light_condition,speed_limit,actual_speed_kph,driver_age,driver_gender,casualties,fatalities,vehicles_involved,alcohol_influence,blood_alcohol_level,weather_reported_at,reporting_department,pedestrian_involved
e2586dbd-9244-43c4-ae7f-393649db2108,2019-01-14T07:05:09.256Z,Volkmanfurt,Wisconsin,Democratic Republic of the Congo,-13.1294,-15.8447,vulnus,celebrer,temperantia,utor,tamquam,cohaero,cursus,86,4.0685778975485665,45,uberrime,6,2,3,true,0.049739330029333256,2021-02-18T18:47:58.152Z,"Walker, O'Kon and Feest",false
505b45ee-b6c6-47eb-a4e5-1bdc53f87018,2025-07-07T13:22:40.996Z,Doylecester,New Jersey,Papua New Guinea,85.3892,-107.1373,cervus,a,adfectus,dedecor,cauda,comminor,demens,34,180.88053534375297,81,articulus,3,0,4,true,0.16467513031018327,2022-10-23T10:03:35.406Z,"Rath, Schowalter and Roberts",false
9cb22e1b-88bd-4c26-bafa-b41ac0519428,2025-08-11T09:38:57.824Z,Fort Mozelleborough,Texas,Gabon,-42.9903,56.2674,avaritia,viriliter,tot,tardus,spes,argentum,infit,93,139.79580647155979,80,consequatur,1,2,2,true,0.21968838873627577,2024-01-14T02:52:25.512Z,"Satterfield, Effertz and Skiles",false
c0a24fc4-e49c-4eb8-b757-ca6a5f241ca8,2025-09-24T05:59:51.637Z,North Tatyanafort,Virginia,United Arab Emirates,-12.7164,-11.8717,tamquam,via,speciosus,armarium,solitudo,appono,venia,120,22.546338963456563,19,denique,2,2,2,false,0.1315522337602684,2020-06-07T23:53:24.259Z,"Kunde, Beatty and Dibbert",false
30256bf6-56f3-4cdc-98f0-c13ac0cc1214,2024-01-29T22:46:00.165Z,New Kira,New York,Montserrat,81.0923,-24.7962,caterva,utilis,abbas,curis,succedo,cornu,compello,77,37.72950904472534,36,dedico,0,1,2,true,0.19499866118064216,2023-01-27T08:25:59.711Z,"Botsford, Hartmann and Ziemann",false
f54d718a-4b10-4c24-bf7f-0c44d74635d1,2023-02-17T03:20:53.344Z,Savionboro,Alabama,Panama,87.629,24.6122,clibanus,umbra,carpo,cupiditas,trans,desparatus,creator,60,30.772270430750346,70,apparatus,2,1,1,false,0.15134065752635847,2022-11-20T18:31:43.045Z,Feil - Ruecker,true
8b043ebe-5800-498e-accd-e56d2903d462,2019-12-09T04:25:47.965Z,West Ellis,Mississippi,Grenada,28.4087,102.905,minus,alo,deludo,claustrum,perferendis,traho,bardus,39,70.44891774477836,94,aetas,4,0,2,false,0.04320594593775334,2020-05-10T10:05:09.227Z,"Cummings, Osinski and Marquardt",true
889db4ff-2c5a-42d7-b620-76f73bcf263f,2022-12-25T09:01:47.761Z,Dominicchester,Arkansas,Finland,65.5252,-48.2447,varius,cura,exercitationem,thesaurus,suffragium,vel,tabula,85,230.9000419133834,28,angustus,1,0,4,true,0.07775635947417603,2023-06-11T04:09:45.642Z,Bailey - Douglas,true
2409b45b-38b6-4d46-8ed9-2a22ff29e072,2018-10-27T06:58:40.493Z,Augustburgh,Ohio,Nepal,37.9004,42.1341,textor,vehemens,vilicus,pecco,cinis,pecto,quos,89,98.34696779323095,63,anser,3,1,1,false,0.19299683326193476,2020-08-13T16:55:22.821Z,Leuschke and Sons,false
3790a5fe-b362-4f6e-8a9f-38b8ed52d05d,2021-07-18T21:01:00.697Z,Carmichael,Maryland,Sudan,-73.2952,109.9533,crepusculum,uredo,rem,accommodo,deinde,calculus,caute,108,45.31615661333885,99,anser,3,0,2,true,0.02669763040789422,2020-10-28T18:42:04.962Z,Kunde Inc,false
892f9caa-7ae3-4c66-86f5-c0b30a47f0ef,2025-12-16T13:47:59.711Z,Port Brennon,Maryland,Italy,-70.1423,63.8232,socius,non,corrigo,culpa,cultellus,quia,spiritus,46,173.4700443643071,25,vicissitudo,1,0,5,true,0.18793299301206537,2018-11-04T19:14:06.563Z,"Fritsch, Metz and Reinger",true
40026890-d440-4800-bf05-3ead700a8b15,2021-09-29T23:10:52.706Z,Fort Jackeline,Illinois,French Guiana,-6.289,69.7103,spoliatio,cohors,tam,triduana,tamdiu,taedium,solum,79,159.53285155138866,50,uter,4,2,1,true,0.18947479571711054,2019-06-03T18:17:35.971Z,Herman LLC,false
05589ba1-ec49-45dd-ab81-497108d1cccd,2020-05-26T22:44:12.165Z,South Annie,West Virginia,Antarctica,75.0199,-167.1501,cubicularis,tener,appello,velut,compono,tamen,benigne,76,86.45655365691285,55,accusamus,5,0,3,true,0.06925530128783558,2023-11-08T13:38:07.935Z,"Nikolaus, Zboncak and Gulgowski",false
ff61cbe6-bde8-40eb-b661-e826157a53df,2020-11-27T12:40:07.577Z,Coral Gables,Missouri,Saint Lucia,-17.3119,154.0802,speculum,alo,corroboro,fugit,certe,ipsam,eos,62,88.03480027976583,93,laudantium,0,1,4,true,0.20816493710670528,2022-06-11T04:50:15.261Z,"Kulas, Lemke and Kautzer",false
f2b589d6-1b0f-4741-ac65-226ccd50ebbb,2020-03-16T01:48:05.356Z,New Charlottemouth,Idaho,Saint Lucia,-89.6876,-38.0358,beneficium,tibi,anser,spes,templum,quasi,auditor,67,52.688111217820854,53,rem,1,0,5,true,0.2053051952339512,2023-02-12T00:30:40.242Z,Frami - Konopelski,true
b72e20a6-5035-4853-82fa-e60f44eaf0eb,2018-12-15T01:10:49.992Z,West Lonnyfurt,Massachusetts,Malaysia,-84.539,51.5907,tamen,quisquam,stultus,denique,aspicio,vomer,acquiro,108,26.128978390972158,21,suscipio,3,0,2,false,0.1361217074099738,2023-08-09T12:01:17.494Z,"Boyle, Schmidt and Heidenreich",false
d0ec2938-2a8a-4819-9bd2-ef6597d7a619,2022-04-30T17:09:52.802Z,Port Mozell,Arkansas,Rwanda,88.5664,137.3219,assentator,corrumpo,iste,arto,vos,capio,tactus,24,156.52082153561997,19,degusto,0,1,5,true,0.2237837505636875,2024-03-20T23:31:04.381Z,Mitchell Group,true
a3262738-71d0-47ed-8150-a5462ec42d40,2025-07-16T19:10:03.982Z,Ceres,Colorado,Holy See (Vatican City State),40.2418,-89.8406,demens,thalassinus,alienus,quibusdam,coadunatio,arbustum,taceo,104,194.55958152702036,98,dolore,0,1,4,true,0.12622320941475165,2018-08-17T13:07:38.718Z,Thiel - Franey,false
60e9f733-1dc0-4db4-ab75-c3d8fa1655a6,2025-04-08T04:33:41.607Z,Port Rita,Hawaii,Guadeloupe,-53.1888,-126.345,color,reprehenderit,cernuus,victoria,venia,quisquam,accendo,51,184.964293102667,16,voco,1,0,2,true,0.24199970383501762,2025-06-09T03:03:45.903Z,Hilpert Inc,true
d35db8b6-c716-40d6-a2ae-f2e7f71c681f,2021-06-06T11:55:46.769Z,Lake Lilianaborough,Connecticut,Bouvet Island,-23.5673,-7.6831,decumbo,aedificium,avaritia,ver,sono,benigne,arma,118,141.21210603468793,59,est,2,0,1,false,0.24121442472069404,2021-03-23T08:39:55.341Z,Davis LLC,true
0faef3d4-fb03-421d-8ae6-193f05c92706,2021-10-14T10:29:22.656Z,Cesarfort,Alabama,Monaco,-16.9415,-50.197,tardus,amplexus,adiuvo,aliquam,catena,creator,solitudo,101,3.771923484978865,90,cupiditate,3,2,3,false,0.10149643349183943,2020-01-24T09:33:05.374Z,Carroll LLC,false
9b49c2c7-245f-42a7-a54b-03f5bb19d6c1,2020-02-08T18:42:04.113Z,Spring,Alaska,Togo,56.7051,-140.0858,thermae,tenus,arcus,ut,placeat,porro,altus,99,202.1466569064346,79,cauda,5,1,1,false,0.03767894162173893,2025-06-03T15:22:44.728Z,Greenfelder Group,false
f86b37c4-62ba-4b92-9d69-a8eabb265108,2020-12-04T18:58:51.053Z,Elodystad,New York,Montserrat,-81.6856,125.2648,cetera,delectus,vesco,vomica,ater,sumptus,patruus,75,175.5199009173201,17,curia,1,0,1,false,0.024874103828114613,2020-10-01T14:52:43.682Z,Treutel and Sons,false
7a49bf04-c9bf-4c6f-a4cf-f6bbfbb3e66f,2020-05-23T01:02:22.620Z,Bellachester,Arkansas,Gambia,50.456,-144.6572,abundans,sperno,comprehendo,denego,delectus,unde,tego,76,138.54094817609632,25,vicissitudo,5,2,4,true,0.14294280215919,2021-07-12T12:11:51.944Z,Stroman - Davis,false
8eae8dc2-8cf9-475f-a2d3-5fb0ded79879,2022-02-22T07:26:04.044Z,Titusville,Alabama,Tajikistan,40.3872,9.9054,aedificium,arbor,arma,vesica,cetera,cohaero,appositus,121,177.88742550354323,29,candidus,4,2,2,false,0.15552660850864528,2018-05-14T00:31:10.650Z,Hammes and Sons,false
0eda1b88-cbdb-4fba-a115-c647861806a5,2022-01-29T07:56:07.327Z,New Johnniehaven,West Virginia,Vietnam,-70.4378,-5.5444,denego,voco,alveus,umbra,in,tripudio,earum,104,36.00685300626343,22,creo,1,1,4,false,0.03951861789212577,2021-04-17T11:00:12.494Z,Waters LLC,true
b71be1dd-325c-49b3-bdf4-fea9fec0da97,2023-01-12T18:29:06.556Z,Greenfelderfurt,Connecticut,"Virgin Islands, U.S.",-6.6542,174.0861,vulnus,depraedor,vulgivagus,aliquid,volubilis,stabilis,collum,75,75.7005635478831,64,cilicium,4,0,5,false,0.11997683073844581,2019-10-13T20:31:17.949Z,"Reynolds, Schiller and Muller",true
f6bd42cc-4bcd-478f-8980-c8fc7a285ff5,2023-11-20T10:17:05.008Z,West Valentineworth,Arizona,Puerto Rico,79.0914,156.961,crepusculum,tres,trepide,aperte,uter,turba,cura,108,95.85707999316641,80,labore,3,2,1,true,0.026197601085302835,2024-11-22T07:12:20.383Z,"Corkery, Becker and Reichel",false
a25d56c3-dedf-4003-bef9-ca0280b9acc8,2022-10-04T20:29:49.678Z,New Marianna,Indiana,Nauru,-17.9811,143.3407,arcesso,theatrum,tabula,surculus,ratione,dolorum,cubo,116,2.1457384875090213,42,tumultus,5,0,5,true,0.20292312902607015,2018-05-28T06:59:06.378Z,"Abbott, Bashirian and Bogisich",false
a39577e8-3894-4196-8c85-887bda8b94c1,2022-12-03T05:33:57.511Z,Axelville,New Mexico,Samoa,-46.9907,-40.8825,ea,decor,sollicito,tabernus,tum,arx,adopto,29,212.8793937991677,84,deficio,2,2,5,true,0.0869591523803582,2022-01-28T08:04:05.163Z,Smith Group,true
b46c5984-f125-4235-9a35-eac117013d54,2024-12-11T00:26:43.140Z,Shieldsborough,Louisiana,Haiti,-12.8088,-127.6867,cavus,teneo,calculus,ars,admoneo,velit,spiritus,90,205.9251695465494,84,laborum,2,2,4,false,0.19128384063816317,2020-06-01T03:07:58.166Z,Mueller LLC,true
0543846e-80cc-46c2-a2ad-066283da96fa,2018-08-17T03:14:13.561Z,Dinastad,North Dakota,Rwanda,75.5874,131.1621,adduco,talis,bellicus,supplanto,tenus,tenus,voluntarius,114,195.3337663028537,37,uter,0,2,3,false,0.11940646475208064,2022-05-28T11:48:19.573Z,"Medhurst, Pacocha and Sipes",false
3538cc20-307a-4323-9ff0-e4640f30aca7,2019-11-07T22:39:00.172Z,Greensboro,Maryland,Gabon,-77.2901,16.9711,tumultus,supplanto,aut,suppono,statua,deludo,thesaurus,83,190.72980881268882,40,absorbeo,2,1,3,true,0.030869032539498242,2021-08-10T08:03:39.332Z,Murphy - Kshlerin,false
0284e4d1-98e2-4fac-b5d9-6f238814d260,2024-08-15T02:39:36.579Z,Webstercester,North Dakota,Belgium,-88.3364,119.5001,utique,bellum,provident,pecto,auctus,dolore,callide,91,216.5101447475728,79,nostrum,1,2,3,true,0.23713534013073145,2018-02-04T11:07:57.376Z,Considine - Simonis,false
3c99d3db-0649-432d-a015-3d07d220e83a,2025-05-14T15:53:55.310Z,Smithworth,Illinois,Egypt,-42.1716,-128.7854,perspiciatis,timidus,illo,defero,desolo,suffoco,ver,82,155.41890832050112,82,tergeo,2,0,5,true,0.178769382617757,2021-12-09T20:46:34.206Z,Ondricka - Block,false
0c305b61-d1bd-4f36-a607-9c78a342d268,2018-10-02T00:33:48.063Z,Lake Icieworth,Mississippi,Burkina Faso,66.0979,-111.7261,sol,vitium,summa,vulgaris,aiunt,vivo,arbor,22,189.91627906205,21,bellum,1,2,2,false,0.17666895509502745,2019-04-20T00:13:21.358Z,"Miller, Kovacek and Tromp",true
4a0b5f31-4535-4538-9f55-554e72a563ea,2023-02-14T16:59:55.961Z,Jerroldland,Iowa,Taiwan,37.1896,28.3994,volutabrum,adipiscor,facilis,sustineo,cras,sumptus,utique,56,122.51856035780234,62,consequuntur,1,0,1,false,0.12214367642437571,2018-04-30T20:21:37.323Z,"Schuppe, Wilkinson and Block",true
01169fce-22c5-4cd3-82cb-5ee8a9c98208,2020-02-23T20:15:21.547Z,Lake Jose,South Dakota,Rwanda,40.8535,-71.5206,adipiscor,caecus,vitium,reiciendis,termes,deporto,communis,91,65.41450843917059,82,contra,6,2,5,false,0.17486358910452943,2023-08-04T17:51:21.002Z,Pouros - Hansen,true
0545b30c-9425-46e1-a7b1-df2891138c52,2019-04-29T13:37:47.224Z,Port Rebekafurt,Utah,Bosnia and Herzegovina,-28.5088,-142.1562,cur,concedo,amplitudo,atrox,deserunt,tremo,atavus,111,186.48508160794847,19,utilis,6,0,2,false,0.04666235306103522,2023-08-24T10:12:15.739Z,"Konopelski, Zemlak and Kris",true
af407e3a-d2bd-4f0b-b150-087117ab72f9,2018-02-06T09:42:24.061Z,Todstead,North Dakota,Guadeloupe,0.369,-165.8134,appello,despecto,teres,argumentum,ratione,amplus,arma,122,62.878124113288756,79,abeo,2,2,1,false,0.22881203220443389,2023-12-08T03:18:57.655Z,Rowe Inc,false
2bbd697c-2d9a-43dc-b3fe-61a5e23bff5c,2024-03-21T05:57:34.530Z,Wunschworth,Nevada,Bangladesh,82.064,26.7303,vinitor,commodo,video,claro,curtus,vos,torrens,32,145.0816313695649,78,sophismata,3,1,2,true,0.08526272824243586,2021-05-20T16:42:37.724Z,Jaskolski - Abshire,true
191e0067-33ed-4fa0-9517-1ecc67101570,2019-04-13T16:56:59.049Z,Cheyannecester,Kentucky,Argentina,-14.1374,27.3878,tantum,torqueo,degero,valens,tremo,suppono,tantum,46,18.827890600985036,23,ceno,0,0,1,false,0.2100619999809943,2020-09-02T15:26:20.580Z,Casper - Stanton,true
133745a1-696f-4355-8f90-063538b2b687,2024-06-15T23:25:52.397Z,Lake Vernon,Alabama,Central African Republic,51.3802,92.9367,cupiditate,dolores,saepe,comparo,vesco,atrox,laboriosam,124,216.62287840645976,51,architecto,1,0,1,false,0.24560869901148774,2023-02-18T20:39:14.934Z,"West, Ruecker and Stiedemann",false
ab2e9cc6-c6cc-4f8a-9fa3-d5c24d6dcf93,2018-07-29T08:31:30.913Z,Kettering,Vermont,Venezuela,78.1505,76.9781,explicabo,amplitudo,vox,animi,suasoria,modi,debilito,64,206.75816830306354,33,viridis,4,1,3,true,0.24488344793325467,2018-09-27T19:56:11.218Z,Daugherty - Legros,false
c09dc175-b837-42c8-a5b2-c3cfcb26cf8a,2018-11-28T19:56:13.901Z,Eberthaven,Hawaii,Papua New Guinea,-21.2421,66.0202,provident,textilis,cupio,arto,vorago,tremo,suffoco,122,46.26483555714501,38,deleniti,0,1,5,true,0.06235212107303914,2022-05-04T12:47:14.927Z,Jaskolski and Sons,false
fe016135-8b9f-4b93-b5f0-3b9f989e3ad0,2022-08-23T08:49:48.604Z,Murphyburgh,Michigan,New Zealand,-58.7521,43.3908,utroque,amo,vinculum,depromo,contego,absum,absque,33,216.37231665314368,61,aliqua,5,1,3,false,0.16958578194545096,2023-09-05T05:30:17.237Z,Streich and Sons,true
f2625887-1ad5-4f43-b8c5-6e079bc9be48,2024-05-29T03:01:17.022Z,Lake Clotilde,Alaska,Aruba,31.3295,54.2447,mollitia,sopor,adfectus,tutamen,traho,deripio,cuppedia,60,114.01143540435937,25,fugit,3,2,2,false,0.0599531539045256,2019-04-07T23:34:19.644Z,Roob - Stehr,false
f36ea1e2-2218-4ca7-9e6b-e3dcc3a23cf9,2021-08-11T09:38:34.425Z,Carrollton,Texas,Equatorial Guinea,-17.2996,-7.9996,auditor,cuppedia,spes,solvo,aeternus,spectaculum,conscendo,33,167.713111921588,84,viduo,4,0,2,false,0.20090751311931462,2019-09-18T01:09:12.348Z,Dicki - Cronin,false
e63da861-ef68-4f65-ac7b-4884fc08ba2c,2025-11-18T20:08:56.580Z,Westland,Nevada,Sao Tome and Principe,-58.8799,-8.0503,adeo,tametsi,turba,deprimo,arx,temptatio,acervus,97,84.65977020646439,95,vomica,1,2,4,true,0.07784899754114474,2020-10-14T03:06:39.337Z,"Reilly, Harris and Beahan",true
852712a9-6a86-4762-be47-043a34c335de,2023-12-30T10:04:19.439Z,Rafaelside,New Jersey,Uzbekistan,-87.358,-40.2275,alioqui,eveniet,considero,dedecor,attollo,solus,adopto,101,165.50381504368883,44,bellicus,4,0,2,false,0.23759851779528124,2020-08-12T01:59:23.872Z,Tromp - Stroman,false
48b18dda-f35b-488c-9cf4-58dfd0db9816,2018-08-14T17:06:59.028Z,Fort Kade,New Jersey,Armenia,73.3402,139.0877,cattus,officiis,officia,quisquam,villa,benigne,summopere,123,131.09951134130029,24,velut,6,0,3,false,0.2183096137330473,2023-07-07T07:59:02.372Z,"Crist, Daugherty and Schumm",false
0f12d794-d6c1-4018-83ea-7d2eb40db788,2019-03-20T09:59:38.251Z,New Katelinmouth,Idaho,Poland,-70.8753,138.7898,careo,enim,absens,utroque,defluo,tersus,pecco,69,90.81291014802875,66,minima,3,2,1,true,0.16252539925270212,2021-04-26T12:16:07.622Z,Blick and Sons,false
f07ada15-c3c7-49db-893a-d3a2c72fd515,2019-07-06T23:55:23.562Z,South Leonel,Kentucky,Nauru,15.9104,-161.038,traho,similique,neque,amplitudo,compono,sapiente,amet,55,218.12218338624476,62,cunae,5,2,2,false,0.2119984132291239,2025-02-20T22:38:54.133Z,"Bernier, Ferry and Walter",false
08bf4e58-5af8-45a2-ba04-af938a52cd28,2021-03-22T16:49:20.911Z,Mrazboro,Delaware,Maldives,-16.3661,67.9838,autem,condico,ultra,deporto,tubineus,vorax,desipio,124,216.1477662545738,47,arca,2,1,1,true,0.18561563346014387,2020-01-19T19:18:12.264Z,Kovacek and Sons,false
2714ce87-81f1-46e5-9998-ceb8d91da21f,2025-03-28T17:30:17.152Z,New Mateo,Indiana,Aruba,10.5544,-51.5782,arbor,tersus,agnosco,ocer,ullus,exercitationem,tripudio,107,48.38920459102562,27,adicio,1,2,5,false,0.12908277835908188,2022-08-15T03:24:47.985Z,"Bartoletti, Dibbert and Cassin",true
b3e997cd-5bc6-4e3c-b771-740a8f67c0e4,2023-11-04T00:50:52.601Z,Pomona,Idaho,Tunisia,12.9637,-56.7816,triumphus,cicuta,tactus,canis,vesco,cultura,tres,128,226.20588013481628,41,pauci,0,2,3,false,0.051776513138750396,2025-07-21T13:26:12.317Z,Kirlin LLC,true
a8ad62c0-8f27-4a2e-8ecd-71e80f1f47bc,2021-04-09T08:15:20.365Z,Port Dylanstad,Michigan,Sao Tome and Principe,-44.4374,5.0838,tum,arceo,sum,vir,villa,vaco,sollicito,83,133.4815095183968,34,audax,0,2,1,false,0.2055544907955866,2019-08-02T03:43:43.951Z,Doyle - Hegmann,false
3ec9e967-7674-479f-bcc7-774ff159de75,2025-11-24T23:39:25.669Z,Jermeycester,Pennsylvania,Senegal,-41.0484,164.7353,attonbitus,cometes,stella,sperno,vestrum,absens,arcus,111,238.92460603436479,98,error,0,0,4,false,0.15780027916552028,2020-06-10T17:25:53.713Z,"Wisozk, Trantow and Block",true
aac76582-bf7e-4ca8-84bc-09e3ad7f40a8,2024-06-14T23:36:54.510Z,Eulaliashire,Idaho,Italy,5.0864,81.3805,ars,utor,deputo,natus,balbus,voluptate,contego,109,194.12165400608836,84,tametsi,1,2,1,true,0.046473500791379574,2024-03-15T05:20:33.596Z,"Moore, Kertzmann and Grady",true
96709e7e-55e5-487c-9b13-6c9613286941,2022-03-14T14:31:24.057Z,Roswell,South Carolina,Brunei Darussalam,-46.0954,139.9872,canto,amaritudo,praesentium,barba,animadverto,succedo,curso,121,119.00548209915762,88,vir,5,1,2,true,0.109850658782815,2020-08-02T18:36:22.758Z,Runte - Schmeler,true
e4528e25-3a2d-443e-9bf8-c70b0d6b3733,2024-02-13T14:01:06.857Z,Kubstad,Ohio,Western Sahara,-85.2515,-6.7528,dedico,supplanto,addo,et,appono,asperiores,asperiores,72,147.06755632446792,39,altus,3,1,5,true,0.08659699766991197,2022-12-14T07:12:10.539Z,Hahn - Denesik,true
43def952-10e4-4d1e-9aef-6ab03f7dcd3d,2023-03-28T22:47:34.155Z,Moore,South Dakota,Christmas Island,-62.0493,70.6418,clementia,totus,theologus,supplanto,contabesco,commodo,degero,108,172.98161259065284,89,aestus,2,0,5,true,0.10054553577793593,2020-09-19T05:48:33.614Z,"Pouros, Will and Wilderman",false
04734a38-06bf-45fe-96d8-e83e28d0fa92,2020-08-17T17:39:23.224Z,Fort Reinhold,New York,Nepal,-57.611,115.9469,solitudo,depopulo,contra,tot,vereor,depono,suppellex,103,128.87462871555323,26,catena,3,0,3,false,0.17389456816868684,2023-06-28T23:05:56.516Z,Bartell and Sons,false
1833e4da-11c5-4647-97f0-30b38af017b0,2018-01-16T17:26:21.919Z,Beaverton,Illinois,Italy,-9.8363,-57.4594,coma,cetera,aliquam,quasi,adsum,tutamen,accusator,113,98.71210982279736,48,arbor,3,0,1,true,0.1872622909504133,2022-07-28T09:41:45.873Z,Lockman - Blanda,true
2245d6e8-2fc6-4e0c-908c-0cba56e6e012,2022-10-16T03:20:30.263Z,Wolfshire,Vermont,Nauru,60.5483,118.8078,tertius,terga,adnuo,abduco,cado,bestia,talis,80,177.28108732602652,59,voluptatibus,5,2,1,false,0.12367705127910336,2025-11-28T09:04:18.921Z,"Schuppe, Koch and Luettgen",true
d09ee361-1785-4397-979c-40c4881583d9,2022-08-12T12:09:20.294Z,San Clemente,Massachusetts,Bahrain,-22.8086,-146.3238,autem,barba,stabilis,depereo,usus,tutamen,tripudio,49,38.44860672709942,78,aestivus,2,1,4,true,0.173353457532284,2019-06-25T01:05:13.492Z,Raynor LLC,true
5c59cb04-318a-4212-88ef-4f8592468bde,2019-03-13T11:29:42.897Z,Trompfort,Connecticut,Isle of Man,-80.938,-106.829,illo,abbas,thema,umquam,animadverto,amaritudo,coma,74,53.01286954204841,99,adfero,5,1,3,true,0.030416194604158286,2025-05-13T05:59:07.230Z,"Kovacek, Zulauf and Lueilwitz",true
2d241a39-438f-433c-9e72-f226830b45c8,2025-11-18T12:25:28.802Z,Liamberg,Kentucky,Yemen,9.6363,-81.3877,vaco,cohors,depono,adimpleo,colligo,nesciunt,depromo,37,3.220087904272919,63,pel,0,2,2,true,0.21957072155698118,2021-04-09T05:28:24.157Z,Schamberger - Mohr,true
943c870b-c4db-49b0-8179-d23eb2099899,2020-10-08T13:34:35.882Z,O'Kontown,Virginia,Lesotho,-53.0985,167.2334,atrocitas,fugiat,ambitus,pauci,torrens,super,cupio,94,33.284707408731634,19,adeo,1,1,2,true,0.15799885548687947,2020-09-08T04:42:21.662Z,McDermott - Predovic,true
e178a87d-65a6-49a1-a8c4-902aeb4228c9,2020-11-13T06:35:27.219Z,Yorba Linda,Virginia,Guam,41.6367,-103.7297,amet,arbustum,sono,cupressus,sustineo,addo,valeo,37,72.55545287305601,78,minus,5,0,4,true,0.1075914545237723,2021-08-01T20:07:18.971Z,"Ryan, Leannon and Doyle",false
f12101a3-c14b-4daa-a76a-139ff2cfeab0,2022-05-31T08:53:11.381Z,New Rigobertoside,Vermont,Palestine,-70.1126,64.8572,deficio,velut,terga,cognomen,abutor,ratione,suppellex,110,115.08483242375823,85,utrimque,1,0,2,false,0.24052664276858549,2022-11-23T07:50:47.281Z,McLaughlin - Lubowitz,true
5c3bd6b4-024b-42a2-8c40-d0fa55d363e0,2020-06-12T04:30:41.398Z,Amandaborough,Mississippi,Saint Barthelemy,54.7463,-87.123,admoveo,synagoga,sint,asporto,labore,caecus,claudeo,28,58.42772158708519,75,solitudo,6,2,1,true,0.2452791382481077,2025-01-17T08:07:02.751Z,"Lindgren, Brekke and Mertz",false
e6f6c837-a1bb-436e-858a-89a06cad90ab,2018-10-21T01:36:20.699Z,New Kristianbury,Maine,Niue,31.6826,-140.0752,terreo,terreo,aufero,absque,terra,eveniet,certus,113,150.3528930177717,71,sodalitas,3,2,2,true,0.07824385040252108,2024-08-16T00:51:14.578Z,"Gerlach, Lockman and Wuckert",true
055258a1-c8ce-4d04-bc7c-db0dea3b1849,2018-02-12T03:56:59.242Z,West Liafurt,Kansas,Uganda,-71.2647,139.1064,contabesco,temperantia,deleo,socius,cruentus,caterva,ultra,23,102.09725488283814,31,cernuus,1,2,1,false,0.20200269253419442,2020-09-30T08:57:06.483Z,"Murazik, Conn and Legros",false
7b7e0faf-75a7-467b-942f-6794d7d9222a,2025-11-24T02:37:14.621Z,Lake Alanafield,North Dakota,Kuwait,-75.5877,-96.7436,celer,patrocinor,absconditus,una,catena,adopto,sublime,26,76.23818618927412,46,sophismata,1,1,3,false,0.20808230907508476,2020-05-10T12:58:45.616Z,Vandervort - Kunde,false
77f8b9ff-cc80-41f1-bacb-afebce00f268,2025-09-07T07:36:39.043Z,Lake Ephraimfurt,South Carolina,Eritrea,-20.7543,86.0448,claustrum,non,virtus,conspergo,addo,demergo,cado,30,151.42207816650625,98,quasi,0,0,3,true,0.1144835557306687,2021-03-25T19:51:44.117Z,O'Keefe - Brekke,true
63357c99-1f3a-48b6-a2da-afe060f5c2d6,2024-01-21T04:42:52.550Z,Morganstead,Florida,Equatorial Guinea,-78.5919,152.7392,uterque,stillicidium,summa,advoco,delinquo,dolor,assumenda,30,229.80944949509293,60,catena,2,1,5,false,0.13725925431632663,2020-06-25T11:56:36.288Z,O'Connell - Heaney,true
d80b6045-6df1-4f56-bd80-fc6cb49972b6,2024-08-06T01:04:16.355Z,Fort Vicente,Ohio,Kiribati,80.1275,80.597,dicta,confido,facere,contra,tendo,coniecto,vilicus,128,221.89643438473146,97,careo,3,2,1,true,0.1853389474223922,2022-11-15T12:22:39.269Z,"Beier, Predovic and Larson",false
0a498878-8f13-4ade-b3bb-f4de77f476b5,2025-01-11T02:33:21.041Z,Palm Coast,Alaska,El Salvador,47.8154,-75.9501,vestigium,crinis,arbustum,pax,tersus,vapulus,vereor,93,61.44304913083667,58,vivo,4,0,1,true,0.10589103342344208,2018-03-17T16:33:43.911Z,"Kuhn, Kuphal and Koss",true
86d1641b-7656-4255-902c-db7c14953f31,2020-01-16T22:04:48.730Z,Fort Lavonne,Mississippi,Mauritania,38.9933,-176.3278,vulticulus,apostolus,debitis,volo,capto,appono,calculus,73,232.99751975238814,22,assentator,6,1,2,false,0.20852468100624386,2019-05-18T01:40:05.418Z,Fay LLC,true
757c7f4a-db9c-4a28-af2f-35b993b959d9,2022-08-17T05:44:53.372Z,Fort Estefaniatown,Alabama,Bhutan,86.538,-103.8106,id,utroque,vehemens,aliquid,supplanto,dolor,bardus,34,150.34404204925806,77,color,6,1,5,true,0.004094395154071756,2022-10-19T06:29:32.436Z,Senger - Will,true
08881961-928b-4322-be37-ecbb7f5d24bd,2018-07-23T10:22:16.477Z,Pfannerstillview,Virginia,Mali,-9.6057,13.2236,alioqui,supplanto,centum,eaque,arx,labore,sol,29,214.96691253209957,22,bardus,0,2,5,true,0.1354284969266908,2024-04-14T10:46:24.790Z,"Marvin, Becker and Jast",false
748c67ee-3493-44e5-a798-545695ed3617,2022-06-07T10:14:01.576Z,Bernierview,Rhode Island,Cameroon,-0.2468,70.6735,stabilis,defetiscor,subito,adsum,baiulus,audeo,inventore,31,25.720663494722835,62,atrox,2,0,1,false,0.021670157562532488,2023-03-21T21:40:37.091Z,Wisoky LLC,false