accident_id,incident_datetime,city,state,country,latitude,longitude,road_name,road_type,intersection_type,accident_type,weather_condition,road_condition,light_condition,speed_limit,actual_speed_kph,driver_age,driver_gender,casualties,fatalities,vehicles_involved,alcohol_influence,blood_alcohol_level,weather_reported_at,reporting_department,pedestrian_involved
abcaf7af-6a63-4168-aad3-a877389e682d,2018-04-19T22:13:15.630Z,New Ardenboro,Mississippi,Isle of Man,-47.5207,-133.5341,assentator,callide,adversus,deorsum,bos,comminor,apud,62,21.515425821503946,70,comedo,3,1,1,false,0.1947030162301399,2018-07-19T20:51:57.745Z,Quigley - Cormier,true
75dc8dcb-fb3f-4d5a-85f6-847215654095,2019-01-29T12:28:15.106Z,Lake Darylstad,Mississippi,Panama,7.4959,48.4749,sufficio,damno,laboriosam,textilis,amor,consequatur,degero,95,18.978541554826638,91,tum,2,2,3,false,0.018487998480682333,2022-11-04T20:26:40.358Z,Veum Group,true
456c271b-e1a4-482c-992d-522501399489,2023-08-19T23:14:09.995Z,Fort Pierce,Connecticut,Estonia,19.3483,108.5606,valde,talio,suus,perspiciatis,autem,viridis,vinco,65,202.20968916739443,43,vestrum,5,1,4,false,0.18919912074051612,2021-05-20T14:20:19.730Z,Heidenreich - Harris,false
9860b655-8726-4dd6-bfce-62517b4eb078,2020-06-17T14:11:33.506Z,Braulioville,Connecticut,Maldives,-55.9393,-66.2042,voluptatibus,voco,in,confero,demo,candidus,tutis,21,152.56062581157568,94,territo,0,1,5,true,0.15226188771986848,2025-09-29T13:39:04.976Z,Franey Inc,false
c4943a70-86ee-4201-a516-907f3f52fa9e,2020-12-28T23:32:06.582Z,New Jammie,Connecticut,Burkina Faso,22.7895,-129.2771,ventus,modi,ab,paens,vigor,accusamus,adimpleo,109,118.7000998842678,49,nesciunt,2,2,3,true,0.04811281204950277,2022-07-06T05:53:17.308Z,"Hilll, Luettgen and Schroeder",false
9b7d7fec-05fa-4a3f-bb95-73411d99af9c,2021-12-16T01:33:35.340Z,Ceceliatown,North Carolina,Egypt,-69.7918,94.2514,aetas,color,demo,blanditiis,argentum,adamo,vito,98,60.59909567331736,91,taedium,0,1,2,true,0.0804464009136871,2022-01-04T08:26:21.221Z,Reilly - Hickle,true
a50a6ff8-567c-4c5c-a45f-b7776baf5e95,2024-08-12T10:17:22.960Z,South Jaceport,Alaska,Burkina Faso,85.9597,-47.2287,talis,conduco,ascit,voveo,substantia,laudantium,sufficio,105,132.63912456953477,62,cruciamentum,4,0,4,false,0.02182590028044651,2018-04-27T08:50:30.866Z,"Bradtke, Hoeger and Herman",true
a837663c-6654-4849-a467-6258a0164a6f,2018-01-13T08:32:57.033Z,Demarcusland,New Mexico,Poland,57.9916,-78.2131,absorbeo,consequuntur,totam,custodia,praesentium,desidero,iure,28,18.98532434846752,25,theologus,2,2,1,false,0.13816715436267993,2021-08-30T12:54:51.282Z,"Schultz, Gislason and Pagac",false
402b4a87-d294-4c75-9ecf-ef69bdbb6e28,2025-06-23T11:55:17.521Z,Port Oda,Oregon,Tunisia,-40.3805,43.509,ulciscor,currus,cursim,adnuo,caveo,correptius,audax,105,111.13754935065515,62,conforto,3,0,1,true,0.24791628653601017,2025-04-26T01:48:31.782Z,Wehner - Pacocha,true
6a0658d3-2220-414b-ae20-08cbfc9231d5,2019-07-01T15:04:55.339Z,Fort Estevanchester,Hawaii,Holy See (Vatican City State),-50.1113,-3.1117,sumptus,derideo,circumvenio,quia,cruciamentum,mollitia,vae,78,61.57845055542731,16,copiose,0,1,3,true,0.1969817649653749,2020-10-10T15:59:09.669Z,White Inc,false
8d62f07f-8a6c-4324-bbf2-155670e4aa95,2023-06-22T11:23:47.449Z,Lake Reggie,South Dakota,Puerto Rico,-78.1605,88.3927,thymbra,deduco,absens,comis,carmen,basium,vero,106,151.9693402983519,30,contigo,5,1,5,true,0.0354053808717687,2022-08-15T02:15:31.062Z,"Feest, Fritsch and Hessel",true
ce5546c6-5ebd-40d8-9e18-a31091c25369,2025-09-01T01:53:52.286Z,West Michaelaville,Mississippi,United Arab Emirates,-29.2805,-96.3606,caritas,tergum,audeo,voro,agnitio,verumtamen,aiunt,120,105.90353357123335,78,ventus,3,0,3,false,0.18526981509347848,2025-10-03T17:22:36.285Z,Schroeder LLC,false
01fbbda2-0b53-45d3-9307-7c48ff529e50,2023-05-24T23:54:41.904Z,Town 'n' Country,Alaska,Falkland Islands (Malvinas),49.9532,96.8113,torqueo,vociferor,contabesco,doloremque,aperio,bis,crastinus,25,90.89436945446984,96,custodia,4,2,2,false,0.1636549008815678,2022-06-13T09:28:48.230Z,Abbott - Wintheiser,false
6ee9748a-6a51-4f78-b680-ab21a9c8d904,2025-03-25T09:45:48.439Z,North Ivyburgh,New Mexico,Venezuela,-40.8389,-24.7946,addo,minus,tero,recusandae,peior,comitatus,spargo,80,105.78963857236104,35,chirographum,6,1,5,true,0.2208011113037438,2019-08-11T08:36:34.476Z,"Weissnat, Mante and Pfeffer",false
a04621e8-dea7-49e8-a588-368325f647b7,2019-06-16T11:10:50.674Z,New Geraldhaven,Kansas,Jordan,46.993,86.2431,caute,subvenio,decipio,celebrer,subseco,aufero,amplus,34,133.60841783162644,24,tollo,0,1,3,true,0.08779467567687396,2024-07-17T20:36:22.083Z,Fritsch - Koss,false
9762781a-7fa8-4fe2-b9b1-fec07283ea45,2025-04-06T05:44:57.290Z,East Sierrabury,Alaska,Ecuador,19.548,-96.1583,pecus,cribro,abeo,adsum,arbitro,patria,crustulum,88,62.67295527487946,36,officia,6,0,4,false,0.20170609344301796,2019-03-29T18:09:45.190Z,"Bauch, Carroll and O'Reilly",false
6bccbc77-99be-4b61-afbe-d7099cacd73b,2025-10-18T07:36:01.243Z,Lake Jerel,Florida,Togo,-31.5956,-178.8726,territo,chirographum,benevolentia,speculum,vesper,ustulo,talus,115,137.23610203388952,44,vel,6,2,5,true,0.09247151704514867,2021-12-24T02:14:27.233Z,McClure - Boyer,true
7b8199fd-60f6-4d58-835d-d14f9b24ca95,2018-09-08T14:01:47.334Z,Halvorsonberg,Nevada,Afghanistan,11.7898,-116.5066,volo,viscus,arbor,usitas,admoveo,adamo,dignissimos,107,51.69015361828161,45,cohors,2,2,4,false,0.20375582678860124,2019-06-21T23:12:23.497Z,Stokes and Sons,true
d0fc804c-a92b-4e6f-a95c-0e29e4a830c1,2025-09-04T21:19:26.177Z,North Abbigailboro,Ohio,Guinea,5.8028,-173.2041,reiciendis,tego,vorago,ambulo,aetas,tunc,ea,38,224.51317444153423,49,arx,1,2,2,false,0.02482788424311877,2020-02-02T16:53:56.691Z,Wiza - Goyette,true
a6c0965c-b5a6-41a4-a9ab-f660aafdd975,2021-08-24T21:51:39.110Z,Fort Kennethland,Kentucky,Uganda,-40.7289,-25.1112,arguo,cultellus,sumptus,patior,teres,theca,depromo,123,208.390829625492,38,porro,0,1,2,true,0.07550668466798247,2022-04-05T02:41:03.389Z,Halvorson - Cole,false
eb0ea920-4264-497d-b25b-76ecbceac70d,2023-09-22T23:19:17.426Z,Jonesborough,Nebraska,Panama,11.396,-138.6296,tantum,officia,audeo,tumultus,adnuo,tandem,valde,69,211.5636075520082,17,terror,4,0,2,true,0.12024908764078132,2024-10-17T10:00:01.734Z,Braun - Ortiz,false
78dd51cd-c247-4204-943d-7100b4ffbb69,2024-05-08T08:31:52.332Z,Alisaville,Louisiana,Oman,-80.2447,-134.3922,nesciunt,taceo,tum,acidus,titulus,unde,molestias,46,5.527849056862149,44,cruentus,1,0,4,false,0.238350979172834,2018-11-18T11:03:45.449Z,Weber Inc,true
f5d3fcf3-088d-4423-b5b9-ff4e08a3c7a1,2018-02-08T17:00:14.337Z,East Mafaldaside,Maine,Comoros,-78.324,-122.1348,desidero,minima,unus,decimus,coniuratio,dolorum,omnis,90,0.36487772098478644,52,taceo,0,2,4,false,0.14307747085738234,2021-06-07T06:17:31.849Z,Dibbert LLC,true
d1136023-28a1-4583-8ffa-07957fc24bc1,2020-06-27T09:53:00.912Z,North Katelyn,Minnesota,Nepal,-8.6661,-147.4228,calcar,ratione,urbs,collum,distinctio,succedo,tolero,57,211.0277682140099,91,commodo,5,0,2,true,0.11887221742129908,2018-12-01T13:02:58.104Z,Runolfsdottir Group,true
08dcecb0-3232-479d-ba51-88006bccdac5,2021-01-28T22:42:47.691Z,Cameronstad,Iowa,Panama,32.8574,-0.6544,audio,abundans,patrocinor,ara,rerum,curia,tabella,45,181.82912730763488,36,canonicus,0,0,2,false,0.09786480250228163,2019-10-13T04:54:25.892Z,"Moore, Glover and Ryan",false
9ffdaac7-dbd5-4f1e-bab9-3a0e0c577d9a,2022-01-22T13:15:27.729Z,Fort Lorenza,Vermont,North Macedonia,55.6628,-166.8116,ventito,clarus,explicabo,cur,alius,tantum,cogito,94,15.149081106051305,46,tamisium,0,0,3,true,0.09934297114677262,2021-05-23T07:53:54.722Z,Roberts LLC,false
49ee5987-1a07-4832-9bf3-a855bc572fa2,2024-04-30T08:29:40.996Z,Filomenafurt,Mississippi,Solomon Islands,-59.6518,171.4414,illo,laborum,pel,ustulo,depromo,canis,vilicus,26,73.97221763479142,77,strues,2,1,1,false,0.04089965637907131,2020-10-12T14:39:21.263Z,Gorczany - Sanford,false
72b5f92b-2fa9-42e8-802c-4e95a50716b7,2022-10-22T00:52:41.571Z,North Trevionview,Alabama,Estonia,-11.8252,29.1917,acies,vomito,defungo,paens,depulso,xiphias,supellex,21,122.25003588624891,40,cohaero,6,1,3,true,0.005417501423772064,2024-11-15T04:48:44.466Z,Kris - Kemmer,false
f3a2edf3-3269-4f36-892f-2706852d699b,2023-12-16T17:14:28.397Z,Lake Brady,Kentucky,Morocco,-80.0624,32.2499,voveo,conor,aqua,culpo,subseco,confugo,civis,69,161.92812554527646,91,commodo,5,0,1,true,0.21279186908204822,2024-10-22T00:35:16.353Z,Thiel - Weber,false
b7e6c3d8-bc91-4c62-8055-226f228a3ef0,2024-03-23T08:49:58.141Z,Fort Jensen,South Dakota,Belgium,-57.7601,-101.305,cavus,cometes,coaegresco,tabgo,expedita,apto,theatrum,79,149.4684787626799,78,volva,3,2,2,true,0.03908239646009329,2021-11-27T15:14:07.129Z,Crona - Herman,true
e40892e9-d130-460a-8307-56e1072ec644,2024-01-15T11:24:58.400Z,Rosemead,Michigan,Mauritania,-76.4453,-152.4023,ceno,aurum,arguo,infit,astrum,aequitas,aetas,108,128.19887005292753,92,vestrum,5,2,1,true,0.09977893307939323,2019-03-12T14:03:23.876Z,O'Keefe - Toy,true
f2ece228-34ef-471b-b129-a2e572eb6adf,2025-06-04T20:14:27.101Z,South Deanton,Oklahoma,Slovenia,-45.5323,-137.6312,arca,aegrotatio,vulariter,bellum,acervus,voro,conturbo,20,79.53894904899171,37,adicio,0,0,1,true,0.08898864423314215,2025-02-17T20:01:23.157Z,"Heaney, Rutherford and Adams",false
1db26cee-c5a2-4a32-b429-2431d0f05fc6,2024-07-01T04:25:45.356Z,Port Stone,New Jersey,Pakistan,66.3748,-27.0608,vulgus,pectus,temperantia,complectus,caries,auditor,carbo,125,198.1637890091528,27,abbas,2,0,4,true,0.13348416675154862,2024-10-23T12:54:09.848Z,"Blanda, Terry and Gutkowski",true
28fdcf26-9aa4-4c6c-a8c8-2cda92189f1d,2019-03-08T02:45:06.879Z,Dachville,Arizona,Burundi,-46.5189,151.51,caelum,claustrum,delinquo,argumentum,aliqua,aestus,turba,31,23.18408975940434,83,vomica,0,1,1,true,0.05073292687428768,2022-09-26T15:53:58.520Z,"Heathcote, Kub and Champlin",false
8df3f324-1d61-4095-a32e-be39c42d19f5,2023-03-19T12:31:17.582Z,Carolineshire,Kentucky,San Marino,42.8507,-133.905,ter,surgo,benevolentia,tibi,vicissitudo,confido,delicate,112,46.20765385786028,50,sublime,4,1,1,true,0.007166405315341157,2021-04-07T13:01:13.451Z,Kshlerin LLC,true
66169931-d641-4dd9-8ed7-cc1ad702b38a,2023-01-28T21:16:23.669Z,Jerdehaven,Oklahoma,Aruba,-88.6148,-93.7917,volup,delibero,magnam,maxime,speciosus,vulariter,ex,70,110.15907662652215,70,aspicio,0,0,3,false,0.11585277248186374,2025-06-19T23:23:22.265Z,"Keebler, Murphy and Aufderhar",false
7a84d539-9b60-408e-9e21-830325971ff4,2019-03-23T21:27:30.585Z,Jenkinston,Washington,Anguilla,-43.9646,-125.1015,collum,vis,coniuratio,ulterius,ustilo,bibo,sono,104,237.92181709378144,37,audax,0,1,3,false,0.11873698903937802,2021-01-30T20:50:54.992Z,"Christiansen, Kling and Pfeffer",false
9499ab84-1eba-4a32-aff7-f1dd9bdfca77,2021-09-16T13:47:46.307Z,Wuckertfort,Ohio,Madagascar,44.532,107.6597,rerum,aspicio,accedo,amiculum,decet,quidem,vergo,39,38.95569434571827,86,eos,2,2,4,false,0.23173999262456094,2022-11-14T06:44:02.514Z,Willms - Miller,true
cb0a6ded-9cda-4943-ad4e-086382ed8565,2018-03-07T22:32:40.889Z,Cliffordburgh,Arkansas,Sint Maarten,33.0022,-0.0417,cunae,vulariter,valde,velociter,asper,aeger,angustus,73,40.49726314480245,99,pel,3,0,1,true,0.23113183370160909,2020-06-27T12:56:05.378Z,Dach - Berge,true
838f3c55-7b5b-42d5-9af1-88c1c27a22a7,2019-08-26T09:39:48.768Z,Altenwerthcester,Ohio,Kyrgyz Republic,30.2417,98.2243,creator,arx,audio,villa,capitulus,quaerat,tum,118,28.154760700425907,59,crustulum,1,0,3,true,0.11675731608920564,2019-11-11T10:56:23.450Z,"Krajcik, Williamson and Ryan",true
35c12812-ad2d-4ac0-8f34-929f7b07550f,2022-12-08T21:38:04.759Z,Kalicester,Pennsylvania,Trinidad and Tobago,-67.8284,162.5416,alias,crapula,constans,arma,aetas,cibo,comptus,98,2.663890240127129,30,vigilo,1,2,1,true,0.13741505172699386,2022-05-15T18:47:23.573Z,Feeney - Conroy,true
f97dcc81-9464-4cba-acc0-8882c956c21d,2022-06-14T19:54:03.827Z,Fort Osvaldo,Kentucky,Ethiopia,58.1131,-74.3895,vitium,tenax,truculenter,arx,desipio,correptius,dapifer,28,207.06795573922682,60,patior,6,1,4,true,0.10313226694842845,2019-06-08T18:40:42.721Z,Flatley - Ritchie,true
37836fff-9d06-46a2-a71d-4ce03f8f33b0,2021-06-09T21:02:32.529Z,West Brianland,Minnesota,Nigeria,53.7367,-25.9368,arbitro,cibus,vitium,tribuo,appono,vicissitudo,colo,50,194.6056904323954,90,velum,0,1,5,false,0.04641164554949373,2019-06-21T06:14:39.235Z,"Feil, Fay and Walker",false
9d399f25-646c-4187-b19a-877a29371cbb,2020-07-04T15:39:37.189Z,North Efrainland,Ohio,Iran,77.8947,-23.4816,validus,esse,ad,vix,desolo,claro,bis,75,15.977734670807102,80,neque,4,0,4,false,0.11939843940943964,2020-10-03T10:08:57.236Z,"Schaden, Lakin and Paucek",false
1126c524-6ca8-4491-8274-4e3af727750c,2021-06-03T19:42:38.024Z,North Adam,Maryland,Reunion,-70.338,-0.807,volaticus,clarus,cruentus,deripio,bardus,bene,denique,68,150.5479534890439,53,caelum,6,1,2,true,0.2306363685957257,2024-10-04T23:31:22.738Z,"Krajcik, Hermiston and Gusikowski",true
9446b96b-a049-437a-9288-3a5a42ccc0a0,2022-12-24T20:44:22.092Z,Rancho Cucamonga,Oklahoma,Cote d'Ivoire,37.6882,97.6974,virga,arx,adulescens,accusator,acerbitas,veniam,asperiores,98,176.8464347627183,54,eos,4,2,1,false,0.23979975439843887,2020-01-07T02:48:17.430Z,Towne and Sons,false
443fba04-39b9-4a2d-89d2-59e6602576a8,2022-08-27T03:44:31.542Z,Anahiborough,Hawaii,Madagascar,-44.9828,-90.5729,voluptatem,velum,atque,vigor,titulus,aegrus,patior,61,146.71825544219033,28,admoneo,5,1,2,true,0.01489385345500821,2022-07-02T21:02:53.676Z,Kunde Inc,false
75584c82-9ec5-4820-aa4f-c649e722f67f,2021-07-21T09:43:07.043Z,South Lupeview,Indiana,Palau,-72.2331,3.7827,degusto,iusto,molestias,debeo,comburo,iste,super,81,49.798679240456885,71,textor,2,2,5,false,0.0085232309362068,2024-11-22T16:14:19.186Z,Heller - Schmidt,true
a4b6aa50-37ec-4443-aee8-06ee7b3d2126,2020-08-28T14:39:54.628Z,East Maximilian,Colorado,United States of America,-62.0818,5.1899,aduro,cupiditas,tutis,anser,sophismata,adhuc,villa,83,138.9996757444734,22,maxime,3,0,3,true,0.17262161419184874,2025-07-11T15:25:41.540Z,McLaughlin - Schuster,true
c8aff758-1574-434b-ac59-d7b174ca0797,2021-02-08T11:04:30.418Z,Port Jay,Minnesota,Croatia,79.0884,-14.06,sollers,veniam,ullam,argentum,denuo,auctor,nemo,36,170.37621287926095,47,aptus,2,2,1,false,0.1570492690108553,2025-04-02T03:56:52.632Z,Lehner Group,false
91613d80-b130-41c4-bfe7-2671f889dc8b,2018-08-02T07:58:11.005Z,East Aliviamouth,Nevada,Guam,-77.9547,82.4976,claro,aptus,abundans,nam,peior,peccatus,cohaero,94,134.7021223295191,56,quaerat,6,2,5,true,0.060241126249192506,2024-02-02T10:40:49.919Z,Rogahn Group,true
09cfc602-3e6e-4b30-bd16-42691573fcc3,2022-02-02T14:07:07.916Z,East Eltashire,Wisconsin,Ireland,21.7849,97.2979,vulgo,tracto,velum,urbanus,adnuo,complectus,soluta,48,203.559875690727,18,caelum,5,2,3,true,0.08512418213410053,2018-12-29T19:43:21.559Z,Morissette Inc,false
f6cca704-298b-4d85-9161-85214aa49ad0,2019-06-19T19:54:12.346Z,East Austinbury,Mississippi,British Indian Ocean Territory (Chagos Archipelago),-35.4687,76.0847,attero,textor,vester,deficio,aperiam,damno,ut,32,13.863014102574134,39,coniuratio,5,0,2,false,0.12729274995234985,2023-06-25T21:49:02.907Z,"Abbott, Cole and Stehr",true
de585a14-6a24-4326-9373-06912fc8ef37,2024-07-02T05:03:55.254Z,Bernhardtown,Kansas,Bermuda,75.1409,58.6828,atavus,deinde,ullam,truculenter,quisquam,audax,concedo,91,81.47282469581273,17,delectus,1,2,5,true,0.20835622736974482,2019-07-27T22:55:38.853Z,Pfeffer - Hane,false
7563a017-d75b-4085-a26f-eacbe564f272,2018-08-16T20:27:28.255Z,East Addie,Washington,Anguilla,15.8186,-156.9489,validus,adfectus,tricesimus,altus,paulatim,audeo,voluptate,69,22.081590382290788,84,totus,2,2,1,true,0.18414060406485033,2020-12-29T07:44:28.929Z,"Franey, Blick and Nitzsche",false
137423ce-c6ec-40af-b6de-a693513c9d50,2021-12-14T14:24:12.978Z,Maceyboro,Georgia,Eritrea,60.5892,69.8618,convoco,bestia,excepturi,adiuvo,arbor,crux,titulus,110,71.41137647409722,51,cui,3,2,1,false,0.2452664162099505,2023-12-02T19:35:18.808Z,Maggio - O'Reilly,false
be16db0a-6d50-41ee-9ba8-3da7e36ac124,2019-07-03T22:13:31.806Z,Lake Cassie,Texas,Trinidad and Tobago,9.6293,62.2793,curia,adnuo,coaegresco,accusamus,autem,appositus,vulgo,124,85.79986978312907,43,causa,1,0,4,false,0.24094241661207758,2024-05-29T15:16:10.960Z,"Reichel, Hane and Davis",true
e5ec7bc9-6f64-4fbf-8642-e35171fb6bc3,2020-09-04T00:58:59.768Z,Greenfeldermouth,Oklahoma,Jordan,-56.3145,72.0507,utrimque,agnosco,averto,crustulum,thorax,degero,ait,77,10.11491135037998,72,venio,1,0,3,false,0.12805934014163972,2024-09-13T16:28:13.448Z,Nader and Sons,true
bb88e1ee-62a6-48b2-bfb1-0ae526ce8be9,2019-03-02T11:55:55.466Z,Fort Molly,Hawaii,Micronesia,34.133,-157.5866,contra,natus,socius,approbo,angustus,paens,vehemens,76,137.49199841207837,94,cruentus,6,2,2,true,0.1480309213731458,2023-04-16T16:47:35.670Z,Corwin Inc,false
ae8e9b43-8256-49ec-af5e-fb9e5ad66aeb,2021-06-21T00:27:28.324Z,Ontario,Alaska,Nauru,84.8229,-57.262,somniculosus,quo,tempus,callide,ullam,ceno,thema,24,10.76501853023033,92,cunabula,2,1,3,true,0.12934248304724366,2024-09-12T19:42:09.676Z,Tillman - Zieme,true
103541bc-6eb4-4ecc-8af7-9e5aac1638f8,2025-03-02T14:54:40.888Z,West Shermanhaven,Georgia,Kuwait,-57.2163,25.3924,cito,comis,temperantia,territo,crapula,corpus,tui,117,118.19589726979112,51,complectus,2,0,1,true,0.06536229284421591,2024-01-07T12:58:59.409Z,Mann - Green,true
4da9f6b3-f82e-42c7-91cd-deb72d8cb127,2024-11-20T22:49:00.381Z,Marquardtville,Hawaii,El Salvador,69.1501,-159.6781,quia,commodi,auctor,stipes,comitatus,video,cum,85,217.2730265401106,20,adulescens,1,0,3,true,0.07726974511012064,2025-02-26T20:08:59.130Z,Borer Group,false
e72c91ca-bfdf-4efc-bec5-499d28cf081a,2020-10-01T00:41:18.735Z,Tyler,West Virginia,French Polynesia,59.6883,91.3586,altus,amplus,apto,termes,absens,pectus,constans,39,229.8864865801508,54,nesciunt,0,2,1,false,0.005832080728667061,2022-06-28T11:27:37.248Z,"Douglas, Harris and Dickinson",true
7086849d-97e2-4de9-9cf0-f9112a8f527d,2021-08-24T19:08:59.713Z,Zoilaview,Illinois,Guadeloupe,44.1679,-136.0395,talio,uterque,decet,subvenio,tergum,demens,supplanto,86,71.93816574043053,97,cubicularis,4,1,5,false,0.21241843094671264,2025-08-10T09:13:20.433Z,"Larson, DuBuque and Koch",false
fcd233e0-985b-4555-b9cf-046c7344d2c8,2022-01-08T06:04:41.014Z,Corenetown,Nebraska,Eritrea,-3.063,-30.6068,unde,voluptas,delinquo,defungo,accusator,arma,abbas,59,138.4146810695454,48,quidem,0,0,5,false,0.08301161785761127,2025-04-24T12:36:37.239Z,Bergstrom Inc,true
6077815d-8103-43ea-942d-972400b6e4ad,2023-03-11T20:48:45.955Z,Blandafurt,Iowa,Burundi,-73.1595,-42.0998,venia,nesciunt,antiquus,suus,accusamus,barba,exercitationem,32,13.225923205593375,64,coma,1,0,3,true,0.054566467515570094,2021-07-23T13:30:57.913Z,"MacGyver, Osinski and Zulauf",true
7ff829a0-18cb-40ac-97c1-0baac526e11f,2019-04-16T01:15:12.359Z,North Joe,Missouri,"Bonaire, Sint Eustatius and Saba",39.9191,158.7834,copiose,utrum,timidus,sequi,convoco,tamen,alveus,104,196.27472330484648,48,calco,3,2,2,true,0.03167055774410407,2024-09-15T21:00:02.429Z,"Sauer, Kiehn and Quigley",false
869e089a-28dc-43a9-b8c0-1dbdf56bd5d1,2025-12-20T09:31:40.666Z,Eden Prairie,Ohio,Botswana,-86.5523,-169.8109,ex,bis,conscendo,alius,arbustum,ipsum,tutamen,125,53.074471389691766,52,spero,0,2,1,false,0.03300862438700908,2019-07-13T02:34:55.467Z,"Wehner, Reinger and Volkman",true
323d8f2c-fe41-49cd-b3bf-a3f91d145a99,2025-03-20T22:45:31.777Z,New Owencester,Hawaii,Singapore,-61.2694,64.7081,aegrus,stipes,textus,condico,ab,vir,creber,49,99.7300258803014,60,bibo,1,1,3,true,0.058365453960887076,2021-02-07T07:30:28.372Z,Bergstrom - Buckridge,false
a6ad669f-fdf6-4056-8ee5-93f28622e0fa,2025-11-16T02:40:02.363Z,Fort Jamalhaven,Massachusetts,Panama,-59.0514,-53.5745,defungo,debilito,tenus,sonitus,ex,deleo,enim,71,57.57197374507251,61,sol,6,1,4,true,0.21170770900801616,2018-10-23T19:31:40.456Z,Rath Inc,false
85274fa9-6c19-4efb-85a2-8ccb66f2e8e2,2021-12-30T14:14:31.436Z,Zackshire,Tennessee,Ghana,34.844,-48.0924,eius,bestia,utique,coerceo,tamen,deporto,basium,114,133.16334341940856,87,crapula,0,0,4,false,0.12969152027137484,2022-12-14T10:46:05.854Z,Morar Group,true
89219d3f-8390-4337-ad6d-1ad690df6581,2023-07-14T16:50:26.994Z,Hersheltown,Ohio,Qatar,45.5601,-170.2298,ater,vir,carpo,convoco,aranea,distinctio,cedo,22,66.57894628324436,17,aegrus,4,2,1,true,0.07648618931434364,2023-06-27T21:01:10.579Z,Robel and Sons,false
bb0ebf7d-f749-4acf-a394-17592fa55fed,2020-08-09T09:28:21.781Z,Cassietown,Ohio,Costa Rica,1.0823,-52.5647,torrens,tandem,stella,error,universe,aegrotatio,supplanto,20,6.2368923481454885,100,certus,1,2,5,true,0.03943501339456426,2024-11-07T04:15:44.586Z,"Thiel, Rolfson and Lehner",true
4bce0757-a6ee-4579-80a9-a89058ffae95,2024-12-20T17:37:36.629Z,Anthonyton,North Carolina,Liberia,27.0554,60.9382,caries,adipiscor,somnus,harum,sumptus,accusator,totam,21,139.32635329854918,57,celer,3,1,1,true,0.17359340117977926,2022-01-30T07:25:36.369Z,"Stokes, Kuvalis and Flatley",false
1675bc0f-815a-4542-a2ac-259c466a83ed,2022-08-24T13:48:17.981Z,O'Connelltown,Texas,French Polynesia,-69.8853,-16.6073,synagoga,thymbra,undique,sed,traho,officiis,cubitum,113,7.5956831968715655,25,adhaero,1,2,4,false,0.1357014316197292,2022-11-08T11:56:19.797Z,White Inc,false
57a2d66a-1dc5-4467-aa7d-ffbf781248d0,2019-04-03T08:38:18.748Z,North Zack,Oklahoma,Switzerland,11.9101,173.7671,strenuus,peccatus,desparatus,creator,thalassinus,vix,conculco,23,162.34767326429377,16,vomito,0,1,2,false,0.06607587635412593,2024-10-08T20:58:37.890Z,"Hand, Hagenes and Ullrich",false
bce5fc6a-04fe-427e-abd3-357f913af6a9,2022-09-21T22:55:25.509Z,West Halle,Kansas,Iceland,-53.1563,126.656,stella,deserunt,corporis,vesco,stabilis,quis,antepono,38,177.3671796169731,78,peior,4,1,5,false,0.14903378832661657,2023-03-14T11:40:36.446Z,Rice - Fadel,false
5e16696d-0597-4658-895e-ee0c3b95d660,2024-03-11T14:57:50.699Z,Blockborough,Georgia,Montserrat,-77.4691,-2.9636,dedico,adsidue,credo,ventus,vociferor,commodi,confugo,35,71.0611599305449,61,theatrum,0,2,2,true,0.08788759865500476,2025-12-25T00:42:24.491Z,Dickinson - Walker,true
e13a0e3b-46fb-4034-8c08-2d512e842cbd,2018-07-27T22:07:59.114Z,Rockwall,Kansas,Austria,-79.5225,156.0205,temperantia,creator,facere,aequus,solvo,natus,terminatio,82,166.4564769074959,74,vivo,4,0,2,true,0.24292309545096627,2021-03-25T15:23:58.396Z,"Zboncak, Brown and Murray",false
d90469de-8036-4ff1-80e1-408f9d37fd8e,2023-06-18T20:36:16.877Z,Garrettboro,Illinois,Palau,32.0043,162.1498,pectus,caput,sufficio,coadunatio,tristis,claro,error,114,133.15660956004783,40,studio,1,0,4,false,0.10466086815272815,2021-01-30T10:05:16.270Z,"Lebsack, Wehner and Schmidt",false
d6d9cb58-7fe4-4935-ac96-7d111e51cf95,2020-08-17T20:41:00.481Z,Lemkeberg,Connecticut,Montserrat,-49.4507,16.5225,cubicularis,cito,maiores,venio,non,ter,clibanus,30,171.7631359217076,88,concido,3,0,2,true,0.13558259625860777,2018-02-24T21:01:50.134Z,"Nikolaus, Waelchi and Mraz",true
8c058232-babd-4399-acd5-446087c98af2,2022-03-21T23:29:53.947Z,Maryseton,Texas,Congo,84.0262,68.5415,corona,cribro,soleo,spoliatio,vallum,cilicium,solutio,55,207.19095267533393,17,demitto,2,0,5,false,0.08531405189059824,2021-04-25T13:15:00.657Z,Miller - Pacocha,false
289caf24-dce2-4ca2-b3f1-1aa8c16cdde5,2025-12-11T20:56:21.401Z,Marlinborough,Kentucky,Uganda,-27.5271,140.719,conicio,vos,coma,doloribus,capio,molestias,appositus,81,138.13858262107615,22,concedo,4,1,2,true,0.12475989710925045,2024-10-30T14:20:42.736Z,"Funk, Beatty and Homenick",true