accident_id,incident_datetime,city,state,country,latitude,longitude,road_name,road_type,intersection_type,accident_type,weather_condition,road_condition,light_condition,speed_limit,actual_speed_kph,driver_age,driver_gender,casualties,fatalities,vehicles_involved,alcohol_influence,blood_alcohol_level,weather_reported_at,reporting_department,pedestrian_involved
0ee525ef-b745-4301-8cb0-705f688dc013,2024-03-16T21:04:44.542Z,Aprilport,Oregon,Chad,75.0528,97.4407,tantum,rem,complectus,quo,suscipio,sublime,arbitro,85,160.37683067234127,21,delectatio,2,0,1,true,0.05951948635425211,2023-08-12T10:17:59.199Z,Moore - Marquardt,true
8a9847c4-56b8-4967-b7a2-dba83a95ff8a,2018-12-08T15:23:07.606Z,Darbyton,Montana,"Virgin Islands, U.S.",-26.6433,105.5213,thesis,vesco,acerbitas,carcer,beatus,comitatus,bis,104,93.10058463811478,60,callide,5,0,5,true,0.17924119027174687,2018-03-11T12:09:23.827Z,"Jacobson, O'Keefe and Hintz",false
cd6c642b-dc13-4657-9af5-c2412bcd896e,2023-08-15T06:06:02.397Z,East Rowan,Oregon,Dominica,-65.1196,100.6293,tenus,advoco,adstringo,voluptas,adfero,adstringo,cibo,70,116.29561325777134,65,aggredior,0,1,1,false,0.09277741963016903,2024-10-21T19:08:45.646Z,Dickinson LLC,false
90cc8432-552a-478b-a94c-c3f7df72c5e7,2024-09-22T05:07:27.002Z,Lake Jolie,New Hampshire,South Sudan,-35.0512,-96.3615,ocer,bardus,tum,absum,crastinus,perspiciatis,autem,113,62.278572957280076,53,apparatus,6,2,1,false,0.24927430720000826,2023-07-09T00:54:07.957Z,Corwin and Sons,false
83412d54-ed90-4a48-9c86-d2f67262cbef,2019-11-16T04:17:20.587Z,Stoltenbergworth,Georgia,Czechia,-13.3248,-24.6305,stipes,delego,in,tepesco,vindico,speciosus,amitto,108,235.7797449422352,89,ager,3,1,4,true,0.23811669414329845,2022-07-10T05:15:56.463Z,Toy and Sons,false
9e718db4-99c2-4ed0-9713-f3a502313d74,2025-07-22T04:00:35.626Z,McLaughlinport,New Jersey,Anguilla,-50.5737,170.2192,vero,officiis,viridis,vorax,aliqua,uredo,tutis,77,96.20032780363363,27,votum,5,2,2,true,0.22886963323787388,2023-10-26T09:07:03.587Z,Kunde - Johnson,false
49fea5fc-365c-429e-89a6-552e3a9c3218,2025-07-15T21:44:39.049Z,North Otisberg,Kansas,Dominica,-56.4698,53.8656,civitas,tyrannus,pariatur,audax,deleniti,suspendo,tracto,85,119.0418654801526,27,utroque,0,2,1,false,0.07732154540179384,2023-11-13T08:18:36.264Z,"Harber, Gusikowski and Funk",false
14cfaff0-9b65-46a4-82b4-059cdcfb8e9a,2020-04-06T00:09:42.602Z,New Wilberhaven,Georgia,France,49.844,135.0087,earum,viscus,tergeo,decens,adsum,demonstro,suffoco,55,167.87521155071815,85,celo,4,2,3,false,0.2394502498273014,2018-07-13T01:23:10.781Z,Von - Renner,false
615005dd-a9af-4810-96c1-a160a94d275f,2023-07-12T12:02:20.076Z,Groverstead,Pennsylvania,Kuwait,-30.1149,-111.9365,traho,caste,neque,patrocinor,porro,comis,ultio,61,161.43620162762917,28,a,5,1,4,true,0.17825895012206755,2023-11-19T18:47:18.837Z,Hills and Sons,false
08a79c84-3d3a-459c-a3ed-3b35db52cc61,2018-03-03T17:41:50.282Z,Berwyn,Tennessee,Niger,64.7093,174.238,perferendis,ubi,deserunt,carbo,autem,et,sodalitas,26,226.74723949209232,30,vacuus,5,1,5,false,0.18510445615689708,2025-06-20T19:12:01.409Z,"Witting, Bins and O'Connell",false
0f08fba1-0c12-43f7-9647-8cdca8f7472d,2023-01-13T07:27:44.231Z,Lake Maceyfurt,Missouri,Lao People's Democratic Republic,-66.844,171.6082,vere,laboriosam,aestus,carus,beneficium,vitium,conscendo,117,149.1353290121029,72,solitudo,4,1,5,false,0.0766911871189073,2022-03-13T07:41:52.197Z,Tillman and Sons,true
a23a1270-5a67-424b-9335-a329bd25d179,2021-06-01T04:23:13.479Z,Crooksport,Oregon,Thailand,-84.6605,-108.1225,aperiam,accusamus,colo,thesaurus,distinctio,atque,apto,119,235.85129928668107,31,vulgus,1,0,3,false,0.23038484433375794,2024-07-01T20:21:27.537Z,Grady - Kris,false
a4e5c0af-3ee1-4af3-b7b1-8f9a4d3bd6d2,2024-01-11T01:41:15.424Z,East Isidro,Arkansas,Uzbekistan,14.0608,-170.0358,arma,deputo,ager,charisma,utroque,excepturi,sufficio,46,224.7736159099805,65,debeo,0,1,1,true,0.23065474147560674,2018-09-04T05:24:10.513Z,Wintheiser and Sons,true
d9c25746-1580-4c1a-9505-68aeef610661,2018-03-23T19:09:01.446Z,Ontario,Idaho,Turkey,46.4574,-154.5474,credo,ambitus,sapiente,supra,accendo,caveo,in,54,105.61940995402065,24,defero,2,0,5,false,0.1540100385190306,2019-04-14T06:58:07.763Z,McDermott - Lehner,true
2c54619d-c59a-41bf-8261-23f0f054d5b5,2023-05-28T13:55:48.993Z,Lubbock,Massachusetts,Sudan,-88.0302,-28.4664,delectatio,tamquam,quia,repellat,bos,comedo,blanditiis,95,154.03014468209346,98,texo,2,0,4,true,0.0474392186276858,2022-11-04T14:15:27.562Z,Johnson LLC,false
b6ac0c0e-e24d-473a-8043-b572f0db1fac,2018-04-24T09:51:12.951Z,Port Ulices,Minnesota,Trinidad and Tobago,-68.8221,4.3809,denique,clamo,decerno,contigo,sint,aveho,utor,64,239.6075338022721,44,caveo,4,0,4,true,0.07412448456856136,2022-11-06T14:58:41.677Z,"Monahan, VonRueden and Dickens",false
31cde049-1e5a-43ea-ab52-e3566edb2da5,2018-11-01T22:14:27.348Z,South Blairville,New Mexico,Cambodia,13.2707,-89.1009,defluo,vapulus,creo,curia,ducimus,textor,conservo,63,27.998463113338047,40,cibus,2,0,5,true,0.05224944344972923,2021-10-15T12:56:37.992Z,Rodriguez Inc,true
b06a01a9-75ad-4172-9bdf-2bc773db18a8,2018-10-11T18:34:14.727Z,Cindyland,Maryland,Montserrat,-36.0122,-84.5208,trepide,causa,decipio,appono,sufficio,crustulum,comes,129,193.58106939014885,17,cui,4,0,1,false,0.11737771799489644,2024-01-25T13:06:08.977Z,"Rau, Prohaska and Crooks",true
4ef245d4-0526-4e21-8c00-0c49e53cc6ba,2024-08-20T10:15:46.871Z,Torphyberg,Nevada,Bahamas,61.3267,-47.9417,angustus,coaegresco,repudiandae,cattus,strenuus,stabilis,conatus,107,229.13605386997136,57,nostrum,5,2,1,false,0.10778746777522633,2022-11-26T03:19:55.689Z,"Deckow, Wolf and Hackett",true
1ddb54b2-6d24-4233-8923-5628df3510e9,2019-02-26T10:00:10.533Z,Fort Claud,Pennsylvania,South Africa,-60.2563,-106.4948,venustas,corroboro,cur,tondeo,solus,asporto,cupio,48,126.45034325165126,52,suppono,2,1,1,true,0.07586444201920511,2022-02-16T07:18:03.227Z,Shanahan and Sons,true
422648f3-0a95-4e7d-9e8c-c3fab81a31ee,2024-01-08T10:45:22.956Z,East Caraview,North Dakota,Curacao,-42.0911,51.5335,somnus,minima,tribuo,vado,bonus,clamo,ver,55,196.03255134810706,96,abundans,5,1,5,true,0.23677193452966408,2023-05-31T10:12:47.870Z,"Corwin, Collins and Hudson",true
09f981b1-6367-43d5-bbff-db740521106c,2024-05-07T23:55:12.223Z,Francescostad,Oregon,Bahamas,80.6118,-147.9006,tenax,deficio,solutio,verecundia,decet,spero,convoco,80,17.685607441418398,60,sponte,6,0,3,false,0.22475904470265326,2021-09-24T02:46:00.706Z,Zieme and Sons,false
b54a7950-c1e5-41b3-921f-ba7316a47733,2021-09-10T18:44:52.526Z,East Maya,North Dakota,Spain,-28.5504,10.1776,adversus,itaque,ultio,eligendi,defleo,accusamus,vicissitudo,51,209.00929861351335,36,templum,3,2,4,false,0.12783864769002226,2023-07-25T19:54:16.820Z,Kris Inc,false
af20a43d-06f6-46c4-857c-c24c89834319,2018-06-01T23:36:51.732Z,West Aisha,Massachusetts,Angola,-49.8762,120.4639,cubicularis,blandior,aperiam,apud,appositus,annus,curso,91,82.4916148695088,81,peccatus,1,0,3,false,0.06103583870862153,2023-12-09T04:09:06.205Z,Blick Group,false
c2bc2d55-c07f-4732-8ce9-ea17cf7d1f74,2019-03-20T02:21:57.759Z,Trompbury,Utah,Norfolk Island,24.5701,-57.5646,videlicet,caute,copiose,stabilis,utilis,synagoga,cinis,82,50.99192056777771,76,accusamus,1,0,3,false,0.07981890137148656,2025-10-11T03:01:45.204Z,Conn - Schiller,false
16911d3a-1afb-467d-8f5b-a847e36256a9,2025-12-30T04:24:46.621Z,Amelieshire,Missouri,Cook Islands,43.5307,27.5722,omnis,consectetur,audentia,coruscus,solitudo,beatus,centum,121,180.0294299040912,61,venia,3,2,2,false,0.051740009462730024,2021-03-04T11:17:58.235Z,Yundt and Sons,true
5d3eeecf-39ad-4a43-b97c-72d8048d78d3,2024-12-23T02:59:49.882Z,South Kielview,Montana,Liechtenstein,-76.9942,-11.9383,voluptatum,tergum,ulterius,ancilla,demulceo,adversus,cursus,35,93.24149082819117,47,dedecor,6,2,5,true,0.12705034656995975,2022-05-30T22:04:10.915Z,"Gleichner, McCullough and Dare",true
24730887-dba0-4ad3-8f29-134632f2d0d5,2023-07-06T09:40:36.895Z,Stokesstead,Alaska,Monaco,24.0132,-107.4559,virga,certus,saepe,cum,solus,ut,neque,39,7.509656466734258,41,votum,3,0,5,false,0.034259435831853396,2019-05-02T12:11:05.926Z,"Runolfsson, Daniel and Franecki",false
c565c370-44e8-43a7-84cb-b7da2dbe90f2,2020-02-15T09:36:12.753Z,East Maximoview,West Virginia,"Virgin Islands, U.S.",61.1621,90.805,tergiversatio,suppono,callide,summopere,deduco,debeo,deduco,20,17.92671800349307,61,validus,2,0,2,true,0.16832329278579558,2025-12-08T04:10:52.298Z,Fritsch - Grant,true
591f4449-b9b6-4af7-a967-3d33d82226aa,2020-09-29T09:05:58.257Z,North Nya,West Virginia,Uruguay,20.1722,42.0517,adnuo,sollicito,eaque,sopor,aegrus,corrigo,vallum,55,223.37360621434513,90,advenio,5,1,1,true,0.23276727392361168,2019-03-27T09:25:41.741Z,Rice Group,true
82724750-5b9b-4bae-9d29-29da49b92729,2025-12-10T14:40:07.947Z,Lake Markus,Virginia,Myanmar,-80.8438,-135.2418,quo,argentum,vomito,voluptatibus,trepide,video,cedo,113,7.094784221912294,23,cubitum,1,0,1,true,0.11290481426606477,2025-03-07T23:22:27.379Z,"Cartwright, Rohan and Barton",true
6d6abe35-c648-4f22-acfa-908adbd1a2ea,2024-12-07T19:02:15.738Z,Fort Cleve,Arkansas,Dominica,76.4283,51.4507,argumentum,ventito,in,pel,sonitus,crebro,terra,24,201.3131906917454,34,annus,2,2,3,false,0.036092034722377014,2018-09-18T02:15:15.208Z,Green - Stoltenberg,false
16ca4200-bf7b-4be5-896c-fd523181c9c1,2022-09-06T20:53:56.050Z,Denton,Minnesota,Nepal,29.0565,12.7753,beatae,confero,succedo,numquam,taedium,quam,neque,21,205.23918249421334,29,advenio,2,2,5,true,0.041188949657099544,2019-05-31T15:45:50.511Z,Morar - Krajcik,false
b5e7fb4d-d364-43a4-9478-42890faecc16,2018-05-22T22:58:28.067Z,Zaneside,Connecticut,France,28.2543,-115.8973,crudelis,temperantia,caute,quasi,thalassinus,vinculum,benigne,93,21.96297690382556,59,ater,2,0,1,true,0.047783330659150636,2020-10-10T17:52:05.868Z,"Pagac, Kemmer and Gleason",true
773aae6b-60bc-4038-acbf-cd241857f200,2021-04-15T01:41:20.235Z,Theodorafield,Minnesota,Mexico,-64.1763,-89.1812,delego,carus,dolores,truculenter,tum,decumbo,armarium,109,4.211206516680379,47,subiungo,1,1,4,false,0.10221905873727802,2021-10-09T09:33:12.412Z,Tillman Inc,true
af5b1de5-f048-4dbb-8414-d0cbba36f1a0,2025-12-10T12:49:24.948Z,Schneidershire,Wyoming,Vietnam,12.6028,156.1361,arbitro,surgo,ulterius,ubi,beatus,curriculum,deripio,48,214.2279147101932,17,minus,0,0,3,false,0.13479831201311435,2019-06-07T04:46:13.393Z,"Wisozk, Schulist and Trantow",false
37eef2a2-df19-4e3d-9c52-46797778e213,2019-04-06T06:02:52.596Z,Port Floystead,Georgia,Northern Mariana Islands,36.2726,-80.5387,animi,cupressus,ustulo,vespillo,accusamus,antepono,angustus,47,196.03183251648764,31,carbo,5,2,3,false,0.09570447187121803,2024-07-22T03:12:44.073Z,"VonRueden, Hodkiewicz and Stroman",true
06d949b8-f901-47fe-a641-482863c47b72,2020-01-18T01:39:30.535Z,Hirthechester,Alabama,Malta,-3.7513,-85.6045,vis,nemo,cito,maiores,cado,ter,colo,67,142.80156596377205,26,vinculum,2,0,3,false,0.05411011824778225,2022-04-15T11:30:20.060Z,Smith - Borer,true
e295f665-6101-4d74-a23f-1c63226d3646,2022-12-04T18:59:25.903Z,Zellabury,Montana,French Guiana,67.0731,27.7542,solutio,volaticus,angulus,quasi,bestia,corrumpo,verumtamen,94,7.283210821270458,30,solio,1,0,4,false,0.189622887050096,2022-07-06T15:15:22.164Z,"Roberts, McLaughlin and Bechtelar",true
21021922-c266-452d-b955-63d3974682ba,2023-10-23T20:33:20.065Z,West Francis,Rhode Island,Norway,-48.8357,-26.4783,minus,corpus,nulla,tabella,tenuis,crastinus,totidem,96,123.59504609030924,83,tener,2,2,4,false,0.050600445028804314,2022-02-20T13:09:31.561Z,Ankunding - Berge,false
a1ebdab7-473f-450f-8e33-144c22eb818f,2024-09-06T04:27:35.999Z,Pansyton,Virginia,Myanmar,74.7287,-82.3939,adipiscor,cresco,universe,vociferor,omnis,utroque,soleo,85,57.36762869159853,53,vulgivagus,6,2,2,true,0.04044907055237218,2018-04-10T10:18:39.785Z,Kling Inc,true
82fee9c0-13b6-4c3f-b481-0f54371e13a8,2022-10-26T03:51:21.669Z,West Filiberto,New York,Kuwait,58.9493,-100.1243,sperno,conicio,demulceo,cenaculum,odit,tandem,voluntarius,94,134.34077948089578,97,vehemens,1,0,3,true,0.23187371907646048,2022-06-16T03:11:31.309Z,Schneider and Sons,false
d2669f1e-d808-4344-89e2-73808083365d,2020-07-26T20:28:55.222Z,Bartolettishire,Washington,Germany,-45.5349,-35.2484,amplexus,tersus,adhuc,supra,sulum,denego,nostrum,44,176.30317899687816,49,tertius,3,0,4,false,0.24528794555948763,2022-08-04T14:34:46.515Z,Rohan Inc,false
8fe38420-8633-4cb3-986b-851afe8634f3,2020-09-09T21:32:47.489Z,Port Daisy,Vermont,Croatia,-29.7822,-90.7864,decor,stips,depereo,minima,concido,adfectus,cometes,66,56.146536055931065,85,solutio,0,2,5,false,0.05086514323768057,2020-04-14T22:21:13.315Z,Walsh Group,true
f9bbff29-b5d6-4f0e-bc06-d5e7088a59a4,2020-05-12T05:07:37.006Z,West Bert,South Carolina,Saint Kitts and Nevis,-33.5237,-82.4303,voluptatem,stella,enim,ago,cruentus,vigilo,volo,33,27.263032799214173,74,thema,3,2,1,true,0.2006698770510221,2024-01-30T23:53:32.526Z,Thiel - Konopelski,false
40f26367-3770-4b2d-b32e-eceac2ea092a,2020-04-10T15:41:15.239Z,Abshirehaven,Oklahoma,Benin,12.2114,-58.5024,suppellex,deporto,defessus,cauda,dolorum,molestias,tandem,36,120.56783927019934,33,cumque,1,0,4,false,0.16579256895525607,2020-01-25T11:30:22.106Z,Ziemann Inc,true
a7313a8a-fa4b-416a-af7d-51b6599bcccf,2024-01-13T01:24:37.742Z,West Prudencechester,Alabama,India,20.1667,-136.3981,ait,coruscus,ustilo,alo,titulus,complectus,infit,111,169.8451278293249,85,pax,4,2,1,false,0.23374632249880156,2018-01-13T07:45:42.376Z,"Hudson, Kutch and Keebler",false
1c9673f5-34de-4b42-9c18-a48785258c67,2021-03-13T08:33:07.834Z,Port Adellfield,Michigan,Ghana,-62.1741,133.0863,id,suus,suadeo,canis,corpus,amissio,adfero,63,47.9733127778449,52,maxime,4,2,2,true,0.21447139704186508,2024-11-20T17:15:11.324Z,Johnson - Mraz,false
6a43abc9-bb80-4fc5-820a-a5930fe59d2f,2023-04-20T16:18:46.685Z,Cummerataborough,Missouri,Armenia,41.1605,89.9265,conor,adnuo,adhuc,civis,caterva,paulatim,venia,104,157.50948147805977,87,verumtamen,5,0,3,false,0.023456876538510862,2018-02-23T05:47:39.711Z,"Fahey, Anderson and Hane",true
3d450b3b-2383-4e99-b388-74092829ddad,2020-06-20T18:49:02.978Z,Gottliebshire,Florida,New Zealand,-38.8512,-105.5986,cernuus,tempore,villa,advenio,vindico,debeo,bellicus,130,98.31582700158285,90,clarus,4,1,5,true,0.19180437621154908,2018-06-28T01:32:50.469Z,Gusikowski - Wolff,false
bf225fa5-667e-455d-bd16-186b49be2abe,2021-06-15T22:46:16.209Z,Fort Nilschester,Vermont,Saudi Arabia,59.8997,16.6513,esse,ullam,deinde,auctus,nisi,tergo,tempus,83,120.97960835149861,35,tripudio,1,0,3,false,0.03204754457223172,2023-07-13T10:02:05.131Z,Johnston - Schroeder,true
e7b806d8-c641-43b4-99cc-79301cc379da,2018-02-22T16:35:22.610Z,Jasperbury,Arizona,Haiti,-18.0463,-67.7208,talis,decet,tibi,utique,candidus,praesentium,ipsum,46,166.1650083584555,88,impedit,5,2,2,true,0.06262050395486746,2018-10-15T13:28:01.105Z,Stark - Walter,false
ac3f9b67-2e9f-4e7c-9d63-0f87d19d2d61,2021-12-28T19:16:36.206Z,Kreigerhaven,Nebraska,French Polynesia,-35.1611,-57.0175,autus,usque,votum,atrox,ademptio,commodo,enim,83,198.6202504611361,39,ago,5,2,1,false,0.20261842904250416,2019-06-13T13:24:20.825Z,"Kihn, Mitchell and Jast",false
ec906d37-eaf1-4261-aaad-34307f62bd24,2022-02-12T07:59:50.289Z,Kurtishaven,Michigan,Kiribati,-23.5371,132.472,vulnero,ubi,totam,timor,utor,condico,subnecto,29,13.764442274602358,55,utor,1,0,3,true,0.19679736017912458,2021-10-29T15:39:15.600Z,"Gislason, Adams and Sanford",false
119fb37e-7efa-4234-bf06-652ba53beef9,2022-01-16T02:19:57.539Z,West Jaedenfort,Pennsylvania,American Samoa,-51.1801,-1.4681,amo,audentia,cruciamentum,sum,comprehendo,umquam,cariosus,52,20.05439302848074,76,est,0,2,2,true,0.0005424423044975424,2019-06-28T20:29:32.085Z,"Effertz, Jacobs and Schumm",false
e4290e4d-12d2-4fbb-b5d3-50df0136eae4,2022-09-17T19:23:16.327Z,Jakubowskiberg,Texas,Iceland,9.4412,-152.4518,adstringo,tersus,conspergo,abbas,adsidue,sumo,aduro,102,140.93247160885602,83,supra,4,0,5,false,0.18941450711013763,2022-07-08T22:11:10.628Z,Leffler and Sons,true
6956a82e-19fc-4600-9438-edbb12a8d99e,2021-04-12T01:31:31.236Z,Weimannside,Arkansas,Liechtenstein,61.8671,78.5791,angulus,stabilis,cauda,ipsa,tepidus,vorax,spargo,100,88.48158582313164,23,adeo,2,0,3,false,0.15943968980213316,2025-02-24T15:33:15.850Z,White LLC,true
11586041-9295-4ab3-bb2c-dea64b8090dc,2022-08-23T11:40:02.917Z,Fort Columbus,Ohio,Malawi,-80.9122,145.7648,depraedor,aduro,amita,comburo,appono,in,cito,118,13.933309307361155,81,cogito,4,1,4,false,0.2204516684543527,2019-07-19T22:45:20.726Z,"Bruen, Kuhn and Kilback",false
0d3d99fd-06c5-43d7-ab04-2499b0bcb4ff,2025-10-06T16:11:20.475Z,East Winona,Idaho,Honduras,22.6318,179.774,succurro,suggero,celer,armarium,nulla,sub,demitto,83,106.92001280321281,86,cum,6,2,3,true,0.23431625312774193,2024-02-01T14:56:57.900Z,Runolfsdottir - Kessler,true
b743730f-ae2d-43af-9f84-2f5c0d5c9d80,2018-11-20T13:16:00.148Z,Milwaukee,Oklahoma,Vietnam,49.8939,-116.5205,desolo,administratio,deprecator,benevolentia,architecto,uter,creta,104,89.38580871552628,33,clamo,6,0,1,true,0.10247340308541242,2024-01-14T16:35:51.281Z,Hoppe LLC,true
af42f399-4a1a-49b0-8956-23b2fea0e894,2019-08-18T17:55:34.973Z,Tylerfield,Oklahoma,Singapore,8.249,4.6798,alioqui,cariosus,voluptas,supplanto,soluta,odio,clamo,116,207.78696407621922,17,aequus,5,2,2,false,0.16052836644301793,2022-11-27T21:57:55.127Z,Weissnat - Bosco,true
13b1c2be-a375-4ef1-a3e9-c2ef0d797903,2023-11-29T13:49:34.015Z,Grahamview,South Carolina,Egypt,-32.4816,137.0584,amoveo,complectus,nam,blanditiis,absens,vacuus,deserunt,87,239.34268119939424,92,laudantium,1,1,2,true,0.10141989280521599,2019-07-03T02:34:00.560Z,Koch and Sons,true
4fd7ad6f-0550-4b09-9b6b-7b87f394752c,2023-03-31T06:58:58.521Z,Fort Kenyatta,Washington,Nicaragua,-29.7168,152.9163,uter,patria,beatae,celer,tui,nobis,curso,76,192.34161994818106,19,somniculosus,0,0,4,false,0.061878058577547884,2018-06-08T01:37:06.877Z,"Wisoky, Kiehn and Watsica",false
9bf0bf86-c95e-4d5b-94d7-aa3e94a9f122,2022-08-08T22:18:01.401Z,Fort Granvillestead,New Jersey,Mozambique,-13.931,-127.8741,acsi,debitis,cogito,incidunt,bellicus,volva,corroboro,71,23.635778393204163,91,tribuo,0,0,2,false,0.13975670278065216,2021-07-20T17:11:59.178Z,"Hamill, Russel and Hills",false
3975851b-5856-43aa-9052-30615f5cbe6d,2024-09-20T06:04:39.276Z,Hackensack,Montana,Somalia,37.2361,-61.3218,sufficio,accusantium,solutio,sub,ex,esse,veritas,51,121.55645602960202,77,fugiat,0,0,3,true,0.09481766138082698,2018-04-23T11:58:26.617Z,"Wyman, Spencer and Kautzer",false
b88ab7a8-bd84-4659-8c5e-c52d9bdf07d3,2020-11-21T16:09:53.808Z,McClurestad,New Jersey,Saint Barthelemy,-58.5523,-111.0022,deripio,avarus,depono,tantum,sono,cerno,bellicus,40,28.25186780511734,84,quod,2,1,3,true,0.20482314514487482,2024-03-16T05:01:08.812Z,"Kirlin, Satterfield and Ryan",true
0c0ead7f-f7a3-4bfc-a229-da16335b8489,2019-04-24T13:37:00.537Z,Russshire,New Jersey,Haiti,-82.9287,-60.3977,aliqua,vaco,totidem,amor,artificiose,tempore,patria,75,239.0313350140783,22,decerno,6,0,4,true,0.02137423608648445,2021-05-17T08:31:43.299Z,Mayert LLC,true
60500fc4-c7f4-4db8-afa3-b129ca5df969,2024-04-30T04:14:30.907Z,Alysonchester,New Mexico,Cuba,60.1743,-18.0801,barba,sequi,antepono,ademptio,cunctatio,laborum,spero,71,4.594833532552354,21,valeo,5,0,5,false,0.04987000627035834,2023-04-09T12:21:59.405Z,Schmeler - Howell,true
e5aeb825-c736-4dfa-a614-fe9ff825ea31,2024-05-13T09:47:33.397Z,New Gregoriaton,Nebraska,Canada,-75.1106,-45.814,voluntarius,varius,bestia,conforto,temptatio,degero,eaque,82,8.755092444863886,48,cohibeo,4,1,3,true,0.03673691243769073,2024-05-05T15:18:48.045Z,Price Inc,false
cd11f689-d6ed-448e-8c20-2620a383ee16,2018-12-11T11:37:16.394Z,Olsonshire,Nevada,Spain,13.6357,93.5252,agnitio,annus,cena,confido,vesper,aveho,vesica,91,34.80578357672549,74,autus,0,2,2,true,0.08798636642458832,2018-02-05T16:14:09.404Z,Weissnat - Dibbert,false
a0da90d2-b2a0-41ef-9986-5a4ec9afadbb,2018-12-23T23:44:35.787Z,East Rubiechester,Tennessee,Central African Republic,-18.7942,168.2022,atavus,quo,ademptio,arceo,centum,suspendo,spiculum,108,197.18327141244689,97,universe,0,0,1,false,0.11972581611007072,2024-08-28T23:28:04.820Z,"Kozey, Harris and Hirthe",false
9286b118-3694-4051-8b3b-fcb942264fe4,2022-11-23T19:41:14.023Z,Izaiahville,Oregon,South Georgia and the South Sandwich Islands,-12.0806,119.9426,culpa,libero,absorbeo,carpo,cursim,civitas,tener,60,223.4186701148465,89,omnis,5,0,1,false,0.19237187213013615,2023-08-09T00:17:14.125Z,"Wyman, Abbott and Ferry",false
c722ad9d-2e01-42fe-b3eb-dea61bf49be3,2023-04-13T10:23:22.103Z,Port Franciscostad,Montana,Panama,72.7126,-67.4893,chirographum,aliquid,asperiores,accommodo,cohibeo,creo,quae,57,206.7319129022664,67,delego,4,0,3,true,0.1434788995175693,2025-07-04T10:45:00.242Z,Johnston - Hoppe,false
6b6eec93-3e2c-4880-9279-17354c9e098b,2023-04-25T10:47:38.473Z,Jupiter,Washington,Bulgaria,-70.2099,155.7964,quod,verecundia,usitas,tunc,curiositas,quod,aliqua,75,67.67724534987651,83,tracto,6,1,3,true,0.15052506598427104,2024-08-27T07:01:39.816Z,Mohr Group,false
10892dd1-7587-4ba1-b20a-1e07bbf0630f,2025-12-13T18:20:31.331Z,Cartwrightstead,Nebraska,Ukraine,-44.3159,-24.1276,suppellex,commemoro,argumentum,eum,deduco,cunae,tabernus,69,105.18675418543117,35,beatus,3,1,1,false,0.20391794606643854,2019-12-23T12:40:29.173Z,"Klein, Windler and Legros",false
9dd1905e-b217-4471-ae4f-96a390d612f4,2018-12-21T06:24:53.404Z,New Janessastad,Iowa,Libyan Arab Jamahiriya,-7.2481,-97.0669,cruentus,inflammatio,colligo,supellex,taceo,videlicet,dapifer,78,74.42763193537203,46,patruus,0,2,3,true,0.2226491566530702,2022-04-22T20:12:32.006Z,Bednar Group,true
0d635ecb-442d-480a-8a9f-a416ca9e6619,2022-03-28T01:26:23.959Z,Lisetteworth,South Carolina,Northern Mariana Islands,29.6948,34.7067,nostrum,officia,abundans,cauda,calcar,voluntarius,certus,30,159.80533630698955,22,curo,4,1,3,true,0.15276321060079037,2021-08-19T03:40:37.554Z,"Roob, Upton and Wisoky",true
93bfd608-061f-4a4b-8430-c260a0e0be0d,2018-03-13T13:01:45.527Z,Marvinview,Arizona,Ireland,-8.2534,-97.8987,verto,supplanto,dolorum,cupio,cometes,cometes,vel,30,220.27166858706858,55,vindico,5,1,4,true,0.2130212198912311,2021-07-02T16:15:09.221Z,"Stracke, Hackett and Runolfsson",true
36f3dd7c-1107-44bf-8ce5-e94bd6d7296c,2020-10-24T21:33:12.440Z,Philipstead,New York,Moldova,7.6886,99.2474,cornu,cohaero,cometes,velum,vivo,verecundia,nulla,22,125.02999931220438,45,accusator,1,1,5,true,0.06930861425080584,2018-03-18T03:45:09.505Z,Fahey LLC,false
8ce67265-6213-4015-9207-e8289d50e7dd,2019-06-20T04:22:00.776Z,Ebertfort,New Hampshire,Curacao,-58.0039,148.9407,surgo,utique,tot,cura,aureus,vulpes,repudiandae,78,62.99134823126554,77,terror,3,1,3,true,0.12381986174847506,2018-06-27T02:49:46.747Z,Schmeler Group,false
a8f7344b-f43c-42ec-97ee-cd289b4eabe1,2023-04-06T22:20:45.646Z,Bellingham,Rhode Island,Brazil,68.9401,-72.1562,aureus,stultus,atqui,calculus,adflicto,optio,coadunatio,107,215.66160814663166,76,tertius,3,2,4,false,0.17215778887205335,2019-07-03T22:19:44.214Z,Dietrich Inc,true
acc9bc6c-c269-4634-a5ef-709761fd769d,2022-04-26T14:24:04.570Z,Nehaland,Ohio,Luxembourg,-19.3414,-11.6312,audacia,audax,damnatio,non,assumenda,tamen,eaque,128,175.02127615973535,19,spiritus,4,1,5,false,0.08126034114706651,2019-08-10T08:51:38.090Z,Lockman - Cremin,true
f7682363-6dc4-4ca0-9256-66c924dbd57c,2018-05-26T07:55:47.327Z,Warner Robins,Delaware,Marshall Islands,-62.7181,64.0134,calamitas,currus,caute,comprehendo,cupio,vos,adipiscor,51,100.53318446132809,54,succedo,3,0,3,true,0.04853353442017122,2024-10-03T00:36:19.639Z,Jones - Ledner,false