accident_id,incident_datetime,city,state,country,latitude,longitude,road_name,road_type,intersection_type,accident_type,weather_condition,road_condition,light_condition,speed_limit,actual_speed_kph,driver_age,driver_gender,casualties,fatalities,vehicles_involved,alcohol_influence,blood_alcohol_level,weather_reported_at,reporting_department,pedestrian_involved
370e273a-0209-49d9-9148-2c910dcf2452,2022-05-29T14:56:27.666Z,New Fionaworth,Rhode Island,Northern Mariana Islands,7.6094,-82.1816,cohors,combibo,defendo,caveo,suasoria,abeo,tot,29,68.76803045260166,90,cetera,1,2,1,true,0.1328943070140654,2020-09-18T10:28:57.008Z,Morar and Sons,false
7058e94f-a82d-4a11-9a9e-8a33de33b162,2022-05-19T06:25:24.213Z,Brandobury,Nevada,Benin,25.948,-170.8514,trado,crastinus,arcesso,cohaero,desipio,distinctio,templum,73,11.564004781494113,44,theatrum,2,1,1,false,0.14942980132456118,2021-01-31T02:40:48.281Z,Gusikowski - Walsh,false
b6986871-0c8e-475d-9cbf-1b1ec9b1f3b9,2024-05-24T12:04:26.771Z,Javonview,Michigan,Latvia,-59.8046,109.0509,ulciscor,usus,cenaculum,apto,summopere,spectaculum,patruus,49,89.2225663370225,84,defaeco,2,1,2,false,0.1719213032522262,2021-05-06T14:37:41.559Z,Rice - Hamill,true
6d85d3a2-55d2-454e-9b5a-db275f57192a,2019-08-10T21:14:00.809Z,Dareshire,Illinois,Barbados,-43.0817,-100.2145,cubitum,comptus,studio,cubo,theatrum,validus,somnus,40,130.0528459580571,19,truculenter,5,2,1,false,0.24131112797445117,2018-07-17T09:35:24.179Z,Gulgowski - Muller,false
e4560b23-8975-493b-bb9d-f1d135238997,2023-05-20T09:20:51.601Z,Harveyview,Texas,Bulgaria,0.8376,49.1556,velit,sint,porro,clementia,cultellus,depereo,votum,58,239.27809422346775,68,carcer,2,1,3,false,0.12272340360002823,2020-10-19T01:14:36.244Z,"Larson, Reinger and Hoeger",true
f87615fd-c5e1-494e-802e-2a961dea8cf7,2018-02-06T11:30:52.534Z,Lake Sylvan,Nebraska,North Macedonia,68.5441,-53.5339,tutamen,coruscus,suadeo,vis,supplanto,stillicidium,adulescens,80,43.37820598264031,38,tollo,1,1,2,true,0.15187836551563136,2019-03-29T16:52:27.435Z,"Dach, Parisian and Cormier",true
9aca56f9-f7b0-40ad-a885-017819590773,2022-06-25T00:02:56.253Z,Deltacester,Missouri,Liechtenstein,-34.5358,3.9163,culpo,vehemens,autus,adipiscor,tracto,versus,viridis,60,104.10125784318558,23,defessus,0,1,1,false,0.14101045668989232,2023-07-24T07:06:31.418Z,Mueller Inc,false
1de46664-4615-48b8-ac32-d6154019e215,2020-02-11T11:01:44.061Z,North Lawson,Louisiana,French Polynesia,-38.0271,97.5986,curso,textilis,agnosco,voluptate,cognatus,clam,odio,32,94.57379668240931,99,vir,2,0,3,false,0.22322082562191156,2019-11-16T23:28:56.271Z,Jast LLC,true
cc8820e4-9242-46ec-a0bc-34bf5f9d6e72,2025-07-04T02:06:25.530Z,Baltimore,North Carolina,Kuwait,-34.2915,88.7286,vulgaris,peior,torqueo,nam,auctor,vix,derelinquo,25,193.59341247828323,85,reiciendis,5,2,5,false,0.0656658270232221,2018-09-28T12:41:07.341Z,"Daniel, Schiller and Nienow",false
aef84194-5523-456c-b0b4-47744adc72c8,2020-10-24T19:04:16.767Z,West Lethaville,North Dakota,Lesotho,30.4268,168.5341,studio,pecco,coaegresco,arca,vel,curatio,commodo,87,131.27602248740465,59,tardus,6,0,2,true,0.1704268374979506,2021-02-23T12:59:54.398Z,Block and Sons,false
c642b14b-d5ec-436d-9354-d19a8b6d6767,2025-02-07T06:29:00.537Z,North Bradenland,Georgia,Liberia,-46.2618,-68.6733,socius,tribuo,vociferor,votum,doloribus,acquiro,conventus,49,30.531649934884648,33,conventus,3,2,2,false,0.2274059355333291,2020-07-16T04:34:39.958Z,"Reichert, Ward and Heller",true
b66324e7-12eb-4616-8aff-392d6597b8e3,2020-08-25T12:41:45.814Z,Michelville,Georgia,Panama,16.9591,-75.134,contra,varius,eveniet,caries,mollitia,neque,annus,29,231.8350099376495,50,tendo,4,0,3,false,0.05961809754926678,2023-12-20T21:19:32.405Z,"Jacobson, D'Amore and Marquardt",true
b03de0f9-5ad4-4650-a57c-c48967f4d572,2018-07-22T08:07:42.447Z,Geovanyview,Maine,San Marino,-44.7683,42.111,aegrus,acervus,toties,credo,adsuesco,corporis,aveho,50,187.527509529226,22,sunt,0,0,4,true,0.01381728989469766,2022-04-22T21:34:55.518Z,Jakubowski LLC,true
0876b1c4-fb03-423d-8ece-7b8f1b58f2bb,2023-08-17T14:34:27.165Z,Savannah,North Carolina,Cameroon,-38.0624,-93.3538,eius,cotidie,spiritus,alioqui,tergeo,decerno,spiritus,45,43.53876866995605,66,baiulus,0,0,5,false,0.22150668623756217,2021-07-26T23:53:20.114Z,Hermiston Group,false
73842ef5-d88c-4690-8123-0eb560793c31,2020-02-21T01:35:53.466Z,Fort Francoboro,North Carolina,Paraguay,-17.2294,40.9791,quo,comis,thema,repudiandae,corrigo,articulus,tricesimus,83,214.8279977227315,90,verumtamen,6,0,2,true,0.21598560438327227,2025-08-31T00:23:13.302Z,"Mann, Parisian and Monahan",false
b30b53ab-6d60-45b9-9a78-2ce262381aef,2018-09-17T13:54:11.253Z,Lake Araceli,Missouri,Guatemala,26.8382,23.1859,cohibeo,astrum,deprecator,vehemens,arto,quis,adipisci,21,46.59292044645946,89,attonbitus,6,2,3,true,0.020902620094470747,2024-05-07T07:43:59.391Z,Langosh - Wisozk,true
a4b5dd0f-1150-43aa-9498-5ae092c7215b,2024-09-30T18:10:24.926Z,Orlandoworth,Iowa,Jamaica,50.9549,171.2139,officia,reprehenderit,thermae,complectus,vilis,abscido,aegrotatio,32,204.503960519708,37,cohaero,1,1,1,false,0.14085155980136493,2024-05-11T15:02:07.950Z,"Pfeffer, Harber and Denesik",true
55fe7a57-1586-4f6f-86f3-87699af27fac,2021-05-24T18:38:33.610Z,Fort Demarcuston,Louisiana,Nigeria,69.9537,-162.6426,denego,cunabula,viduo,tabella,crustulum,trucido,adopto,76,125.66173654676187,80,abduco,0,0,2,false,0.17682638094721984,2021-02-04T13:17:04.126Z,Nader LLC,false
9532dd26-5779-475e-85cb-120f183b1d96,2023-02-16T04:12:37.210Z,Homestead,North Carolina,Latvia,67.6459,169.7751,adiuvo,arguo,delicate,defero,peior,decet,temptatio,126,144.8669474429509,85,cimentarius,0,1,3,false,0.027023206365437563,2020-11-19T18:58:07.061Z,Luettgen Inc,true
dc671b3f-38bf-4799-b5e4-3509cfcb9fba,2018-06-05T02:48:44.298Z,Baytown,Florida,Bolivia,79.5297,47.7453,paens,vicissitudo,cena,amplitudo,solutio,autus,abscido,25,16.029027613784244,77,cerno,0,2,2,false,0.07036783764241397,2019-06-14T17:25:06.516Z,Leffler Group,false
c9866d5e-b95f-431c-ad52-5834a8162ed0,2025-01-19T08:11:51.002Z,Bahringerview,Tennessee,Mozambique,64.1025,-8.9874,adfero,adsuesco,esse,vis,dignissimos,harum,aranea,114,224.4141016247213,43,terminatio,3,0,2,false,0.2195162879793925,2022-10-28T05:27:34.278Z,Moore and Sons,false
b7d4c128-a1c9-4945-8442-8f3e6595af71,2020-05-06T06:05:58.009Z,Emmetmouth,Maryland,Anguilla,-42.0919,159.0887,aptus,blandior,conturbo,quos,cariosus,carus,adsum,100,107.27536623962224,26,tepidus,6,0,4,false,0.16568363724480617,2024-09-02T18:19:30.380Z,Becker - Ledner,false
5bb2be07-c749-45be-8d12-ecb10cef4d86,2025-05-21T11:07:17.167Z,Watersbury,New York,Curacao,-21.551,-2.4712,caveo,corrupti,voluptatibus,eum,abbas,succurro,nam,75,170.82073011767073,19,vicinus,2,1,2,false,0.17337413777803024,2024-06-23T04:12:44.927Z,"Corwin, Koelpin and Gibson",false
0083b49d-5c01-4c26-b704-375fd7043fa1,2023-09-29T22:28:05.087Z,McLean,Virginia,French Guiana,35.3461,-139.237,tenuis,antea,tabula,minima,via,cenaculum,accendo,67,239.9187125421489,27,velit,5,2,3,true,0.18179841588087597,2018-06-27T07:25:32.549Z,Christiansen - Smith,true
989b8863-33ba-4fde-a27d-90a7f11f5d66,2021-01-09T23:17:10.743Z,Lake Laishaside,Arizona,Madagascar,33.7833,164.893,absque,cruentus,verbera,caveo,neque,asporto,tenetur,43,130.47606773990353,49,corpus,6,1,4,false,0.17395461163343212,2025-12-04T23:17:33.210Z,Johnston and Sons,false
23324070-8257-4e18-aaa1-6c7866097d94,2025-09-07T04:53:54.108Z,Auerberg,Illinois,Mongolia,62.4686,-93.0243,aggredior,adamo,coniuratio,creta,vinum,deduco,nesciunt,126,61.88860184320488,60,derelinquo,3,2,3,true,0.10852178208248606,2025-06-08T13:15:03.219Z,Stokes Group,false
d7f138cf-1091-409b-a2cc-9cee6c05bf63,2024-06-04T11:53:20.225Z,Rosenbaumville,New Jersey,Montserrat,82.6535,-56.7802,aegrus,vero,convoco,pauci,abeo,trucido,benevolentia,98,209.01520932627682,56,officia,6,1,5,true,0.03340953609994182,2023-02-10T19:26:49.451Z,"Goyette, Howell and Maggio",false
b1cba7e5-ccfd-485b-bd68-002dd3c0cf79,2022-10-23T14:11:39.157Z,Stiedemannmouth,Connecticut,Guam,-19.5573,-99.6126,cresco,patrocinor,vero,veniam,patria,tenax,clam,55,161.9417462400529,21,vita,2,1,2,true,0.13374561688927883,2025-03-06T18:24:53.808Z,Roberts LLC,false
ebfce550-10c5-45e5-aee0-5e6193eea1e8,2021-04-01T07:27:36.057Z,Brakusmouth,South Carolina,France,16.5549,-50.3417,vero,minima,demum,non,colo,soleo,cupiditate,73,80.03127331969475,24,cometes,6,0,1,false,0.00635952700783135,2021-12-29T21:00:23.421Z,"Spencer, Mayert and McGlynn",true
37a9d4fe-77ab-4af1-83d5-a9d715eee551,2020-03-05T10:11:31.819Z,Lake Irwin,Maine,Latvia,42.5792,-116.9643,corrigo,sum,officiis,damnatio,clamo,adstringo,tempus,55,65.38404789392987,19,audax,0,0,2,false,0.16670012573662726,2019-10-27T02:44:20.325Z,Turner Group,true
ef8fcac0-df46-4977-80d7-c9cbfa34dbfd,2024-09-14T03:54:56.333Z,Medford,Illinois,Libyan Arab Jamahiriya,-26.4241,58.6632,tabesco,sordeo,casus,aetas,decet,careo,neque,118,81.68297443986445,38,tui,2,1,4,false,0.23606640323877315,2019-08-27T03:12:17.428Z,Mertz - Legros,false
7f8ca621-a6ff-4549-8aa7-fd7d188bc273,2022-04-10T14:45:33.681Z,Lake Alaniscester,Arizona,Timor-Leste,-4.2821,-135.9938,dolore,cum,porro,triumphus,averto,pecco,suppono,37,72.19963368824469,96,acidus,4,2,1,true,0.23638814387136559,2022-10-20T02:32:16.815Z,Mohr Group,true
b3bfefd5-8180-4eb1-8138-dd33976d7a47,2020-09-27T04:40:25.830Z,Keirachester,Kansas,Timor-Leste,89.642,-25.6159,amicitia,accusamus,delicate,alias,corrupti,quidem,nam,120,238.01045070496605,76,vociferor,0,2,5,false,0.08875147580046311,2020-12-25T23:33:47.858Z,"Gislason, Torphy and Sauer",true
51adba1e-046b-4194-b9c2-7782c60ecad1,2020-06-19T09:59:01.179Z,Grand Island,Illinois,Antigua and Barbuda,24.6562,-20.3181,cometes,triduana,consequuntur,cupiditas,unde,demitto,verus,89,213.01035761041155,21,cena,0,0,4,true,0.03935146309902912,2019-10-12T09:25:34.511Z,"Jast, Fay and Turner",false
d36555d3-1b63-42cf-8afd-2fa92e07acba,2024-02-19T05:38:57.698Z,South Gonzalo,New Jersey,Samoa,-8.8493,139.9707,varius,decerno,abbas,defungo,cohors,alveus,sto,71,236.27712307813377,51,vilicus,0,1,3,true,0.18347944294463966,2022-04-30T07:41:32.980Z,"Simonis, Kihn and Hickle",false
1aeff793-6625-4a00-8eb5-4170ae79b6f3,2023-04-21T08:44:03.800Z,New Quentinstad,Mississippi,Malaysia,-41.2867,-159.0369,caritas,tenuis,adeo,velit,adamo,demens,vito,30,173.47604647895238,67,una,5,0,4,true,0.15322816817040044,2019-05-12T06:09:09.074Z,"Stehr, Block and Batz",false
489bd008-fe15-46b1-aa5e-6e3a2d390ab1,2020-11-12T15:07:28.807Z,Dayneborough,Oklahoma,Trinidad and Tobago,74.255,-177.0691,deficio,maiores,teres,vel,vereor,error,aptus,24,106.07161420488497,42,utrum,1,1,2,true,0.151215098632682,2021-05-31T13:02:30.394Z,Kuhlman Inc,false
72c8c71d-1e5a-4ec8-952b-0394d1037b69,2020-04-14T19:16:52.773Z,Pfannerstillville,Idaho,Saint Vincent and the Grenadines,86.8439,-82.9286,aranea,carus,aro,volva,angustus,trucido,taedium,70,115.02140492518654,96,tenax,6,0,5,false,0.1943427654088031,2025-11-24T21:36:28.497Z,Emard - Klocko,false
cda1fc94-af3b-4207-b1f6-0a90038e24fb,2018-01-10T00:06:03.953Z,Quinnland,Colorado,Albania,65.3985,132.6315,amissio,quidem,crastinus,totus,voro,auctor,cariosus,83,181.97636116433557,76,caste,3,2,2,true,0.1408770506930714,2022-03-21T14:09:58.720Z,Wiegand LLC,false
caa0ff7d-78ea-4690-8a0f-37754c24e8ad,2023-09-15T11:08:43.146Z,Port Willowstead,Michigan,Guadeloupe,-66.3356,52.4016,pax,velociter,recusandae,turbo,ustulo,vilitas,uxor,41,56.80526881562982,34,agnitio,5,1,5,false,0.006012532258599157,2022-07-13T19:46:56.959Z,"Sauer, Friesen and Fadel",true
122d953d-1ed4-4310-a519-7b6f17e0557d,2022-05-26T16:03:26.987Z,Newark,Mississippi,Reunion,-43.5785,-145.3327,tenuis,sordeo,suggero,iste,iure,earum,valetudo,53,162.37737687568426,64,velut,1,1,4,false,0.10671364812951642,2024-07-05T02:17:43.128Z,Koelpin Group,true
8b475775-abf4-43eb-bd23-6c3db125a733,2024-05-10T16:36:47.579Z,Ofeliaton,Rhode Island,Hungary,-85.2076,-122.8017,ver,ancilla,validus,defluo,demum,suus,beneficium,108,212.50319937587895,62,agnitio,0,2,2,false,0.12117409414085692,2025-11-19T18:48:44.056Z,Daniel and Sons,false
bb0229aa-ba3e-4e4e-ae77-2950e9d237a5,2022-11-14T10:48:10.246Z,Stockton,Montana,Peru,-74.3592,-116.6467,angelus,dedecor,ipsa,acceptus,clementia,qui,desipio,117,29.922091191868986,33,triumphus,2,2,3,false,0.026934024186567346,2022-04-24T02:49:51.516Z,Zulauf Inc,false
13022e8b-69d2-43e2-8d78-f6104edaf830,2019-06-19T11:16:11.388Z,Boulder,Indiana,Iceland,-62.5151,145.5392,vergo,deputo,sum,deinde,eius,alias,coepi,62,120.00312210148103,66,consectetur,0,0,4,true,0.024527847695521354,2024-12-30T09:12:57.940Z,Bode Group,false
1bf74280-03d2-477e-be1f-3037605b9a44,2025-09-29T02:23:02.439Z,Cutler Bay,Wisconsin,Bouvet Island,-33.5981,-111.942,vulgaris,undique,claudeo,concedo,modi,deleo,aut,122,231.23124262805993,70,tactus,2,0,2,true,0.08229509169736798,2018-08-16T01:17:32.384Z,Prohaska Group,false
b0a7e946-a19d-4596-9de6-eb57d2279b00,2018-09-18T22:17:37.443Z,West Ramiroville,Minnesota,Eswatini,-78.8197,-39.2167,crustulum,bis,truculenter,combibo,a,dedico,assentator,53,181.17940182668798,77,sumptus,2,2,1,true,0.2252173708817788,2022-01-14T10:23:11.277Z,"Krajcik, Lueilwitz and Heidenreich",true
25f236f9-4795-4fa1-bf8e-2ff26563bfa7,2022-10-31T10:35:50.972Z,West Britney,Tennessee,Barbados,-56.5237,-104.5544,vesica,terreo,suggero,solio,amicitia,dedico,aiunt,99,73.14781245816411,49,comitatus,4,2,2,true,0.09161826726259764,2018-05-17T05:14:28.302Z,Breitenberg Inc,true
7ce80779-325c-4d48-a783-f09bbdf2fb7e,2020-07-23T19:12:15.457Z,Jacobsstad,New York,Liechtenstein,28.7091,-79.5253,acidus,nam,tenetur,deorsum,alienus,alter,uberrime,48,101.66584176466104,100,color,0,1,4,true,0.013836122049014132,2024-07-24T10:53:03.890Z,"Beahan, Nikolaus and Kulas",true
4e55b4be-2e03-4718-9fe7-9e280f137c93,2023-07-26T10:35:11.084Z,Domenichaven,Massachusetts,Liechtenstein,62.2178,-47.625,adsidue,bellum,cupiditas,atqui,solium,tutamen,reprehenderit,48,153.27215661668976,49,agnitio,6,2,2,false,0.1192511795830068,2020-01-11T17:52:19.198Z,Becker - Beier,true
2367df4a-ff5a-40ff-a3fd-e85336f0fe57,2019-06-16T09:58:05.028Z,Christopville,Tennessee,Guernsey,-61.0648,-145.282,cupio,supplanto,curis,defluo,apud,vilitas,chirographum,25,45.80436753484839,55,mollitia,0,2,4,false,0.04118462845580331,2020-09-02T18:47:28.363Z,Kautzer Inc,false
c7ecd0db-d9fd-4ebe-b0bf-a2be4bcdf601,2022-06-30T00:35:30.947Z,West Sheilatown,Vermont,Uzbekistan,-7.5922,64.8715,terminatio,tergeo,arceo,crinis,collum,benigne,tot,104,115.14457865242504,51,cernuus,5,1,3,false,0.017669098606769323,2025-09-07T01:47:18.840Z,Schowalter LLC,true
0be1694a-ab1c-4830-b0b6-4bb57a3169d0,2021-11-26T15:37:46.806Z,Kalibury,Michigan,Isle of Man,-43.3906,-125.3791,caste,audax,calco,canto,vomica,thorax,pecco,117,18.813910037689247,86,commemoro,5,1,4,false,0.22434746883850365,2022-06-30T10:08:25.394Z,Heidenreich Group,false
ec3b96e5-cbe4-4374-ae0c-e742521f6b7f,2023-08-24T18:27:31.118Z,Hettingerborough,North Carolina,Moldova,29.4604,12.0016,degero,cultura,ea,video,calculus,usus,caveo,98,112.60998978033528,80,absens,6,2,3,false,0.21634582832237068,2023-12-02T00:36:14.521Z,Mueller - Towne,true
796f1c27-fadc-4144-96d4-4293f4ecb7b9,2023-05-08T14:39:03.374Z,West Rachelleborough,Kentucky,Namibia,80.6231,172.6922,aggero,paulatim,sunt,cometes,cruciamentum,supra,nulla,38,34.66580723696655,54,claro,4,1,2,false,0.23781418072105823,2025-01-13T06:29:44.595Z,Toy - Vandervort,false
331ef1c3-f694-491a-814a-a12e4ce647b7,2024-05-03T18:29:28.610Z,West Angus,Washington,Sri Lanka,-88.8218,123.5048,fugit,aspernatur,vester,coepi,cura,claro,civitas,53,73.42640585467763,67,templum,2,0,3,true,0.036163599637699634,2022-03-22T15:38:53.603Z,"Hermiston, Renner and Welch",true
e8cf541e-200e-40d6-8b43-acbfc9a92a95,2019-07-27T18:37:36.813Z,Creminchester,Vermont,Botswana,-73.0261,-11.7819,supplanto,patior,antepono,pauci,tracto,aegrus,deinde,70,195.80859940805067,82,consequatur,1,2,4,false,0.19473529193849284,2018-07-22T09:19:50.466Z,Howe and Sons,true
85a219f6-6e0b-444b-afc7-8de1eac72638,2021-02-16T14:23:47.609Z,Carmelatown,Hawaii,Angola,-72.4221,-88.4887,video,ut,tam,adimpleo,capto,calco,tibi,25,112.48626095031564,46,omnis,4,2,4,false,0.08802080085469069,2018-06-30T00:28:56.411Z,Franey - Adams,true
3b25d837-f51b-4e9e-aea2-a438b5e346d0,2020-05-13T17:10:02.590Z,West Dimitri,Alaska,Singapore,-60.4405,-25.7327,auctus,tolero,pecus,conculco,adaugeo,charisma,argentum,98,181.19186082543683,23,provident,5,1,3,true,0.21369141346469755,2022-12-27T12:32:56.061Z,"Boehm, Schulist and Pagac",false
837671a9-b651-4ffb-bd60-07c8bd8a6494,2020-09-25T10:12:25.969Z,Lake Declan,Massachusetts,Italy,-83.2192,94.447,asporto,aestas,dolorum,suppellex,tandem,acidus,copiose,95,196.0872833135033,48,tutamen,3,2,5,true,0.18030127029616852,2018-02-25T14:06:08.864Z,Schiller - Von,true
be696680-9ba3-4e3d-837b-5d510a504711,2024-07-22T17:33:27.010Z,Lake Allie,New Jersey,Dominica,36.0187,-21.6338,suffoco,aequus,abutor,calculus,terga,dens,utroque,95,81.48958216720769,22,colo,0,2,4,true,0.19456878029984803,2019-10-28T03:10:33.490Z,Torp - Medhurst,true
6a35d7b7-8ce3-4027-97fd-fc155fc4fb1a,2023-06-22T12:33:59.458Z,Berthastead,Maryland,Lithuania,-41.1315,-25.4076,alii,substantia,absum,eum,admoneo,placeat,sponte,54,69.04162030132598,31,coruscus,0,2,1,false,0.048319106959651775,2018-10-09T21:31:08.368Z,Sporer - Grady,true
1cb7caa8-66df-4612-b2bc-cbc3e79e6200,2025-06-26T03:17:12.483Z,Abbottchester,Rhode Island,Democratic Republic of the Congo,45.0884,0.4109,deludo,bellicus,delicate,vito,amiculum,condico,textor,110,205.51950722631096,82,absum,1,2,1,true,0.06661958848617633,2020-12-12T01:30:50.408Z,Marquardt Group,true
4b848921-b8df-454c-b4ba-e196d1144789,2025-12-06T08:56:31.308Z,North Camylle,Connecticut,Northern Mariana Islands,74.9752,-36.819,casso,arcus,tyrannus,aggredior,laboriosam,cito,comburo,105,97.61093180759376,19,bestia,4,0,4,true,0.17410853599143888,2022-11-23T06:15:37.413Z,"Funk, Stracke and Lang",true
bf35d59e-b2ca-441d-be10-7f06c9970a63,2021-01-23T11:41:33.067Z,North Ali,South Dakota,Jamaica,-63.3435,89.6327,tabula,aegre,antiquus,artificiose,amoveo,anser,suadeo,57,133.05337181278642,54,qui,4,2,4,true,0.20132213177175837,2021-06-23T21:50:59.210Z,Thiel - DuBuque,false
5a19a97b-3c84-4838-a350-93452c6bab12,2022-09-22T08:43:16.619Z,San Bruno,Massachusetts,Norfolk Island,82.1553,107.9029,voro,aranea,tero,nesciunt,dolore,solutio,alias,27,83.31728697370671,24,pecto,0,1,1,false,0.2417370894793977,2021-09-01T06:11:31.466Z,"Gleason, Bernier and Wilkinson",false
54bdad77-9ea7-4572-af4e-e3c7c6d9a0c3,2022-08-19T09:25:04.823Z,Gradyhaven,Hawaii,Oman,-43.7111,7.8653,verbera,paulatim,concido,absens,tamquam,nostrum,comis,30,210.72577483893951,47,argumentum,6,0,3,true,0.07592493846560483,2023-03-15T11:27:36.090Z,Bergnaum - Brown,false
f9773d75-53ac-4a86-a644-e22d9647e707,2018-04-05T09:16:38.739Z,Port Cyrusview,Massachusetts,Luxembourg,-27.144,24.5903,xiphias,tabgo,accusantium,debeo,beatae,caecus,administratio,97,209.16609665248257,43,animadverto,5,0,3,false,0.22061844615378146,2022-10-31T20:39:16.558Z,"Yundt, Ebert and McLaughlin",false
0df090c4-c7e1-4046-aaf4-f07d0707af79,2018-09-20T15:37:55.209Z,Antoninatown,North Carolina,Dominica,75.0804,-170.2306,via,amplexus,rem,pauper,aetas,vitium,decor,107,76.53476030395444,71,speculum,5,1,3,false,0.1505119643641212,2020-11-08T07:30:58.828Z,Schuster and Sons,true
05dffa04-b663-48b8-b082-78f7858f2da8,2025-03-05T16:29:58.888Z,McKenzieland,Nevada,North Macedonia,8.4768,125.7859,ulciscor,uberrime,aureus,aurum,adicio,comes,nostrum,71,100.34534159054519,82,cupiditas,4,1,3,true,0.03388679959841173,2019-04-15T11:43:30.089Z,Bernier - Hamill,true
17621ed0-74b1-45f6-98c0-037c28c791ef,2018-04-11T17:43:35.503Z,North Emanuel,Illinois,Sweden,21.1536,-114.1238,cras,aureus,conculco,curis,catena,depereo,conculco,119,26.977456139341598,61,tamdiu,0,2,5,true,0.07212842418696785,2021-10-05T20:17:34.468Z,"Huel, Auer and Veum",false
30868aca-8422-471b-9fed-4bde0777f92d,2024-04-14T05:15:09.792Z,Kossburgh,Louisiana,San Marino,-55.9604,75.5272,patrocinor,terminatio,accedo,appositus,vigilo,tener,videlicet,33,189.98511234029368,73,desino,1,1,4,true,0.08448194437991882,2020-07-14T21:51:44.481Z,"Towne, Hermiston and Klein",true
a2270e4e-dc71-4a14-9691-9efdc566b65e,2022-07-26T12:34:58.120Z,West Cletafort,Arizona,Sweden,-82.4071,-110.0949,cavus,antea,acquiro,ullam,vestrum,ager,comitatus,55,224.004467853629,76,vallum,5,2,5,true,0.12048843154749017,2023-06-09T21:50:34.703Z,Schneider - Nicolas,true
998f877b-9814-4a03-a415-c80032c177cd,2021-05-19T18:20:10.465Z,Baileeshire,North Dakota,Chad,10.2912,23.4466,bene,perspiciatis,dapifer,cultura,vetus,aqua,vulgus,55,119.31224460713531,29,vicinus,5,0,2,true,0.1490967964085324,2022-05-12T16:25:40.916Z,"Becker, Harris and Cormier",false
83ae03ed-0522-417b-a328-760a24aeb90e,2020-05-25T16:01:44.795Z,Keelingside,Indiana,Sri Lanka,-9.1184,-105.1248,decumbo,sortitus,vinum,universe,deprecator,adfero,audacia,49,103.1580498078451,64,earum,1,0,4,false,0.20125599534730418,2022-09-03T21:58:01.735Z,"Herzog, Prohaska and O'Hara",false
f24ab79e-b0b6-4a77-82cd-7da8eb05d584,2025-08-14T09:54:27.344Z,Daughertymouth,Oklahoma,Benin,19.6507,81.3305,celo,adsidue,denuo,aeger,stella,patior,temporibus,49,93.76804894500295,88,cinis,0,1,1,false,0.22768458511018858,2025-03-18T19:57:47.070Z,"Rath, Hoeger and Reynolds",true
7f4c6352-4440-4fb6-8c61-9f8fd695aaa2,2021-06-10T21:42:39.760Z,South Brennaville,Utah,Fiji,-16.919,121.6469,pauper,tumultus,caveo,curvo,cunctatio,atque,creber,44,28.513179733303076,70,adstringo,0,1,1,true,0.12964856661804872,2024-08-01T19:30:26.800Z,Conn - Nienow,true
7018871a-1a56-4e21-81b5-cca26794e7d4,2023-10-21T20:32:43.286Z,Leuschkestead,Tennessee,Uruguay,77.3335,92.2525,adulatio,pecus,aestas,cuius,cernuus,trado,varius,77,158.76935678798932,33,collum,6,1,4,false,0.02322362779571635,2022-11-24T14:59:47.613Z,Douglas Group,false
7e047a00-aaaa-4cef-be5a-d0c2eb99b28b,2021-11-03T22:45:07.760Z,Herminaton,Ohio,Paraguay,27.1848,-93.0918,via,labore,amor,capillus,atavus,sordeo,audacia,78,164.20114064415563,92,crustulum,3,0,2,true,0.14551057576338428,2018-09-02T07:34:08.788Z,Jakubowski LLC,false
a155a837-c5e4-4864-ab7d-ce17e621f157,2020-06-22T16:58:18.276Z,Palm Harbor,New Hampshire,Eritrea,-48.8494,114.5714,assentator,conscendo,dolores,harum,considero,animus,desino,59,220.56992714279966,32,surculus,0,0,5,false,0.038389568478944786,2020-05-02T10:43:56.719Z,Hahn - Russel,false
9b1b0a13-dbd3-42dd-bb4e-7da7e0d1c934,2018-05-30T05:45:25.318Z,Fort Roderick,South Dakota,American Samoa,-36.1683,-149.1265,suffragium,aegre,aureus,sed,tenus,ara,decretum,79,45.595255371833396,84,celebrer,3,1,3,true,0.07927953302738827,2024-07-22T21:53:11.859Z,"Brakus, Fisher and Dickinson",true
e450e558-a470-472c-8c3e-a46333b5a5ae,2021-12-19T01:18:32.990Z,Romagueraworth,Delaware,Saint Barthelemy,42.2954,-110.9914,tenax,cauda,cervus,arceo,unus,demo,corrigo,21,156.0760802502989,84,conculco,1,0,3,true,0.15519593113692132,2025-07-18T21:51:27.064Z,Fisher LLC,false
84820739-51ef-43e0-be76-8fe7824084c4,2024-09-03T13:07:22.758Z,New Cedrickview,Illinois,Uruguay,-37.7404,64.9747,virgo,volva,volaticus,vilis,totus,thymum,audacia,26,87.44164065138791,99,aestus,1,1,4,true,0.17106117297306925,2021-10-17T19:47:49.410Z,"Powlowski, Anderson and Leffler",false
be61e307-08b9-41d4-9ea6-acd7b1cbb261,2019-05-31T05:59:23.026Z,Wildermanshire,Alabama,Andorra,19.364,-100.8949,eligendi,curso,pauper,coniecto,vereor,ratione,viriliter,104,143.15110979531394,55,adulatio,6,0,3,false,0.10069087548470768,2023-08-19T17:36:06.516Z,Feeney and Sons,true