accident_id,incident_datetime,city,state,country,latitude,longitude,road_name,road_type,intersection_type,accident_type,weather_condition,road_condition,light_condition,speed_limit,actual_speed_kph,driver_age,driver_gender,casualties,fatalities,vehicles_involved,alcohol_influence,blood_alcohol_level,weather_reported_at,reporting_department,pedestrian_involved
21818241-b1ae-4787-b00f-115c7ef7e88e,2025-05-02T06:26:19.663Z,Sabrinaburgh,Massachusetts,Guadeloupe,36.2353,39.2524,cogito,spero,consuasor,odit,adsum,approbo,virtus,29,22.97968936954795,34,sophismata,2,0,1,false,0.0748702819184563,2018-11-30T20:29:32.795Z,Jacobi LLC,true
0f518514-93bb-4507-8866-9bd7ccf4c14d,2020-04-13T14:00:47.054Z,South Ruben,Connecticut,Venezuela,41.6337,-54.4672,surgo,curvo,urbanus,accommodo,adopto,vester,capillus,128,207.11047119993754,42,anser,1,1,4,false,0.06688332281070489,2025-01-14T18:04:39.106Z,"Lebsack, Mante and Pouros",true
c799c5a1-dc6e-40a1-a198-73581b72d266,2020-04-13T02:31:34.179Z,Springdale,Idaho,Burkina Faso,83.5829,-178.0244,id,cedo,vobis,tantum,solutio,casus,cupio,118,238.481634977717,90,compello,4,0,2,false,0.11621872902993252,2023-10-05T14:41:47.319Z,"Hermann, Brekke and Schinner",true
77998b92-4888-42a2-a675-ee88cf3e0014,2019-10-23T20:51:39.960Z,Dorothyshire,Arizona,Lithuania,34.144,55.9749,vorax,vomito,crur,tremo,soleo,volva,vestigium,59,73.62458733685347,21,uter,0,2,4,true,0.07197599973585661,2025-04-01T11:55:08.027Z,Strosin - Ullrich,true
f1f8f24c-b161-47fc-8014-21cf105df5f0,2023-06-28T12:23:48.951Z,Sporerfurt,Rhode Island,Burkina Faso,69.1162,-160.094,caelum,quam,molestiae,thymum,audeo,solvo,amissio,107,13.88734521325687,62,traho,3,0,2,true,0.05173367346839275,2018-09-24T14:34:57.761Z,Keeling - Pfannerstill,true
615c11d9-5ca3-49f6-a00a-fcc46b12698f,2024-12-11T19:55:19.854Z,New Heber,Washington,Micronesia,-75.922,-110.8429,vox,sublime,dedecor,patior,soleo,vae,pax,35,199.67406431314612,24,cultura,6,2,2,false,0.10136335660263363,2025-08-27T02:00:35.947Z,Cronin - Davis,false
629618c7-a47f-48ad-bfb2-3e539c58e531,2020-12-04T05:41:23.799Z,Jenkinsbury,South Dakota,Georgia,-48.1894,-117.9231,deporto,atrocitas,una,apparatus,praesentium,dens,cupiditas,125,85.70041633381754,41,teneo,6,1,4,false,0.07199477420992112,2023-12-10T04:13:44.144Z,Blanda LLC,true
16bd0572-81b4-44c1-98b3-5b9bd7cd1b9f,2020-03-13T18:27:49.133Z,Beaumont,Tennessee,Bosnia and Herzegovina,54.4287,-113.435,ver,aedificium,quae,accusantium,thesaurus,vado,aveho,40,88.14377358128317,80,ascit,3,1,1,true,0.09454513923675356,2020-05-25T06:35:49.552Z,"Hessel, Tremblay and Shields",false
91240120-0d2a-494e-810e-e59265f89eca,2019-12-02T04:05:36.290Z,Lakinfurt,Pennsylvania,Angola,44.5665,57.1738,ventosus,delibero,peior,solum,barba,solvo,vindico,106,98.88194640219152,74,tracto,1,1,5,false,0.03679767175216089,2018-10-16T22:59:26.420Z,Grimes Inc,false
cd3690f3-88bd-4bf3-9150-eec86bc6360b,2022-07-18T19:00:19.044Z,South Lydastead,Alabama,India,71.9905,28.3485,trans,thesis,defluo,admiratio,substantia,talis,defetiscor,86,24.182605711254315,84,ultio,4,1,3,true,0.050953858608134894,2025-10-21T16:34:53.918Z,Mills - Schmeler,false
7544008a-cf1e-4823-a1ea-6b08cc03015b,2021-07-23T13:34:49.772Z,Ankeny,Utah,Vanuatu,45.3431,139.9478,vobis,culpa,volup,credo,admoneo,vigilo,natus,126,128.12474266277584,27,aggero,0,2,3,false,0.2375436256415325,2024-04-21T08:21:26.307Z,Trantow LLC,true
5daae63f-cdce-4d11-9999-4288879f6442,2024-06-27T10:45:12.703Z,West Addison,Delaware,Burundi,-88.3561,-73.1994,voluptate,deduco,villa,caecus,talio,vitiosus,uberrime,48,193.27580310462878,27,venio,6,0,5,true,0.04957000833615152,2025-04-04T21:23:15.167Z,Ledner LLC,false
5a46fd8a-7781-4ffc-9ce1-6618cbd6d4df,2018-04-07T04:37:05.069Z,East Rhea,Mississippi,Marshall Islands,29.8703,124.1672,laboriosam,velociter,adipiscor,trado,audacia,vulnero,thermae,100,178.50112251822011,50,aro,6,1,2,false,0.19186761188202564,2023-07-02T16:30:21.594Z,Mertz - Sanford,true
5cd59c6c-468e-4bb4-b2ce-e60fe714f699,2019-10-13T12:24:43.308Z,Altenwerthworth,Michigan,Croatia,-36.8969,-7.9663,confugo,condico,quam,sopor,sophismata,aequus,cognatus,81,119.8629899744631,91,conicio,3,1,5,true,0.02042912428341573,2019-11-22T08:00:42.228Z,"Hoppe, Mitchell and Hoppe",true
63b45ba6-1cd5-4f55-ab65-1b0550765ccc,2022-07-25T16:22:30.325Z,Doral,Illinois,Colombia,7.1516,-127.1666,assumenda,amicitia,utrimque,addo,virgo,arca,caelum,85,89.24572093382798,95,aut,3,1,5,false,0.12195147535196174,2024-09-19T05:30:29.472Z,"Emard, Feeney and Zulauf",false
eee1ccee-5167-4d3e-b4cd-fdb036859b38,2024-06-20T20:54:00.257Z,New Ellen,Wyoming,Costa Rica,-30.9882,78.1363,vitiosus,virtus,spero,tergiversatio,calcar,caelestis,convoco,93,20.325239418834045,33,ustilo,1,1,1,true,0.1136642165290297,2021-06-07T08:03:52.255Z,Toy and Sons,true
51b29448-f221-4cb4-98bd-263aa42add04,2020-08-15T14:19:41.252Z,Feeneyboro,Indiana,Timor-Leste,9.799,3.9765,odit,despecto,correptius,voveo,vinculum,tres,eius,38,41.80832905641084,98,basium,5,2,3,true,0.20440365039023203,2023-01-28T15:16:45.478Z,Wisozk - Bashirian,true
4e5a8e67-7f0f-47ba-bcd1-8928f0adc7ab,2020-10-23T00:12:02.861Z,Earlmouth,Alabama,Latvia,-71.2367,33.4043,accusamus,auxilium,defungo,pax,labore,laboriosam,sonitus,47,227.42624449204092,63,torqueo,2,1,1,true,0.19470547513637831,2019-06-03T03:45:35.956Z,Mohr - O'Keefe,false
70d1d75f-a4a3-4733-a135-461c4daac190,2020-05-11T03:44:04.105Z,Topeka,New York,Ghana,31.7381,26.2323,nostrum,ara,caput,cetera,decipio,solio,collum,104,161.52116099715607,73,bene,0,0,1,false,0.03015862689941773,2021-06-12T08:46:25.609Z,"Barton, Johnson and Cassin",false
72556931-4c0a-4034-81a2-4620877be636,2020-01-20T21:13:26.889Z,New Kristoffer,Nevada,Anguilla,32.1754,38.9256,quam,beatae,tersus,curto,demonstro,labore,cui,78,27.903813621400026,33,deduco,0,2,2,true,0.21882574323987153,2025-08-28T00:42:05.070Z,Hayes LLC,true
be3e7c70-5e10-48cb-a79a-de4023364336,2020-06-20T18:01:56.480Z,South Valley,Wisconsin,Equatorial Guinea,61.9961,-91.4512,modi,ancilla,corrigo,tergum,clibanus,acsi,ante,73,41.50362632942486,61,aeneus,3,0,5,true,0.1651962471514802,2025-11-10T02:07:30.839Z,"Boyle, Maggio and Green",true
94681761-9e46-4f14-8080-8a6d0ca7eee2,2023-07-06T08:58:03.465Z,South Arlo,Georgia,Guinea,28.5195,54.3249,ultra,credo,degero,conqueror,surculus,vox,creptio,79,189.39995662249578,22,modi,2,1,3,false,0.06696405613458883,2021-10-04T02:00:13.288Z,"Wisoky, Bergstrom and Pfeffer",false
e919e997-234b-4452-948c-de3e2cc43646,2024-09-22T01:31:39.571Z,Hermanchester,Montana,"Bonaire, Sint Eustatius and Saba",-70.2567,-21.725,conscendo,solum,audentia,crur,deripio,porro,cultellus,70,15.807108624720456,37,thema,6,1,3,true,0.18226644075676024,2019-07-30T06:41:15.016Z,Bashirian Inc,false
173cc98d-fdf6-4c51-8fb6-b5a6646051b8,2022-01-25T23:19:49.259Z,Lake Destin,Idaho,El Salvador,15.7658,77.2865,subiungo,conculco,sufficio,soleo,utpote,turbo,depereo,75,55.27076754958962,68,teneo,4,2,3,true,0.07102327554499524,2023-04-25T14:21:16.065Z,Koch - Rodriguez,true
228724d5-d4b8-4254-8d16-3a3dab2eb61f,2023-09-12T06:43:56.330Z,West Bridgette,Wisconsin,Jordan,3.3875,-88.7166,ambitus,tertius,desolo,tibi,alter,usus,sto,34,53.05659946704098,60,eum,2,0,1,true,0.20102328625689642,2021-11-01T00:03:28.774Z,"Brekke, Haley and Moen",false
1c40248d-8168-46c8-baa6-33a76585e18e,2025-07-15T22:08:22.298Z,Trevahaven,Utah,Andorra,-44.7072,44.3376,adaugeo,succedo,vix,tandem,dedecor,acidus,sum,34,8.898581892787387,60,nesciunt,4,1,3,false,0.1446714863256005,2021-08-09T13:09:24.252Z,"Douglas, Rempel and Lockman",false
9296ea96-0f4f-4685-85c8-0adb73486d14,2021-04-13T16:57:35.633Z,Port Jorgefield,Arkansas,Czechia,52.2415,-32.9117,complectus,somniculosus,amissio,pel,hic,caute,caute,126,15.020879985543019,46,complectus,1,0,5,false,0.006363323773835111,2021-10-15T13:44:30.603Z,Flatley - Medhurst,false
1ebddd34-a1a2-46d7-b933-654eeea0c347,2025-06-27T07:18:31.119Z,South Clovisboro,Maryland,Guatemala,69.6859,-138.476,cunctatio,deinde,volutabrum,carpo,vilicus,armarium,caecus,103,88.05269868356423,53,abscido,0,2,2,false,0.06629612264570456,2018-10-30T04:06:20.887Z,Blanda - Maggio,false
5f83d58c-9172-4856-a15d-9c56858ac8a5,2019-03-10T18:04:57.457Z,Tressafort,Alaska,El Salvador,-13.6416,30.6669,maxime,cruentus,cinis,volubilis,vitiosus,vesper,deleo,78,55.57396895109636,57,adhaero,2,2,4,false,0.03881499430419655,2018-07-16T17:14:59.733Z,"Collier, Roberts and Sauer",false
da8316ff-dc66-4978-ae11-7a2d84f7a9c5,2019-12-27T16:14:10.600Z,Fort Ella,Ohio,Iraq,-59.6542,27.7254,cursus,auctor,quia,textus,amissio,amitto,deserunt,113,173.62556867134998,71,calcar,3,1,4,true,0.17800167826344165,2023-10-02T18:31:56.188Z,Feil - Ruecker,true
7c8f1b60-4c5b-4a61-a201-604691b8728f,2018-01-18T03:24:41.780Z,Southfield,Connecticut,Morocco,-60.3894,171.1098,coadunatio,causa,consectetur,vulnero,quae,peccatus,nisi,63,126.20719328375293,47,textor,6,2,2,true,0.2493444638171043,2019-04-16T22:08:46.074Z,Luettgen LLC,true
aadab4f5-7807-46ec-9386-49069c9cb7dc,2021-10-28T18:16:45.516Z,Fort Peggieport,Connecticut,Brazil,13.672,-126.6499,capio,cupio,aiunt,vomito,desparatus,civitas,catena,50,49.45660001069493,59,expedita,3,1,1,false,0.16340056810669135,2023-05-06T12:48:18.381Z,Funk Inc,false
2d693eec-2c50-4f4e-b2b0-cb6995532439,2023-07-31T08:28:40.801Z,South Annabelview,Vermont,Spain,12.9067,35.5193,adamo,arguo,sono,aro,delectatio,amaritudo,censura,48,88.76514775675577,20,dedico,1,1,4,false,0.17996637127046028,2022-09-11T17:32:37.814Z,"O'Connell, Bogisich and Blanda",true
da79c4a4-03bc-442a-a8aa-d16241d5e6de,2018-04-21T19:17:39.426Z,New Xzavierland,Arkansas,Afghanistan,-58.4314,61.083,curto,necessitatibus,acsi,decens,sono,omnis,succurro,71,64.12063070302165,92,thema,0,0,1,true,0.08673953363457504,2024-10-12T07:31:29.968Z,Pfeffer - Hermann,true
f45659b9-6e45-40b5-9ae6-cdf08eabcb11,2025-02-13T20:05:38.179Z,East Roelboro,Wyoming,Guatemala,-70.7938,-108.5228,adhaero,sopor,copia,atqui,vomica,vulticulus,tollo,128,230.76102110125782,42,eligendi,2,0,1,true,0.21336527963589536,2023-08-28T06:54:29.703Z,Howe - Luettgen,true
c344b9c6-a77f-4281-8bfe-377b4e2ca5a5,2019-04-16T13:49:44.408Z,Adelbertbury,Idaho,Iraq,23.3907,-59.3322,termes,deleniti,utique,vitiosus,deinde,aliquid,iure,122,220.23102478316477,50,voco,5,0,3,true,0.17963445847931503,2021-06-24T18:20:44.842Z,Kuhic Inc,false
f181a07f-dcab-4ce7-b96c-e1ca2981748d,2025-01-23T06:43:05.666Z,Carrollside,Michigan,Japan,-70.936,-128.4162,ad,complectus,textor,sum,arca,vobis,civis,50,184.08734521910222,41,timor,6,0,1,false,0.05818882475899653,2019-08-09T18:33:32.523Z,"Muller, Veum and Dicki",true
9fe6ce32-7f76-481f-a6e9-d0a04c90c57f,2021-01-07T23:30:21.522Z,Connieville,Illinois,Senegal,-58.2919,159.3813,acquiro,adimpleo,desidero,ars,aliquid,sono,tendo,33,50.71707843981823,29,verumtamen,1,0,4,true,0.2219503922861898,2018-11-28T16:30:59.545Z,Wunsch and Sons,true
8b136956-596b-463e-8876-5ea70400c91d,2020-12-24T09:48:33.077Z,Hattiefield,West Virginia,Cambodia,-26.4355,-152.093,avaritia,torqueo,demoror,infit,vulgivagus,adsuesco,sperno,112,14.58251882737219,85,tui,5,2,3,true,0.06864119878579478,2020-09-13T11:31:54.183Z,Gleason - Prohaska,false
fbd2ea08-fc1d-4363-b5c3-c2569b487b58,2020-11-24T08:24:55.257Z,West Damianfurt,New Mexico,United States of America,63.5031,-2.2271,vesica,hic,conculco,avarus,summisse,cena,fuga,65,9.015972431803467,93,tego,2,1,2,false,0.1299719443028086,2024-08-16T17:24:13.781Z,Hegmann and Sons,false
be12a37d-7542-437f-8c2a-90d24d006d29,2019-05-02T00:47:48.027Z,East Ryanncester,New York,Zimbabwe,87.8917,-136.09,incidunt,aliquam,perferendis,amiculum,villa,civitas,beatae,56,95.99819372258024,40,tibi,1,0,1,true,0.2439532947575146,2020-08-24T07:12:08.029Z,"Bergstrom, Heaney and Kunze",true
7ebc2ef8-48db-4ee8-b9ff-a1ce6a02ba53,2018-11-13T06:11:55.738Z,Margaretteview,Arkansas,Barbados,-59.7651,167.9181,absens,contabesco,versus,verto,conor,tolero,volutabrum,56,129.71108109120496,34,consectetur,5,1,4,false,0.2152445182177216,2023-01-06T00:47:21.936Z,Zemlak - Volkman,true
c9507b29-38a9-420b-ae0b-60f54b16b34f,2024-11-23T04:34:39.220Z,Lake Peytoncester,Arkansas,India,-44.2858,97.2221,combibo,aeneus,at,theatrum,supplanto,stabilis,commodo,43,112.90891574266679,30,abstergo,6,1,2,true,0.0773361194043857,2025-06-25T11:44:49.661Z,"Cormier, Bergstrom and Torp",true
ea23b505-0d1a-4083-8ad9-a35de3aeff2f,2021-02-14T02:21:27.820Z,Aureliefort,Utah,Iraq,-81.9715,-91.7254,videlicet,desidero,cena,decumbo,coerceo,venio,aestivus,36,16.46854044343664,89,sponte,4,1,2,false,0.1930781578606323,2023-02-22T06:39:11.200Z,Kertzmann - Konopelski,false
1f114505-47e2-40d1-b26a-5ee8f67753c3,2023-12-04T13:26:10.465Z,Port Davioncester,North Dakota,Yemen,62.0675,77.612,tametsi,thermae,curriculum,tertius,tempus,una,pax,99,74.94077373937279,26,conscendo,0,2,3,true,0.15217210014432508,2018-09-30T00:08:06.772Z,Bernhard Group,true
fd131670-dd0c-425e-8f84-2b1470d68b2e,2025-01-27T03:05:26.905Z,North Angelicaborough,Alabama,Wallis and Futuna,-13.3047,171.7417,bibo,facilis,aggredior,valeo,ciminatio,saepe,ventus,67,218.17418547771757,55,ago,1,2,1,true,0.21185656919478527,2018-07-01T23:08:16.619Z,O'Connell - Moore,true
42e2a756-e709-405e-9df4-e70f2dd2aa43,2020-04-11T05:06:06.589Z,West Mateo,Vermont,Czechia,-56.7667,141.4548,vita,recusandae,careo,amplitudo,subito,laborum,sophismata,122,184.20598875575516,56,alveus,4,1,2,true,0.2062123733040025,2018-02-27T06:31:28.959Z,Block Group,false
58031e9e-10b1-4510-9f64-e460b5973866,2018-03-22T11:41:06.576Z,Newport News,Nevada,Poland,-32.1418,152.1857,caute,attonbitus,inflammatio,demulceo,turbo,cogo,cetera,88,200.04778658568262,31,curo,4,2,5,false,0.06778610046327896,2021-05-26T22:20:02.374Z,Rowe - Homenick,true
fc9f7992-6320-4348-bda0-a0011e1a43fc,2023-04-30T11:45:30.305Z,Coeur d'Alene,Florida,Iran,-63.2842,108.9423,coepi,tergeo,tollo,aranea,aut,vaco,pecus,49,17.10011805339704,47,arca,5,1,5,false,0.0697353350149234,2025-06-27T11:34:22.106Z,"Bergstrom, Volkman and Boehm",true
4bac786a-727c-4e36-94b8-784efd19b490,2021-12-18T15:52:24.715Z,Loweburgh,Alaska,Norfolk Island,27.8985,121.1982,adsum,suffoco,desidero,caries,crebro,spero,corporis,112,229.31190221502445,70,adhaero,6,1,2,true,0.02888271813300103,2018-06-24T08:01:58.308Z,O'Conner Inc,true
8f8594c2-bb5f-44df-8f0e-bf92d32bf862,2025-07-19T04:27:09.970Z,Port Deborah,Indiana,Tonga,70.0285,32.1903,debitis,vito,adeptio,facere,cognatus,tempus,supplanto,122,189.5511123670574,77,umbra,3,0,4,true,0.07793266309968272,2019-11-17T08:52:00.454Z,Bruen LLC,true
0cdfda0b-f9d4-4cc2-9603-cc8c0540abc6,2022-05-31T07:44:36.657Z,North Domenick,Ohio,Wallis and Futuna,-52.342,-53.9499,calamitas,cedo,possimus,subvenio,bibo,utique,annus,64,231.89537327035097,65,absque,0,0,5,false,0.2017599107034732,2023-08-25T01:44:53.251Z,"Kris, Stanton and Thompson",true
9b6bae0d-b323-46ee-b75c-f2888c6c31ad,2021-08-26T14:27:09.538Z,Greensboro,South Dakota,Comoros,39.2077,-150.418,cuppedia,stips,tabgo,pectus,adversus,vehemens,cauda,53,164.3257375448448,19,studio,0,0,1,false,0.18714904697991536,2020-10-04T13:31:35.231Z,Gorczany Inc,false
45cb7854-bbeb-4dc2-9483-e56643484b62,2022-02-12T01:54:06.633Z,North Brialand,Vermont,Nigeria,61.9771,-157.102,aggero,ea,caries,tubineus,sublime,sodalitas,articulus,22,14.437799639123785,31,aut,0,1,4,true,0.053614899721509346,2018-01-08T13:13:38.661Z,Bahringer - Moen,false
fba5098b-fb20-49ff-8777-13696047a947,2019-01-03T02:51:14.160Z,North Rusty,Kansas,Eswatini,70.0878,-178.5465,tripudio,taceo,advenio,dolore,veritas,urbs,titulus,87,101.51085553734214,78,atrocitas,3,0,4,false,0.23104565260251622,2022-09-22T16:02:08.577Z,"Lebsack, Keebler and Buckridge",true
1157a089-04f5-4b53-a095-9fb167f3f894,2024-07-09T18:10:20.708Z,South Abigail,Washington,Burkina Faso,-77.6616,-79.2986,tabella,adopto,tibi,cuppedia,cado,allatus,acer,41,180.18537315017716,31,corpus,6,2,3,false,0.13767463508588182,2024-09-18T19:59:57.093Z,"Mohr, Hauck and Barton",true
f25a3924-88c1-44f0-a5ec-3bc0b3329703,2021-04-25T08:31:02.292Z,Oro Valley,North Carolina,Ethiopia,-62.337,152.7053,maiores,tertius,verus,contabesco,in,aperte,dedecor,121,31.592794933052062,81,cruentus,5,2,2,false,0.160681247374073,2023-08-20T23:16:37.128Z,Bosco - Jast,false
de842e70-6f56-4664-9910-95f2d02bdffe,2024-02-02T03:45:15.094Z,Nitzschecester,Vermont,Poland,67.0212,1.8381,brevis,tracto,ipsam,demoror,aro,contabesco,autem,43,168.84975095098036,79,asper,0,0,1,false,0.0888721002584415,2023-08-31T12:58:12.138Z,"Tremblay, Marquardt and Goyette",true
8f937ae0-5f45-4bf3-b1fc-2dbb75a3c492,2025-12-15T10:39:31.284Z,South Austin,Oregon,Saint Kitts and Nevis,-57.8023,115.561,copia,velit,tepesco,nisi,demitto,alter,currus,106,216.74611213249827,60,charisma,0,0,3,false,0.13228456000596922,2019-06-26T17:25:32.624Z,"Nitzsche, Marvin and Johnston",false
27780bcb-52c2-4e59-a87d-0e21c62220f8,2019-07-04T12:51:09.002Z,Avaberg,Texas,Brazil,-21.4504,79.0692,asper,despecto,ab,degusto,et,dedico,ulterius,66,197.3245084068105,77,acceptus,1,0,4,true,0.12820696975594767,2024-10-29T17:05:06.793Z,Streich - Langosh,false
11772ae3-b3aa-4e3e-a935-c168b4d6eb3a,2018-01-27T01:26:32.882Z,Miramar,West Virginia,Belize,10.4969,123.36,ullus,pauper,mollitia,statim,substantia,tergo,amo,101,166.6198974287187,61,stabilis,4,1,4,false,0.17070630011839352,2025-11-07T10:11:15.378Z,"Stroman, Wiza and Heller",false
9db197b1-bef9-411a-868f-1e0f41cfb57e,2018-03-21T11:41:28.113Z,Cristmouth,New Mexico,Cocos (Keeling) Islands,27.5537,78.4198,ullam,stabilis,suffoco,artificiose,solitudo,subnecto,spoliatio,71,116.49286726491088,27,tribuo,2,0,4,false,0.21158472681031223,2021-11-17T11:06:32.690Z,Dickens - Hayes,false
93082dc2-fd88-4f0c-b381-99813d9cdb2a,2024-06-06T04:34:15.658Z,Binsburgh,Missouri,Libyan Arab Jamahiriya,80.3466,-62.1371,sopor,clementia,degenero,auditor,despecto,villa,ascisco,115,32.822028394771806,18,voluptas,5,2,4,false,0.08949726321020438,2019-10-17T18:07:13.507Z,Daugherty - Rice,false
a2449249-74e1-4226-85c0-91f6cbdc3e18,2023-10-23T14:37:07.638Z,Fort Orlandobury,Rhode Island,Netherlands,-29.2103,-76.7915,voluptas,amplus,tyrannus,abundans,atavus,sopor,armarium,127,184.46541047908426,75,tempora,3,2,3,true,0.1207706462360405,2019-11-13T03:04:37.328Z,McLaughlin Inc,false
33926329-da46-4746-94c4-b012b68e1edd,2021-07-22T13:51:34.752Z,Sydneyview,New Hampshire,Congo,-27.434,-95.59,aut,versus,sapiente,defetiscor,triumphus,infit,trans,61,48.77598229165165,98,vespillo,6,2,5,false,0.046838449589061776,2022-06-11T01:42:35.630Z,Hilpert - Champlin,true
6d3628e1-4c5b-4c2d-9f2f-bc72f5a7ec49,2019-03-13T08:23:04.022Z,West Hershel,Georgia,Cuba,-47.4483,113.1626,hic,ipsam,crustulum,aequus,alioqui,suppellex,color,124,67.16574161066748,58,adipiscor,0,1,5,true,0.11563417632174236,2020-11-28T03:44:43.820Z,"Streich, Kassulke and Smith",false
402996d8-8690-4685-b8c6-6874464cb6cd,2022-05-02T19:20:45.839Z,North Ayanaburgh,Missouri,Sudan,25.5011,70.0201,amissio,caput,spiculum,veritas,apparatus,tempus,libero,53,182.92399468182384,45,accedo,6,2,3,true,0.13047212475030134,2019-03-10T12:22:34.570Z,"Senger, Fahey and Funk",true
c3f1340c-4e81-47b7-8ba4-3ca147fbd5ea,2025-03-05T14:24:19.332Z,Port Jerel,Kentucky,Marshall Islands,23.3295,150.2129,suspendo,centum,cenaculum,deporto,benevolentia,textilis,vox,74,57.66943128783456,66,complectus,1,0,1,false,0.14302236557895087,2019-02-23T11:15:10.441Z,Hirthe - Moore,false
462119c8-7d9f-4854-b998-a158b9ab1f82,2023-09-28T12:29:18.763Z,East Providence,Montana,Palau,17.9195,135.6508,omnis,via,suspendo,odit,valens,claro,sit,74,69.73221516258323,23,vulgus,4,1,4,false,0.22081809637537475,2023-10-24T11:42:12.327Z,Schmidt - Wunsch,false
b494d6da-7c21-47b1-881f-5631fbde8656,2025-06-26T23:02:28.127Z,North Earlstead,Pennsylvania,Lebanon,1.9875,-95.963,aqua,tamquam,anser,arbitro,spectaculum,deripio,aqua,44,40.63052941802194,57,exercitationem,2,0,1,true,0.19473625267126501,2025-08-01T21:18:04.679Z,Feil and Sons,true
30cb3722-0da3-4d8c-8519-37286dcd5ae9,2025-10-21T10:43:16.131Z,Abshirefort,South Carolina,"Virgin Islands, British",-44.2313,-157.278,debeo,asporto,cometes,sophismata,corrigo,audeo,cultura,127,202.6422379037898,49,ciminatio,3,2,3,false,0.23331061604295536,2018-10-31T07:14:37.628Z,Luettgen and Sons,false
9cb29c69-160b-474d-97d7-1b94e16ca411,2025-05-13T10:29:08.992Z,North Elroycester,Mississippi,Brazil,83.1147,70.3855,cura,annus,vomito,consuasor,contego,celo,temperantia,22,177.89661313871446,58,curto,1,1,5,false,0.1145494948458646,2023-07-02T20:02:27.496Z,Gottlieb Group,true
ee9c63ba-b39a-4273-933f-4384aadf9228,2021-06-15T13:03:44.533Z,Lake Santa,Arkansas,French Southern Territories,-86.3095,-129.9684,solvo,aro,amplitudo,voluptatibus,congregatio,celebrer,cibo,58,103.76444426740716,17,tepesco,3,2,2,true,0.24691116985870473,2019-11-27T08:46:18.852Z,Heathcote - Pfeffer,false
18162958-14bf-462d-9fbf-6f07ae91be39,2024-05-07T04:20:41.069Z,Jabariview,Hawaii,Sweden,-73.8063,-88.738,ustulo,repellat,adulescens,creator,cognatus,cura,tantillus,90,37.33287649263708,88,blandior,1,2,3,true,0.15676728086748187,2020-07-13T08:36:06.418Z,Hand LLC,false
7c4a5b39-ebeb-410f-b189-c141aba0d936,2019-01-15T23:08:27.703Z,Jessikacester,Idaho,Heard Island and McDonald Islands,-54.6028,-79.6559,una,tepesco,ventus,adulatio,abundans,audio,facilis,62,52.1388266131276,92,vero,1,0,4,true,0.10247413531848656,2018-11-27T22:34:56.451Z,Douglas - Kling,true
eb5dde56-136c-4380-918f-6c02ca290256,2025-01-14T10:59:44.192Z,Chancestad,Indiana,Heard Island and McDonald Islands,74.2301,1.997,cumque,ante,tametsi,omnis,clibanus,error,atrox,56,147.34506723030572,52,coniecto,6,2,3,false,0.07558491797318886,2023-04-06T02:30:49.562Z,"Kreiger, Trantow and Wisozk",false
9c625065-eb04-43c6-977f-a3c699a94433,2018-06-04T12:13:22.668Z,Hebercester,New Mexico,Venezuela,-11.1277,141.9511,voveo,volubilis,vestrum,absque,amor,derelinquo,desidero,122,163.35349581590384,69,depopulo,0,2,1,true,0.13858858626568596,2019-10-16T13:21:30.609Z,"Gottlieb, Gulgowski and Herman",false
fd6e8d1c-255e-4a2b-8b57-093f6e52dc8e,2021-05-13T16:33:29.763Z,Schneiderstead,Florida,United States Minor Outlying Islands,-51.7694,-84.2052,dolorum,conitor,currus,succedo,cupressus,amplexus,argentum,129,168.3186977313756,83,conitor,5,1,2,false,0.016608547693164194,2023-01-22T04:36:42.280Z,Schuppe Group,true
a3308a3e-d1db-4dbd-a589-f04256935033,2023-09-17T23:41:16.031Z,East Nettieton,Vermont,United States of America,41.4158,-105.0005,depono,spes,solium,voluptatum,abscido,territo,culpo,109,83.62485571409809,29,beatae,3,1,5,false,0.058097328505368195,2020-02-27T05:45:27.807Z,Blanda - Abernathy,false
e5d0034b-6ccd-4b19-b3c9-b717dbe97540,2021-09-18T20:57:55.316Z,North Nathanaelborough,Mississippi,Mali,64.2433,-95.7676,vulpes,tantillus,eius,turba,caute,stillicidium,terror,21,174.23414262562227,65,vestigium,4,0,3,false,0.23721567445614475,2019-02-10T16:21:55.992Z,Rice Inc,false
3d049694-a9aa-4999-8d7a-03231b6307e7,2024-12-03T22:57:18.168Z,Jorgeburgh,Florida,Tajikistan,26.7398,-105.8092,cubicularis,harum,undique,tertius,vilis,nesciunt,veritas,51,0.9183410456180319,32,aurum,5,2,2,false,0.2343885551078236,2020-05-10T09:43:26.457Z,"Herman, Johnston and Hodkiewicz",true
590764b0-19f7-4ede-9379-4aa45f72c473,2018-04-14T12:43:08.984Z,Lake Fabian,North Dakota,United States Minor Outlying Islands,64.1718,-148.6334,curso,atavus,adulatio,coruscus,chirographum,claro,harum,36,181.63096008919103,45,nemo,4,2,3,false,0.23686612931920975,2018-10-03T04:04:03.987Z,Upton - Harris,true
aa84e944-20ce-4930-902b-bd81590400dd,2018-11-04T08:47:50.453Z,White Plains,Missouri,Niue,56.2461,-153.4946,cupio,absens,stultus,adhuc,copia,velociter,cura,88,135.19704284248238,97,ratione,2,1,1,false,0.07116385917634105,2022-03-10T08:57:53.061Z,Kuhn - McDermott,false