accident_id,incident_datetime,city,state,country,latitude,longitude,road_name,road_type,intersection_type,accident_type,weather_condition,road_condition,light_condition,speed_limit,actual_speed_kph,driver_age,driver_gender,casualties,fatalities,vehicles_involved,alcohol_influence,blood_alcohol_level,weather_reported_at,reporting_department,pedestrian_involved
7187e8d4-c036-4b5e-9268-1e3110cb9250,2024-07-21T22:28:27.321Z,Sugar Land,Arkansas,Aland Islands,-84.5707,63.6368,illo,cohibeo,venustas,conitor,conor,optio,voveo,64,42.48020249387829,80,arguo,1,0,2,true,0.11928153587172971,2025-03-08T22:44:21.536Z,Moore Inc,true
783f041d-8252-43ec-b282-055c7f44b157,2024-04-08T08:17:36.276Z,Pfannerstillview,Oregon,San Marino,66.1384,165.4817,adulescens,aptus,comptus,vallum,curo,celo,supellex,118,190.21505159883267,71,pectus,0,2,3,false,0.1923986550748746,2021-11-18T16:09:35.289Z,"Berge, West and Batz",false
57bcdee5-061c-419c-859c-c7fc119b5c50,2018-11-28T13:47:00.189Z,Furmanview,Wyoming,United States Minor Outlying Islands,-49.3834,59.7842,impedit,thalassinus,pectus,truculenter,angelus,atqui,viriliter,124,61.847131763374264,40,tergiversatio,6,2,4,true,0.18570500175403815,2022-11-05T17:46:42.058Z,Feeney - Hoppe,true
e730de2e-d670-4c80-a415-a03293b865c3,2025-07-30T19:05:54.407Z,Freeport,Michigan,Slovenia,-45.6281,-83.8509,deprimo,laboriosam,tergeo,umerus,debilito,defluo,accusantium,129,95.030612128699,91,inflammatio,1,2,2,false,0.14241727164367024,2022-07-18T00:14:19.025Z,"Abbott, White and Predovic",false
ce22f3c7-4899-451b-954e-8c8362062309,2019-03-28T00:40:27.314Z,Waelchitown,Minnesota,Martinique,-85.1099,36.3323,stultus,viriliter,abduco,officia,tamen,circumvenio,comminor,72,198.37723553065803,29,compono,2,2,2,false,0.1664138117098697,2023-05-07T15:09:43.830Z,Zemlak Group,false
afd68c05-74de-4565-8f5c-c1d5c60988cb,2021-07-14T03:08:07.581Z,New Esperanza,Virginia,Lesotho,-41.9913,-68.2228,quo,decipio,credo,veritas,occaecati,delicate,aureus,61,185.32439307266105,76,at,0,0,5,false,0.168372072774952,2019-02-13T08:08:46.036Z,Schuster - Hayes,false
0b673539-5447-4bfa-8619-0b090390ee08,2020-03-01T00:19:58.304Z,Port Kevenburgh,Idaho,Papua New Guinea,-86.2363,-29.3593,maxime,aeger,antea,tyrannus,aeneus,abutor,vigilo,60,160.31544002298605,39,quasi,5,1,2,true,0.07865229159961101,2025-08-30T05:17:15.892Z,Botsford Group,false
5ed0b9e5-a11d-43f6-a86d-804c8689797e,2025-04-17T09:09:15.699Z,Beattybury,New York,United Kingdom,16.9175,101.105,solium,vulnero,bellicus,dolorem,dens,aestas,cursus,50,188.1036362452479,39,calamitas,6,2,1,false,0.21591346401040498,2023-09-12T14:59:33.196Z,"Wolff, Barton and Schmeler",true
440084b9-5ba5-4992-835c-5211d705e5f2,2022-05-11T10:41:22.813Z,Charleston,Wisconsin,Mayotte,2.2137,168.9774,supellex,placeat,nulla,officia,acerbitas,asporto,corrumpo,81,93.52677502476683,27,sulum,3,0,2,false,0.030240167786153266,2023-07-08T09:24:02.609Z,"Schultz, Quigley and Bogan",true
9f92a8ff-4e9e-400e-b978-3e41aa8f6a4a,2019-06-17T02:30:13.956Z,Douglasfurt,Alaska,Papua New Guinea,12.9527,30.8103,adulescens,aestivus,umbra,considero,truculenter,compono,deduco,125,35.4718693320666,61,suppono,3,1,2,true,0.0974001532243842,2024-09-03T06:51:56.887Z,Gorczany - Schmidt,false
72257197-bca7-4e7e-90c2-49b9807ccf72,2022-03-17T12:16:39.174Z,Newport Beach,Connecticut,Guinea,78.3683,-53.2072,atrox,coruscus,accommodo,volutabrum,voluptatem,asporto,quae,125,177.811405818707,59,abeo,0,1,2,true,0.02631838855742588,2020-10-24T08:51:01.075Z,Ryan - Morissette,true
8bd52fce-8fa8-40b5-b4c3-cb1800c8c98b,2023-09-29T10:40:39.139Z,Lockmanmouth,Tennessee,Luxembourg,31.152,42.8792,blandior,vitae,centum,beatae,curia,cariosus,viridis,89,85.8430284503998,59,stips,0,1,3,false,0.15985064895636217,2020-08-29T23:57:16.549Z,"Jakubowski, Macejkovic and Bayer",false
0ae4f865-4e95-4d47-9c3f-0e6d10d66a53,2022-10-20T05:31:18.570Z,Fort Hilbert,West Virginia,Vietnam,-45.7972,-111.4277,vere,curto,depraedor,correptius,vesco,aperte,decerno,42,195.31193376664686,56,perspiciatis,2,0,5,true,0.08187814608088745,2025-02-26T15:25:35.041Z,"Metz, Weissnat and Adams",true
2867928f-9eb8-49ca-8de1-ffcfd8a9f034,2023-03-31T03:02:19.848Z,Pueblo,Massachusetts,Cuba,-39.4103,166.0549,calculus,calco,charisma,canonicus,cattus,cado,varietas,67,116.17576304876195,22,cogito,3,0,2,true,0.16721675225391605,2021-09-24T18:25:59.180Z,Legros Group,false
669fdb0a-3c1c-4873-89e0-c6100c51fe27,2022-09-04T23:45:59.491Z,Lake Carletonton,Connecticut,Albania,-74.2384,83.8215,voluptatem,corpus,cubo,allatus,tamisium,venustas,curo,95,155.85764865947675,37,acidus,1,0,2,true,0.19840140564877598,2025-10-02T06:42:57.931Z,Fadel - Kautzer,false
a55e93eb-1ca5-4d97-8f13-961aca69c63d,2023-07-31T09:56:52.963Z,Kuhicport,West Virginia,Cayman Islands,-76.641,50.0675,tum,trado,doloremque,blandior,averto,vaco,suadeo,121,175.74837990915785,73,adhaero,3,2,2,true,0.14166352370973576,2021-04-08T13:24:29.378Z,Hilll - Gusikowski,false
a0424233-7a07-444b-8b07-7eab150535d9,2018-08-02T22:43:58.833Z,Miami Gardens,Pennsylvania,Yemen,-76.3806,169.4351,tamen,tametsi,fugiat,subvenio,artificiose,autus,capillus,99,155.36037076056752,66,canis,2,1,5,true,0.13001557698572633,2020-03-17T00:38:36.696Z,Davis - Hand,true
7d3ea1da-e726-45df-b87e-0bc4918c37bb,2025-07-17T18:23:39.981Z,Port Furman,Maine,Christmas Island,54.5285,74.0067,veritas,adsuesco,deprimo,magnam,acervus,claro,beatus,102,63.516128674094965,47,dolorum,5,0,3,false,0.19473685553063383,2023-05-05T05:03:07.176Z,O'Connell - Emard,true
7513fd04-886f-4e1e-b663-f169be9d198e,2019-10-24T00:45:18.043Z,Runteburgh,Virginia,Cocos (Keeling) Islands,-40.0029,-54.6949,tabgo,ad,adstringo,appositus,ipsa,turbo,condico,77,135.74781895722722,47,voveo,0,2,3,false,0.15068685413641017,2019-05-12T09:19:00.938Z,Hartmann - Murray,false
6264d291-6752-44fb-853f-8a077cdefa58,2024-02-11T03:02:38.082Z,East Willowberg,Nevada,Turkmenistan,87.5163,61.042,tyrannus,ascisco,adamo,socius,comparo,harum,confido,74,136.60340328875435,59,valetudo,2,0,5,false,0.031540471986651664,2021-06-12T10:12:12.137Z,Moore - Hayes,false
31c0fad9-a4db-4ce0-8030-12d28bacb1a9,2019-07-09T15:25:56.485Z,D'Amorestead,Florida,French Polynesia,-80.4428,-161.5706,vindico,comprehendo,corroboro,degenero,cado,cunctatio,administratio,116,30.04978329385983,99,videlicet,3,2,3,false,0.20282363753915605,2019-12-01T18:30:30.024Z,Pollich and Sons,true
33a03c9b-7663-4db9-a6ef-53c7bd90b11e,2023-08-07T22:09:53.320Z,New Verna,North Dakota,Cote d'Ivoire,73.7335,17.7526,bene,suffoco,ulciscor,et,coma,astrum,catena,38,62.26807738021388,36,adversus,1,2,4,false,0.18869693669873044,2018-04-08T08:52:30.710Z,"Harber, Wiegand and Lockman",true
207f588c-25b0-43ac-9001-4d750f3cd00e,2024-10-13T21:29:41.246Z,Palm Beach Gardens,Maryland,Libyan Arab Jamahiriya,-57.2298,-23.4677,tollo,possimus,vulgaris,cubicularis,apparatus,provident,aeger,61,72.50707600747431,49,aeger,1,2,5,false,0.0030802259883141447,2022-05-13T03:59:30.559Z,Stark LLC,false
7c5e0fee-f547-444b-a01f-c40452048348,2019-08-16T22:48:01.009Z,Lake Duncancester,Delaware,Sudan,25.5122,27.8319,summopere,quo,clam,censura,cultura,hic,suspendo,105,41.77735842314582,84,vulgaris,2,2,1,false,0.01935668442557234,2018-01-20T10:46:11.170Z,Heathcote - Bashirian,true
16778b15-499c-459d-ba02-1d4bd2631c6d,2022-05-15T22:40:15.568Z,Fort Armandobury,North Carolina,Burundi,28.2043,-73.6324,complectus,facilis,vicissitudo,summisse,cetera,stipes,aduro,113,121.07299268633571,25,aperiam,0,1,5,false,0.1280082842781915,2018-12-28T11:24:44.020Z,King Inc,true
cb785435-8f3f-43bb-9d90-77a01a3a36c7,2020-07-14T04:12:25.996Z,South Elwyn,Ohio,Sweden,-62.4257,138.9029,adeo,supplanto,auctus,caste,pecco,amplexus,pecto,117,203.4890324084278,86,architecto,0,0,1,true,0.16993947585698613,2024-10-26T13:37:17.168Z,"Hahn, Green and Feeney",false
b91ca163-f52f-4faa-b0b4-58ea5731111f,2020-07-21T19:13:41.514Z,New Artberg,Nevada,Heard Island and McDonald Islands,87.3912,-154.0255,appositus,decerno,tepesco,atavus,depono,impedit,abeo,48,207.31172225303803,31,videlicet,5,2,1,true,0.06901935300886963,2019-08-04T08:38:33.341Z,"Ernser, Friesen and Zboncak",false
050586f2-e0f4-412d-9506-c377ddee2cc0,2025-05-17T05:06:39.120Z,Botsfordshire,Virginia,Burundi,-81.8798,179.5202,sollicito,caecus,administratio,uberrime,admitto,dolore,textilis,59,165.02089508561366,75,baiulus,3,2,4,true,0.12753514170525299,2024-11-15T18:08:56.993Z,Shanahan and Sons,false
7c2f25aa-efe9-4377-9708-1207f81e4415,2019-03-06T05:37:12.967Z,North Timmothybury,Washington,Brunei Darussalam,47.6191,46.6021,optio,curo,cribro,repudiandae,ascit,maxime,aro,98,147.1658713168856,28,argumentum,2,0,3,false,0.18127280947213215,2019-12-08T09:57:34.574Z,Marvin - McClure,false
08b1c423-154c-436e-81bc-a7841e4d31b1,2025-03-10T14:17:37.112Z,South Willisside,Missouri,Mauritius,-5.7162,-159.7262,tardus,comminor,consuasor,sordeo,cerno,aestus,cuius,124,181.40451661566118,18,coepi,5,0,4,false,0.18608431286587018,2022-10-10T03:20:05.122Z,Brakus - Lindgren,false
787ce37a-91ac-4c73-96c8-39706c994e07,2019-08-08T19:55:14.635Z,Marcellefort,Louisiana,Azerbaijan,-76.8939,26.7988,tersus,veritas,aqua,barba,deduco,impedit,amplitudo,56,168.1054140489539,26,adiuvo,1,1,5,true,0.1618216219571347,2024-09-07T15:31:51.534Z,"Huels, Hahn and Kautzer",true
d6bac4da-b0d4-4199-9218-b17024b7dcf3,2019-05-10T00:39:22.430Z,Erdmanton,Alaska,Gabon,30.1582,-128.5651,stillicidium,cavus,amita,aperte,dens,derelinquo,agnitio,32,178.421521600616,18,illum,5,0,2,false,0.14813624772939563,2020-05-25T04:43:17.625Z,"Koch, Pfeffer and Bernhard",true
c2dd4349-7f62-4b20-b827-718ade9641bf,2021-11-19T23:18:34.756Z,Savannah,Vermont,Brazil,75.4353,-35.0026,asperiores,subnecto,volubilis,verbum,voveo,iusto,creator,129,35.35601106590264,75,carpo,3,2,2,true,0.22243255844274085,2023-05-26T09:30:37.119Z,Johnston - Beahan,false
fc61d65f-33e0-4476-b2d3-7c87b512b26e,2020-09-17T02:34:17.646Z,Kameronfort,Oklahoma,Isle of Man,43.8519,13.3003,suus,convoco,cohaero,comburo,administratio,conspergo,supellex,80,93.72443982629134,86,nemo,2,1,5,true,0.1825531521765126,2019-12-25T15:44:09.465Z,Swaniawski LLC,true
742f57d9-7cab-42dc-8ba8-0849a5c8a127,2019-06-12T03:54:55.111Z,Kossboro,South Dakota,Republic of Korea,-84.6735,51.546,termes,utrum,argumentum,bonus,clam,suspendo,excepturi,49,69.91294381771806,86,vado,4,0,5,true,0.1200329450982813,2025-05-24T14:57:08.126Z,"Bergnaum, Hagenes and Fadel",true
fb398cdd-9648-4e86-9100-f76f8a5d1cb2,2018-05-13T20:13:47.261Z,Myahaven,South Carolina,Luxembourg,-86.2868,-113.16,vinculum,creta,damno,talus,timidus,vespillo,triduana,127,67.44904278645735,57,tantum,6,2,2,true,0.2017848907709338,2022-01-04T06:20:21.626Z,Konopelski - Kozey,false
b2826bdf-0f74-490d-a927-9b4d3056e636,2019-06-03T23:46:03.259Z,North Cedrickville,Hawaii,Uruguay,-26.6541,-112.2524,caste,cinis,una,deficio,cum,corroboro,aedificium,104,93.01060053215292,76,desidero,4,2,5,true,0.22927994054732187,2024-06-09T19:44:54.584Z,Littel Inc,false
6394e372-d50d-4867-9500-e36a1f09b2b5,2019-01-07T04:06:18.331Z,Vernerburgh,North Carolina,Austria,4.9223,106.6664,volup,quam,turba,atrocitas,candidus,appositus,degusto,129,32.9348524429986,68,adhaero,6,0,1,true,0.09907738866740762,2023-08-01T08:44:04.256Z,"Wisoky, Dietrich and Hammes",false
3ca35c23-2be1-4061-b3b4-29347f541085,2018-06-16T03:18:00.514Z,Lake Dawnfield,New Hampshire,Mali,66.0644,-32.6948,vestrum,utor,baiulus,aperiam,caterva,umbra,civis,55,211.2164570160239,98,placeat,1,1,4,false,0.02562369484007579,2025-10-14T04:38:21.604Z,Kiehn LLC,false
65d65bd3-cf37-4ad5-977b-c0abda4e1569,2024-04-05T19:07:36.492Z,Lake Jerad,Maine,Bhutan,-28.7385,-131.3901,corrumpo,doloribus,taceo,administratio,dedecor,timidus,bene,40,12.323728470949398,53,accendo,1,2,3,false,0.20798663353492514,2023-07-20T12:34:43.106Z,McClure Inc,true
3160967a-bc5c-4d7d-930d-35529b37283b,2022-02-07T09:18:05.326Z,New Tyrique,Arkansas,Wallis and Futuna,76.3234,-132.2273,cras,adeptio,charisma,umerus,laborum,absorbeo,congregatio,101,63.38722661324621,67,tepesco,0,2,2,false,0.23958561886418112,2022-01-29T22:39:46.550Z,Kuvalis - McGlynn,true
ccee3f5d-ef49-4073-94b1-d8868f5b5096,2022-09-25T15:10:42.397Z,Goodwinfield,Mississippi,Cayman Islands,-49.8834,57.6673,agnitio,cibo,creator,agnitio,varietas,pecco,consuasor,105,122.91389332593758,86,statim,5,2,5,true,0.11394093148128648,2018-08-29T13:37:46.127Z,"Barton, Kutch and Parker",true
e06d7f27-97e2-4783-8d49-d012ff6947b3,2020-03-21T22:59:48.197Z,Greensboro,Connecticut,Western Sahara,-35.307,-161.6909,urbs,cumque,placeat,vociferor,balbus,defaeco,cicuta,84,156.62463628830844,75,valeo,3,0,5,false,0.06216111956663564,2021-12-20T04:58:43.825Z,"Schowalter, Bechtelar and Morissette",true
fd83099a-11ff-4d6f-b361-01f8110bd1d5,2023-03-31T03:50:49.241Z,Pasadena,Kansas,Bosnia and Herzegovina,44.3074,65.3335,contabesco,esse,arceo,quaerat,coruscus,astrum,ager,115,152.17225341360736,52,derelinquo,5,0,4,true,0.09776140450895598,2024-10-01T19:07:07.204Z,Corwin - Padberg,true
786bd739-ee74-4891-a736-ef47ba871cf2,2024-09-23T12:26:12.490Z,Robelstead,Connecticut,"Bonaire, Sint Eustatius and Saba",-8.8179,-49.5549,umbra,combibo,dolorem,crur,demens,volva,nesciunt,45,41.070161229610164,71,tremo,2,1,1,true,0.04936635051408811,2019-08-22T12:15:57.553Z,DuBuque - Kassulke,true
79166113-354a-4101-8c8b-159133baf9a9,2022-11-06T04:31:38.447Z,Kunzefort,New York,Cyprus,33.9256,-138.5488,deporto,amet,carcer,triumphus,angustus,magnam,certe,109,235.679774583364,94,incidunt,0,2,3,true,0.01809862365419701,2022-02-01T23:13:55.314Z,"Strosin, Hamill and Jacobs",true
495d3bdc-8b30-4ee2-a3f3-099a25a5005c,2020-05-27T02:33:58.739Z,Gonzalobury,Alaska,Romania,36.2987,-32.2236,calcar,trans,ciminatio,angelus,autus,subnecto,vito,49,185.92613588413536,46,bene,2,2,5,false,0.21998759330439546,2023-07-19T04:27:20.497Z,Koss Group,true
0ffe08ef-7941-449b-ab86-23ed0ac6acfa,2022-10-29T00:11:47.360Z,Port Orvalworth,Texas,Nigeria,-29.7849,115.0584,damnatio,apud,tamquam,adhuc,ante,adhuc,traho,79,176.95553444879238,90,cruentus,6,0,3,true,0.24212213853306366,2025-02-04T04:31:32.778Z,Dickinson - Moore,true
edf10061-6835-4b76-bf88-01f2cdb6f988,2022-03-06T14:58:00.407Z,Boscochester,Minnesota,Belarus,11.5503,79.7384,capitulus,adeptio,tener,illum,vulgaris,dolorum,demergo,89,38.82612333115201,31,acceptus,2,0,2,false,0.010240373935868907,2023-01-27T14:24:28.158Z,"Schmitt, Bruen and Stokes",true
3e7a0f71-8efb-4006-894e-32cb360e9880,2020-11-21T12:04:16.834Z,South Nelsonville,North Carolina,Liberia,-20.0971,113.2406,peior,tempore,ut,arguo,repellat,nostrum,subito,73,65.86338853935744,94,armarium,0,1,5,false,0.07070444231570935,2020-10-26T08:37:37.850Z,MacGyver Group,false
2108fd5b-cb23-4ebd-963e-a00b184f17ae,2019-12-09T23:58:32.343Z,East Keeganborough,Alabama,French Southern Territories,-71.4805,91.0852,vorax,vester,addo,debeo,cariosus,comminor,titulus,65,50.87751064643,32,cruentus,4,2,2,true,0.020767300071358408,2019-12-21T04:56:12.927Z,Hyatt Group,true
6ab4a9e4-db87-4e23-aea1-83d8a33f27f4,2025-04-07T07:16:59.595Z,Gulgowskiville,Oklahoma,Wallis and Futuna,-56.308,-172.5728,nam,amiculum,tenuis,voveo,maiores,benigne,dolore,20,94.14866270733937,67,facilis,5,0,1,false,0.09653606239308424,2021-11-17T22:43:22.816Z,Corkery LLC,false
d7ec2239-662e-4d91-bdc0-3ee611373ac4,2024-02-12T12:14:10.847Z,West Donnellberg,Maryland,Falkland Islands (Malvinas),-84.4578,106.6889,decor,acidus,patrocinor,modi,adamo,umquam,esse,60,48.7209130244633,56,repellendus,1,1,5,true,0.16036330988121109,2020-05-24T15:53:06.027Z,Willms Inc,true
207ff12c-5cbb-4cab-81dc-3875700be5fb,2025-05-04T08:08:56.387Z,Fort Osvaldoside,Georgia,Philippines,-18.1183,-155.9728,tantum,voluntarius,curis,argumentum,adulatio,tametsi,degero,130,52.293583374450854,63,tribuo,4,0,4,true,0.004585723295687766,2021-07-04T23:05:13.629Z,Macejkovic - Wolf,false
2c13590e-cf8a-4acc-9b7d-eb7d50c9e88f,2024-02-08T16:51:25.569Z,West Randall,Wisconsin,Bangladesh,85.6596,-144.8219,coniecto,inflammatio,usus,crebro,tremo,torqueo,templum,81,135.81237137056436,27,vomica,1,2,2,true,0.09656501837956716,2019-07-09T11:38:22.667Z,Feeney - Wilkinson,true
a146b4c9-a699-4cb7-bcd5-a2141cebb813,2018-02-22T15:25:33.893Z,Welchbury,South Dakota,United States of America,33.0614,-138.6246,valeo,vilicus,summopere,desparatus,abduco,aduro,vulgo,91,74.37308542197341,31,depromo,2,1,2,true,0.05548065437747901,2020-07-13T09:22:53.109Z,Bauch and Sons,false
80cf0bc5-14c3-4c0b-b3a0-b8470259befa,2021-12-27T11:43:43.606Z,Wilkinsonshire,Rhode Island,Pakistan,13.5943,-13.1428,at,baiulus,delibero,uberrime,adeo,patior,cubo,31,30.884241065432796,92,tibi,3,2,3,false,0.07309297640934706,2024-01-18T04:07:25.312Z,"Durgan, Pacocha and Mueller",false
44eef412-74c1-46ba-bc8c-68e1dabb783e,2025-07-06T00:19:23.152Z,West Jackiechester,Rhode Island,Monaco,-78.7587,42.8991,calco,voluptates,aegre,surgo,terra,curto,viriliter,25,153.12689722356478,30,verbum,6,2,2,true,0.06321192065041756,2025-05-05T12:12:37.931Z,"Streich, Cole and Marquardt",true
787b324e-a2b5-4f1d-a887-ba09e990bf9e,2020-11-22T08:02:20.912Z,New Nikolasberg,Iowa,Tanzania,-17.3634,-89.9148,porro,alii,calcar,curis,tracto,annus,assentator,110,33.18269141611485,53,amaritudo,2,2,1,false,0.14201339332181923,2021-12-03T02:56:15.249Z,Mayert - Hand,true
6a3d5910-114f-4d19-b912-45c064b82cdc,2024-05-09T20:12:51.501Z,Shanelleboro,Indiana,Mayotte,31.7843,102.4677,alo,urbanus,vulnus,nihil,aveho,tamen,arbustum,85,184.73255531785503,19,claro,4,2,5,false,0.1437319523488753,2019-09-01T00:11:39.164Z,Blanda and Sons,true
18c66ffc-4101-48cb-91ee-8415f800b8ba,2022-08-30T20:40:03.870Z,Halvorsonstad,Michigan,Gambia,66.837,-24.2042,utroque,casus,callide,acquiro,qui,chirographum,pax,109,110.31675276761155,46,theca,4,2,4,false,0.06933896508222562,2021-02-08T07:31:55.022Z,"Lockman, Abshire and Smith",false
9b5bce33-2111-4a60-8791-c5b08eb9ac4f,2021-09-23T17:54:40.346Z,South Alva,Hawaii,Uzbekistan,46.4958,104.3843,carpo,advoco,vespillo,turbo,vulnus,abeo,temporibus,81,76.57694621555605,86,defaeco,4,0,5,true,0.13502017085174067,2024-06-30T17:58:12.181Z,"Emard, Bechtelar and Spinka",false
f8444f4f-bc2e-40c6-9349-7a726f433cc0,2018-01-30T17:54:51.765Z,Fort Hillardbury,Washington,Isle of Man,11.3887,-55.897,auxilium,vestigium,eligendi,corpus,decerno,claustrum,thema,107,205.31606187218986,76,usque,1,0,5,true,0.019965384329799774,2020-08-22T14:08:47.816Z,Bartell Group,false
0c4f5a2e-aadf-4955-bdbf-4a7ba28c14ad,2024-07-22T04:59:51.420Z,New Jocelynworth,Texas,Sint Maarten,84.8831,28.5348,vilicus,deprimo,tracto,cohors,vivo,theologus,subseco,86,99.59627049974353,38,aestivus,3,1,5,false,0.17779327448643586,2023-07-08T10:33:44.962Z,Wiegand - Kiehn,true
93e00677-fc75-4db4-be2c-990fb9d127f4,2018-12-22T10:04:32.297Z,Lake Arnaldotown,Alabama,Montenegro,-51.3738,38.327,acervus,ullus,umerus,umbra,bonus,vulgus,curtus,91,44.485258672953464,53,paens,6,0,5,false,0.06083724506109864,2024-10-14T09:21:56.742Z,Krajcik Inc,true
5334f68e-b9ec-4189-a460-4f6b3aa443a4,2020-03-31T21:56:41.125Z,Giuseppeborough,West Virginia,Moldova,57.2865,-167.2209,somnus,tego,considero,reprehenderit,amor,adaugeo,crustulum,130,233.87714212179446,40,totam,2,1,5,true,0.10684500726904805,2025-12-10T10:06:28.488Z,Christiansen Inc,false
155a2b80-a1c1-41a6-bc07-acbcd76aaee9,2022-03-22T19:18:25.183Z,MacGyvershire,Oregon,Norway,31.5912,-102.5521,non,defungo,qui,vilicus,causa,velit,repudiandae,107,163.17958157113543,31,omnis,2,2,1,true,0.14409997955105044,2018-01-17T08:30:16.264Z,"Ankunding, Rath and Ryan",true
1da2c47f-5b6e-4875-a944-c63e0b6194d2,2023-12-19T13:50:01.365Z,West Pinkiebury,Hawaii,Greenland,-86.7868,-169.6938,suspendo,caritas,bibo,collum,tempora,teneo,suasoria,77,220.0955804817999,94,accommodo,6,0,3,false,0.12733576514781608,2020-06-26T16:28:46.422Z,Wolff Inc,true
a7a2a75a-51ed-464d-8ed0-67b5045009ed,2018-06-16T19:25:10.618Z,Scottsdale,Missouri,Montserrat,11.9855,-179.1891,adhaero,suffoco,umbra,ratione,caelum,thesaurus,despecto,77,188.26676321609492,92,repudiandae,0,0,4,true,0.06649767504423287,2018-12-28T14:40:34.881Z,Gerhold - Wisozk,true
24c4a927-006c-4b7a-a01b-e6854f651182,2018-03-26T08:13:31.876Z,Carson,New York,Zimbabwe,-86.1899,67.737,tenax,rerum,cur,cotidie,titulus,cibo,adipisci,93,194.138183439286,33,surculus,5,1,3,true,0.0541108571163085,2019-06-14T13:45:38.243Z,"O'Reilly, Willms and Hilpert",true
2b039893-3851-43aa-9e33-647909641df0,2018-07-10T13:24:05.747Z,Tomstad,Texas,Germany,-1.4987,-177.6885,venio,alias,aliquid,viridis,aegrus,agnitio,delicate,26,56.34771804293628,83,denique,0,2,4,true,0.13106293567552127,2024-05-25T15:19:41.661Z,Hudson Inc,true
a46cbcf3-5048-43b9-95aa-3811ea2214fc,2018-02-16T10:31:56.831Z,Altenwerthborough,Maryland,Pitcairn Islands,47.092,0.4949,sto,cetera,consuasor,aiunt,timidus,suspendo,cruentus,60,208.988041379979,36,curatio,0,2,1,false,0.24752833612453345,2018-12-04T10:51:39.935Z,Kautzer - Champlin,true
eacf5655-a27f-4c03-8c27-28aaa0b5e2cb,2025-01-05T12:30:33.496Z,Celiaboro,Arizona,Macao,-21.1215,105.8796,thema,triumphus,somniculosus,expedita,placeat,cuius,stabilis,102,11.633937404525954,30,aeger,1,2,2,true,0.00402747342598922,2018-09-24T14:02:20.206Z,Beahan - Deckow,true
44986a19-434d-4641-a679-f18e45544d2e,2025-11-15T13:59:54.317Z,North Deltaboro,Virginia,Switzerland,52.4681,-14.3725,adfectus,sui,video,ceno,cena,saepe,nostrum,30,59.9096557837244,34,caelum,0,2,5,false,0.005782720108072736,2021-02-24T16:27:46.835Z,Gibson and Sons,false
8d746825-3724-433a-8b83-71826738eb53,2022-06-13T07:49:18.589Z,Yonkers,Colorado,Albania,-63.7452,-83.5063,cetera,capitulus,temperantia,collum,clamo,viscus,somniculosus,80,58.57658414964449,33,velum,6,1,1,false,0.1525909920115645,2021-09-11T07:03:06.868Z,Bednar - Kuhic,false
1e2c8356-4186-40d1-8156-472ef8f488f2,2024-12-15T01:32:16.556Z,Christon,Utah,Kenya,-13.2862,-46.7018,tabesco,cuppedia,terminatio,coniecto,vigilo,audentia,tunc,77,179.36105374029017,90,constans,6,0,2,true,0.024360054520269347,2022-04-17T20:43:12.734Z,Spencer LLC,false
f51ddfc4-5682-44a9-856b-130fd63c8eca,2019-09-22T15:13:09.719Z,Fort Norvalmouth,Hawaii,Madagascar,-76.9863,-58.4102,compello,annus,vis,nesciunt,sono,vociferor,cunctatio,41,10.70305958954667,85,vitium,3,2,1,false,0.19634573788343382,2021-11-23T08:56:05.049Z,Kovacek Inc,true
dda69f30-d416-4293-ac0a-98d401e4405f,2022-07-17T02:02:04.355Z,Trystanfield,Tennessee,Tanzania,-51.9166,-151.9831,torqueo,tenax,acquiro,vociferor,cubo,thermae,aegrotatio,99,49.51086066747057,52,rerum,5,1,3,false,0.09790281723196462,2019-04-01T17:13:57.599Z,Treutel LLC,false
833986e8-0cc6-443f-b613-66a598ebc209,2025-07-05T14:08:03.298Z,Lake Arielleville,Kansas,Trinidad and Tobago,28.3264,-20.8247,omnis,crapula,certe,spes,cupiditas,vulticulus,conor,87,219.88158212803899,60,volubilis,2,1,5,true,0.0028307002600087006,2022-08-18T08:04:51.036Z,Franey - Oberbrunner,false
375c5ae0-49dc-4be2-b91d-0cb1eb3897e0,2018-04-01T05:53:23.164Z,West Abdulberg,Colorado,Mali,2.6611,-98.2612,cibus,apostolus,ait,sequi,defungo,caritas,dapifer,28,138.39148919812396,88,supellex,0,1,1,false,0.18804490497330312,2019-10-21T14:53:13.903Z,Towne - Satterfield,false
f354cf9d-f1c4-4783-883a-4013d46a429a,2023-08-30T12:01:02.996Z,Cambridge,Massachusetts,Australia,-58.9319,-42.6217,nemo,quo,tactus,somniculosus,avarus,quaerat,defungo,130,44.6361857986938,94,nulla,2,2,5,true,0.10993643132171907,2019-02-12T03:04:57.989Z,"Schumm, Konopelski and Brown",true
05d1f888-5341-4e62-9352-7493705c2b9c,2021-08-26T07:52:40.813Z,West Beulahworth,Massachusetts,Isle of Man,65.6279,104.2045,decipio,creo,quas,quibusdam,arma,adhuc,veniam,115,57.180438622678594,94,corroboro,2,0,2,false,0.02826159745330406,2018-11-06T11:34:54.996Z,"Cremin, Mitchell and Marquardt",false