accident_id,incident_datetime,city,state,country,latitude,longitude,road_name,road_type,intersection_type,accident_type,weather_condition,road_condition,light_condition,speed_limit,actual_speed_kph,driver_age,driver_gender,casualties,fatalities,vehicles_involved,alcohol_influence,blood_alcohol_level,weather_reported_at,reporting_department,pedestrian_involved
82fbe9c7-35be-4e03-9d04-3e9603246588,2018-05-28T00:03:43.651Z,Meriden,Arkansas,Aruba,41.3036,90.3997,trepide,contabesco,tempora,coniecto,tunc,unus,vilitas,75,67.34815383814235,60,debeo,0,1,4,true,0.17646948821499917,2020-01-29T03:48:33.487Z,Mraz LLC,false
d63f6073-efa6-4ab4-90e8-9c53d77bbdae,2024-01-03T04:01:07.815Z,Lake Raefield,Florida,Namibia,-35.221,106.35,cerno,numquam,cohaero,bardus,colo,accendo,nobis,116,113.21306464806398,48,charisma,6,1,5,false,0.2190728335960079,2019-11-10T01:30:52.386Z,Zboncak - Bednar,true
3d14c528-81e1-4dcc-bf82-8b7747406a8a,2021-04-02T07:08:22.934Z,Balistrerihaven,Massachusetts,Faroe Islands,-84.9467,-111.6776,spoliatio,dolor,basium,amitto,corrumpo,amissio,vir,111,83.44411194604086,45,cui,5,0,3,true,0.15390856557268665,2025-12-24T19:58:47.547Z,Dicki - Kessler,false
0411eee3-cb65-4eb8-8ff6-d2d3a64b1d86,2021-09-21T23:55:43.615Z,East Rosalyn,Massachusetts,United Kingdom,40.932,78.0917,cedo,accendo,aetas,condico,aeternus,alienus,coniuratio,24,170.98365815358082,68,charisma,6,0,5,true,0.0596455999747075,2023-09-18T09:14:54.903Z,"O'Keefe, Roberts and Spinka",true
946a7554-8e09-4001-875c-2c97a91cad2e,2025-12-11T20:01:40.465Z,Lake Franciscastead,Kentucky,Bosnia and Herzegovina,43.0011,111.9857,cunae,nostrum,defero,cui,incidunt,vesco,tabesco,99,92.32916925178348,77,beneficium,3,0,4,false,0.09702643548051462,2020-09-27T09:37:15.053Z,Effertz - Leuschke,false
93afad42-62f3-4fb9-b6aa-34212f510244,2021-05-09T04:21:47.768Z,Shoreline,Maryland,Senegal,-14.2995,-63.6241,clamo,tunc,officia,urbanus,tot,supplanto,decipio,71,177.0331778465844,46,comptus,6,1,3,true,0.055135437457824676,2024-07-08T18:55:58.020Z,Hartmann and Sons,true
b3dd7e3f-5b6d-45ff-863d-28b2ed97eefe,2020-09-30T22:40:55.484Z,Farrellfield,Montana,Palestine,-7.4484,-83.3179,totam,currus,consequuntur,compono,cognatus,administratio,tergum,55,206.7747351320906,70,infit,0,0,3,false,0.17330243269395185,2019-01-26T10:35:18.588Z,Bernier - Bradtke,true
b3e0a778-9081-48e1-94e5-fb51edb54101,2021-08-19T23:32:48.758Z,Kirlinborough,Illinois,Greece,-22.5889,66.016,reiciendis,blandior,pax,audax,viridis,provident,cur,85,227.14268215854378,92,quasi,3,2,1,true,0.10565810126748221,2024-02-18T13:27:41.889Z,Lakin - Sporer,false
b86b1051-ade3-4d95-b68e-3c9ecc767927,2023-12-21T07:30:20.449Z,Fort Jalon,Montana,Norway,84.6331,170.8331,vitiosus,venustas,sophismata,subnecto,celer,dens,venia,91,149.6766549916686,74,decimus,6,2,2,false,0.14986827397059865,2020-03-22T23:16:37.463Z,Schoen - Goodwin,true
f889de63-07f9-4b63-bbfe-8057c051b390,2018-11-08T12:30:13.416Z,East Selenaside,South Carolina,Algeria,16.8047,-119.1577,velit,ago,vilis,alii,vomito,acquiro,defessus,58,227.6301339406283,77,spectaculum,1,1,5,false,0.1810063436638451,2022-01-29T03:42:04.516Z,Hirthe - Huels,true
23fbb4bf-0b67-45ac-b62c-c29a17bb1a5c,2021-07-14T16:09:53.111Z,South Johanna,Virginia,Georgia,32.185,-10.561,degusto,illum,impedit,artificiose,commodi,cornu,abeo,125,100.1714874723759,89,ago,0,1,5,false,0.10181875709251761,2020-09-15T11:05:44.909Z,"Oberbrunner, Ritchie and Wiza",false
718b641c-45a6-444a-a221-09bf58e4c8fd,2021-08-30T09:18:30.203Z,New Frankshire,Alaska,British Indian Ocean Territory (Chagos Archipelago),-73.4043,65.8558,quis,adnuo,attollo,desparatus,benigne,clamo,asperiores,93,153.1171863565526,22,volutabrum,1,0,5,true,0.18033052605942604,2025-07-21T14:10:21.947Z,Herzog and Sons,false
70e674af-dcad-44c1-a318-05d90134367f,2018-03-11T20:07:55.336Z,Hartmannburgh,Massachusetts,Australia,19.1299,21.7973,eius,accusamus,cura,abundans,delectus,adversus,vilitas,56,123.16559774252471,42,tener,5,0,4,true,0.1518547621748148,2020-05-06T04:29:46.852Z,Okuneva Inc,false
2446897e-6b29-4420-b54d-ee52541e2423,2020-11-09T01:24:59.084Z,Fort Rodrick,Virginia,Guinea-Bissau,-66.0428,70.1562,delinquo,ullam,capio,videlicet,ara,sumptus,adnuo,30,17.831282365120515,66,timor,0,0,4,false,0.21165456194570398,2023-06-30T04:04:12.350Z,"Beer, Parisian and Doyle",true
09358f14-3e2a-40ea-aa30-a1b320f832fe,2018-07-26T22:29:22.123Z,Kelvinfort,North Dakota,Cape Verde,86.3617,66.9946,auxilium,candidus,vado,trucido,tego,adficio,callide,45,67.56967067321483,82,derideo,2,0,5,false,0.15888859328309948,2022-12-26T10:59:49.503Z,Hammes and Sons,true
1589142e-a8b9-4f91-9907-210ca30cd87e,2020-03-14T05:43:42.774Z,Cortezburgh,Wisconsin,China,-60.6138,23.3687,alias,cilicium,debeo,pecto,delectus,tracto,concedo,103,230.06645986407378,71,circumvenio,3,0,4,true,0.2163390750397158,2019-02-27T05:11:35.993Z,Kerluke and Sons,true
f9c9a62c-90d1-4047-a152-4d111c8cf82d,2018-05-03T18:21:42.291Z,Zulaufstead,Maryland,Wallis and Futuna,14.1117,125.1275,cerno,suus,caute,facere,denuncio,surculus,auctor,104,186.69946450976542,86,combibo,1,1,3,false,0.09800228469285913,2024-11-18T14:33:09.883Z,Koss - Schroeder,true
66079705-ae8a-425e-a256-03a64d71372e,2023-12-27T17:11:39.168Z,New Schuyler,Vermont,Sint Maarten,11.1171,-171.7788,adstringo,cupio,confugo,crux,depraedor,cubo,talus,87,102.2280945093717,63,arguo,2,0,2,true,0.0073494549197404,2021-09-30T15:38:31.771Z,"Trantow, Labadie and Kozey",false
456dd8f6-f162-4b98-beb2-4522593d4383,2020-10-18T18:33:29.122Z,West Jacinto,Kentucky,Bouvet Island,-46.5748,148.6977,cornu,cedo,adhuc,compello,traho,demo,aetas,70,198.9077928106976,87,trado,2,0,1,true,0.17243880788049343,2022-11-08T00:33:06.225Z,Daniel - Kessler,true
625de416-dfc8-47e9-912f-396a784f7466,2024-01-30T14:35:07.388Z,Oak Park,Kansas,Benin,1.3515,-15.8635,verecundia,vilitas,aedificium,theatrum,taedium,demitto,annus,47,111.52311723428758,44,ducimus,5,1,1,true,0.16097791781772275,2022-08-21T19:23:47.403Z,Harvey LLC,true
9c129841-46f9-41ea-9d46-97045fd72cdb,2021-09-19T21:50:00.925Z,East Cloydstead,Minnesota,Seychelles,70.8806,-67.5274,deinde,consequatur,tenetur,crepusculum,calco,amor,coruscus,84,15.020475934404711,83,abutor,1,2,5,true,0.06378621424651879,2025-11-12T21:02:45.289Z,"Lang, Kuphal and Frami",false
54a8fbb7-7211-4723-ab49-d23cf13aeeaf,2024-06-26T10:23:33.159Z,Muellershire,North Carolina,Mozambique,25.7525,30.5659,unde,calco,curriculum,curo,earum,voluptate,vero,29,173.6611174173369,60,accusamus,4,2,1,true,0.03321996808376934,2022-12-15T22:57:12.034Z,"Halvorson, Monahan and Runolfsson",false
d3798fa5-7cbe-4b70-a633-2cbebc214a7d,2023-11-04T06:03:20.130Z,Arielside,Georgia,French Southern Territories,43.7849,-16.5215,modi,cogo,in,similique,sortitus,vinco,damno,20,12.308246377554335,55,vulgus,0,1,4,true,0.2165850884788639,2023-12-06T19:01:25.213Z,Hagenes Group,true
73b06cb9-8e15-4f77-83a8-7991a137267f,2022-04-11T12:48:52.099Z,North Floridafield,Oregon,Bulgaria,-2.7508,42.6777,tabesco,sunt,molestias,umbra,distinctio,abeo,valde,67,61.13674178776415,67,sufficio,1,0,2,false,0.022471798429868878,2020-04-28T02:12:45.878Z,"Hagenes, Hermiston and Dare",false
880a90fc-eaf0-4291-959a-4edf30943662,2025-12-15T20:05:39.612Z,North Fae,Louisiana,Guinea-Bissau,38.393,118.7893,uberrime,arto,spargo,audeo,deporto,traho,aspicio,21,98.33902508071682,79,ipsam,2,0,5,true,0.24035247599822995,2022-03-08T13:32:48.570Z,Romaguera - Dicki,true
79b9ba8e-c13b-402d-8cea-7f2c1d1a69ab,2022-11-01T22:10:25.557Z,Daveboro,Rhode Island,Palestine,23.6746,95.3148,vester,totidem,exercitationem,deprimo,somniculosus,vestrum,aegrus,95,27.139980135481487,59,despecto,0,1,1,false,0.19537121089692205,2018-04-14T09:01:18.282Z,"Kreiger, Swift and Medhurst",true
67a42070-ad1a-4328-a584-4e8b72b512a8,2022-03-19T15:07:35.692Z,South Hill,Louisiana,Mayotte,-39.9036,-169.5203,utpote,totam,charisma,vorax,terror,amitto,conscendo,52,35.536008096262385,47,caelestis,3,1,3,true,0.2247982668923883,2019-09-17T11:09:34.401Z,"Predovic, Ferry and Jacobi",false
42d0c9bf-4422-4282-80a7-334e24684b61,2021-08-03T02:05:02.349Z,East Chadrick,Wisconsin,French Southern Territories,-42.3929,130.0381,sperno,aegrus,concedo,cauda,tactus,cogo,vallum,115,124.68924123831924,89,contigo,6,1,5,true,0.11280099285596681,2021-02-15T08:27:51.857Z,Rice - Corkery,false
6bb14f75-c177-4139-9003-2532710d3882,2024-06-20T00:40:38.530Z,Beatriceport,New York,Japan,-24.1837,132.407,thalassinus,cavus,universe,cotidie,decet,optio,curatio,88,86.17025536760339,54,uxor,1,2,3,false,0.21336132615946515,2018-08-20T00:39:05.151Z,Conn - Rohan,false
44b1a5df-5e01-4a6d-bf68-51a591f3d962,2022-01-06T10:17:33.637Z,East Abefurt,New Jersey,Timor-Leste,76.806,16.3874,viriliter,ater,vestigium,iste,animi,accusamus,incidunt,86,110.28690085329899,49,capto,2,1,4,false,0.13514776037795445,2020-01-26T02:21:36.766Z,"Johnston, Schiller and Grimes",false
217ea79c-4fc0-482e-b7ce-fa4a3d0035a9,2020-12-18T15:58:55.022Z,Wilhelmineton,Arizona,Saint Martin,19.778,-134.9404,virga,minima,canonicus,defungo,surgo,comis,cursim,93,34.24189949708811,85,deleo,2,2,1,false,0.24766841941023562,2019-10-29T06:49:04.632Z,Conn - Haag,false
cbcc6c13-e3a6-474b-aeaa-2b810874343d,2025-05-06T22:49:38.991Z,Donnellyton,Florida,Belarus,70.3126,-50.2153,unus,cui,vix,atque,vesica,tamen,adipisci,62,100.46031307063762,56,correptius,4,0,3,true,0.15081518326231425,2021-06-06T18:31:28.599Z,Jacobi - Paucek,true
966853e6-f37e-4d2b-9726-4fc29a3228de,2023-10-11T19:57:19.613Z,Reicherttown,Georgia,Japan,20.6882,172.7217,cubo,tener,defendo,vulariter,tendo,toties,titulus,65,164.6681785467364,27,coniecto,0,2,5,false,0.1298861360943533,2023-01-09T08:08:37.031Z,"Kovacek, Kuhic and Gutmann",false
c5d37800-a664-4e0f-a53c-9597dfa55b5d,2018-04-01T05:02:41.451Z,Kerlukefield,New Jersey,Liberia,54.398,13.7942,volup,consequatur,creta,calamitas,verecundia,spectaculum,tondeo,79,199.93716584157187,37,autus,5,2,2,false,0.11476765857476084,2023-08-23T09:40:49.758Z,"Sipes, Harris and Hickle",true
428fc7a2-3be6-43c5-892d-7ced506cb8c4,2020-06-11T03:52:59.607Z,East Glen,Illinois,Tonga,-81.7886,64.4576,voluntarius,decipio,certus,via,arma,ambitus,subvenio,24,50.26674911473235,64,conturbo,4,1,3,false,0.05030109154702431,2022-01-11T08:37:09.066Z,"Konopelski, Buckridge and Christiansen",false
66a21828-4443-4c7c-83af-8cacebd0c5c1,2018-01-03T20:49:59.300Z,Fort Ernesto,Mississippi,Burundi,-20.4184,164.9211,libero,bellicus,aureus,ventosus,debilito,supellex,acsi,38,104.31825517356629,59,corporis,4,0,2,false,0.11026421031703107,2022-06-08T23:36:09.286Z,"Cruickshank, Gusikowski and Stracke",true
880c8ff6-abe7-47cc-b03c-5037c40dc367,2022-06-17T10:05:31.130Z,San Bruno,Montana,Singapore,19.0106,166.283,tyrannus,spes,ambitus,candidus,magnam,vester,tondeo,48,204.4871147553528,37,torqueo,4,2,4,true,0.09975288890562936,2023-02-22T12:36:52.289Z,"Dare, Hahn and Ferry",false
abc23358-6c16-49aa-9aff-235d5e5f4239,2019-12-28T18:51:57.628Z,Susanacester,West Virginia,Singapore,-33.8807,115.0225,adulescens,cum,quibusdam,crur,carmen,deduco,demum,121,84.82383498983671,77,sub,6,1,1,false,0.14766456164348027,2022-12-11T21:21:49.137Z,Gulgowski - Fisher,false
98305772-b7f2-4fe9-89af-13bb40d82250,2022-10-02T00:21:44.560Z,Smithamland,New York,Martinique,-54.8849,61.6523,curriculum,vulnus,ducimus,verbum,spes,amaritudo,dolorum,41,137.20255426735673,26,utilis,4,0,2,true,0.22876619832444955,2025-08-26T10:22:46.970Z,"Jerde, Effertz and Zemlak",false
5c44cf7e-3c8b-4f26-9eff-7a1cea0a3969,2020-10-31T08:58:16.449Z,Schmelerchester,Hawaii,Iceland,69.418,111.4438,colligo,chirographum,auctor,usque,adaugeo,curriculum,delicate,61,150.88502504008702,42,animi,3,2,1,false,0.10004568332803537,2022-03-05T04:18:14.312Z,"Torp, Monahan and Mann",true
63ec58a3-1465-4524-950a-34ce8695a8d9,2025-09-11T05:58:12.780Z,Vivianneville,North Carolina,Saint Kitts and Nevis,-57.7353,-100.4288,theatrum,pecco,tenax,vulpes,laudantium,tres,molestiae,52,12.926101575002757,44,thema,4,0,3,true,0.06503595502497161,2024-01-06T06:36:22.966Z,Howe - Kihn,true
c46fed42-0cd9-4823-a6c8-f74ce0f58349,2020-10-12T14:25:00.675Z,Lake Ora,South Dakota,Serbia,-75.8523,60.5229,adipisci,vita,timor,illum,adstringo,crux,nemo,38,207.46840545121788,54,tantum,6,0,2,true,0.012028078911394652,2024-03-28T17:38:05.698Z,"Rempel, Mueller and Conn",true
991bffcf-28b7-4f5a-89a6-6370d978824c,2023-06-09T16:59:19.186Z,Severn,Kentucky,Ethiopia,11.3004,-90.3648,aureus,aureus,amaritudo,teneo,cogo,peior,aestivus,49,218.02603977303295,27,solvo,4,2,5,true,0.1774378711907534,2023-12-23T15:12:45.930Z,"Torphy, Schoen and Schiller",true
09fe2b38-04d4-42a8-a584-4b0babea7534,2019-08-29T02:47:02.493Z,East Howell,Oregon,Libyan Arab Jamahiriya,67.1454,31.3294,sollicito,studio,cursim,illum,casus,auxilium,cena,112,10.765600561447926,32,atqui,1,1,4,true,0.16610926961351508,2021-09-16T22:40:39.647Z,Rath - Schuppe,false
b41c3fce-393d-42a7-b744-5e1eff85467a,2022-01-13T06:43:22.757Z,North Neil,Maine,Israel,73.0495,-136.9969,paens,amiculum,viduo,tardus,baiulus,velum,voluntarius,116,204.97351208462234,57,tristis,4,1,3,false,0.09362996900952833,2025-06-19T11:52:35.799Z,Lindgren Inc,false
b2c60579-6672-40c5-b81d-f9075115c10a,2019-06-30T18:26:26.145Z,New Eunicebury,Connecticut,Heard Island and McDonald Islands,-71.3009,-164.8897,campana,odit,distinctio,campana,stips,capto,thymum,73,32.18084194268192,34,eligendi,1,0,4,true,0.13974103828471043,2024-10-19T16:13:42.978Z,O'Connell Inc,true
d30618e0-7a6c-47fd-bbdb-8197b5913ca1,2022-05-18T01:55:11.008Z,Lake Pinkfield,Nebraska,Isle of Man,10.1563,177.8431,tyrannus,curso,cognatus,nisi,arcesso,tabula,depopulo,64,101.45401604171522,74,territo,3,1,2,false,0.13310035874681664,2022-08-03T12:02:27.908Z,Thiel - Schumm,false
b0747cde-a33d-4e9d-862f-ffec749368ab,2025-11-04T11:53:53.832Z,Batzfort,Maryland,Monaco,55.5472,-17.4812,amissio,uxor,desino,aut,cubitum,pecco,cursus,114,181.26195347902356,50,illo,2,2,3,false,0.16738725845751762,2025-01-02T07:05:19.925Z,Moore - Kuhic,false
b19bd9a1-9095-41df-b0cb-dfdf60759430,2024-12-24T05:34:07.536Z,Georgetown,New Hampshire,Andorra,-88.1922,-173.0273,sollicito,vester,celebrer,tracto,spero,curiositas,asperiores,35,157.98758282418697,93,tabernus,3,2,4,false,0.09330328449459174,2025-07-25T01:19:07.268Z,"Robel, Jacobs and O'Hara",false
ce38de8f-4ca6-405e-8614-5a5888f9821a,2025-03-29T03:53:46.264Z,Port Harvey,North Dakota,Mexico,-42.7401,-143.6877,suasoria,harum,maiores,vitae,demulceo,armarium,asporto,103,16.35749682191099,81,statua,2,0,3,false,0.13433777626642007,2018-08-21T07:42:26.574Z,"Batz, Haley and Trantow",true
f3151b5d-967d-4ddb-9713-30daf47fc02d,2020-04-09T06:10:58.350Z,West Bethanyboro,Hawaii,Bermuda,-28.2585,108.8795,vulgo,infit,ducimus,tot,ullus,ager,caelum,36,121.95926958723572,44,aptus,2,0,3,true,0.09791741238644228,2019-03-03T06:25:30.375Z,Lubowitz LLC,false
b1816d0c-dc38-43d7-91e1-12003ff21b91,2024-01-23T22:49:40.151Z,Bartolettistad,Washington,Democratic Republic of the Congo,49.4392,-96.4636,acceptus,tibi,trucido,baiulus,urbanus,valde,valde,47,196.94373061392528,26,tenus,0,1,4,false,0.08059807785927478,2018-03-10T09:56:23.602Z,Moore and Sons,false
371d143c-e1a4-4673-99f4-1ea1abc8ec4c,2021-11-24T07:14:04.746Z,Gussiefield,North Carolina,"Virgin Islands, U.S.",-17.7621,31.4806,adimpleo,accusantium,crastinus,placeat,turbo,dedecor,fuga,120,113.08920296788841,47,auditor,4,2,5,false,0.10998625840159235,2019-12-08T17:02:12.199Z,King and Sons,false
fedefdb8-1dd5-42c8-9659-d9b6c92c00ef,2025-06-27T13:19:28.023Z,Fort Angelica,Delaware,Saint Lucia,30.8032,109.0999,deinde,tonsor,arguo,admoneo,textus,capio,tam,112,171.4001161009746,42,dolorem,5,1,3,true,0.07937811497614203,2019-09-10T15:55:57.353Z,Ledner - Zboncak,true
1845cc35-7aec-471a-abed-12b38b350e4d,2020-06-15T09:42:29.015Z,Vincenzaside,Louisiana,Senegal,2.8297,-160.0201,cenaculum,vespillo,conqueror,voluptas,corporis,enim,verbera,127,228.0501274651324,97,nesciunt,1,2,2,false,0.07231041884115053,2024-02-24T07:00:16.126Z,Considine and Sons,true
9eb7c88e-009a-4e6f-9886-7d1be03dca71,2018-10-08T15:19:52.123Z,Port Kian,Pennsylvania,Burkina Faso,48.5414,-179.0043,civitas,sumptus,correptius,adduco,claudeo,caste,abutor,78,58.312968833956795,87,crur,6,0,1,false,0.05416469951417849,2022-11-23T19:57:55.483Z,Schinner - Rempel,false
087d7f34-6ca1-4b81-9eed-4ba440ef5612,2024-06-11T21:35:24.333Z,Auerton,Maine,Costa Rica,-79.8518,89.8164,advenio,usus,dolorem,distinctio,veniam,ventito,tepidus,34,33.954354623196544,37,contra,6,0,4,true,0.23663910207351999,2025-03-31T06:39:08.534Z,Grady - Hyatt,true
97553f8e-a47b-467c-9e12-30c7569b79ae,2021-07-04T05:19:34.747Z,Stillwater,Idaho,Netherlands,-38.0961,-8.5039,credo,neque,ascisco,virgo,spectaculum,animi,abundans,64,145.4225998220714,94,adaugeo,5,2,4,true,0.11142885438587688,2018-07-12T22:45:18.785Z,"Simonis, Hoppe and Runolfsdottir",true
98242e04-61cb-4550-8821-9b626bd8156a,2021-10-02T13:21:31.810Z,West Sandramouth,North Carolina,Brunei Darussalam,-0.3559,-179.7871,super,tactus,incidunt,ultra,dicta,adversus,adamo,33,139.8849026205568,89,vivo,3,2,1,false,0.06170989317051517,2025-12-22T10:10:59.450Z,Hodkiewicz LLC,false
5574866a-da81-470f-8ed4-ea6bcf77902a,2023-12-11T21:03:34.198Z,Lake Austin,New York,"Bonaire, Sint Eustatius and Saba",-78.4794,77.8582,tenuis,aperio,voluptate,auditor,vitae,angustus,arbitro,81,122.90533068982471,43,ara,6,1,5,false,0.19986898117551263,2023-09-24T19:45:29.735Z,"Considine, Stanton and Roob",false
19ed5613-2df6-4189-a352-ff1772a611a8,2020-01-21T04:52:20.750Z,Bettyborough,Oregon,Belgium,-34.6325,46.9099,tactus,subseco,delicate,vapulus,tum,statua,voluntarius,58,128.73278462400037,39,omnis,4,2,2,false,0.06072105618551324,2019-06-18T18:44:08.316Z,Bartell - Gorczany,false
7a182102-9e74-4b0c-b786-121cae537c39,2019-10-25T06:25:35.316Z,New Evalynstead,Colorado,Bermuda,31.0665,-138.7297,campana,dolores,cotidie,tergeo,carbo,aestas,tollo,37,87.59920782923142,28,abduco,0,1,2,true,0.006424187109042884,2019-07-13T03:30:14.771Z,"Funk, Muller and Armstrong",false
6a3dd33e-d6a4-4056-a5bf-4bc4882002ce,2020-05-14T03:50:15.642Z,Lake Janeland,South Carolina,Armenia,-34.6212,105.6132,abscido,dolore,uter,stipes,calco,vester,coruscus,30,166.3760103379075,51,cui,2,2,5,true,0.15521129663343944,2019-12-10T12:50:17.803Z,Spinka - Schowalter,false
07725285-9087-4a71-a05d-f922dc752556,2025-12-11T13:04:30.458Z,La Crosse,Maine,Latvia,-60.6608,-2.732,arca,decretum,succurro,curso,vulnus,eveniet,commemoro,40,92.14863491401411,34,certe,0,0,1,false,0.0344910271256261,2018-07-27T21:00:51.539Z,Halvorson - Streich,false
fcfce68e-bbfc-4266-a6f2-9d52e8296860,2025-07-03T16:29:09.628Z,North Joeystad,Wisconsin,Ethiopia,33.9095,-67.4205,triduana,defungo,currus,cum,provident,corona,appositus,126,132.69500762209293,23,corroboro,5,1,1,false,0.07838397726973079,2022-09-04T07:00:13.608Z,"Nienow, Sanford and Steuber",true
e70be114-547c-4c27-892e-3ae36d882793,2019-10-28T06:29:44.915Z,Hesperia,Arizona,Andorra,-23.7815,51.4271,truculenter,ultra,ullam,depromo,vinum,alii,corporis,51,108.98812648742066,68,voveo,5,1,1,false,0.011360682329078081,2020-01-04T16:38:17.762Z,Bogisich - Carter,false
4574c8bd-90fe-44c6-a314-87abedd940c7,2022-12-07T04:18:43.933Z,South Torranceport,Texas,Taiwan,47.1642,101.2141,cena,trepide,comes,angustus,victoria,crapula,admoneo,68,160.39486067796796,49,cruciamentum,4,2,3,false,0.022958568497737336,2025-10-17T02:33:26.528Z,Gutmann LLC,true
9f37c95e-c848-487f-bb82-4e916874ec95,2022-02-01T20:44:51.464Z,Kautzerburgh,Nevada,Austria,-82.6506,-174.8252,contra,arto,deorsum,similique,ultio,censura,in,97,51.988483307529336,47,sonitus,1,1,1,true,0.12003253562217539,2018-06-18T07:42:18.071Z,Dooley - Marquardt,false
33617155-0598-4f5d-b03a-8f718650a043,2025-02-06T07:29:19.767Z,Smithamton,Indiana,Aruba,-13.2324,-117.2743,eaque,sollers,verecundia,tabesco,peccatus,triduana,valetudo,100,129.16489918780002,61,caste,6,2,4,true,0.12366805052950117,2023-01-18T22:55:07.355Z,"Ward, Gutmann and O'Connell",false
5f14ebf5-f528-4abc-a488-6da899f17c99,2020-10-02T05:05:15.692Z,Omerbury,Nevada,Palestine,-54.4795,-115.1665,somnus,spiculum,amo,rerum,cruentus,magnam,tabesco,72,203.79883844077432,88,aer,6,1,1,false,0.19221268630692492,2021-07-31T06:16:24.102Z,"Labadie, Hickle and Koch",false
0c0b0e5a-2aa2-420e-8f27-946172f660ff,2025-08-24T15:06:27.607Z,New Francisca,West Virginia,Antarctica,74.1795,-152.9199,sordeo,quibusdam,vulariter,vulnus,ater,vinculum,cras,81,117.2499907271489,79,ara,4,0,2,false,0.11371696215342345,2024-03-18T18:11:25.782Z,"Welch, Reynolds and Ruecker",true
7f989088-3bcb-4edb-bf03-783e8021968b,2025-07-02T04:23:08.859Z,Maverickport,Washington,Jersey,-29.3404,-79.5749,bestia,aurum,compello,tantillus,vociferor,alveus,arbustum,86,49.6213523874473,78,angelus,5,1,1,false,0.10729864299562655,2018-11-28T15:09:48.855Z,Dicki Group,false
98f466a8-97b9-4b86-b95f-aea3e4e830cd,2018-03-05T13:18:47.139Z,Fort Adonisberg,North Dakota,Angola,59.2964,-43.0414,appello,cubo,demens,clibanus,viriliter,deprecator,debeo,66,119.0175758894641,38,sublime,6,0,1,false,0.23371027140399345,2025-08-20T08:57:05.175Z,Olson - Green,false
ed607f21-0271-464d-bd6e-a35a1fb2f736,2020-06-20T01:20:25.373Z,Palo Alto,Arkansas,Malaysia,84.3962,120.3255,taedium,autem,adipiscor,dapifer,inventore,vinitor,demulceo,107,182.3909682870069,60,ater,6,1,2,true,0.03190390421485209,2020-05-28T20:40:32.378Z,"Little, Yost and Koss",true
73e2b4e9-7459-4c26-a817-abce0be01f11,2022-12-19T05:05:59.113Z,West Fernandomouth,Michigan,Lithuania,-23.2903,-34.02,trucido,administratio,textus,aliquid,sed,atavus,desidero,51,11.216013368035549,90,cruentus,4,1,1,true,0.06622847086106781,2021-06-29T07:03:36.915Z,Windler - Boyle,true
59695ccb-39ff-4ca8-998a-d5ec537406f9,2022-06-30T22:01:23.534Z,Monroe,Washington,Ireland,68.0322,13.8624,theologus,tristis,facere,sollers,temporibus,derideo,amo,59,42.86942497486826,86,aetas,0,1,5,true,0.017668836962216494,2018-01-11T00:24:52.805Z,Lind LLC,true
0e8bb278-09b4-41f6-a855-1d4003522502,2021-10-06T12:40:07.519Z,Goyettestead,Alabama,Wallis and Futuna,-20.9112,-17.1515,illum,corrumpo,constans,pariatur,conitor,arbor,depromo,130,123.22227815884258,41,depromo,3,1,1,true,0.1831189614123229,2018-04-23T08:17:08.670Z,Reichert - Stanton,true
1c384459-3ae3-43bb-a3ff-0a94e8c528d4,2021-04-11T00:47:40.698Z,Mantecester,Connecticut,Guyana,79.259,44.9287,voluntarius,adamo,delibero,casso,amitto,vere,deficio,23,120.63308899833275,46,decerno,6,1,1,true,0.1103836399494193,2023-12-27T17:45:59.606Z,Willms Group,true
cdb5f208-addc-460d-ab63-82ddb988645a,2022-11-08T00:51:32.781Z,Marietta,Delaware,Niger,-87.9203,-92.8913,comminor,numquam,adversus,cunae,trucido,eaque,vorago,24,104.26103236451745,71,asperiores,2,2,1,false,0.1308770151598778,2020-06-08T18:28:05.949Z,Volkman - Mitchell,false
f6b81ccf-56e0-4e41-967f-3c5817eae9ea,2025-03-21T07:56:23.196Z,Kearaport,Virginia,Heard Island and McDonald Islands,13.4828,-133.8149,suasoria,pauci,venustas,vergo,cattus,architecto,adimpleo,129,144.88404627259578,35,placeat,3,0,3,false,0.23324343686340276,2020-09-30T09:45:27.395Z,"Spinka, Zemlak and Hane",false
019a8bed-81e9-4fd6-839e-b80951ed94d4,2025-01-04T21:55:37.402Z,Sethboro,Arkansas,China,49.0245,-137.5435,ambitus,ustilo,caries,anser,tabula,admiratio,asper,117,137.13961293517704,17,quasi,6,2,1,true,0.20092816734836785,2022-02-12T09:08:41.284Z,Kshlerin - Leannon,true
1cb89406-e4c8-44b0-9fbb-7898764d99d0,2024-04-01T18:11:18.691Z,Lake Camilla,Mississippi,Ireland,-80.5464,85.0784,demonstro,sperno,censura,vorax,assumenda,defleo,derelinquo,100,199.7537466869714,61,veniam,6,1,3,false,0.06801738028502347,2018-11-28T18:35:47.619Z,Doyle LLC,false