accident_id,incident_datetime,city,state,country,latitude,longitude,road_name,road_type,intersection_type,accident_type,weather_condition,road_condition,light_condition,speed_limit,actual_speed_kph,driver_age,driver_gender,casualties,fatalities,vehicles_involved,alcohol_influence,blood_alcohol_level,weather_reported_at,reporting_department,pedestrian_involved
db4e171e-e61a-4fd8-8977-b8a903b9bc8b,2023-07-23T07:57:54.419Z,West Estell,Connecticut,Luxembourg,2.2585,173.5829,altus,impedit,ex,subvenio,tametsi,ducimus,cornu,32,58.49503653315285,97,sonitus,0,1,2,false,0.045382989135714674,2021-01-06T05:19:09.874Z,"Reilly, Heaney and Mosciski",false
da762a1e-17ef-4db2-b07f-5aa998c6f578,2022-02-13T07:40:11.255Z,Waelchistad,Alaska,Chile,70.2783,118.2908,aedificium,pecto,admiratio,creta,deprimo,autem,thesis,44,70.13344615197313,46,sponte,5,0,5,false,0.1158173473579967,2022-03-13T08:20:05.121Z,Barton and Sons,true
3c61ac1a-acff-45b7-9fd6-bbb2baaeb4c3,2025-11-17T14:30:19.766Z,Schaeferton,Oklahoma,Vanuatu,-85.8678,51.9051,vociferor,stips,vere,acerbitas,virgo,paens,thalassinus,105,85.53079545666435,86,ubi,6,0,4,true,0.09085597173752646,2022-09-27T20:08:33.974Z,"Tromp, Rippin and Stracke",true
87eb8fba-3731-451e-b083-c344f6c202a6,2020-12-27T15:08:44.297Z,Crystelbury,Montana,Guinea-Bissau,45.5336,60.5228,creptio,sophismata,sollers,reprehenderit,caelum,unus,ante,58,83.18842210158809,36,acerbitas,1,2,5,true,0.24937435598979213,2021-01-15T22:32:20.757Z,Lindgren LLC,true
a4e96b21-b679-4a10-a179-b129544688ac,2019-03-07T04:46:47.162Z,Paramount,Arkansas,Curacao,48.3853,102.1152,amet,spectaculum,curiositas,basium,suscipio,voluptatum,eligendi,24,140.15580835500438,57,pariatur,0,1,2,false,0.04469194810323221,2019-12-04T17:38:14.192Z,McDermott - Champlin,false
512879ef-3ca4-49e2-89b5-c4f35389e764,2021-05-02T01:48:49.383Z,Port Noemi,Montana,Iceland,21.2135,144.9176,appello,utroque,soleo,aetas,dolorum,desolo,deleniti,123,173.8517999877062,68,approbo,6,0,1,false,0.23897665838001678,2020-07-01T05:27:30.661Z,Doyle - Moen,false
09c75d01-19c5-4fad-a8be-72b7edab1a2e,2024-11-12T09:48:31.922Z,Keller,Alabama,Burundi,-16.0818,91.6375,aequus,aptus,defessus,cupiditas,molestiae,eveniet,clamo,79,124.49949281429201,32,curso,4,0,3,true,0.18236606658073695,2025-02-04T00:02:28.256Z,Auer - Runolfsson,false
50a73779-5ef9-4c71-bc11-1f2a0cdca852,2022-08-28T00:33:52.732Z,Beaverton,Maine,Denmark,-63.3426,1.8139,beneficium,pecto,tego,arma,ulterius,cunctatio,somnus,101,223.0496709431698,54,vociferor,5,0,2,true,0.11664098924805685,2021-05-28T18:14:40.260Z,"Kerluke, Boyle and Keebler",false
81ddba5a-c9b0-4696-b4b4-553241d8725c,2018-07-28T09:00:17.602Z,Collierburgh,New York,Iran,12.8896,-152.9168,vilitas,volo,talio,armarium,cupio,sulum,aequus,122,12.784763175757394,95,cresco,2,1,3,false,0.23943799498055865,2023-04-09T16:44:33.380Z,"Cormier, Franecki and Turcotte",false
3e81b3eb-3c5d-4bad-95b6-6893ff988baa,2022-10-22T02:48:13.579Z,Fort Garlandfort,New Jersey,Cayman Islands,-79.7821,-116.8513,crur,defaeco,civitas,animi,adicio,somnus,tres,42,158.9129918185376,86,canis,4,0,5,true,0.11256709867460124,2022-02-15T14:12:55.148Z,"Gulgowski, O'Hara and Monahan",true
d358c540-f36a-4761-a98c-004319942766,2019-05-21T09:50:44.565Z,East Bertstad,Missouri,Liechtenstein,44.3197,-13.4557,vulgus,averto,careo,dicta,animadverto,degusto,vobis,76,117.48905147427882,59,calcar,1,2,1,false,0.2276168147522861,2022-10-01T13:36:15.351Z,"Jast, Parker and Hudson",false
fb6f6353-a3b4-4dbf-9733-83c45f04b870,2022-06-25T11:47:08.026Z,Rohanside,Indiana,Gambia,11.1957,140.3948,supplanto,umquam,pauci,absconditus,vita,admoneo,vereor,42,232.97965016504014,76,alter,4,0,5,false,0.20704091894659316,2023-11-02T03:46:58.522Z,Hickle - Hahn,true
f3107899-5f6e-45c4-8a93-c51416e05593,2019-10-31T22:45:13.565Z,Fort Brionnaworth,South Carolina,Peru,62.4875,-118.8534,texo,suffoco,laudantium,cubitum,tamquam,arbustum,uxor,93,167.0967781683821,98,stabilis,6,1,2,true,0.13009741655885887,2020-05-30T22:02:05.644Z,"Thompson, Toy and Padberg",false
af9774a2-c5e3-44e7-adf2-a6ca7c36f603,2025-09-14T17:30:59.794Z,Zulaufberg,Wisconsin,Mayotte,-6.8544,-108.7843,ante,cursus,circumvenio,arceo,artificiose,soluta,ante,22,61.250911320739704,71,spiritus,4,1,3,false,0.22035160573397697,2021-03-09T20:46:08.818Z,Bahringer and Sons,true
7e705de6-a086-4c38-83ea-c9889d97e74f,2022-11-30T17:36:21.036Z,West Susanna,Pennsylvania,Cocos (Keeling) Islands,-55.5649,59.249,velit,aperio,comburo,ait,inflammatio,commemoro,argentum,57,191.38918175408904,92,vomica,6,0,1,true,0.09299601496837617,2021-01-02T05:41:13.633Z,Corwin Inc,false
9730e3be-f811-458b-a2c6-82b4dbc17eaf,2020-05-10T01:14:31.847Z,Port Riverchester,Minnesota,Sierra Leone,-6.7775,68.7772,angulus,umerus,subiungo,urbs,vesco,universe,tot,114,107.06753245370759,67,iste,6,0,1,true,0.1377630348798927,2021-02-10T22:21:28.755Z,Schumm LLC,false
8e507ba3-92c5-465e-92b7-1c4154a3f17a,2019-09-23T13:47:46.488Z,East Lillian,Michigan,United Arab Emirates,-41.0341,-131.1125,demonstro,color,aliquid,ademptio,venia,defungo,verbera,39,43.5638180420101,77,doloremque,0,0,5,false,0.07776323335359486,2021-11-13T12:06:11.159Z,Thompson and Sons,false
b72426dc-f978-427f-baad-a7bc8435e3f2,2024-10-19T10:27:23.788Z,Homenickfort,Florida,Australia,13.9176,62.2996,thesis,coniecto,copia,debeo,crur,voluptatem,curatio,80,141.02213208851313,64,velit,0,2,5,true,0.18807248849714112,2019-02-09T17:46:38.730Z,Dach Inc,true
c87df630-3d2b-42e0-b9a1-b9406cc8d1b4,2019-05-01T05:27:03.130Z,Jessicaboro,Georgia,Wallis and Futuna,-67.2652,71.7172,solio,curiositas,accusamus,adopto,tui,dolorum,ventito,60,52.43609197458534,65,ustulo,5,1,3,true,0.1994391587305932,2025-01-06T01:26:03.328Z,Leuschke - Schamberger,true
9e5107cd-3259-4c46-b3b1-9c20bb7878dd,2022-04-12T21:20:35.599Z,Port Kathryne,Virginia,Papua New Guinea,42.2748,169.0587,sapiente,decet,volup,sordeo,solium,unus,certe,84,153.95143318540414,23,supplanto,5,0,3,true,0.117445966514626,2023-12-04T12:00:02.646Z,"Langosh, Feil and Wisoky",true
e4916958-a941-4d0b-9525-994e839d68d0,2021-12-30T09:15:36.217Z,Rogahnboro,Virginia,Guinea,32.7189,-27.3184,quos,animus,tollo,thymbra,at,auxilium,crudelis,53,85.33302449503891,90,compono,5,1,4,false,0.1998105216901478,2021-06-05T04:01:35.708Z,Haley Group,true
74ef9a56-91ee-4c88-99e6-92a246bfecd0,2019-03-24T16:16:53.085Z,Fort Brendanbury,Michigan,Uzbekistan,75.5988,89.9445,conscendo,vos,possimus,constans,amplus,eum,vesper,92,4.376383133336494,34,cur,4,1,5,false,0.1147550974748828,2020-07-11T17:13:29.598Z,Reichel and Sons,true
6f4b45fe-7342-46ee-ae82-0b7ce4cc0f0b,2021-02-06T03:38:55.414Z,Fort Worth,Nebraska,Mauritania,-52.3287,120.5789,cometes,eius,damnatio,ultio,coniuratio,cultura,bestia,113,217.1276406960813,90,cohibeo,4,0,1,false,0.06891477015130401,2025-12-25T05:46:53.268Z,Runolfsson and Sons,false
2ffd19ea-6c7c-494c-b5f2-f53b9b68340a,2022-07-28T15:35:24.506Z,Port Alexannestead,South Dakota,Solomon Islands,52.5901,83.5908,curtus,tripudio,conduco,absque,stabilis,vivo,vomica,83,147.3042276119396,78,dolor,1,0,1,false,0.020992578645535553,2024-08-18T11:27:11.807Z,White - Runolfsson,false
48118205-17bf-44a7-8be4-1bd301b600e0,2020-09-01T00:01:41.179Z,West Dell,Missouri,Greenland,-26.8031,15.8478,celo,theca,solutio,suffragium,curo,vorax,artificiose,114,154.83934947365157,16,aduro,3,0,3,true,0.014501838963697583,2020-10-21T00:23:09.374Z,"Kirlin, Schiller and Boehm",true
10be07f0-ccaa-4ed5-b049-a8cdaec82846,2025-09-19T16:30:17.783Z,Bentonville,Georgia,Mali,-62.0204,-96.2906,officia,capio,bonus,solio,umbra,natus,comptus,78,151.0027524773674,99,surculus,2,1,2,true,0.16114700873830565,2022-04-10T01:48:01.160Z,"Berge, Satterfield and Hamill",true
26018e0b-c9c0-4cf5-88d2-c88bbdaf10ac,2019-01-16T00:40:54.698Z,Riceville,Delaware,Botswana,74.5678,82.0532,adipiscor,suspendo,tergeo,totidem,officia,administratio,tener,82,226.94625580905162,71,ait,5,0,3,true,0.02831731645221608,2022-10-23T02:04:12.543Z,"Parker, Graham and Haag",false
33b1f64e-c459-41a9-abd4-454d1174dcf1,2024-12-02T15:13:17.079Z,Davie,Arizona,Nigeria,-76.6242,-127.6111,tego,defero,patruus,solvo,cogito,arguo,ultio,52,204.37016155931215,67,amplus,6,1,3,false,0.24615878642188235,2025-04-21T13:19:34.565Z,Friesen - Haley,true
b2619e7b-1ca3-4038-9f04-018e52539314,2025-08-14T09:12:45.997Z,New Laurianefurt,West Virginia,Saint Vincent and the Grenadines,-50.7905,66.1426,claro,vitium,bis,demitto,tergiversatio,maiores,consequatur,50,91.84135265954276,31,delectatio,6,2,3,true,0.12520085615227575,2025-02-28T15:50:25.201Z,"Terry, Schroeder and Fisher",true
906dac12-1762-4bbf-adb0-81f5025701f1,2022-01-07T13:15:21.449Z,Fort Kelsiton,West Virginia,Papua New Guinea,85.9965,-14.1351,consuasor,derideo,validus,attonbitus,thema,desolo,cubicularis,41,239.07926027034637,31,et,4,2,1,false,0.11710685523849945,2019-05-09T16:47:03.767Z,Howell - O'Conner,false
656d5be9-a8a0-4ea0-b284-fb5d151ea2d6,2024-11-14T23:45:41.331Z,South Robertoton,Arkansas,Slovenia,8.4845,24.2303,rerum,ascit,thymbra,crux,amita,vulticulus,allatus,74,201.39755644362367,39,audeo,4,2,3,false,0.17890300471810594,2024-11-28T11:32:55.971Z,"Sporer, Zemlak and Torphy",true
6c0bee90-4fa6-4c48-bb9e-7d36cc6a9911,2020-05-16T16:01:21.137Z,Lethastead,South Carolina,Nicaragua,73.2272,-27.1476,depopulo,demulceo,victoria,cubicularis,acerbitas,aqua,defetiscor,40,93.9297423107802,99,trepide,2,2,4,true,0.08273642522421482,2022-10-20T02:59:22.595Z,Turner LLC,false
874c32e4-f876-49dc-9bc9-97bc92c5bfff,2023-01-04T09:14:55.291Z,Wauwatosa,Alaska,Curacao,43.6804,162.451,talis,est,sono,sequi,terga,doloremque,alii,102,204.92090063646802,36,vilitas,2,2,1,true,0.05953757896343401,2020-01-08T02:44:14.544Z,Muller LLC,false
2b73cd29-02db-41e6-814c-241d17bffc73,2025-02-27T05:01:52.652Z,New Buster,New York,Vanuatu,64.0163,161.215,deleniti,defetiscor,tutamen,vir,curis,usque,virgo,24,238.22009496332572,76,coadunatio,3,1,3,false,0.0491718700557256,2019-06-18T21:02:51.436Z,Pfeffer Inc,false
90c20388-63d4-465f-9c24-412a096c1528,2023-05-10T21:20:27.094Z,South Rupertmouth,Louisiana,Sweden,32.9871,-146.9854,confugo,super,aeneus,conitor,utrimque,coerceo,vulariter,22,86.44114610291425,66,deficio,6,0,2,true,0.10853022239299787,2022-10-08T05:49:21.657Z,Champlin - Wehner,false
d7f6c2da-c21a-4c6d-9556-fd05f05381df,2019-05-13T10:56:09.400Z,Florin,Florida,Canada,-21.1949,-73.063,nam,ante,placeat,curriculum,nesciunt,corpus,textor,55,108.19282981572,37,cubitum,4,0,3,true,0.006045228352612925,2024-08-04T11:36:36.216Z,Osinski - Bode,true
93ee5dc9-7010-41b7-87c8-48253fc44d69,2022-11-14T00:18:14.468Z,Nayeliview,Arkansas,Nigeria,-49.1712,-113.8556,vesco,vinitor,cura,ratione,assentator,amo,vero,109,62.82479639952055,74,abstergo,0,2,2,true,0.2438432588633502,2019-08-31T08:04:26.358Z,Bogan - Russel,true
27e0b479-7484-4ef1-9e0a-b2e2b9fda210,2018-11-18T05:29:54.246Z,Lake Tatum,Tennessee,Argentina,28.1311,-21.4266,vulgaris,campana,conservo,deserunt,amor,subiungo,atqui,53,175.68541398977973,92,coma,0,2,4,true,0.06343142967054127,2018-12-10T23:34:47.969Z,Oberbrunner Inc,false
bf280ed4-5d50-4a7e-a78f-dbb332391380,2023-09-14T09:14:43.921Z,Balistrerifield,Arkansas,India,66.7355,-145.0732,tersus,optio,culpa,ceno,defessus,quibusdam,dapifer,129,52.909306734788835,61,atavus,3,0,2,false,0.22969704387015918,2022-04-05T19:42:04.058Z,Blanda - Effertz,false
3f039af2-3a0c-43be-a7d2-16d2b271ee5b,2025-06-01T23:37:01.743Z,Kittyport,Kentucky,Turks and Caicos Islands,-46.1095,102.2352,supplanto,cum,defero,amiculum,copia,dolor,sursum,24,32.68179753972472,19,triumphus,0,2,2,false,0.19031072175817618,2019-01-02T16:37:15.322Z,"Bogisich, Altenwerth and Little",false
5aa4b1b0-5387-49a5-a315-ceb9f20cf619,2021-09-18T03:41:28.333Z,Rueckerville,New Mexico,Wallis and Futuna,-56.4601,-26.7538,addo,curriculum,cornu,verecundia,sit,statua,baiulus,121,119.96041647761696,64,demoror,5,2,4,false,0.24431703307182348,2024-04-25T13:40:21.712Z,Johnson Group,true
9b4e042a-578c-494c-856b-15caa28ed79b,2022-07-03T03:49:31.246Z,North Ludwig,Nebraska,Myanmar,-75.1258,-104.3228,curatio,confero,ante,vitiosus,impedit,vivo,tamen,43,221.68588180679956,38,varietas,6,2,4,false,0.17129614750413527,2018-08-08T03:51:10.365Z,Hilll - Leffler,false
663b97a2-cd8a-419c-94a8-0df0f1f4aac9,2021-11-25T05:17:49.551Z,Henryfurt,Pennsylvania,Greece,74.7785,50.1516,credo,strues,aequus,volva,textilis,vociferor,tego,54,177.06545641450478,41,accusator,1,2,4,true,0.06015711222891476,2025-12-23T00:06:17.482Z,"Gislason, Emmerich and Ebert",false
2032c858-ac5c-4c19-a1fa-29aa45f54159,2018-08-18T00:56:56.069Z,Escondido,Kentucky,Luxembourg,-33.8498,51.8376,curatio,centum,neque,aufero,cultellus,comedo,spes,58,27.001452737578802,73,cubo,6,1,1,false,0.20968273140011498,2018-03-19T22:03:00.820Z,"Schaden, Ledner and Kohler",false
186d1b36-0025-48e1-9428-f0ba36b9715a,2021-07-22T13:43:32.170Z,Victorville,Alabama,Guernsey,-4.4764,139.6095,molestias,cubo,adulatio,consequatur,careo,caelum,usus,69,165.8434217466539,55,soleo,4,0,1,false,0.09551952054593607,2020-10-08T21:39:07.337Z,Renner - Rau,true
228d93c1-e1b7-4ade-8cf6-c97f9f039262,2023-03-09T08:58:15.310Z,Fontana,Virginia,South Georgia and the South Sandwich Islands,64.4229,-0.8349,curtus,conventus,agnitio,comedo,curia,sint,doloribus,94,172.31575958358698,51,denique,0,1,4,true,0.07328502486132188,2022-08-09T17:11:28.480Z,"Harber, Lakin and Schinner",false
506ff0e0-2a43-45b6-848c-dc9e50dbe016,2019-08-24T15:59:35.929Z,Port Tressatown,Wisconsin,Haiti,21.3896,-131.0571,ara,complectus,ultio,arto,cado,desipio,clementia,67,82.22795082576881,32,crudelis,0,2,4,true,0.1687521255494128,2025-09-27T14:32:53.116Z,Paucek - Block,true
e040df43-590a-449b-a880-914355dd739a,2021-07-31T22:54:39.546Z,West Nameton,Massachusetts,Kyrgyz Republic,27.561,164.0574,absque,urbanus,admoneo,vesper,caput,umquam,supplanto,81,149.82269227045705,55,tui,5,1,4,false,0.14670859692839774,2022-10-17T03:01:15.948Z,Ryan and Sons,true
b83bb3f7-0f21-440e-afce-50f604a07f59,2024-03-10T19:27:48.810Z,Willmsstad,New Hampshire,Somalia,76.4973,-21.1014,admoveo,sub,territo,vallum,distinctio,depulso,una,46,170.07216172469674,50,cometes,4,1,5,true,0.16644185722871632,2024-03-10T13:06:58.698Z,Stoltenberg Inc,true
775c9140-97be-46fb-9de5-0a16af4f3025,2023-08-16T11:14:47.323Z,Port Weldonside,Rhode Island,Honduras,72.3878,24.3214,saepe,delego,solus,omnis,tribuo,bos,sustineo,47,185.82331244696763,100,vapulus,5,2,1,true,0.08766355938718878,2023-08-11T02:53:18.771Z,Klocko - Kuvalis,false
cc6ebf5b-12de-45b5-b911-f73f7e3600fd,2022-01-14T23:51:17.670Z,Ivyfurt,Minnesota,Chad,-70.0779,152.079,suspendo,solum,solum,arto,socius,comburo,atque,45,44.12526676623707,57,denuncio,1,2,2,true,0.2079425253157791,2023-11-18T16:41:30.989Z,Corwin Group,true
c4f714af-ebbc-44bd-9864-7a3f0aac963e,2023-11-22T03:36:33.523Z,Port Samanthahaven,South Dakota,Rwanda,-48.3507,-9.5538,amplus,vulariter,sophismata,pecus,clibanus,nulla,amiculum,94,116.35859417846207,31,virga,5,2,3,true,0.10873953368391145,2018-05-13T23:14:28.608Z,Christiansen - Bayer,false
ee34e611-7b1d-4c87-8ad3-9a37a3f53504,2023-01-04T01:46:19.266Z,Fort Emmanuelport,Rhode Island,Tokelau,30.0716,129.4696,thymum,aegre,conservo,vesica,ubi,spectaculum,consuasor,31,141.04417049130615,28,tenuis,0,2,5,false,0.15990039036974726,2019-02-25T03:08:53.698Z,Yundt - Herman,false
645a5f27-29a4-4da0-8be1-b0cc49f99f5b,2018-07-03T03:08:59.442Z,Kingville,Georgia,Timor-Leste,3.0289,-20.602,aspernatur,atque,alias,eum,delicate,adnuo,culpo,68,26.254540055475005,93,cohors,0,1,1,true,0.2300616976306126,2021-03-04T04:53:58.716Z,"Donnelly, Cartwright and Casper",true
b7c29411-3e71-4729-9d8b-aa29d0c225da,2025-07-10T22:15:34.607Z,Lake Russell,Missouri,French Southern Territories,-83.8706,-169.0026,cariosus,stips,neque,thesis,collum,cursus,aeger,21,101.65022444819078,71,peior,5,1,4,false,0.11194654530608736,2018-05-11T15:58:08.813Z,"Windler, Leuschke and Lindgren",false
85ec8b2c-0524-4891-933f-5e56fb668944,2023-09-24T05:08:06.542Z,New Beatrice,Louisiana,Germany,-58.7992,-61.1419,numquam,appono,suus,congregatio,debitis,terebro,arca,69,7.933584459760947,28,vix,5,1,1,true,0.12640974186702694,2020-09-27T00:51:34.138Z,Adams - Bins,true
0e584a8c-6fb7-4273-a9b0-5aa2aa073329,2022-03-28T19:48:47.345Z,South Litzy,Ohio,Iraq,11.7838,-122.379,chirographum,talio,velut,curriculum,solutio,reprehenderit,credo,87,152.9265094793207,94,deleniti,2,1,5,false,0.045767482674171384,2020-08-30T15:13:21.591Z,Franey Group,true
40956354-9b50-4528-b9a8-03f37388e7ed,2021-06-08T07:47:03.020Z,East Amberworth,Virginia,Eritrea,7.6106,-27.5037,corrumpo,valde,sperno,laboriosam,corroboro,depono,custodia,96,3.9107428006064726,65,credo,2,2,1,false,0.028272421135530718,2021-12-04T13:11:01.586Z,Schmidt - Towne,true
9c6a1f8a-8444-4399-a260-141ee7e0590a,2022-12-08T19:18:21.692Z,Tempe,Wyoming,Dominica,-44.9857,169.546,cetera,speciosus,alveus,absens,venia,avarus,communis,120,36.49886102232644,19,theatrum,0,0,1,false,0.04260780571552725,2023-07-05T12:52:46.043Z,"Kirlin, Konopelski and Hirthe",true
73fb112e-0d45-4f21-ba82-937d973f666b,2025-08-27T12:08:40.370Z,Avatown,Georgia,Georgia,-51.7477,114.8107,vacuus,alii,synagoga,solitudo,decet,votum,delibero,47,3.817437886486257,46,tabgo,1,2,3,true,0.24586987546279282,2022-02-15T16:24:05.916Z,"Hoppe, McGlynn and Crona",true
75c92953-9033-4179-bf30-fec03625e518,2020-07-27T12:08:45.553Z,Chazfurt,Kansas,Cambodia,36.2033,-86.5069,quaerat,apto,campana,carmen,at,accusamus,tui,50,131.2688685129779,97,abscido,1,2,1,true,0.045006580790677986,2020-11-05T16:02:50.630Z,Gislason - Haag,true
8d3874d9-e9b1-42c8-af63-ba69b05a4bfe,2023-12-30T18:01:24.552Z,Fort Sigurdfield,Montana,Moldova,40.527,-146.7158,ascisco,demum,averto,aggero,centum,volva,decens,114,187.015938827172,28,taedium,3,0,3,true,0.06814252851950606,2024-08-09T01:55:21.811Z,Ullrich Inc,false
a164e372-33aa-4015-acf3-04900d300701,2022-01-15T04:08:21.692Z,Jackhaven,Virginia,Monaco,48.1962,21.5383,terreo,custodia,vae,deorsum,utroque,summopere,admoveo,125,159.516493748457,16,tubineus,2,1,3,true,0.14418561424432297,2024-05-04T02:20:10.736Z,"Nitzsche, Predovic and Bahringer",false
7c10ded3-47ee-4b54-96a8-4981d3710a36,2018-08-05T18:50:42.240Z,Faheycester,Georgia,Mali,47.6155,127.7969,cura,claudeo,sub,antepono,spiculum,defaeco,asperiores,49,207.20920793173516,40,aro,3,2,2,true,0.09802275560446463,2019-06-17T18:46:04.803Z,Boehm - Williamson,true
62ddc4e9-c35a-499f-ad68-078174670a66,2020-04-22T02:31:02.066Z,Lawton,South Dakota,Reunion,-39.7335,-57.5841,accommodo,consequuntur,crur,et,architecto,vesco,vigilo,115,184.15260233626464,33,campana,5,2,3,true,0.002680410914726261,2025-07-25T01:59:40.320Z,Emard - Upton,true
f152fb0b-dad7-4c15-856c-5eeebb111c7f,2020-11-20T16:51:35.910Z,Revere,South Dakota,Belarus,-39.5354,-14.4867,cimentarius,caterva,vulticulus,rerum,quas,deporto,aspicio,52,50.678630393017336,90,tantum,4,0,2,false,0.15265733310182003,2022-02-23T22:46:38.227Z,"Brakus, Lueilwitz and Rosenbaum",true
1adaddf6-4afd-4de8-805e-f6d6f09d7ce8,2019-02-02T15:03:41.219Z,North Chaimfurt,North Dakota,Saint Barthelemy,5.6948,29.672,sum,armarium,uberrime,careo,turpis,coaegresco,culpo,117,156.28034611717163,77,id,6,2,1,false,0.13749739632598054,2018-01-13T05:49:22.740Z,"Kassulke, Nader and Dooley",false
ab8bb19e-e428-43fd-abe9-5f3ad7378c61,2020-10-30T02:36:50.907Z,Kristinworth,Connecticut,Monaco,33.4399,34.7567,agnitio,vorax,tutamen,velum,aro,theca,atavus,127,95.2012370994448,93,veritas,4,1,5,true,0.06727366394365941,2024-04-20T05:16:19.351Z,Koss - Blick,true
fa9f6390-ea48-4fff-9061-7cfca95126a4,2024-09-22T11:20:12.354Z,Carson,Minnesota,Belarus,-30.1165,-141.4546,corpus,cuius,copia,advoco,ante,tergo,synagoga,46,162.2110244940102,43,repellendus,1,2,1,false,0.06975092173792088,2022-09-07T13:51:42.722Z,Homenick and Sons,true
65b6764b-14c9-47e1-a3ea-3092ffd3d7b3,2020-04-02T20:44:49.868Z,Bayerworth,Arkansas,Morocco,88.8356,40.6001,usus,depono,quos,cunae,illum,sopor,dolor,79,16.784648094167576,81,nam,0,1,3,true,0.13189494639320784,2020-02-09T22:28:04.687Z,"Bernhard, Wisoky and Fritsch",true
e2ecc7cb-9a24-426d-81de-50a6d9752ace,2022-11-16T05:25:18.869Z,Nelsonstead,Washington,Austria,-43.6468,18.5686,socius,sunt,vitiosus,caelestis,reiciendis,stella,deinde,110,3.197598526455492,70,infit,2,2,5,true,0.08406666014160938,2020-09-02T07:44:27.198Z,"Rodriguez, Deckow and Miller",true
ea3a001a-520e-4602-a653-6a6f76a5f7a8,2021-07-09T00:23:28.579Z,Lilymouth,Alaska,Costa Rica,60.4575,-2.7675,vociferor,quisquam,tubineus,coniuratio,denique,patrocinor,compello,96,86.15604918150196,86,degenero,0,1,3,false,0.19564564097760542,2019-05-28T04:03:37.198Z,Kihn Group,true
661203e4-b58a-485b-b714-b1e09438d4b6,2020-07-01T16:11:40.383Z,East Nikki,Michigan,Denmark,-57.5824,-85.666,spoliatio,baiulus,viridis,dolore,asper,trans,tredecim,94,228.2163937699898,22,vilis,2,0,3,false,0.09676774869292801,2025-02-04T03:16:26.548Z,Durgan - Hoeger,false
1805f054-2be9-4d95-8204-e72a6f7a3cdf,2025-12-06T02:09:00.876Z,Shannyborough,Oregon,Mali,57.9103,162.5421,decretum,sufficio,cinis,repellat,curatio,aetas,degenero,92,22.975290250428113,87,deleo,6,1,1,false,0.18707838304929914,2025-01-09T21:24:56.107Z,"Schaden, Jaskolski and Borer",true
0fe68729-c2c7-4c64-bf46-e0610bfcd8f8,2020-06-02T12:11:01.045Z,Pearl City,New Jersey,Bhutan,-66.3562,-125.3702,maxime,vindico,atqui,depopulo,adaugeo,veritas,adopto,124,234.73089033074743,67,clibanus,0,0,2,true,0.1966493840606887,2020-04-16T14:54:07.386Z,Fisher - Nicolas,false
9c029b29-0fc6-41ae-a1ae-f508c8796457,2025-04-16T01:16:27.077Z,Carterhaven,Illinois,Tunisia,-18.2579,20.776,abscido,taceo,infit,ventito,patrocinor,amitto,torrens,81,125.41033464707941,37,uxor,0,0,4,true,0.044523440618821686,2024-06-03T23:37:11.343Z,Greenfelder - Hills,false
39fb0a0b-d04d-4362-8015-f8d44628a055,2019-08-17T10:35:53.000Z,South Mikayla,Utah,Mayotte,88.9108,-125.8988,tenuis,congregatio,capto,sui,curis,vacuus,nisi,72,14.295201971994853,78,veritas,0,0,3,false,0.19476799450236723,2023-03-14T18:44:23.910Z,Ortiz - D'Amore,true
0d46095c-bef1-46e2-a3a2-d13741095c87,2018-09-22T17:51:31.085Z,North Burley,Arizona,Paraguay,47.4484,177.091,sollicito,vulgo,adeo,sed,excepturi,ascit,viridis,55,210.21037866269535,81,curatio,6,1,5,false,0.15854374290645987,2018-03-19T06:14:12.117Z,Fadel - Balistreri,true
5012a64c-d60d-46dd-b115-36027c0c3ef2,2020-11-02T07:09:03.363Z,Port Gideon,Iowa,Dominican Republic,-19.4997,-1.4562,clibanus,totam,acer,traho,deludo,civis,causa,74,185.03725236148938,30,virtus,0,2,2,false,0.07255561509521677,2020-02-25T10:33:05.470Z,Rowe - Heaney,true
e65b6f18-4c42-4dc6-a998-b1168fcf5519,2018-08-16T05:40:10.390Z,Murraymouth,South Carolina,Qatar,-89.9062,-98.4865,eos,dens,dolor,adsidue,deinde,desidero,voco,125,234.50853876505693,52,apostolus,1,0,4,true,0.07833147299341003,2025-03-08T10:24:42.922Z,Stamm - Kassulke,true
e5075428-0ceb-48be-8308-900502801eb0,2024-08-24T15:18:07.632Z,Blaine,Kentucky,Togo,-1.3876,-57.103,vivo,degusto,suffragium,adflicto,sortitus,caries,alienus,39,39.64614708198133,66,tam,3,2,2,true,0.23894007902500658,2020-07-17T18:00:01.068Z,"Oberbrunner, Adams and Ward",false
a62e2468-979b-421e-a7ef-08b73c5f9d96,2025-02-07T00:38:40.312Z,Larsonton,Arizona,China,42.5608,111.8436,cervus,consuasor,deleniti,traho,terga,trado,sponte,40,151.30072192141068,75,cicuta,2,1,1,true,0.13559964047432305,2025-06-08T18:56:24.201Z,"Kris, Walker and Klein",false
6e91723c-c297-4e43-9819-9876c4911ae4,2022-03-18T11:05:03.196Z,Goldnerburgh,Colorado,Qatar,64.1045,70.771,depereo,sonitus,vigor,similique,atrocitas,taedium,aqua,101,64.81060444118219,31,cum,6,1,5,true,0.12703279535727524,2018-04-26T08:40:07.821Z,"Fisher, Weber and Gerlach",true