accident_id,incident_datetime,city,state,country,latitude,longitude,road_name,road_type,intersection_type,accident_type,weather_condition,road_condition,light_condition,speed_limit,actual_speed_kph,driver_age,driver_gender,casualties,fatalities,vehicles_involved,alcohol_influence,blood_alcohol_level,weather_reported_at,reporting_department,pedestrian_involved
d2655980-5b76-4fa7-ac5b-b821c30a2ad1,2020-03-20T02:17:48.797Z,Lake Darrelberg,Hawaii,United States Minor Outlying Islands,-76.1113,-87.1399,deripio,vester,accedo,creo,vorago,vallum,synagoga,77,111.61954050556288,26,minima,0,0,4,false,0.113952327567792,2022-10-09T11:19:47.087Z,Hauck Inc,true
acb460ca-84a5-4531-9713-caf07ecd8c76,2022-10-01T09:20:26.441Z,Schummfurt,Connecticut,Cameroon,-2.6041,-43.8103,circumvenio,adduco,depulso,cultellus,approbo,admoveo,solvo,70,83.34177012154136,77,conservo,5,2,5,true,0.2161238984390961,2021-11-07T19:02:13.065Z,"Ward, Hamill and Lubowitz",false
48d3feb3-cd16-4ed9-be73-a189ed412ef6,2022-09-09T02:08:07.501Z,Lewisville,Mississippi,South Sudan,68.1501,-75.2101,volup,adeo,trado,solio,defleo,verto,textus,44,180.0788942538307,93,crastinus,2,1,4,true,0.021823502415178136,2024-04-14T22:39:54.991Z,Harvey Group,true
fcc8b725-7419-464b-9b85-f5705a85327d,2023-02-15T23:41:02.086Z,Pearland,Vermont,Morocco,-10.4884,40.6332,tenax,nemo,spoliatio,molestiae,coruscus,deprecator,earum,129,236.3530306345179,65,coniecto,6,1,2,true,0.1022103942655016,2024-05-29T14:52:26.739Z,"Jacobi, Crist and Lesch",false
9f69f941-552d-4f5d-b2db-ee8b43b02a60,2018-08-11T06:08:24.749Z,New Alannaborough,Hawaii,Sierra Leone,-44.9437,-168.2159,testimonium,optio,vereor,dens,vulariter,aperio,succedo,61,84.94382001930984,47,talis,2,2,1,false,0.20152981616058252,2023-07-24T14:36:06.988Z,Erdman - Dare,true
a1cec864-6947-4447-99b7-752625228913,2020-09-19T06:22:14.151Z,Fort Hiram,Colorado,Iceland,55.7749,102.1659,animus,denique,virgo,combibo,acer,acidus,deorsum,63,131.06437353724644,96,adipisci,1,1,1,true,0.0402959147854475,2020-07-06T10:39:20.677Z,Glover Inc,true
e1113609-814f-487c-9803-c5de17ad31ba,2024-12-16T21:01:23.848Z,Lake Earlene,Oregon,Liechtenstein,-41.1831,-142.4018,averto,atque,utrimque,vilicus,cohibeo,balbus,articulus,70,69.68263721741549,62,volo,2,0,3,true,0.21087566775406022,2020-07-03T13:54:46.554Z,"Langosh, Dietrich and Hansen",true
804b4278-8580-4bcb-8336-2ff633b64e9b,2021-07-13T19:00:01.303Z,Celinefort,Oregon,Malawi,0.5756,-82.7695,vinum,statim,defessus,contego,decimus,attollo,stipes,48,155.98397186246302,31,alo,1,1,3,false,0.2363802402974841,2023-04-27T20:46:19.789Z,Block - Legros,false
ce76e127-e022-4723-b6dd-f76776d3a422,2025-05-28T03:13:18.660Z,Burbank,Florida,Netherlands,-18.6865,-5.5394,aptus,tutamen,surgo,paulatim,carcer,ad,vita,34,65.3572182681725,37,textor,4,0,2,false,0.1111630775410549,2022-07-30T03:36:58.976Z,Ritchie Group,true
ae72bc6c-33f2-4032-855c-aa6e4210851d,2025-11-22T22:09:36.436Z,New Adela,Tennessee,United States Minor Outlying Islands,59.3173,38.8522,virga,voluptatem,tergiversatio,deprimo,ulciscor,atqui,venio,78,33.87719165538642,24,aperte,2,1,1,false,0.051607893984160574,2018-04-19T04:14:23.956Z,"MacGyver, Considine and Douglas",false
bcc0efb5-8bd9-4829-9ad6-87e65b4d4e8b,2024-08-13T22:35:52.124Z,Nashville-Davidson,Arkansas,Bosnia and Herzegovina,-50.3641,-94.2476,creator,utique,aer,impedit,talis,vulgaris,tyrannus,124,188.2755861174227,74,dolorum,5,1,3,false,0.15926564266909068,2023-01-21T08:08:25.863Z,"Satterfield, Schaefer and Moore",true
134fd116-6390-4a31-be03-cdfd552a64dd,2018-09-10T00:42:37.065Z,Fort Dorthastead,Washington,Pitcairn Islands,17.895,39.5001,comitatus,dolore,conculco,arguo,auctus,verus,defleo,58,148.5719442975838,66,celo,1,0,3,true,0.12222235333189196,2018-01-05T15:51:16.271Z,Franecki - Bartell,true
6b84d9bf-99f1-4f8a-95f4-623e62ac4945,2019-12-06T15:03:23.108Z,West Cali,Michigan,Democratic People's Republic of Korea,-52.9033,-73.314,verbera,apud,aiunt,annus,velut,quidem,suffragium,92,14.53824557338681,59,delibero,2,2,4,true,0.09471939781838257,2018-12-29T10:51:24.240Z,Morissette - Daugherty,true
dbc30593-9041-4365-a4a6-e3cb5cfeaeeb,2019-07-14T10:28:34.409Z,Borerburgh,South Carolina,North Macedonia,-53.4099,-70.7656,aegrus,caecus,eius,adhuc,vado,conqueror,tergo,117,65.61210849906612,78,inflammatio,4,0,1,true,0.19006716079075422,2021-10-04T02:22:08.912Z,Prohaska - Schowalter,false
488b7547-9566-45a3-9edb-0d267d754b06,2021-03-01T02:59:36.732Z,Redding,Idaho,Ukraine,31.939,104.7123,cuius,cursus,architecto,desipio,tabernus,sustineo,somnus,113,128.01059244443437,85,thymum,3,2,5,true,0.22693927884800205,2020-08-02T16:34:35.846Z,Zemlak - Bauch,true
b470feaa-53ff-4317-8b70-2fef71749751,2018-11-14T03:18:52.890Z,South Elinorstad,Indiana,South Africa,-86.3946,-114.7361,teneo,delectatio,vigor,reprehenderit,viridis,patior,animadverto,46,32.43174877030516,33,torqueo,4,0,5,true,0.1498990664927076,2023-04-08T07:13:41.614Z,Oberbrunner - Leffler,true
f1c3d63b-8a2e-4b41-80da-55e6ba5eaa27,2025-06-15T22:14:36.839Z,Baldwin Park,Arizona,Slovakia,36.6374,105.6174,convoco,tam,denuo,temporibus,stipes,defaeco,bene,107,130.2028748515141,69,capillus,4,0,2,false,0.08463007318583562,2018-12-24T05:59:38.097Z,"Lemke, Terry and Hackett",false
6d376bc1-0ea9-4cd1-b642-1cfd375004ea,2022-06-24T08:36:37.671Z,Lakinworth,Delaware,Fiji,80.2085,2.9888,creta,exercitationem,viriliter,alii,terreo,aperte,aestus,110,234.72701870095437,34,comes,2,0,1,false,0.1866788276502703,2024-08-16T03:38:06.769Z,Trantow - Witting,false
809e7540-a684-44ff-a39c-eaa0330f5939,2022-04-22T11:13:14.621Z,Jairomouth,Nevada,Chad,-22.4125,-84.0015,ratione,explicabo,caste,abbas,surculus,venustas,temperantia,101,140.3524872136553,87,arcus,2,2,5,false,0.09831214590445009,2023-11-16T13:42:31.301Z,Wiza and Sons,false
1df449cf-a23e-4dfc-ab8a-cf62e5204a15,2021-01-14T23:32:57.079Z,Keeblercester,Nebraska,Guatemala,53.781,94.6834,comburo,vilis,corroboro,carcer,explicabo,numquam,umbra,45,10.799598828023651,31,thorax,1,0,2,true,0.21798483836730448,2020-06-11T13:35:17.610Z,Heidenreich - Swaniawski,false
36376651-4791-4306-a01d-00d6978231c8,2021-01-04T05:57:50.071Z,Lake Jacintofurt,Georgia,Guyana,47.0265,11.1897,aggredior,succedo,spes,voro,suus,utrum,ara,38,204.90559776647154,72,tremo,2,0,3,false,0.07346264717531328,2022-02-12T12:51:16.049Z,Leffler LLC,false
e196842b-0b0f-45f1-a985-be67d4e57d5f,2022-08-24T00:56:06.342Z,Travonland,Idaho,Togo,22.8271,78.9134,adipiscor,cumque,attonbitus,vitiosus,volutabrum,decens,vulariter,45,170.4750217589393,89,crux,4,2,5,false,0.0612385636190598,2025-06-15T00:47:07.094Z,Torp - Gottlieb,true
f35175d4-6484-4c1a-af45-12aeca0c7f85,2024-09-21T12:17:40.286Z,Crooksmouth,Maryland,Saint Pierre and Miquelon,-35.5784,174.0709,assentator,deripio,delinquo,vigilo,universe,sed,abbas,87,217.69092496634363,93,sit,4,1,5,false,0.12665723028719547,2023-01-30T07:12:06.591Z,"Quitzon, Stroman and King",true
c8631a96-9ab7-4e5a-ad72-d6c20a314583,2022-03-09T10:33:00.997Z,Fort Billie,South Dakota,Dominica,-44.4721,0.7081,stipes,censura,vallum,ipsam,sublime,adsum,aequitas,130,230.80438338105233,49,cruentus,4,1,1,false,0.14940382367775365,2021-11-29T17:20:28.782Z,"Ortiz, Dicki and Wunsch",false
dce8ff54-5fa4-4dca-bb41-4e5380378ec4,2022-09-03T23:43:13.247Z,Fort Lorineville,New York,"Virgin Islands, British",50.6589,1.4728,crux,administratio,aliqua,volup,tamdiu,vinculum,sint,51,102.81122877016477,47,absque,4,1,3,false,0.11238277801411639,2020-04-23T14:20:40.115Z,Spencer and Sons,true
5ca765c1-8cc3-4d7c-96d5-ab74e2d45f72,2022-06-02T19:52:51.267Z,Mayercester,North Carolina,Aruba,85.3132,36.9835,copiose,una,stella,audeo,tunc,constans,cervus,68,6.103627745163358,87,advenio,0,0,1,false,0.0943239901686454,2024-03-03T07:00:17.770Z,Kohler Inc,true
4360e75d-3046-414b-af57-723245478d49,2019-03-16T04:05:39.714Z,Port Mortimer,Arkansas,Eswatini,-21.8342,145.9905,damno,succedo,spiculum,terreo,deleo,summisse,voluptate,111,28.008504528729922,40,degero,4,0,4,false,0.16121073781128178,2023-09-23T20:12:40.210Z,Fahey Group,true
084638c5-5f91-445e-a63b-eaecf386d3c2,2025-09-04T18:07:41.853Z,Hackettstead,Hawaii,Brazil,18.6073,98.7363,assumenda,cresco,adiuvo,cinis,sordeo,volup,vester,33,55.905849407269166,99,decimus,2,1,5,true,0.041577350771342086,2025-02-23T09:37:49.462Z,O'Reilly - Reilly,false
930a03c6-ee87-42e5-b4b2-05c8710e848f,2024-05-12T21:43:04.011Z,Lake Anibal,West Virginia,Central African Republic,28.8889,131.3906,facilis,aurum,capitulus,approbo,super,amicitia,vicinus,125,33.2729487573662,33,cura,1,1,1,false,0.05285223030777214,2021-06-12T22:37:30.670Z,Sawayn - Koss,true
e29e1c47-1e87-4e1b-a4e9-bc101dce5b24,2020-10-16T16:35:06.798Z,Oletabury,Texas,Tunisia,-52.8322,-109.4873,fuga,appono,venio,atqui,inventore,defaeco,est,50,195.22772269403382,31,comburo,4,1,2,true,0.16557524014908312,2018-02-17T17:28:37.724Z,"Volkman, Rippin and Leannon",false
696cf434-7760-4dcb-aea4-2e82f0c4a3a1,2024-10-16T04:08:20.810Z,Littelbury,South Dakota,Guyana,-51.8865,134.8437,speciosus,deprecator,calculus,occaecati,temptatio,comedo,aureus,85,152.22737822530576,52,articulus,1,0,4,false,0.17546578921150516,2021-01-09T07:16:29.072Z,"Jerde, Zboncak and Boehm",false
d388c46c-87ca-44ad-89e2-fae8cc3d5270,2023-01-12T18:19:41.529Z,Raynortown,New Hampshire,Iraq,22.7214,42.1379,audax,triumphus,armarium,titulus,synagoga,ascit,spoliatio,36,90.92051311227036,76,consuasor,0,2,3,true,0.041223182588108614,2023-01-23T11:25:09.410Z,Padberg - Monahan,false
a1c84332-760d-40c6-b24c-453a5b20418f,2025-04-18T00:11:18.048Z,North Korey,Florida,Tokelau,19.1353,5.9205,depulso,cognatus,ter,tui,super,comburo,claustrum,93,19.78404547317166,45,agnosco,1,1,4,false,0.18353364503240482,2025-03-06T14:26:46.076Z,"Schamberger, Monahan and Boyer",false
b083befb-4e00-48ef-9dfe-3227fdbc3d2c,2025-11-24T04:57:29.154Z,Miguelberg,Virginia,Martinique,28.6936,-179.6452,advoco,unde,viduo,audentia,statim,varietas,confido,85,114.01670544016515,90,capillus,1,0,2,false,0.20470385773500765,2023-12-10T23:21:55.068Z,Schroeder and Sons,false
91a47e22-3225-4ff6-91d5-d150d42f3b70,2018-05-12T16:50:35.856Z,East Citlalli,Oregon,Chile,52.3688,-162.4824,trepide,tollo,thesis,ambitus,enim,verecundia,benevolentia,91,188.24009111970716,72,aranea,2,0,3,true,0.06398250708655681,2024-05-12T04:17:54.817Z,Rosenbaum Inc,false
3bffba13-79b2-4722-aa2a-a66abd2b76f0,2023-07-06T08:02:58.310Z,Leonecester,South Carolina,Ghana,-54.8376,92.1351,suppellex,concido,vinculum,rem,verumtamen,arcus,fuga,86,105.18198456486223,100,suppellex,5,1,2,false,0.1728336629650835,2023-10-11T18:15:41.420Z,"Veum, Fisher and Monahan",true
aa597d94-6e7c-4e1c-b8fc-e7c26fcbb1b0,2018-06-28T01:08:42.527Z,North Alexie,Tennessee,Croatia,-16.9293,-110.365,creta,combibo,vitae,conturbo,vigor,admitto,decretum,57,150.85338983130399,76,vero,1,1,3,true,0.09920257833369456,2019-08-18T00:28:04.623Z,Doyle LLC,false
5b83a9b5-6618-4381-b8d6-6f38d57f56e2,2018-12-21T10:15:26.513Z,Norrisland,Maine,Monaco,-70.9805,23.6312,quidem,bos,necessitatibus,artificiose,cum,blanditiis,tepidus,74,233.4455542207977,72,tibi,3,2,5,true,0.13458934561275615,2024-04-07T13:44:43.491Z,"Mills, Welch and Crooks",true
9d69ccf3-e5f5-497c-9b9f-c0691a3e7a48,2019-09-22T17:55:22.965Z,Rettachester,Kentucky,Oman,17.9106,-145.374,cumque,conicio,recusandae,temperantia,atrox,deorsum,adflicto,59,201.16511775970088,18,ex,2,2,5,true,0.17613916313319966,2018-09-02T17:54:44.822Z,Ledner LLC,true
f8870463-055e-45a3-b9eb-3c7bded47d33,2021-01-29T15:17:18.091Z,Lake Yolanda,New Hampshire,Greenland,-14.3564,105.1501,amet,conventus,adversus,temperantia,tolero,conturbo,timidus,94,157.95432600484634,91,usque,3,0,2,false,0.08232000567673134,2023-01-25T11:01:24.821Z,Kris - Oberbrunner,false
47c55819-0d5a-47cf-bc7e-ce551f406cab,2022-06-26T21:32:44.053Z,Jacobsburgh,Montana,Ethiopia,66.2254,-154.0196,minus,deficio,certus,cariosus,amiculum,varius,conatus,127,167.9534083682911,19,delego,3,1,2,true,0.07582308257967224,2019-01-11T11:52:11.835Z,Hackett - Weimann,false
fd186fd4-f5c5-469c-8333-b9c15a72d7b0,2024-03-08T16:13:02.601Z,West Claraton,Iowa,Qatar,-32.8232,89.4018,dens,vergo,aspernatur,aequitas,copiose,tamquam,correptius,90,95.16819236437244,37,arbor,3,0,2,true,0.023105107992394375,2022-12-16T04:57:58.836Z,Schaefer - Baumbach,true
6a391785-2c39-4e7b-8bb4-b61657748251,2024-10-29T16:14:49.033Z,Oceanside,Iowa,Rwanda,-55.405,-26.8895,vinco,taceo,bis,conscendo,dolorem,callide,sit,116,225.02562679010163,80,coniuratio,0,0,4,true,0.12251413517367366,2018-10-30T06:18:29.958Z,Ruecker Inc,false
f4ba838f-6487-453f-ab10-b6c7616213dd,2023-08-08T17:45:07.156Z,Kenner,Virginia,Marshall Islands,-39.6061,131.4192,clibanus,crur,veritas,commodo,occaecati,depono,curriculum,113,7.077783779046198,61,cras,1,1,5,true,0.10715978147643399,2020-05-07T04:56:23.560Z,"Ratke, Treutel and Murazik",false
8f18e1e4-9ac5-4ca4-aa1b-23cdfb4e0f28,2025-08-15T05:41:51.799Z,Orem,Texas,Suriname,-71.7193,175.2706,stultus,creptio,dolores,peior,talus,canonicus,audio,62,215.64124136990563,69,amiculum,4,2,3,false,0.14297752704581357,2024-09-17T14:00:41.378Z,"Maggio, Hilll and Farrell",true
20841059-8e7f-4f18-839d-a39bcb1996fd,2019-04-24T04:57:22.098Z,Maricopa,North Carolina,Tanzania,30.8825,-43.0053,cultura,coerceo,sperno,similique,crux,talis,tempus,29,197.46044059645874,82,aegre,0,1,5,false,0.06624952552121594,2019-07-06T14:34:10.740Z,Rath - Gutmann,true
6505723f-84c2-495d-a3bc-abc2faed2574,2021-02-22T07:00:10.455Z,Lake Corafield,Delaware,Bolivia,58.977,-95.1166,sono,vomica,cenaculum,peior,inventore,mollitia,summa,125,91.8477876344049,45,et,4,1,2,true,0.16294749429570457,2019-03-08T20:58:43.221Z,O'Conner Group,true
ec530f13-2d5d-488a-8535-57466d0b35c0,2025-11-09T13:51:35.897Z,Jedidiahshire,New Mexico,Chad,-24.1487,7.3963,stella,stips,abduco,acer,allatus,cornu,volva,33,210.6368772320612,95,cohaero,0,2,5,true,0.24318358037355556,2024-12-21T22:21:02.175Z,Bednar Group,false
ce2cc739-4585-4278-b5a0-23688523c64c,2023-02-04T15:24:29.355Z,Ashlynnfurt,Pennsylvania,Poland,-56.109,2.1314,candidus,turpis,iste,hic,studio,circumvenio,vivo,67,18.127812916874824,30,assentator,5,1,5,false,0.001520259101721877,2024-05-09T13:33:17.662Z,Luettgen - Roob,false
b583c0cc-6ab3-4db6-892b-6920a68f6d42,2022-01-05T04:25:14.871Z,Faheytown,Virginia,Macao,-76.7294,-112.1419,derideo,ipsum,subito,vallum,solio,aut,est,72,128.3642222358569,98,bis,0,0,1,false,0.16513208609868485,2025-09-11T18:38:35.178Z,"Howe, Rippin and Torphy",true
9cf9afec-e61e-4f9a-8714-c3fd4c7d7152,2018-10-04T02:04:46.947Z,South Sofiaville,Pennsylvania,Sweden,51.983,129.5936,attollo,cohors,sopor,vero,calcar,mollitia,tremo,36,109.42210717850551,73,concedo,6,1,2,false,0.027876989206611913,2020-01-01T10:03:21.469Z,Dickens LLC,false
471e25a8-485f-4763-9746-31ab69ce2d6f,2024-11-24T05:33:43.523Z,Hansenport,Maryland,Curacao,28.9692,-11.235,cado,sumo,aveho,creta,toties,vilicus,temporibus,33,161.08495671209786,78,corrigo,3,0,1,false,0.15464213090917922,2020-11-20T15:07:37.288Z,Kling Inc,true
8ecc28df-0545-40e9-b267-5db97cc01b95,2021-05-18T15:21:50.483Z,Port Lucious,Delaware,Antarctica,-47.6136,71.9793,abscido,aperio,pauci,volutabrum,claro,voluptatibus,desparatus,46,209.28741042147027,61,tactus,5,0,5,false,0.060126791403131374,2024-08-11T15:42:38.296Z,"Mueller, Thompson and Hodkiewicz",true
6f9d9192-0f92-4365-8369-6569c0330aab,2018-05-13T09:15:52.184Z,Port Katlynn,Wisconsin,Falkland Islands (Malvinas),45.4267,101.2965,adnuo,tamen,adulatio,succedo,validus,ustilo,unus,100,220.9266005698324,45,toties,5,1,1,false,0.013157041273514108,2024-11-02T20:10:34.040Z,"Tillman, Lindgren and Bednar",true
1714d93a-55ea-4c96-b4ba-f1448365cd82,2024-07-15T06:51:04.102Z,Texas City,Virginia,Malaysia,-74.4245,65.9676,aliquid,pax,theca,patria,voluptate,volup,atrocitas,99,100.34275481740201,76,testimonium,1,0,3,true,0.011047809883409643,2024-12-02T13:42:51.475Z,"Hettinger, Emmerich and Volkman",false
d4bd25c1-9b8a-4d24-8e22-2115f92ee56b,2021-10-05T05:16:50.890Z,Addisonville,Maine,New Zealand,-86.6624,-127.7514,surgo,comedo,inflammatio,administratio,depono,varius,error,69,141.13493267740154,43,distinctio,0,0,4,true,0.21717578198712828,2025-11-16T15:03:03.343Z,Roob Inc,true
9a7ec58e-7eba-42a0-9ff4-d305e95a8411,2018-03-12T07:04:04.016Z,Lake Pearlie,Kentucky,Falkland Islands (Malvinas),-21.5482,-62.7812,quas,tersus,sustineo,curiositas,desipio,ambulo,ancilla,98,189.9970683455715,85,compono,6,1,1,false,0.17552896354167033,2022-05-18T01:42:50.800Z,"Rau, Grant and Kunde",false
e4b85d4d-4c01-4fc4-b5d8-0eb59f8cfca9,2025-09-14T14:03:27.809Z,East Chaddton,Texas,South Africa,-64.857,-30.1563,necessitatibus,arbitro,veritatis,texo,cernuus,tabesco,turbo,68,53.941107792735544,58,crepusculum,6,2,4,true,0.11608740344692797,2024-09-12T13:14:59.812Z,"Mitchell, Hodkiewicz and Nicolas",true
2abf8c58-0da9-4bbf-9cae-6fd4ff769f02,2025-01-31T19:40:54.345Z,New Antoniaberg,Virginia,Republic of Korea,8.5751,-127.266,coerceo,velut,pecco,vestrum,supellex,timidus,vita,119,170.28822684543397,46,aro,5,1,5,true,0.1097263649618895,2024-12-31T16:30:45.186Z,Emmerich - Hayes,false
3e9ccf2f-112a-4c0f-a111-00c66c7cab62,2022-06-27T06:12:03.112Z,Winston-Salem,New Hampshire,Montenegro,52.027,10.4227,victus,abeo,atrox,delibero,temperantia,comis,supellex,100,83.79334747088721,49,capitulus,0,0,3,false,0.24029631670287346,2025-01-16T23:37:06.415Z,"O'Connell, Runolfsson and Gusikowski",false
9b94a2fb-98c1-4092-818a-8c081765585b,2020-05-31T15:07:56.483Z,Rathside,Idaho,Somalia,76.7384,45.2639,absum,defero,labore,fugiat,vergo,vobis,sodalitas,79,30.583207663370587,18,sol,3,0,2,true,0.08650692868254342,2023-11-18T17:16:40.735Z,Dicki Inc,true
a33df7a5-282d-4417-b58f-110f338fe034,2022-05-19T19:57:04.326Z,Sammamish,New York,Palau,-87.2624,178.8407,crustulum,civis,utor,ullam,textus,eveniet,delectatio,79,74.53128323341615,18,patrocinor,1,2,2,false,0.18771903778470744,2018-05-01T17:31:43.500Z,"Lueilwitz, Reilly and Collier",false
dd3d1308-7280-4ffa-b4cb-6acce97b1f6c,2023-11-22T16:18:55.203Z,Bergeboro,Texas,Norway,41.6958,21.5403,traho,tamen,voluptatum,auditor,tracto,confero,molestias,35,87.73662139087567,99,vox,1,2,3,true,0.029835386144945825,2020-04-29T18:08:32.108Z,"Funk, Hills and Kunde",true
72fa5f65-8ee2-4f98-983b-859726c6b501,2025-12-29T13:46:57.589Z,North Kasey,Indiana,Lithuania,-44.8024,137.3842,tamquam,tabella,verbum,crudelis,consequuntur,adhaero,assumenda,40,176.05329310674404,52,curiositas,0,0,1,false,0.23122710030963484,2025-05-26T11:26:21.339Z,Luettgen - Wisoky,false
809fcdae-f325-4195-97c0-622eec178068,2018-04-13T09:03:39.229Z,Cedar Hill,Alaska,Republic of Korea,10.3184,169.432,carcer,tum,cresco,crapula,debeo,termes,validus,123,102.3606990786176,62,optio,5,2,1,false,0.09740092560029076,2018-09-05T03:20:10.802Z,"Wyman, Stamm and Collier",true
c73fd190-8e18-4f97-b6a8-46bcdf221510,2021-08-05T04:22:55.200Z,Ubaldocester,West Virginia,"Bonaire, Sint Eustatius and Saba",76.0299,149.394,corona,carcer,currus,cunctatio,tubineus,talus,perferendis,52,22.11317062924289,56,utique,5,0,5,false,0.23003218048522517,2025-08-29T23:07:00.681Z,Schinner Inc,false
dd4adaed-b298-4efa-b5bb-4b447d9a6d50,2018-11-23T19:32:41.244Z,Lake Rowlandshire,North Dakota,Guinea-Bissau,-70.712,-27.1175,defessus,pauper,placeat,fugiat,excepturi,a,ocer,96,173.8143029083464,62,umerus,0,1,1,true,0.1322384713538922,2023-04-02T13:28:38.288Z,Schumm Group,true
8d9842f5-c353-4adb-b84a-c0fa1f199122,2020-02-09T07:54:42.550Z,Fort Janice,Massachusetts,Montserrat,-46.6664,86.7386,patruus,eaque,adnuo,itaque,vilitas,suffragium,bibo,31,3.418425329068162,21,canto,6,0,2,true,0.18376907194104752,2024-10-06T18:57:15.303Z,"Kutch, Stark and Lemke",false
9e391189-fd96-48a2-b3a8-e9bc0bfe8e3b,2022-11-12T02:37:11.402Z,Jeanneburgh,Pennsylvania,Uruguay,51.8093,-138.4246,doloribus,tepesco,deprecator,creta,cura,corpus,strenuus,22,150.22727603061517,76,decet,6,1,3,false,0.16150004140154398,2025-08-09T15:54:27.885Z,Welch - Jerde,true
29ff34e6-444c-4fb7-a824-d84febeeb72f,2020-04-13T15:20:23.641Z,Fort Collins,South Dakota,Guyana,84.5026,-74.8118,comitatus,dolores,aegrotatio,tandem,aequitas,conculco,absconditus,84,216.60931199220175,99,thesaurus,5,2,3,false,0.07196517233388983,2020-12-26T00:37:39.206Z,"Breitenberg, VonRueden and Corkery",true
646f50a6-bb55-4c8f-a5e0-d06fe1e759db,2018-12-31T01:00:34.500Z,Novato,Minnesota,Svalbard & Jan Mayen Islands,-4.8147,-51.2587,hic,comedo,utique,natus,fugit,termes,dignissimos,64,121.1896243483781,94,at,0,0,1,true,0.025925905928695425,2021-01-26T01:23:56.507Z,"Reichert, Wisozk and Barrows",true
134c1da6-39c9-4aef-a140-8749fd37c6d3,2021-12-07T14:03:43.110Z,Port Mathiasshire,Oregon,Faroe Islands,-60.9584,-175.9706,depopulo,coniecto,sto,deserunt,copia,voluptatibus,cotidie,99,195.1045740437619,100,viduo,6,1,2,true,0.013288816442140444,2018-04-24T12:41:46.769Z,"Metz, Schulist and Schumm",true
4862e48e-1dd4-4efb-aa3d-18cb813a6fcf,2019-03-21T07:48:49.402Z,Schultzton,Massachusetts,Burundi,5.654,-165.6038,copia,vulgo,contra,tamisium,color,vereor,comes,98,200.94568911680787,26,est,5,0,2,false,0.19229095132089427,2024-07-27T08:18:01.926Z,Ziemann - Nolan,false
0a2dbc55-0c07-4108-8765-8676665c8789,2022-06-15T15:51:28.688Z,Fort Cristobalshire,Nebraska,New Caledonia,-6.75,-31.8722,conventus,vilitas,beneficium,civis,vereor,sopor,tamdiu,88,65.69480762961464,77,sponte,6,2,3,false,0.1800111372074336,2024-02-06T08:58:55.146Z,Wehner Group,false
8cb6b9d0-2228-459c-9def-fbb1c56dc403,2020-05-21T04:45:55.594Z,San Juan,Connecticut,Mozambique,-13.494,-37.3555,amplexus,talus,demum,coadunatio,nesciunt,dolore,cubo,40,177.89805304869688,29,eos,0,0,5,false,0.11549583215665593,2023-12-10T02:56:34.978Z,"Wisozk, Schultz and Von",true
58e47327-53f7-4153-a7a3-16eb8e3118f1,2019-08-22T09:20:07.037Z,Palatine,Oklahoma,French Guiana,50.4701,91.0866,laborum,confugo,annus,sufficio,cognomen,contego,animi,43,117.45913430077609,40,cornu,3,0,1,true,0.12811538377120396,2025-12-17T23:45:38.191Z,McDermott Group,false
ca5a1130-2adb-4c31-9400-9326262eb424,2023-04-07T06:41:33.194Z,Oceanside,Massachusetts,United Arab Emirates,-54.891,54.0244,utique,custodia,verbera,impedit,cras,cilicium,considero,103,147.08333328623578,65,uredo,6,1,4,false,0.13111492745103082,2022-10-31T02:16:58.279Z,"Kub, Jacobson and Bayer",true
e0bfea54-d262-4062-bf1b-1ac96198838d,2020-07-09T17:45:11.622Z,Jacksonville,Connecticut,Tuvalu,63.7991,-44.3313,voluptas,bellicus,sophismata,vaco,necessitatibus,beatus,canonicus,76,222.61843289743888,65,denego,5,2,1,false,0.05762860285290411,2021-11-24T19:10:36.575Z,Cole LLC,true
affc6dfa-7c98-427f-96be-290e1a41aaa3,2019-04-03T22:51:38.064Z,Yonkers,Mississippi,Montserrat,21.8648,53.3452,angelus,cubicularis,communis,venustas,crux,chirographum,arx,118,8.055630064950625,34,cultellus,0,1,4,false,0.08140996242033027,2024-10-19T23:34:08.573Z,Huels - Altenwerth,true
855e8384-bd30-423a-9ced-2a137aafef9b,2024-12-19T16:21:47.932Z,Johnboro,Idaho,Albania,8.834,37.9194,tubineus,vesco,laborum,tumultus,antiquus,adfero,corrupti,100,226.59795412157277,42,cibus,1,2,2,true,0.05256073107725914,2021-12-06T18:23:34.130Z,Schmitt Inc,true
b1577c2b-2ab2-4024-9759-7c65363307f2,2023-07-17T07:20:25.864Z,Daytona Beach,Connecticut,Venezuela,34.6573,-18.4679,clibanus,conor,capto,abutor,beneficium,tergo,creber,73,11.35814306904857,39,alioqui,2,1,1,false,0.04042882937097886,2022-04-30T08:22:12.088Z,"Durgan, Koch and Kihn",false
f3ce4ab8-b68a-40b2-9023-49141e4c9236,2023-02-08T01:51:50.229Z,Mesa,Wisconsin,"Virgin Islands, British",-86.9109,-170.4105,degero,deorsum,subseco,officia,ubi,temperantia,crapula,88,22.799499871102284,25,averto,4,0,1,true,0.21817175682004583,2023-07-11T14:31:32.421Z,McKenzie and Sons,true
2fc1cb75-c1ee-47c5-b998-b51c1773abc3,2018-09-11T09:37:06.015Z,Fort Virgie,Indiana,Cayman Islands,6.4971,-147.7523,dolores,delectus,vorax,alter,tenus,nostrum,cognatus,108,178.8933552872632,42,ullus,1,2,4,false,0.06964930591609836,2020-11-22T07:34:56.411Z,Kerluke - Towne,true