accident_id,incident_datetime,city,state,country,latitude,longitude,road_name,road_type,intersection_type,accident_type,weather_condition,road_condition,light_condition,speed_limit,actual_speed_kph,driver_age,driver_gender,casualties,fatalities,vehicles_involved,alcohol_influence,blood_alcohol_level,weather_reported_at,reporting_department,pedestrian_involved
b4cff64e-c14e-490e-96b1-f576b0b21653,2022-12-22T07:08:48.679Z,Fort Melyna,Missouri,United Arab Emirates,-71.3737,61.7138,cernuus,sufficio,advoco,cruentus,porro,ante,magni,90,42.92079491531487,45,carus,4,0,4,false,0.10558264539928014,2023-11-10T06:31:09.742Z,Kirlin LLC,false
781fe95f-802c-4d48-bd5a-1a89bc8d1283,2020-12-19T04:10:01.968Z,Taunton,Massachusetts,Greenland,-83.696,133.7161,correptius,traho,atrox,turba,calculus,vicinus,termes,92,66.74646697126423,40,terreo,3,0,4,true,0.060770201858244444,2024-04-09T08:59:53.729Z,Schamberger - Douglas,true
073cba4d-14f9-4b98-80f3-2264931a3536,2018-02-04T09:36:27.261Z,Gottliebhaven,Idaho,Kiribati,-43.5426,135.162,dolor,calcar,arca,cunae,cervus,clementia,adicio,94,125.33800164568773,94,bis,0,0,2,true,0.18405106321878661,2021-10-02T01:20:37.628Z,Stokes and Sons,false
f9b43ce2-fddb-410f-9eb6-ed30c60ef6dc,2024-05-31T17:38:48.839Z,Lake Danielaside,Tennessee,Malta,87.4872,31.3305,excepturi,tandem,suus,aequitas,tenuis,decens,nostrum,78,176.7735705889536,39,veniam,0,1,3,true,0.20989307061146797,2018-10-02T21:36:40.884Z,"Koss, Koepp and Bruen",false
8fa1b549-49de-4ad6-8dc4-576315fda6bf,2021-07-06T20:00:38.789Z,Adraincester,Alaska,Namibia,-14.4328,-145.6378,cultura,commemoro,administratio,umerus,consectetur,sulum,totus,99,27.190547236452343,87,suppono,3,1,1,true,0.07013101701995036,2024-01-25T01:05:11.977Z,Schamberger and Sons,true
f7f3316f-addb-47c4-96bb-2b274dbe9796,2018-05-24T06:36:08.301Z,Port Martaborough,Massachusetts,Hungary,21.9402,-160.4436,vulnus,votum,officiis,tepidus,atavus,delicate,campana,84,159.40720616909448,38,audeo,5,0,2,false,0.17543705846909705,2023-10-28T13:34:28.083Z,Barrows - Dickinson,false
51f5a8ff-0349-46eb-96dd-47d26548f0a3,2023-03-31T17:31:03.200Z,Stromanstad,South Carolina,Myanmar,-48.1027,168.5377,taceo,abduco,supra,pauci,assentator,usque,odio,121,151.8821685026098,41,acer,6,0,2,false,0.06677914767975912,2021-12-04T01:59:19.012Z,"Beahan, Conroy and Lesch",true
7652a5dd-e915-437a-894d-62148342ea6e,2019-09-11T11:50:16.990Z,Effertzburgh,New York,Eritrea,2.1893,-74.3646,tabesco,admoneo,custodia,strenuus,suggero,strenuus,bene,34,88.85042073923954,73,auctor,6,1,2,true,0.10789068918584013,2018-12-13T22:07:02.308Z,"Conroy, Hoppe and Kirlin",true
ecee66f8-6875-434b-82ea-0bb34b13e724,2020-03-27T06:57:14.097Z,New Faefurt,Texas,Saudi Arabia,62.1504,151.5405,vir,repellat,comitatus,deripio,crudelis,cunae,conspergo,102,6.643545138346365,94,calamitas,5,0,4,true,0.06952042782253348,2024-02-11T11:33:23.555Z,Bashirian - Dooley,false
a75890a9-a12a-441c-8dc9-237b0ef702a7,2020-06-15T12:19:50.074Z,Gladyceworth,Michigan,Puerto Rico,20.2437,128.3114,minima,subnecto,depopulo,clam,vinculum,solutio,acies,30,103.58600977504207,77,aduro,6,2,3,false,0.21482806653491204,2018-09-16T00:57:12.392Z,"Kutch, Sanford and White",false
e6626986-ae53-4f41-b304-b854eecc2c03,2018-12-11T18:52:57.829Z,New Letitiastead,Arkansas,Haiti,20.6263,17.6582,vinculum,sapiente,vitae,adicio,alii,cibo,argumentum,118,196.90419362656203,20,cui,1,0,5,true,0.06012023232308003,2020-08-13T01:46:56.899Z,Sipes - Donnelly,false
fa802b74-2ffd-4f45-85c1-784d158adfc2,2018-11-22T12:42:23.725Z,Kannapolis,Washington,Faroe Islands,68.8143,-152.8869,defero,vesica,deprecator,molestias,pecco,crur,cur,124,223.43034031540495,46,suscipit,3,1,1,true,0.2004142504410308,2020-04-13T08:57:58.232Z,Hodkiewicz - Hammes,true
7529f7dc-50f6-425b-ad23-20c7bc60c98d,2018-05-30T16:18:33.311Z,New Mohamed,Mississippi,China,10.0223,35.924,alioqui,termes,ascit,careo,vulgaris,ter,coma,40,15.774322355208614,77,speculum,4,1,3,false,0.007674827523688171,2019-04-22T14:33:31.636Z,"Maggio, Schumm and Corwin",true
6fc660ef-e1fd-49af-b028-f9cb868d12ff,2018-05-11T02:10:40.922Z,Port Aleenton,Missouri,Philippines,64.3612,-113.6333,charisma,voluptates,animus,veritas,amoveo,nam,repudiandae,83,174.8878755534245,20,spes,3,0,4,true,0.09145523639202155,2022-09-27T16:39:08.682Z,"Lockman, Wehner and Feeney",false
2c1af12f-4e12-462d-aee1-a99317f572e8,2024-02-07T04:59:28.471Z,East Maximushaven,Illinois,Belarus,-3.4205,35.041,modi,abstergo,abeo,una,dens,casso,acceptus,35,23.76398564737056,52,caterva,3,2,3,true,0.1347555252733091,2019-10-04T18:33:38.595Z,Walsh Group,true
95d9c17b-8de9-4147-8023-0e7519af7f88,2025-02-12T08:42:59.492Z,Felixview,Utah,Guernsey,61.298,62.8684,triumphus,statim,tenus,tempus,valens,denuo,officiis,90,101.57859815262027,88,aut,0,0,3,false,0.07346868235572973,2025-08-26T14:42:40.116Z,Parker - Beer,true
329015ff-3aad-42fb-a1fa-498cf5974ec2,2023-05-01T22:17:13.278Z,New Lisandro,Pennsylvania,Austria,52.6253,146.2134,adstringo,viridis,pauci,taceo,tempore,quis,cubo,61,220.07493419011246,81,amplus,1,2,1,false,0.13234360882952023,2024-06-19T11:49:50.795Z,"Yundt, Walker and Mante",true
184c0f5c-1b9d-44f1-bccb-606128d99741,2018-02-22T14:19:17.526Z,Kenyattaboro,South Carolina,Eswatini,14.0001,-1.995,amor,harum,adfectus,adimpleo,tui,autus,trucido,51,61.66403569914162,16,vilis,2,0,4,true,0.01839688890989516,2019-10-03T22:51:44.561Z,Bins LLC,false
e8ef250c-52db-4f2e-896c-1bd079a4226b,2022-01-22T01:20:26.450Z,Cleveland,New Mexico,Libyan Arab Jamahiriya,5.8141,37.1625,spoliatio,demergo,cernuus,bene,tergo,totam,cuppedia,42,37.2966033110072,47,turpis,3,1,5,true,0.1765782343542909,2020-01-26T10:59:23.893Z,Kling and Sons,true
5c23b513-e87b-4331-92bc-707f75e5e1e0,2023-12-28T16:06:25.449Z,West Reyesshire,Nebraska,Mexico,45.8501,32.915,suggero,similique,itaque,vulticulus,tres,curvo,viduo,64,58.65415233506073,29,cohibeo,6,0,1,false,0.01573215114216872,2018-05-11T11:08:49.405Z,"Reichel, Carroll and Cummerata",true
4d23e227-c273-48a6-8b0c-323434289e27,2025-03-06T23:18:42.971Z,Kayceeburgh,Ohio,Tanzania,20.1786,-169.3819,titulus,talus,aperiam,expedita,caecus,nihil,arguo,89,80.92463060685672,92,dolore,1,2,1,false,0.18044763843841105,2022-12-03T18:05:56.908Z,Weber - Pagac,false
ab3f01c5-2d52-40eb-9806-1460e13bb7c6,2023-05-09T12:38:30.192Z,Fresno,South Carolina,New Caledonia,71.9451,-83.795,maiores,valeo,aliquid,solium,aranea,depono,aro,24,224.89195565556088,26,harum,4,1,5,true,0.14502573021759316,2024-09-19T18:41:52.169Z,Leuschke LLC,false
11129e58-06df-4894-ac91-2307ba783e9d,2019-11-28T12:15:07.080Z,Parkerfurt,Indiana,Ukraine,-25.4866,-1.5878,turba,pauci,speculum,supellex,rerum,virgo,aurum,124,211.00964987071274,24,aeneus,4,2,3,true,0.056661927419253716,2022-03-31T19:13:41.373Z,"Schoen, Crooks and Quitzon",true
0f99e6a6-a45d-4694-9c90-2d7a12bb50ba,2023-01-12T00:31:51.641Z,East Carolynburgh,Colorado,Bahamas,-83.7691,-42.7962,placeat,tempora,depulso,deorsum,spero,cunae,beatae,48,142.0838005308285,24,volubilis,4,0,2,true,0.13449114164494078,2024-11-18T02:55:48.541Z,"Sanford, Buckridge and Wilderman",true
0b9287bb-543d-4efa-bae3-10207349b9ec,2019-05-06T09:43:13.168Z,East Honolulu,Arizona,Japan,43.3828,-176.5427,abundans,cohors,audentia,teres,spargo,eveniet,pecus,48,29.807180239338777,73,viridis,2,1,1,true,0.10610339627866996,2022-09-03T01:20:23.275Z,Schulist - Romaguera,true
5752a3db-0391-4a01-9f4c-cf312bab755d,2018-09-09T08:15:28.088Z,North Johnathonborough,Utah,Bolivia,-72.6149,-5.9234,spes,adsuesco,bos,crudelis,vesper,vindico,careo,92,87.22486519130983,41,certus,4,1,2,true,0.21833235053094252,2021-09-03T04:06:52.049Z,Macejkovic - Gorczany,true
fa2ff042-e58d-4d91-9854-fde15c17f0ec,2019-04-25T08:32:56.104Z,South Candicefurt,New York,Chad,-28.0181,67.1567,campana,comes,calcar,dolorum,at,necessitatibus,eaque,128,150.05672134417838,37,comedo,3,1,5,true,0.20084524205932638,2023-03-25T04:30:48.861Z,Wiza LLC,true
aaeb0d6f-0f8c-42ed-961a-c4c9b4887a89,2019-02-16T02:04:38.753Z,Centreville,Oregon,"Virgin Islands, British",54.3118,27.2751,demergo,adopto,tamdiu,vae,comburo,appello,adulescens,29,41.670698078779964,97,crapula,5,2,2,false,0.14055305106298302,2022-12-13T10:49:49.772Z,"Rowe, Feest and Bechtelar",false
f2d4a975-3ea2-4abe-a136-d09296c8c1b8,2021-07-09T20:33:14.391Z,Pagacfort,Louisiana,Mongolia,86.9543,52.4257,ex,armarium,volaticus,aduro,altus,tripudio,aranea,63,88.23112668183295,79,trans,5,0,4,false,0.032299750371364205,2018-11-03T20:01:08.515Z,Schneider Inc,false
239b0755-08aa-42c1-8123-844cd142addc,2023-05-13T03:25:01.934Z,Krajcikboro,Missouri,Costa Rica,-18.4738,-48.5337,consuasor,necessitatibus,cito,suscipio,voluptatum,clam,comis,96,80.02411905445689,48,stipes,4,2,5,true,0.16903100331561136,2018-03-26T13:42:38.011Z,Conn LLC,false
3f7d5044-73bc-4151-b777-cfaf6c767f43,2025-02-12T07:02:29.114Z,Orlandotown,Texas,British Indian Ocean Territory (Chagos Archipelago),82.6462,-160.4055,absconditus,sponte,reiciendis,assumenda,veritas,somniculosus,amitto,85,23.516015516521904,57,acsi,1,0,1,true,0.09301285648199825,2023-05-31T13:05:36.856Z,"Smitham, Jacobi and Hegmann",false
7be65c45-b08a-421a-85ec-80eefe15ee13,2024-05-11T23:22:43.093Z,Lydastead,Colorado,Anguilla,-73.3246,105.1996,statua,acquiro,tertius,laudantium,delicate,utroque,repellendus,91,214.03172868970373,40,vomito,1,1,2,false,0.004819025081996803,2018-02-04T06:17:54.371Z,Reichel Inc,true
b7cf1002-282b-4cfc-ba9e-fc31c5c11a84,2018-09-08T21:37:39.732Z,Jaimeville,Illinois,Macao,88.8052,-33.7991,coruscus,utilis,sto,sortitus,inventore,basium,curis,110,53.239787981800866,88,trans,6,0,2,true,0.005120975627728425,2021-04-30T06:51:47.940Z,Johnston LLC,true
1686d145-eaa5-4fb6-86fb-85e868751f81,2019-05-17T15:16:58.238Z,Fort Abbyport,New Jersey,Brunei Darussalam,59.4521,141.5732,valens,solio,cunabula,beneficium,laborum,torqueo,vilitas,84,12.368521197410907,27,alioqui,4,0,3,true,0.1034777784837331,2023-10-01T12:59:37.691Z,Hoeger - Schoen,false
b57c82f8-ad92-4d4e-8177-2b3b4eabedde,2019-12-16T19:30:08.397Z,South Percival,Wisconsin,Bangladesh,-88.6451,104.9377,tero,ducimus,curriculum,comprehendo,aggredior,turba,sublime,50,131.61374944832514,34,eius,1,2,5,false,0.028386622376168347,2018-07-29T19:49:53.239Z,Koch - Collins,true
ca658175-da24-4afa-8018-f3492a1823b8,2023-10-16T16:58:08.470Z,Mullerton,Washington,Saint Pierre and Miquelon,60.6497,37.9872,voluptas,solvo,sonitus,adversus,praesentium,conforto,cenaculum,89,83.65346877158157,24,virga,6,2,5,true,0.14420304260107356,2020-02-07T10:52:04.897Z,Bailey Group,true
29be142c-70e9-413d-b9fe-8e4f90768d75,2022-12-19T09:12:16.612Z,Lindseyshire,Vermont,Aruba,-16.7914,47.6456,abbas,aegre,demonstro,carpo,accendo,convoco,versus,108,60.856935020550196,68,teneo,6,2,2,true,0.2146375694551732,2023-08-14T10:34:52.892Z,Daniel and Sons,false
7f85971f-5155-4eff-9df6-689de228278f,2023-11-23T09:23:23.574Z,Provo,Nevada,Yemen,-62.3748,-141.7488,sumo,facere,utrimque,reprehenderit,sapiente,adeo,deleniti,56,149.1880345052574,43,curis,0,2,4,true,0.19119641951281982,2025-01-09T18:59:51.302Z,Lesch and Sons,true
6b6c59f4-dcdb-4eb8-8c7e-82bb6ff7f594,2024-01-08T23:43:43.629Z,Jaimeshire,Maine,Micronesia,17.9548,-54.738,tempus,absque,adeo,spes,maiores,minus,astrum,111,221.91898557810873,21,nobis,3,0,4,true,0.15278761425847825,2024-02-24T18:09:22.151Z,Lakin Group,false
203d0462-9537-4dd6-8702-88c51a6603fb,2025-09-10T02:37:57.737Z,Satterfieldtown,Minnesota,Suriname,-43.2195,99.2854,termes,caelum,crastinus,terra,dolores,tabesco,vulticulus,64,36.17079380517375,52,adsidue,4,2,5,false,0.02980463691493135,2025-03-05T05:27:29.653Z,Howell LLC,false
fda32d84-ebd4-4e31-a1f8-8df4729d257c,2025-08-17T01:01:32.969Z,Port Delores,Oregon,Faroe Islands,78.5895,-118.9998,voluptates,similique,vilicus,patior,ademptio,arguo,consequuntur,50,6.478773628173515,96,sub,2,1,5,false,0.018937250480446782,2020-05-16T13:29:03.509Z,"Heathcote, Ullrich and Parker",true
073448f1-b356-4380-9b2b-4097fe1884e2,2024-07-29T10:40:08.871Z,Cassinfield,Texas,Republic of Korea,-85.1871,64.5577,quos,aureus,carmen,arca,cogo,vinum,caput,28,106.98604408803304,29,patior,3,1,1,false,0.09935865160438492,2018-09-24T10:11:23.692Z,Gleichner and Sons,true
fea27411-413f-4599-9e35-5996a4c1df4c,2018-03-01T21:51:35.454Z,Gardnerton,Wyoming,Falkland Islands (Malvinas),58.5361,-37.0236,desidero,ocer,tenus,vulnero,valde,acquiro,cornu,29,136.6888753526088,98,voluntarius,6,1,4,true,0.15406091652098056,2020-01-12T07:16:07.873Z,Hegmann LLC,false
650d84b1-3bed-4004-95d7-b474da029bb5,2019-10-13T04:22:50.672Z,Cordiaburgh,Maryland,Uzbekistan,25.9314,-1.8404,thesaurus,confugo,confido,caput,corporis,talus,optio,21,220.28592392644813,100,optio,5,2,2,true,0.15316938885095044,2025-01-10T11:43:02.853Z,"Pollich, DuBuque and Adams",false
2a51796f-7169-42f3-8f6e-14979ec18790,2019-01-03T07:50:50.867Z,Kshlerinburgh,Arkansas,Chad,-51.2713,-97.7288,abundans,officiis,cuius,cunae,cetera,curvo,conculco,25,104.58285667314568,50,delibero,5,0,1,true,0.06720978758082091,2020-02-29T16:22:12.077Z,Mosciski - Schumm,true
5e0f3f46-167d-447f-b6a6-23d866e3e01a,2018-08-31T14:45:47.413Z,Fort Philip,Pennsylvania,Georgia,59.5476,-117.5099,bis,vergo,laboriosam,depopulo,considero,tamisium,alo,85,34.17321533525371,60,tui,4,2,3,true,0.008450808171641955,2019-09-01T04:01:32.688Z,"Haag, Rodriguez and Bergstrom",true
49df3c87-f9b6-49d7-9b16-ce44fdd556e2,2024-03-29T17:24:45.699Z,South Eva,Rhode Island,Qatar,22.8722,58.9563,abundans,tepidus,patior,depromo,delibero,ulterius,turba,50,84.38758456218594,42,thermae,1,1,3,false,0.013419683680354733,2022-09-10T21:37:04.083Z,Luettgen Inc,false
8f5f4ddf-4a31-492d-affb-5d80709bb0d0,2019-10-18T21:57:52.441Z,Fort Cullenstead,Minnesota,Albania,78.1365,109.5849,ventus,caecus,cedo,defetiscor,amicitia,patior,canto,123,100.83501408619165,98,apostolus,5,0,5,false,0.1556440414245136,2021-03-17T11:15:55.471Z,Swift Inc,true
3fd0d42d-3dd2-4b71-8a39-9d7aa3023ee3,2025-06-13T22:25:49.359Z,Lake Leonoraside,Michigan,Grenada,13.6569,51.33,voluptas,spoliatio,vesco,aequus,porro,apostolus,tubineus,27,54.77815367436723,60,blanditiis,2,1,5,false,0.22955985457680259,2024-11-05T21:11:03.461Z,Beer - Graham,true
db917d74-fe20-459c-bdfa-ccd1650f1216,2020-02-18T16:26:43.643Z,Fort Arjunland,Arizona,Nepal,-19.3631,164.8968,volva,accommodo,acceptus,bellum,apto,una,adstringo,83,154.18186354793227,18,clamo,4,0,5,true,0.11622854039445929,2025-01-27T15:01:13.194Z,"Kiehn, Lynch and Wiegand",false
4dbc6963-51ab-4e7f-82b2-4f2222fc0e83,2020-10-20T10:53:10.545Z,South Sophieport,Oklahoma,Morocco,-33.6054,-145.0551,acidus,annus,admoneo,tardus,subito,corporis,depereo,76,105.27336112338064,100,ambulo,3,0,1,false,0.22434024697314428,2024-01-23T12:36:58.976Z,Metz - Tillman,true
b4928a9c-2ce1-42d6-9063-614690854aa3,2022-04-05T03:53:30.744Z,Brakusmouth,Alaska,Paraguay,62.7369,102.5007,asperiores,ipsum,confido,demergo,vivo,beatus,cohors,30,222.12860904013314,68,defendo,3,2,4,false,0.06304167032079505,2024-08-10T09:18:38.840Z,Reynolds - Becker,true
c568b090-7954-472b-8c89-cc197a92b3fc,2018-08-06T07:04:24.612Z,Overland Park,Pennsylvania,Puerto Rico,-21.6845,3.2153,uter,demergo,animus,desparatus,maxime,vilicus,apparatus,117,59.76343596272394,90,caelum,5,0,5,true,0.04757806302491158,2019-09-15T17:37:38.703Z,Upton Inc,true
cd0451bf-4022-4023-9d21-6a9b3c5c4aa8,2024-09-08T00:10:38.395Z,North Brayantown,New Jersey,Angola,-3.8301,-176.9591,considero,benevolentia,alius,in,utpote,necessitatibus,barba,91,36.90119447560505,57,quo,0,0,5,true,0.07496870056823343,2024-11-17T11:39:44.853Z,Becker LLC,true
4cf982e9-7e2e-453b-9f27-aa090b637caa,2019-08-09T11:30:34.262Z,Hayleystead,Tennessee,Poland,14.6957,120.2775,mollitia,tantillus,ciminatio,volubilis,commemoro,vetus,autus,84,213.45109150263022,66,velum,2,0,5,false,0.010120128839957554,2018-01-18T05:35:53.419Z,Erdman LLC,true
7df2311d-c2b5-4b4a-8a8c-292dc200a4b4,2023-08-02T06:13:16.569Z,West Patrick,South Carolina,Sudan,17.8402,-41.6165,vita,virgo,necessitatibus,architecto,velit,nulla,nesciunt,87,80.21272808467566,22,subnecto,1,2,5,false,0.019214221800671893,2021-10-11T05:44:11.142Z,Koch LLC,true
00a0afa0-71ce-4dfd-b438-9e2839890127,2019-07-28T16:09:56.283Z,Lake Caleview,New Hampshire,Trinidad and Tobago,-26.4355,-51.76,suus,audentia,antea,bene,solutio,cerno,stillicidium,50,216.40366389169662,54,advoco,2,0,1,false,0.0035022562414661618,2024-06-25T16:00:15.952Z,Rolfson LLC,false
dd649710-81b8-40f1-a3d7-a1f3b98ed9c0,2018-01-17T12:45:30.550Z,West Jordi,Massachusetts,Angola,-67.5516,107.9242,tabula,callide,deleniti,commodo,denuncio,apparatus,incidunt,39,175.10903544247358,33,valetudo,0,0,4,false,0.08700969706780062,2025-03-09T00:45:28.990Z,Tillman Group,true
cf3e5f39-d7f9-4af5-aae4-25887e8c0b63,2019-05-23T05:35:40.951Z,Nikolausstad,South Carolina,Rwanda,28.4261,-35.3751,cruentus,talio,amo,explicabo,verto,bestia,utpote,45,184.79022632135147,53,arcesso,4,2,2,true,0.015439578610265126,2020-02-24T12:16:23.441Z,Bogisich and Sons,true
35a068ed-daed-468b-ae96-0dae30c28e3c,2025-06-13T00:03:28.758Z,Minnetonka,New Jersey,Ecuador,5.4353,-32.604,theca,harum,trepide,claro,tristis,pauper,vitae,120,216.9850510601816,74,theca,5,1,4,false,0.1023322652302307,2022-10-20T16:58:19.550Z,"Batz, Kunze and Will",false
b8467e0d-bed1-47a4-9c93-b9cd5f70a884,2022-08-03T13:08:14.727Z,Leonardport,Nebraska,Christmas Island,-80.1266,-142.3476,maxime,dolor,culpo,qui,tutis,vivo,theologus,25,104.77535009696442,17,capillus,6,1,3,false,0.05294474239007352,2020-12-27T00:39:54.078Z,Ernser Inc,true
8261d7ae-f7bf-404f-bcf0-b21678e72c9c,2022-05-18T00:24:05.696Z,East Tad,Virginia,Solomon Islands,-78.576,95.448,hic,villa,sto,varietas,valeo,unus,sto,111,53.50424182084449,36,videlicet,0,1,2,true,0.16750069794353534,2018-11-30T13:34:45.407Z,Langosh - Turcotte,true
e95a9589-3c91-4352-8fcf-4b36490611f7,2025-05-13T05:47:19.654Z,Syracuse,Kansas,Christmas Island,-44.8043,89.0376,viridis,adulatio,voveo,in,asperiores,talio,approbo,35,209.85460880823385,84,confugo,4,1,2,true,0.21773910182521647,2018-08-30T04:34:49.204Z,"Hammes, Tremblay and Harris",false
c20fd637-d24e-4508-8af8-1ab1e90880ae,2023-04-08T06:53:18.670Z,Tallahassee,Virginia,Peru,58.668,-137.0015,decimus,coepi,super,harum,suffragium,vinculum,tardus,52,155.9505363225669,74,adfectus,6,0,3,true,0.07405450348723652,2024-06-13T10:59:07.202Z,"Kassulke, Padberg and Schulist",true
9a36137f-0117-47d5-8bf4-abcfd7f662d0,2020-06-14T12:52:32.694Z,Howeworth,New York,Cote d'Ivoire,-84.3258,123.6439,ait,valetudo,ipsa,consectetur,summa,perspiciatis,culpo,116,29.922211042384788,42,certe,6,1,2,false,0.07918448113755205,2021-04-30T11:12:28.850Z,"Conn, Kub and Bartell",false
c8360580-2744-4901-aab1-477dcb6c4153,2025-09-06T07:11:05.973Z,Koeppfurt,Mississippi,Sao Tome and Principe,-39.8534,70.134,defero,amplus,appello,victus,cedo,asperiores,baiulus,119,175.53010457316725,80,conservo,3,2,5,true,0.051293612993762006,2018-09-21T21:45:10.422Z,Purdy LLC,true
1789a9d1-9c84-45b9-82b4-e5f2af56d881,2024-03-22T17:10:44.436Z,Port Florence,Virginia,Czechia,-1.4325,-120.6641,hic,conduco,corrigo,cibus,contra,contego,crux,51,96.25740455814955,42,arbor,1,1,3,false,0.21466497639424756,2019-09-06T22:06:48.147Z,McDermott - Koch,true
2c18f1a5-868d-4624-88b5-3fe49a90d641,2020-10-13T15:40:51.847Z,Deontaehaven,Idaho,Lao People's Democratic Republic,-6.3823,-64.9051,coma,arma,vindico,et,conforto,ab,sunt,94,17.540854265358305,45,incidunt,2,2,4,false,0.026252266062336244,2020-01-09T20:22:36.814Z,"Lemke, Hermann and Towne",false
e10f3142-7ea7-4f3a-9b94-0aff0f26d7fe,2025-05-06T19:59:18.377Z,Port Deontefurt,Missouri,Eritrea,-29.1469,43.9099,temperantia,taceo,defaeco,caritas,vobis,dolorem,beneficium,99,72.357627392611,22,eaque,4,2,1,true,0.15517651989626066,2024-06-01T19:33:54.596Z,Kovacek - Stokes,true
a810d3ed-2007-4b00-9271-9f1b3d59b135,2023-10-08T20:20:00.101Z,Leuschkeburgh,West Virginia,Sweden,-5.581,106.4798,quam,vespillo,delicate,ulterius,deprimo,ceno,adipisci,67,187.2615272433408,89,defaeco,3,0,1,false,0.007260888384664016,2018-01-09T09:32:01.476Z,Boyer Inc,true
4e99dc8c-0a46-4ea8-840b-f681f66b39ac,2018-10-25T12:48:12.467Z,Rathworth,Mississippi,Algeria,13.3103,142.3696,ipsum,aestas,tenetur,auxilium,ex,debeo,tenax,34,1.7080787563648414,75,canonicus,3,2,1,true,0.1453659775230634,2022-10-09T06:14:02.884Z,Hagenes - Goldner,false
82078b3b-5b03-4a40-8400-29c6f5cf4f3f,2018-03-04T03:48:07.217Z,East Elza,Oregon,Croatia,5.2331,-161.6074,complectus,coma,arguo,vehemens,accusator,totam,allatus,69,64.4000602608491,19,acceptus,5,2,4,true,0.06845951331975664,2022-02-21T22:14:59.306Z,Adams and Sons,true
9bce46cd-e85a-48ce-9517-a4154d90a51a,2021-05-12T20:56:42.921Z,Yucaipa,Massachusetts,Aland Islands,51.0584,-154.7438,vulnero,conitor,tandem,ascisco,decet,crudelis,accusamus,92,142.35348163852936,100,dignissimos,3,1,1,false,0.17126777124074538,2020-09-01T00:32:31.172Z,D'Amore - McDermott,true
9f514869-3730-45d6-9016-9bf3f050be70,2022-12-15T19:26:08.498Z,Tierraside,Montana,Albania,-50.0644,-28.8877,spectaculum,caput,totus,tenus,adfectus,sint,cursus,66,177.41524179761342,36,cervus,5,0,1,true,0.021309614914245517,2021-12-15T16:28:44.886Z,Maggio - Wuckert,true
22afe307-d6ee-4925-b003-3d22593574a4,2018-09-13T04:00:44.240Z,Nickolasworth,Texas,Cape Verde,79.814,-21.6237,adsuesco,umerus,culpo,vesper,curis,cilicium,vix,46,32.33658665820123,84,aiunt,4,2,4,true,0.06020387539936345,2022-01-03T13:53:01.490Z,Tremblay and Sons,false
cae8a1ff-e95b-4ff4-a395-25dd551f48b8,2021-03-13T11:31:07.696Z,Kamilleland,Louisiana,Cambodia,-75.0053,95.4359,unus,amicitia,trado,demo,totidem,umerus,cubicularis,39,80.04033089664284,86,charisma,6,1,3,false,0.20535208045995412,2024-01-21T09:17:12.288Z,Kihn Group,true
72fc7447-4c4e-412d-9c23-109c2b18166b,2019-07-11T19:20:55.935Z,Jaycefurt,South Carolina,Brazil,-62.0083,104.9143,ventosus,fugiat,carbo,aperio,defetiscor,argentum,atavus,26,164.20227438607944,59,amissio,4,1,3,false,0.05946788458072513,2023-06-10T10:56:53.081Z,"Goyette, Langworth and Schumm",true
fe5321e3-1348-41ec-b4e9-7ac82db4e73d,2021-01-12T14:52:52.043Z,Bahringerstad,Colorado,Norfolk Island,83.0673,138.2459,omnis,universe,atrox,vergo,vos,subvenio,distinctio,61,151.9436698187303,85,abstergo,6,2,5,false,0.10859115634833627,2025-07-24T16:00:51.740Z,Gibson LLC,false
bf48ccb0-d6f2-43a5-8f42-d9b650bbda6e,2019-05-08T11:11:37.758Z,South Golden,Florida,Mayotte,8.4726,-3.0332,validus,sophismata,arto,solium,cras,triumphus,uberrime,91,91.25797121288649,38,carmen,2,2,4,false,0.00032962503164934986,2018-02-27T01:08:08.709Z,"Considine, Hammes and Wiza",true
881c66ea-1dc3-4f4d-a644-ff60ab45e473,2018-10-19T07:14:32.659Z,Isobelberg,West Virginia,North Macedonia,84.863,-92.5007,cui,veritas,admoveo,viridis,ver,ars,cultura,36,158.52623476925825,80,caries,1,1,2,true,0.10062284587159198,2018-08-17T13:48:25.930Z,Schinner Inc,true
2c7bbf11-1745-450e-8140-c6d7b6e34187,2020-07-26T16:32:18.224Z,North Jeraldworth,Louisiana,Tunisia,-69.7895,32.7198,praesentium,concedo,sumo,sonitus,deinde,amaritudo,truculenter,89,45.9014455745765,82,inventore,2,2,2,true,0.1953610554697159,2019-08-23T16:08:46.721Z,"Beahan, Deckow and Effertz",false
eb759c50-581b-4d1b-aa3c-bfb45f919530,2024-08-16T19:03:34.388Z,North Lillieview,Missouri,Ethiopia,-10.5494,73.2847,cado,apostolus,deinde,curtus,turpis,facere,uter,42,69.55136361769196,67,ea,3,2,4,false,0.20088911165662043,2019-12-13T22:44:20.056Z,"Ortiz, Langosh and Borer",false
4d8f333e-ba28-46d3-a988-1a29671d86b2,2020-01-04T10:38:10.537Z,Moriahfort,Nevada,Honduras,40.2805,-173.1818,clamo,valetudo,demum,summisse,adficio,cupiditas,ubi,122,161.47018697530632,62,pectus,4,0,4,false,0.054485430365397686,2018-11-02T11:11:35.043Z,Schumm and Sons,false