accident_id,incident_datetime,city,state,country,latitude,longitude,road_name,road_type,intersection_type,accident_type,weather_condition,road_condition,light_condition,speed_limit,actual_speed_kph,driver_age,driver_gender,casualties,fatalities,vehicles_involved,alcohol_influence,blood_alcohol_level,weather_reported_at,reporting_department,pedestrian_involved
998a3820-088e-4400-8f0c-5fa892938e02,2024-07-02T21:58:13.115Z,Pittsburgh,Georgia,Austria,-63.4421,55.3108,sint,vilis,acies,odit,amor,cohibeo,avaritia,67,125.48910872581402,32,victoria,4,1,2,false,0.09122264843867994,2020-05-10T07:11:07.362Z,Pollich - Keebler,false
b8caf591-5ddc-492d-96cd-6ffe92bcf250,2018-12-27T14:57:31.143Z,Jarrodbury,Delaware,Estonia,50.3383,29.9371,delibero,amo,adflicto,thalassinus,vis,surculus,ars,51,128.84603830337872,26,turba,2,2,3,false,0.14323314219082062,2020-02-01T11:22:14.825Z,"Rippin, Lueilwitz and Hammes",true
6aec5aca-09d3-4e6b-bda9-7b5912108f33,2022-03-26T05:37:47.477Z,West Aimee,New York,Timor-Leste,56.1611,71.1714,aequitas,stella,aeger,repudiandae,baiulus,molestiae,cuppedia,25,52.51059507063686,78,expedita,1,2,4,false,0.22329738752644776,2025-10-17T06:23:45.410Z,Kuphal - Ledner,false
257dbb74-657e-4ec5-b116-77c8cf4eb01e,2019-03-19T20:48:34.103Z,West Idellfort,Michigan,Senegal,87.47,-94.9562,at,soleo,confugo,peccatus,veritatis,degusto,cimentarius,70,6.293542638776346,64,crapula,1,2,2,false,0.2141769243912521,2025-08-03T13:58:58.932Z,Hayes - West,true
84c5ba81-06f1-443a-b068-4697484f3ea2,2022-02-09T06:04:24.857Z,Fort Jude,Nevada,Monaco,33.7169,-37.5543,depereo,decumbo,circumvenio,utrimque,adnuo,summisse,triumphus,114,133.49408947882992,95,nostrum,6,1,5,false,0.15531226316861452,2020-11-11T12:21:31.126Z,"Quigley, West and Mertz",true
173c74c0-8553-499f-aa9b-4d94249dbb85,2021-07-11T12:10:59.781Z,O'Connerfurt,Alabama,Democratic Republic of the Congo,78.9533,90.0191,harum,crudelis,coruscus,angulus,urbanus,celer,laudantium,71,188.12981347939964,100,viriliter,5,2,4,true,0.030961301775196653,2023-05-28T16:31:56.787Z,Nolan Group,true
13ccf8af-6883-4f13-b77f-57a3703357a9,2024-10-27T13:00:00.069Z,North Hadleyville,Virginia,Sudan,-62.6506,-43.8237,causa,tolero,dedecor,suscipio,aggero,corroboro,asper,32,12.492655920278661,25,crastinus,1,2,1,true,0.15862207946629633,2020-08-10T13:31:22.522Z,"Kuhlman, Heller and Block",false
1e905636-dc3d-49b9-b503-ae220fc75808,2020-06-12T12:41:08.953Z,Thompsonton,Maine,Slovakia,-31.6012,-27.7707,advoco,aestivus,cur,cernuus,denique,teneo,vigilo,94,149.73431420103765,35,vulpes,0,1,4,false,0.09927235470383483,2023-10-12T05:11:38.852Z,Carroll Group,true
c5f81f6a-90b8-4af0-ad25-5165d15e0ff7,2023-09-19T23:30:09.527Z,Joanneville,Tennessee,Pakistan,-13.9156,76.7405,excepturi,adhuc,vulpes,sodalitas,thymum,cado,crinis,42,213.50459824475726,88,cubo,4,1,2,true,0.19258929505051908,2023-10-06T11:25:29.127Z,Schamberger Group,true
13f13a62-1d30-4f73-9322-b32ba5bbed32,2025-09-28T11:30:19.591Z,Goodwinport,Iowa,Western Sahara,82.0602,-154.5431,admoneo,caveo,absque,comes,unus,eveniet,talis,31,78.71576592226214,44,conventus,0,0,3,false,0.17401924938022412,2023-03-03T10:43:26.481Z,"Schultz, Hayes and Barton",true
5b431e64-60d3-4afc-bd71-943d58d0f290,2024-01-22T20:14:59.739Z,Port Ellisview,Maryland,Dominican Republic,-24.49,56.1365,crastinus,summisse,callide,summa,conculco,tubineus,correptius,97,46.15896842605331,54,ascit,2,2,1,false,0.05600210291183175,2019-01-10T23:29:54.954Z,Sauer - Hermann,false
dbc1dafd-2e31-44c2-ae2e-6035e5b0f858,2022-10-20T20:31:24.234Z,Rudyside,Georgia,Taiwan,49.7232,-142.4491,quaerat,patruus,quasi,aptus,tum,celebrer,tepidus,39,92.19159552323578,72,spero,2,2,1,false,0.2079067683848322,2019-12-21T18:46:10.371Z,"Schowalter, Yost and Koss",false
b2ec0eac-d140-4400-a75b-0ddcc10480c3,2020-03-19T17:04:56.669Z,Rocky Mount,Vermont,Chile,-84.9469,113.9846,id,ara,supellex,ad,sublime,odio,thymum,89,168.96899831967863,96,ulciscor,4,1,4,true,0.049902647952757645,2023-10-24T09:56:23.312Z,Leannon Group,true
7874b5a8-11f3-477d-b303-25a69688f92b,2018-03-24T22:40:30.319Z,West Carmel,Utah,Kiribati,65.7063,135.6152,conatus,sed,taedium,cuppedia,turpis,suffragium,canis,40,62.17588800568354,18,beneficium,4,0,2,true,0.010724676212542555,2020-08-04T12:03:16.246Z,Ondricka LLC,true
65f1857a-59b6-4c8d-8ab7-8a1b84f0b46f,2025-01-23T20:18:23.384Z,North Hallieborough,Nebraska,Philippines,-70.7054,-178.0833,perspiciatis,viscus,thymum,dolores,vita,cogito,venia,83,28.294549751353387,65,tolero,1,1,1,false,0.2323542951056053,2023-09-14T22:35:48.520Z,Kuphal LLC,true
0dfbf681-b65e-4e54-9f51-84181fa04ce3,2019-06-06T08:06:08.474Z,Valdosta,West Virginia,Israel,-35.9394,-143.3795,spes,iusto,vero,amoveo,deleo,ars,teres,41,0.5454702204485784,33,acervus,4,1,5,false,0.07521496169152336,2025-01-17T03:49:23.166Z,Jast and Sons,true
6160698f-726a-4f6e-8e5a-8954488ef661,2018-11-09T19:43:04.920Z,Felicitaboro,New Jersey,Palestine,-85.9011,29.6738,debitis,quo,degero,illo,inflammatio,tribuo,sonitus,72,51.05006356611015,100,conforto,4,2,2,true,0.15566893320221697,2025-12-19T14:49:19.595Z,Herman - Ziemann,false
698d361e-a09e-4802-b616-88eeb70f80e1,2025-07-08T05:44:48.759Z,Steuberstad,Maryland,Cyprus,44.2285,73.5882,auditor,vesco,bonus,corrumpo,autem,suppellex,alius,129,191.18018731983062,68,verus,3,0,2,true,0.14180122263254136,2021-03-05T04:50:44.915Z,"Cassin, Hirthe and Collins",false
b54feecf-7eb9-46b4-9368-945aa22e649f,2018-07-19T00:35:34.517Z,Lake Dorotheatown,Arkansas,Kiribati,72.0913,137.9474,acceptus,quia,aperio,aro,thymbra,pauper,umbra,83,127.41350418605602,63,cumque,4,0,5,true,0.11706139285329273,2024-05-26T01:45:06.427Z,Hamill - Leffler,true
82a98ffe-1e8e-4d01-be77-78a58e8821b0,2019-01-10T09:08:23.464Z,San Antonio,Idaho,Sri Lanka,49.3076,27.2698,artificiose,crebro,alo,cunae,ager,derideo,viridis,123,172.54300153251612,21,sum,3,2,5,false,0.03967476934215014,2023-06-23T04:53:24.493Z,Casper and Sons,false
d314945f-f089-4343-9e1a-543c4870b4b1,2018-07-17T23:10:22.344Z,Dibbertboro,Alaska,Iran,44.7947,29.2591,adeo,cunabula,corona,abbas,subnecto,acies,textus,121,169.98275540753954,87,aliquam,0,1,4,false,0.16159346792505783,2020-07-28T03:04:01.435Z,Fadel - Hackett,false
66036422-9b2c-4d1f-8771-d9b45bebfa79,2023-01-31T01:11:42.436Z,East Johann,Idaho,Trinidad and Tobago,-61.6603,157.5739,astrum,denego,arma,creo,coruscus,defungo,perferendis,86,170.7328692209403,91,tener,0,0,5,false,0.06379159870220227,2018-03-18T01:38:05.217Z,Dickens and Sons,true
6e4e026d-61b9-44d9-916c-6dbe51fdf621,2019-07-04T17:46:28.195Z,North Soledadville,Georgia,Svalbard & Jan Mayen Islands,-29.996,-90.9783,clamo,defungo,coma,aestas,claustrum,tersus,pax,45,153.41253024597597,56,ascisco,2,1,5,false,0.23672079917042116,2025-09-25T18:10:55.880Z,"Heaney, Stroman and Christiansen",false
0ee63fc7-6d42-4924-bfae-0fdbe680a39a,2024-01-30T14:34:32.131Z,Methuen Town,Hawaii,Lao People's Democratic Republic,4.4719,-135.4964,quasi,vinco,ago,nisi,clarus,basium,atque,118,105.78795673130087,48,comitatus,0,1,4,true,0.09383943059835706,2025-11-25T07:31:21.332Z,"O'Conner, Greenfelder and Treutel",false
2a4fbd5b-b015-4f20-9c9e-f3da9c7c2156,2023-05-10T03:46:52.594Z,South Alayna,Nebraska,Montserrat,-81.5318,173.9536,sto,arto,vomito,damno,censura,tyrannus,amitto,47,60.34724346025138,97,creber,4,2,3,true,0.13307543673154795,2021-06-08T06:52:24.340Z,Feil - Skiles,true
d570004d-f4e8-40bc-b18a-f980f441d3f8,2018-11-14T17:31:30.396Z,Stoltenbergburgh,New Hampshire,Venezuela,67.0355,136.3638,dedico,auditor,sulum,certus,quae,odit,quas,55,73.75856464737772,75,arbustum,5,0,5,false,0.1637328553477595,2019-11-22T07:59:38.809Z,Dickens Group,false
10bb9f8d-2485-4819-9e72-e01641848c49,2022-12-12T03:34:51.252Z,New Kaleb,Wisconsin,Saint Lucia,1.0892,121.005,ducimus,cum,creta,ustulo,uter,suscipit,vomer,27,119.3220332059276,70,suus,2,1,1,true,0.061421354653671045,2024-07-31T17:29:53.862Z,Yundt - Nolan,false
d80a3d75-3ce9-49f9-90a7-97ff811b7e97,2023-11-02T03:06:08.381Z,Meridian,Maryland,Burkina Faso,-9.6547,-86.071,doloremque,cibo,cupressus,amplitudo,explicabo,cruentus,vergo,107,107.09603733143038,74,tricesimus,0,1,4,false,0.24074190009876895,2024-04-13T03:31:33.530Z,Ernser - Langosh,false
05b1c199-2772-4ef3-8ab6-40abfedf0eef,2025-03-07T15:29:30.424Z,North Lilly,Texas,South Sudan,-15.7243,-8.6837,ipsum,vae,desolo,quae,tempora,iure,cohaero,49,61.110932847311766,51,tumultus,6,1,5,false,0.0866358023809041,2020-09-24T19:14:19.038Z,"Bergnaum, Collier and Witting",true
0f26176d-fa42-4a90-abd6-014d2520ce11,2020-08-23T20:17:26.724Z,South Shyannport,Utah,Saint Helena,-88.9854,-93.7297,benigne,quasi,amicitia,torrens,vulgaris,decerno,cicuta,86,32.612545645824426,91,abduco,4,2,4,true,0.008265323905556898,2024-05-15T12:53:09.720Z,"Kreiger, Thompson and Yundt",true
897f176d-01c0-4db7-a85a-832050664329,2023-12-06T01:17:15.088Z,Marquardtview,Illinois,"Virgin Islands, British",31.184,173.9814,tergiversatio,utique,delectus,concedo,adeptio,careo,caste,50,130.536321961159,51,delinquo,0,1,4,true,0.07167001249087207,2019-02-01T08:59:57.760Z,Hoeger - Smith,false
b0dff073-e3b3-4185-b11f-e07bb33ed3ef,2019-06-27T15:19:57.298Z,Lunaport,Tennessee,Andorra,68.2904,30.8924,ut,cunae,xiphias,aurum,voluntarius,amaritudo,tero,38,135.6544601821895,91,tum,0,0,1,true,0.13219354685977103,2023-03-16T15:50:34.616Z,Altenwerth LLC,false
cc9745ba-00d2-4bbb-ba84-fc8ba9bd8c2c,2025-08-01T22:17:43.049Z,West Ana,Arkansas,Tokelau,35.6179,-63.1291,quam,talio,similique,voro,talus,doloribus,statim,60,200.95002555515086,28,accusator,1,1,2,false,0.2026857438982749,2019-03-04T20:08:34.260Z,McKenzie Group,true
cbe4542f-2b4c-4f48-9e90-a6bb069146c5,2020-12-23T01:58:56.629Z,West Marco,Kentucky,Belgium,37.5151,-36.326,tolero,deripio,coepi,cohibeo,pauper,amiculum,ustilo,110,232.0531993499927,48,depono,2,0,4,true,0.13480418931434437,2025-10-15T08:32:36.789Z,Krajcik Inc,false
4a4445b3-de91-482f-aa03-803b3efdf90c,2024-08-29T19:59:37.888Z,East Clareworth,Missouri,Netherlands,-47.7549,-64.9482,hic,viduo,tenetur,studio,sublime,adopto,casso,66,47.9051552748618,94,amplexus,0,1,1,true,0.2003440177162872,2018-08-12T15:54:23.402Z,"Gleichner, Cruickshank and Brown",true
ac435548-0416-4dab-b1f3-6620f895a873,2020-01-10T18:04:57.788Z,Schaumburg,North Carolina,Gabon,65.2907,-4.8571,quibusdam,denego,amo,surculus,reprehenderit,bibo,carus,121,161.85923800664148,21,vulgaris,5,2,3,false,0.09266774895189264,2022-12-31T13:29:34.144Z,Padberg - Ankunding,true
5afa0e51-8112-4bb9-ac19-402f658072f0,2025-06-22T11:03:25.483Z,Glenview,Kansas,Monaco,39.7741,77.0534,spes,corroboro,alter,claustrum,vulgo,corporis,avarus,121,207.66594221005315,66,ascisco,2,2,3,false,0.15973389810174748,2018-04-01T14:05:20.893Z,Bayer - Kilback,false
70342ce4-3b94-4453-af78-c2fcf35663e6,2023-05-05T14:08:57.946Z,Danbury,Indiana,Burkina Faso,71.6465,-25.8271,benevolentia,beatus,defleo,tunc,voluntarius,atavus,deprecator,76,192.1325989730311,28,adeptio,2,0,4,false,0.23368635147828618,2023-10-25T17:00:32.834Z,"Stiedemann, Veum and Powlowski",false
52f8de84-0860-4809-aee4-c480a4d4688e,2018-03-09T01:46:45.790Z,East Tiannaview,Idaho,Norfolk Island,52.5397,-155.0022,quod,curriculum,thema,quod,talio,defessus,demulceo,21,121.14437756588461,86,theca,1,0,2,true,0.057296488939988455,2021-09-25T08:57:33.826Z,Rogahn - Dare,true
df5a6f24-1f58-4581-b4c1-ac33d86e2ee3,2021-07-18T14:49:02.799Z,Armanihaven,Indiana,United States of America,23.5879,162.7583,utroque,tot,vicissitudo,non,curis,acervus,ab,33,33.230867526099495,58,demum,1,2,3,false,0.010027941475746982,2025-06-14T20:59:35.677Z,"Romaguera, Hettinger and Farrell",false
0952c4f7-3310-4eec-a8b4-79a73deb5842,2019-08-05T21:26:59.014Z,West Arlie,Pennsylvania,Holy See (Vatican City State),45.4082,-114.6104,tergeo,solum,viriliter,cervus,substantia,vicissitudo,sequi,68,126.07460905236236,46,alo,4,2,2,false,0.1884722199473297,2023-06-26T16:27:31.979Z,Ferry - Hodkiewicz,true
6d76ffc2-c672-4552-b1ea-37d8d36544aa,2024-07-24T18:15:15.318Z,Port Taurean,Tennessee,Sint Maarten,29.592,-91.8457,error,eius,ago,universe,vix,canonicus,usus,76,137.83150867208133,35,autem,0,1,3,false,0.22471913398232082,2021-04-04T01:30:20.302Z,"Brekke, Langworth and Stiedemann",false
74c32804-fc04-4894-a8f7-6e6bdc511cc9,2018-04-18T14:26:02.403Z,Fort Amalia,Kansas,Kiribati,-13.3526,120.0274,capto,quo,ad,suscipio,cilicium,decerno,cernuus,127,98.66405440192909,98,bellicus,1,0,1,true,0.19212777572992082,2018-06-22T19:32:14.876Z,Beier - Aufderhar,false
3b430370-c7c8-4ede-8bd5-a56096319a09,2018-09-15T03:48:10.256Z,South Edward,New Jersey,United Kingdom,52.1426,-124.9179,atrocitas,thorax,vito,dapifer,velit,vulnus,sursum,78,88.30357433276049,54,vorago,2,2,5,true,0.20989439838945767,2023-11-14T14:19:56.355Z,"Rempel, Hahn and Ferry",true
e2527870-e038-4ff7-85dc-892dd9120468,2023-08-31T12:01:20.330Z,Janellefort,Texas,France,35.4776,176.8698,curatio,beatus,synagoga,id,beatus,utrum,exercitationem,95,40.2109960239866,88,claustrum,2,1,4,false,0.14551568685232577,2021-11-24T03:08:45.094Z,"Goodwin, Kunze and Pacocha",true
ee010594-57d7-4a06-98fe-a09d07db0b24,2024-01-02T05:08:55.671Z,Alysachester,West Virginia,Micronesia,-84.7645,127.4215,suus,contabesco,charisma,accendo,a,ventito,verecundia,120,231.73961094531597,25,centum,6,0,2,false,0.015629356651510523,2019-05-07T11:50:21.919Z,Padberg Inc,true
0744a29b-8346-432c-ba16-8a18a312c55c,2020-02-24T19:41:03.396Z,East Jewell,Tennessee,South Africa,37.4033,-176.732,crinis,aqua,vulpes,depereo,speculum,voro,soleo,29,85.59035826077312,48,adulatio,1,0,4,true,0.03341350355745373,2024-02-03T12:37:14.450Z,Hackett and Sons,false
dee5f2a8-cd21-4689-a90b-24cf15938c97,2018-05-26T20:06:23.019Z,West Kaylah,North Dakota,Tonga,-40.3075,93.5912,ager,tantillus,toties,creo,aedificium,terminatio,claro,54,80.64886818825795,85,absens,6,2,4,true,0.24395032232647051,2021-12-28T09:34:53.706Z,Funk and Sons,false
7132b460-c58d-4480-89c0-52c82180f565,2020-10-06T10:57:46.515Z,Jevonboro,Tennessee,Tokelau,-72.4908,175.2393,aduro,ulterius,sol,cur,paulatim,provident,nobis,124,2.7437019187889167,89,eius,1,2,1,false,0.023019327206399626,2024-07-21T08:58:32.957Z,Tremblay - Jakubowski,true
3e1f5fd7-d9ec-47c6-9811-dac4c138ca3a,2020-05-24T18:37:53.583Z,South Marvin,South Carolina,Senegal,-3.8097,-55.3375,compello,amicitia,vinco,statim,arca,quaerat,amo,60,88.36169815185076,79,clam,0,0,2,false,0.045957101341798506,2020-09-03T14:19:22.334Z,"Goyette, Bechtelar and Ziemann",false
c34d7bc7-0add-4977-9de3-7468e0d27345,2021-11-09T10:48:50.949Z,Rancho Palos Verdes,Ohio,Malawi,70.3432,-31.0322,cruciamentum,corrumpo,defero,veritas,pauper,vereor,pax,109,3.7285464235156507,47,contabesco,2,1,1,false,0.021631719503564545,2021-06-24T06:03:17.361Z,Kovacek LLC,false
a336c8cf-9db3-4e23-a429-497bd8833b82,2020-06-06T10:22:17.252Z,Trompboro,Michigan,Syrian Arab Republic,49.234,-151.2714,pauci,admoneo,calamitas,facilis,clementia,vinitor,argentum,55,46.33759144314246,63,adsum,4,1,5,false,0.023966201525999986,2018-12-28T11:52:08.457Z,Little Group,false
9494dc46-0b2f-4097-849d-3c85ee0f367b,2025-09-13T10:54:48.165Z,Port Erling,Massachusetts,Estonia,-40.8573,-125.5928,absum,tabula,tabula,iusto,crepusculum,maiores,terreo,66,124.40963658436135,41,vinitor,4,1,3,false,0.10417582972866485,2025-02-11T06:03:38.339Z,"Berge, Nienow and Stark",false
5d49e6c5-1074-4dbf-a9a4-daa11d1a28e9,2022-11-09T18:08:29.782Z,Lake Jordi,Iowa,Czechia,58.7853,-127.9873,supra,thymum,a,vulgus,benigne,magnam,sustineo,47,164.3889589694431,43,fuga,2,2,5,false,0.08284237807648615,2024-04-10T09:58:15.514Z,Schaefer - Wyman,false
d4e6839b-3ade-4292-b677-a9cfd81dbeda,2018-03-08T19:08:40.806Z,North Alfredaport,Nevada,Lao People's Democratic Republic,63.3953,77.814,alius,conforto,ait,ancilla,summopere,cibus,cruentus,92,29.48406719291753,29,vulticulus,6,1,3,true,0.14141862017936435,2021-06-15T11:31:48.293Z,Streich - Altenwerth,true
b1191c68-6b1c-4f19-8020-57dd6f269412,2024-04-28T02:05:05.758Z,Little Rock,Montana,Tuvalu,73.3055,77.5525,apostolus,umquam,ante,tracto,avarus,eos,denuncio,92,75.78208115476853,85,voluptas,5,2,3,false,0.10820288813531648,2021-12-07T08:51:41.132Z,Nicolas Group,true
247b8109-523f-42f8-b913-172bcd45b375,2019-01-01T21:20:42.188Z,Ursulaburgh,Arkansas,Ireland,77.5605,93.7143,solvo,acervus,soleo,delectus,annus,sollicito,victoria,90,70.08111307405854,85,ciminatio,3,1,2,true,0.21553103842839894,2021-04-28T07:36:44.389Z,Wilkinson - Wiegand,true
893bba03-4697-4b71-ad3e-4c1c66ea4172,2022-08-13T14:17:25.600Z,Laviniashire,Florida,United States of America,58.6519,-92.4476,terreo,comminor,suppono,adsum,nesciunt,torrens,textor,78,155.65380665704933,31,trado,4,2,2,false,0.06240769827209719,2023-03-05T04:14:21.040Z,Gutmann Inc,true
0b469c20-0ea1-496e-930c-21a25a60b14a,2025-08-10T13:21:06.313Z,Medhurstfield,North Carolina,Lesotho,16.8545,15.8066,copiose,tametsi,atqui,bis,cruciamentum,ter,accendo,75,234.12010673606918,33,ante,2,2,3,false,0.13088922993697766,2020-08-09T11:37:34.209Z,Abbott LLC,false
0ae528b9-9932-4543-9f06-d6e21a1a6168,2022-04-10T05:15:26.906Z,New Joelleland,New Mexico,Estonia,67.773,86.6574,teres,eligendi,explicabo,adipisci,totam,uterque,impedit,58,125.03895536824096,51,facilis,2,1,1,true,0.12343162573588023,2022-05-12T15:27:43.178Z,Gerhold - Franecki,true
62658b4c-e0d8-4008-8509-e0cd3c613a6c,2022-05-21T08:28:33.088Z,Port Elena,Mississippi,India,-51.0417,19.4045,voveo,clam,umerus,coepi,accommodo,vulnero,desidero,112,69.58468625657885,72,vulnero,4,1,4,false,0.15722841131129264,2019-07-20T15:35:49.509Z,McClure - West,false
fad0880a-a054-4a40-ad96-02760ba045a0,2024-10-13T04:08:33.878Z,Martyhaven,Pennsylvania,Cyprus,23.3267,59.2797,cetera,auxilium,adulatio,pax,asporto,stabilis,accusamus,81,110.00474682315325,84,angustus,5,1,1,true,0.07667511944774255,2023-02-12T04:19:33.668Z,"Nienow, Hegmann and King",true
3d50ca45-f8b9-4e9f-9a02-b6ebefec63c8,2020-05-29T10:31:41.211Z,West Odellcester,Washington,Mali,-43.9867,161.3975,comitatus,consectetur,demergo,corpus,conatus,solvo,absum,80,102.70852416381847,85,celebrer,1,1,1,false,0.2341971681104712,2021-05-04T20:23:40.205Z,"Lueilwitz, Dibbert and Quitzon",true
9a97a4f0-37bc-4456-a240-6e3e8cbd5b5d,2019-09-09T04:14:50.386Z,South Rico,Colorado,Reunion,5.9225,130.5985,vado,neque,veritas,calcar,curso,catena,degero,58,20.236395638994964,83,color,5,1,4,true,0.12076792655439239,2019-11-09T15:23:57.761Z,Kemmer Group,true
cc39b467-c85a-4742-becf-4935fa2be743,2018-02-25T06:43:19.058Z,Reynoldfort,Arkansas,French Southern Territories,-71.7091,-134.0464,assumenda,talus,deinde,pauper,incidunt,verbera,civis,130,21.201689596179563,85,maiores,0,1,5,false,0.18968115258588766,2025-01-16T02:06:19.571Z,"Herzog, Bartell and Mraz",true
efb2eb44-b85e-4d4b-acea-65b180354e7f,2021-01-27T05:54:56.006Z,Kallieworth,North Dakota,Jamaica,34.6023,8.0016,absens,acies,adficio,demitto,desparatus,desolo,debilito,80,63.4811967340341,18,artificiose,2,2,1,false,0.13059348866940726,2021-02-06T09:08:40.109Z,"Abbott, Bruen and Gerlach",true
b3d1b7ef-6f60-42d6-91a9-887805066637,2022-05-26T23:58:08.545Z,Eltamouth,Tennessee,Anguilla,7.6373,-86.6714,vos,statua,supellex,adulescens,cras,basium,causa,96,176.38707601248862,43,tredecim,4,0,3,false,0.2307884279432387,2022-05-23T05:20:08.857Z,Larson LLC,true
c50cd667-23e9-4ab8-999e-8b352f96b652,2020-07-07T21:02:26.544Z,Port Delphatown,Wisconsin,Haiti,-28.9506,-162.7918,cultura,somnus,ambitus,collum,creber,vorago,uredo,48,56.917094274860474,83,vita,1,2,3,true,0.23981500250035062,2019-04-02T04:01:59.270Z,Cassin - Quigley,true
7333ce2f-a2ab-4d83-8dd1-0b70590750b0,2022-05-15T02:25:06.908Z,Hackettbury,Minnesota,Georgia,-19.2591,110.0496,statim,votum,suffoco,dolores,vacuus,audeo,vulnero,80,91.09209910034936,52,considero,6,2,1,true,0.19856726511937403,2019-02-15T00:47:10.002Z,Thiel Inc,true
c383683a-ae85-49b4-ae28-543aecf0ba96,2021-02-09T16:59:15.873Z,Blairmouth,Nebraska,Equatorial Guinea,-36.2264,-178.471,eligendi,articulus,supplanto,vesica,conitor,ver,appello,28,229.59658581267394,99,vae,3,2,3,false,0.1814239378140058,2019-05-05T00:22:44.096Z,Adams - Feest,false
3d604de5-d3ab-47aa-b5ee-b4de08100a46,2018-06-23T18:27:14.301Z,West Anaisfurt,Wyoming,Uzbekistan,-43.9995,-92.2424,alius,absorbeo,balbus,comprehendo,quam,utrum,depono,78,147.6573970584459,77,deputo,0,0,3,false,0.2419378226146248,2023-10-01T13:37:25.227Z,Kirlin LLC,true
32bac9cb-0920-48ec-b784-c2f2301620d5,2022-10-25T02:53:06.771Z,Osinskifurt,Arkansas,Cambodia,-38.2383,62.4754,cruentus,tabgo,tempore,ait,tempore,sustineo,vilicus,70,122.60729999052248,25,aetas,1,0,1,false,0.06051331016257963,2025-02-09T16:54:18.862Z,Hessel Inc,true
15b11fc7-7390-4cb0-82bf-b9cc35762d24,2018-12-09T06:45:34.620Z,Larsonport,Wisconsin,China,-35.3216,-110.665,adfectus,crustulum,spes,pectus,canto,tardus,placeat,49,153.19066924571553,57,veniam,2,1,3,false,0.06883517500253822,2020-04-12T15:02:48.310Z,Wuckert Group,false
8fc1ceea-df10-4c6c-a51f-6646cf48c410,2023-04-04T17:19:46.193Z,Bernhardmouth,Washington,Netherlands,-22.3408,-36.3016,rem,vitiosus,cognatus,debeo,trado,subseco,vinum,25,204.68260605460202,97,cupiditate,2,0,1,true,0.06215458025588225,2022-11-18T05:41:34.597Z,Graham - McKenzie,false
c975f957-fcd1-41c6-a834-7a275e725626,2025-11-29T00:42:10.601Z,Lubbock,Nebraska,Saint Vincent and the Grenadines,32.6117,0.7697,praesentium,adeptio,suppono,vito,vis,totus,volaticus,85,107.12496587660377,94,deputo,1,0,3,false,0.14979612750769908,2024-11-24T04:53:48.637Z,"Macejkovic, Hessel and Altenwerth",false
40442356-385b-44d0-8517-3e8e5bea4ab4,2024-07-26T01:51:30.326Z,Renton,Oregon,Pakistan,50.717,143.0388,volup,tantum,ater,unus,terminatio,amissio,aveho,121,220.28576303055442,42,comis,5,1,5,true,0.014779505702386286,2021-06-28T17:08:15.933Z,"Sipes, Ebert and Blanda",false
b32a8a8a-2b6b-423f-b8dc-c97750b002d2,2018-08-15T08:42:08.407Z,Fayland,Connecticut,Rwanda,-63.9443,52.2406,vorax,ars,alo,clementia,ago,cupio,nostrum,58,153.20914570507801,19,crepusculum,2,1,2,false,0.15012324620018647,2025-09-16T23:44:31.099Z,"Rodriguez, Davis and Bruen",false
af65aa83-c3ab-4800-9c14-412fac9939f4,2021-08-16T09:31:34.566Z,Olsonton,Alaska,Turkey,40.7585,51.3768,benevolentia,vulgaris,tactus,temporibus,uterque,vaco,administratio,115,97.91369560586095,29,cometes,1,1,2,false,0.1906402099727373,2022-04-16T02:18:31.518Z,"Strosin, Pacocha and Kub",false
e947d6cc-5564-4e37-91f6-b842cdd4df84,2025-01-19T06:18:08.345Z,Arnoldville,Maine,Vietnam,-86.4956,123.5057,caecus,undique,spargo,stipes,delego,appello,artificiose,127,236.86972218983354,41,adipisci,3,0,3,true,0.17751219944771826,2025-02-18T07:31:44.360Z,Auer and Sons,false
ed0994f5-e8a8-4451-bbd4-e09bb3783ab7,2020-01-05T00:26:30.387Z,South Delphineview,Oklahoma,Gibraltar,-23.2648,69.7808,amita,dedecor,deprimo,alias,textilis,despecto,avarus,37,178.36727061685673,59,vinum,5,2,1,false,0.05956739526724744,2022-04-23T21:51:19.677Z,Hills LLC,false
500f076c-4ce7-4cfb-989a-8501fd7ad33b,2019-05-22T23:37:12.788Z,Mayertborough,Tennessee,"Virgin Islands, U.S.",-36.9429,131.4628,capio,numquam,conor,advenio,cedo,vitiosus,vicinus,91,110.04922329294332,61,solus,6,2,5,true,0.102977889269599,2018-12-18T04:05:53.674Z,"Marks, Barton and Renner",false
d8c7c1d3-ef94-468b-877a-d5de3784f92d,2021-09-09T11:41:46.167Z,Lake Davin,Florida,Maldives,71.4359,148.2745,tego,theatrum,vulgivagus,reprehenderit,alveus,sub,ambitus,52,169.7397225963235,54,vir,6,0,2,false,0.2030210956112713,2019-05-01T03:40:06.257Z,Cormier - Schuster,true
893543fb-d4e6-4b65-adf1-cd0c28c34106,2023-10-01T15:09:55.084Z,Port Dorothymouth,Wisconsin,Falkland Islands (Malvinas),-18.2901,72.5043,vigor,tempore,color,venia,conicio,vere,canto,84,91.17324378064811,98,culpo,4,1,2,false,0.08458766840187104,2021-03-29T18:09:30.737Z,O'Kon - Wilderman,true