accident_id,incident_datetime,city,state,country,latitude,longitude,road_name,road_type,intersection_type,accident_type,weather_condition,road_condition,light_condition,speed_limit,actual_speed_kph,driver_age,driver_gender,casualties,fatalities,vehicles_involved,alcohol_influence,blood_alcohol_level,weather_reported_at,reporting_department,pedestrian_involved
b77fac18-16ba-4904-9f8e-80c111924781,2021-08-02T21:31:49.515Z,Castro Valley,Tennessee,Uzbekistan,43.928,-69.7221,incidunt,ter,enim,confido,vado,arto,quisquam,57,200.61508771813206,29,adulatio,0,0,4,true,0.23603361837379389,2020-11-19T19:52:44.529Z,Mills and Sons,false
d188057a-eea7-42f5-afda-63789c348195,2022-05-26T21:02:01.873Z,Port Hilma,Vermont,Latvia,-28.8494,-136.9919,calcar,adhaero,ventosus,valetudo,compono,strenuus,talio,75,146.18814627200956,20,absque,0,2,1,true,0.23224533691572866,2020-07-29T08:06:12.732Z,Ullrich - O'Connell,true
2a6913bd-99b4-48c1-94a3-15de5d5a34b6,2022-05-17T15:10:02.069Z,Raulchester,Alabama,Democratic People's Republic of Korea,69.6167,-36.9751,fuga,tenus,peccatus,cognomen,constans,benevolentia,cogito,93,144.72800113101172,30,autem,5,0,1,true,0.02829938451286995,2021-01-15T02:05:20.595Z,Baumbach - Oberbrunner,false
185a11db-1dc3-4c63-8300-8a973eced5cf,2021-05-01T02:37:07.757Z,East Venafort,Illinois,Togo,-62.0066,-124.1856,comis,volaticus,teres,thymum,adulatio,testimonium,ager,116,184.9351000497169,47,vulnus,4,0,5,true,0.019174482437553098,2021-11-27T09:15:03.815Z,Nikolaus LLC,false
e7f6ecf3-ec0a-4385-a9b0-f473087de83a,2018-07-02T21:53:41.949Z,Daytona Beach,Rhode Island,Bermuda,81.7906,-56.4134,consequuntur,bellicus,decipio,cum,inventore,capillus,adsidue,22,63.81776783215129,96,arx,3,0,2,true,0.12203523380590459,2024-05-14T22:01:23.273Z,Okuneva - Nicolas,true
fb50afce-b868-4968-989c-7ad795452fa0,2020-08-19T12:03:06.565Z,Lehnertown,Louisiana,Dominican Republic,-29.6743,-54.2726,ullus,commodo,distinctio,teneo,alter,nulla,creo,119,63.40958525138528,39,basium,2,2,4,true,0.0219722367363189,2023-01-10T20:45:30.326Z,"Legros, Stanton and Nicolas",true
48a05e14-c2b8-4005-8b44-4c83928a0665,2019-01-20T15:11:58.073Z,New Emory,South Dakota,Romania,39.1617,-151.7305,nostrum,iusto,deficio,arma,ager,vesica,verecundia,116,209.54197614851228,48,suffragium,6,2,4,false,0.08336451446490634,2018-04-26T00:07:41.351Z,"Kuhic, Goyette and Jast",true
eff653f7-ce47-42cf-955c-4d4de36f9bbd,2021-03-31T21:21:15.409Z,South Clotildefurt,North Carolina,Democratic People's Republic of Korea,55.7394,33.5376,carbo,totidem,amo,vindico,alveus,auditor,vita,88,26.41979298456741,44,ambitus,6,0,5,true,0.059107935987859156,2020-02-06T03:17:06.592Z,Russel - King,false
a8a20a67-ee58-41ad-89f1-f9da9b03794b,2022-04-25T15:00:22.777Z,Lake Natalie,New Hampshire,Andorra,-28.6967,-62.6961,aegrotatio,earum,inflammatio,depulso,curto,atqui,demergo,89,134.72029226532254,21,consequatur,4,1,3,false,0.22406382245762074,2023-06-04T13:12:27.518Z,"Renner, Little and Lindgren",false
4d68ebba-0ad5-4124-ba29-7a12a83d89d6,2021-01-16T20:39:25.259Z,Walnut Creek,New York,Jamaica,-55.1836,-175.8483,deleniti,ocer,eos,ultra,asporto,blanditiis,necessitatibus,126,170.69842446042273,58,stabilis,5,1,5,true,0.10560866719306755,2024-06-09T15:42:55.422Z,Zieme LLC,false
b3873187-0d39-4de8-93c1-465234bc2b2f,2024-10-30T12:29:42.504Z,Fort Asiabury,Wisconsin,American Samoa,9.7056,126.2794,dolorum,vetus,possimus,crinis,ventito,terga,eum,108,134.50418784983316,24,vox,3,0,3,false,0.0679280362245164,2025-09-08T00:33:44.799Z,Hyatt - Ziemann,true
64b67d2a-3529-4b37-8e9a-911a108cebc1,2018-03-17T21:14:09.966Z,Great Falls,Delaware,Taiwan,57.4056,-7.3502,approbo,beatus,tripudio,ulciscor,urbs,administratio,ambulo,120,117.55615637197926,51,vado,3,2,4,true,0.24080951987174448,2019-06-07T21:16:22.875Z,Schamberger - Kiehn,false
ca1fbd04-fbac-407f-ba87-1aa64a7235ba,2023-08-18T15:52:30.424Z,Aloha,Oklahoma,Turkmenistan,-11.4344,-133.9948,ciminatio,videlicet,coerceo,tondeo,vulgivagus,cum,agnosco,40,160.57700097401315,30,eum,1,0,4,true,0.13179383675699533,2021-07-04T13:31:55.851Z,Bode - Schaefer,true
a76633ba-6e7e-4cda-834d-3967ebe521fc,2024-07-13T06:26:39.562Z,Marjoryland,Louisiana,Sudan,-45.1698,132.5264,casus,delectus,aegrus,uredo,tertius,aliquid,tergiversatio,58,203.47295454976722,27,atqui,0,2,2,false,0.1509608173067016,2019-11-03T03:13:54.634Z,"Vandervort, Schuster and Russel",true
40666509-c97b-4516-ad06-99d71c3e72c3,2025-11-27T06:09:55.627Z,Freedaside,Idaho,Palau,72.5353,156.427,viscus,ultra,ultra,tolero,verbum,decumbo,arguo,129,184.85042885252653,88,demergo,6,0,4,false,0.2120944880798515,2019-08-15T06:23:54.278Z,"Schoen, Gleason and Keebler",false
a5c4c283-173b-43dd-8254-567806e9a825,2020-04-10T07:37:44.143Z,Port Amariborough,Iowa,United Arab Emirates,-33.0305,153.1433,avarus,pecto,articulus,adinventitias,apostolus,vilicus,corpus,126,72.49983921113875,28,thymum,6,2,2,false,0.24914507119009466,2023-01-16T10:48:38.756Z,Stroman LLC,false
b86c2948-bdba-4dfa-ab32-67a688eebeda,2022-07-06T16:58:43.334Z,Baumbachhaven,Florida,Brunei Darussalam,84.1452,58.1943,tenax,dapifer,curis,concido,doloremque,sodalitas,hic,124,25.94742755606515,35,caput,2,0,2,true,0.002186952501914502,2021-07-24T15:36:35.696Z,Kling Group,false
57794780-f3ca-4e72-8c67-b68f51ff2a66,2018-03-27T19:40:33.432Z,Passaic,Nevada,Macao,64.1517,-172.7053,commemoro,vomer,coniecto,bonus,volup,demitto,dedico,72,36.05256742216952,96,audeo,5,1,4,true,0.04105324494516058,2024-10-22T02:58:53.050Z,"Koelpin, Jacobson and Hodkiewicz",false
dde044ec-5cbe-41d9-ad7a-80af4c8c442c,2019-02-10T18:28:14.599Z,North Alexie,Mississippi,Cyprus,-26.2497,81.4102,id,sulum,recusandae,labore,suffragium,succurro,corona,83,116.69814075436278,76,volubilis,0,2,1,true,0.1372568057267745,2019-06-11T03:20:42.212Z,Lebsack - Mayert,false
cb26cd67-cdb9-4e9c-a0d0-4c45587f8db6,2024-04-29T18:35:22.614Z,East Kiera,Texas,Antarctica,-74.4795,-169.9905,ratione,dolorem,auxilium,bibo,articulus,abbas,alii,124,234.46579786969664,53,denique,2,2,5,false,0.14473017202405497,2019-02-21T07:30:56.442Z,Roob - Hilll,false
8c5f39ac-d0c2-423c-afbd-ed97eb3df5ac,2020-04-22T07:41:35.187Z,Port Ariel,Minnesota,"Virgin Islands, U.S.",-2.4549,13.0891,contigo,comburo,thesaurus,consequuntur,vero,ulterius,amissio,129,206.24879254091505,60,altus,1,2,2,false,0.19541828880602155,2024-05-01T09:05:45.115Z,"Gusikowski, Heathcote and Marks",false
9aad282f-0176-4aa1-bfab-af0f16852b56,2019-05-10T23:24:21.651Z,East Summer,South Carolina,Papua New Guinea,-54.4681,-28.9731,deputo,vorago,tersus,cedo,sulum,balbus,appositus,38,72.70747817180948,71,nesciunt,2,1,2,false,0.029475478104634384,2019-10-31T16:42:43.086Z,"Swaniawski, Blick and Ryan",false
4661b672-b476-4590-afc1-648cc2627f8b,2025-10-31T20:13:18.103Z,East Marcelinobury,Delaware,Bouvet Island,60.6617,77.1838,acervus,adeo,cubo,subvenio,admitto,custodia,cunae,120,127.82603944941198,91,amplexus,0,1,2,true,0.0776436540994915,2022-12-19T16:30:19.153Z,Collins LLC,true
4c69363b-e3f7-4173-b468-fdf90865a106,2020-05-03T09:49:01.375Z,West Jimmy,Nebraska,Monaco,-46.6596,-67.094,valetudo,celer,culpa,conturbo,cultellus,omnis,subseco,96,148.05200176459138,37,ceno,4,2,5,false,0.15379136994604367,2024-10-26T09:11:48.618Z,"Strosin, Padberg and Feil",true
cfceeb76-a2da-4d2c-bd54-53c29bfe4c0e,2025-09-02T07:51:57.471Z,North Aida,Missouri,French Guiana,61.3727,131.2025,usus,vulnero,nemo,cursim,utique,perferendis,tolero,118,218.67502904906254,68,talis,1,0,1,true,0.06947488611120345,2018-12-23T22:03:52.895Z,Swift and Sons,true
4e40cbeb-3eb4-4a57-b289-7039499502ad,2023-11-14T14:48:05.022Z,North Augustside,Minnesota,Peru,-39.6264,-44.0503,tenax,adopto,decipio,patruus,abduco,aiunt,atrocitas,114,234.1693271714234,29,corona,5,2,2,true,0.22432640827426442,2024-03-19T04:33:08.093Z,Quigley - Morar,true
9c33be8d-b716-41ce-81cd-163015b4273b,2018-07-02T15:54:41.760Z,North Laurianechester,Iowa,Portugal,17.8592,145.548,ulciscor,culpo,vae,stultus,confido,deporto,admitto,97,31.120597067209445,87,despecto,5,2,4,false,0.17803802817839587,2023-10-26T23:32:01.764Z,Labadie - Adams,false
21919bda-d383-41fe-b26e-bcc3e40a0fd6,2023-11-29T15:31:48.231Z,New Lucie,Utah,South Sudan,-10.2929,54.824,dapifer,caecus,utilis,quam,speciosus,repudiandae,tyrannus,82,226.33607408850165,63,vereor,5,0,3,true,0.21336342369834094,2020-07-25T06:12:23.891Z,Mante - Parisian,false
deab3a7a-5da5-4208-8de4-cfc2ea4638e6,2018-03-03T14:24:55.734Z,Fredrickboro,Delaware,Samoa,-6.8926,41.9428,conservo,adinventitias,tamisium,thesis,conitor,clarus,conservo,106,147.9264993591827,27,occaecati,3,1,3,false,0.2283063435877358,2023-01-27T15:48:50.414Z,Nitzsche - Goodwin,false
ed387533-a811-4a0a-8d27-7987c9d1c6ca,2021-07-29T07:40:01.433Z,South Craighaven,Nevada,Pitcairn Islands,6.8431,31.8655,cibus,undique,stipes,alioqui,occaecati,textilis,corrupti,67,8.132055702880372,94,repellat,2,1,4,true,0.13542953982227024,2025-05-24T01:11:34.567Z,Willms - Prosacco,true
e1739bca-a279-438b-a787-6c214c95b62e,2018-06-25T17:28:35.461Z,Danachester,New Hampshire,Malta,-59.8869,-72.8855,cohors,unde,vos,aro,thalassinus,comburo,sint,127,49.702432953634386,30,hic,6,0,4,false,0.1563498534768978,2019-09-01T08:11:20.583Z,"Gerlach, Carter and Schmeler",true
2af68368-a88a-442b-ada0-dc88dc7b5c6b,2020-09-04T16:20:34.219Z,East Billyfield,Arizona,Paraguay,-87.1663,-69.9454,tracto,acsi,conventus,ventus,vorax,tener,cultura,35,29.82393820268843,30,vilitas,5,0,4,true,0.17642476911698302,2018-11-03T16:46:46.930Z,"Kessler, Trantow and Keeling",true
c992bb32-d214-485e-8b27-48b1b915ace6,2021-09-09T08:35:00.392Z,East Eleonore,New Mexico,New Caledonia,-38.3024,-47.683,autem,vos,trepide,tametsi,tonsor,paulatim,ullus,65,23.886883122680178,50,crepusculum,5,1,5,false,0.17621998793293417,2021-04-03T08:24:14.991Z,Jacobs - Goldner,false
e768645d-ec1f-4469-8965-db7723aa902a,2025-10-02T08:23:40.781Z,Toyfield,Connecticut,Tuvalu,65.7495,31.2073,absque,tabula,temeritas,testimonium,benevolentia,perspiciatis,arcus,93,163.45361489843995,91,videlicet,0,1,3,false,0.1720509351538936,2023-06-01T05:22:41.885Z,Turner and Sons,true
57110f31-8146-483d-aba5-c2d7678b1469,2023-05-09T07:51:27.729Z,North Burniceport,South Carolina,New Zealand,46.4123,-82.7718,vinitor,vir,allatus,deludo,valde,denuncio,aer,61,128.68167961312395,19,necessitatibus,1,1,2,false,0.16390155833880904,2025-01-31T11:22:57.816Z,Connelly Group,true
31e4d2b2-c81e-41cd-a045-6696bd8e07b9,2019-12-07T04:45:46.074Z,North Brennonton,Oklahoma,New Caledonia,-52.9512,126.3483,pax,labore,ullam,cariosus,appello,arx,accedo,39,213.49270638007022,23,capitulus,5,0,1,false,0.2087356382365291,2023-04-17T14:11:34.684Z,"Streich, Metz and Breitenberg",true
b80bce2a-1b39-4911-a3a1-abf2d681458f,2025-11-27T12:59:47.935Z,Hawthorne,Maine,Congo,-42.0526,73.8717,subiungo,amitto,hic,cubitum,conspergo,terreo,varietas,67,80.01586615492485,73,absens,6,1,4,true,0.20558929659421782,2018-02-22T09:37:14.959Z,Bergnaum - Anderson,true
94d756f9-61a8-446a-bf7a-7d440d8ec421,2019-07-23T02:39:11.810Z,Port Solonport,New Mexico,Mauritius,-39.279,-130.7822,hic,tergo,et,volubilis,tepidus,apostolus,peccatus,37,87.31015007763298,23,utpote,3,2,3,true,0.02727537947703082,2018-10-13T08:18:20.754Z,Hodkiewicz - Frami,false
c83fbd03-6562-41a9-b4ad-6cc524c03b3c,2020-04-11T10:08:22.787Z,South Shaynefurt,Wisconsin,Kazakhstan,-66.0963,-71.9622,ipsum,crinis,amplus,succedo,alius,reiciendis,solium,46,220.7117817213901,17,ater,6,2,5,false,0.18766153326728394,2022-12-06T21:37:09.173Z,Waelchi - Pfeffer,true
688323cf-23c4-407b-b549-d713804583c2,2021-09-24T19:05:54.073Z,South Paolobury,Oklahoma,Liberia,-28.2253,61.1908,caritas,doloribus,ademptio,ex,possimus,adinventitias,terra,62,69.51078547660464,73,abbas,2,2,5,false,0.08459948852427099,2024-01-16T12:19:51.910Z,Lang Group,true
8c8ac075-8328-48e1-8910-5d6be149e0f8,2022-12-08T00:01:26.147Z,Nevaborough,Alabama,Christmas Island,-13.5671,-13.1231,delectus,cum,victoria,eligendi,tollo,crinis,expedita,60,189.36652341044743,89,dedico,4,1,2,false,0.13365027020252843,2021-06-03T21:15:56.033Z,Quigley Group,false
a2714752-f150-4d07-833c-508b6719b33c,2023-12-23T00:08:59.116Z,Wisokytown,Delaware,Guatemala,-57.4511,-159.1215,cultura,coepi,succurro,arceo,degero,patior,tergo,20,138.0951842367364,53,valde,2,1,4,true,0.18029913521002414,2020-12-31T23:56:50.090Z,Aufderhar - Dare,true
fa5d2834-43d5-483a-a523-6ead56054917,2021-02-25T04:27:34.207Z,Waterbury,Illinois,Tokelau,63.9612,95.1941,stips,caput,culpo,absconditus,tamisium,valetudo,copia,21,133.3519577695752,47,accommodo,2,0,4,false,0.09915850255403183,2018-06-20T14:56:53.055Z,Goldner Inc,true
08dacfcf-dc37-4bb8-aad4-684d0a3fdd3e,2025-08-17T20:04:58.878Z,New Ariane,Kansas,Malawi,6.0364,-105.5256,nobis,voluntarius,adfero,alveus,summopere,crux,adulescens,98,215.25012054343193,76,omnis,3,2,3,false,0.23985423995685753,2023-12-18T19:49:26.531Z,Kihn - Kertzmann,true
3470d91c-472b-4be2-8bf5-d43f24568035,2020-05-31T20:06:22.844Z,Port Norma,Nevada,Yemen,-79.0932,101.8955,capitulus,auditor,cruentus,viscus,spectaculum,denego,suggero,67,162.98565423641693,83,alius,2,0,2,true,0.1173104047154161,2024-06-06T07:00:05.329Z,"Schaefer, Keeling and Mayert",true
c6190400-7bc6-409d-80af-a687dd9b3d83,2020-05-18T07:39:10.666Z,Novastad,Delaware,Peru,82.7666,12.3634,addo,corpus,dolor,autus,beatae,viridis,arbitro,93,136.0719247273046,78,despecto,0,1,1,true,0.1222317859921172,2020-10-15T09:06:17.553Z,Bahringer - Ernser,false
76457d84-93f7-4e64-b8f6-a35309873747,2019-01-11T14:06:25.326Z,Fort Gerda,Maryland,Nigeria,-31.7489,37.2739,quisquam,tamquam,vitae,curia,sursum,centum,viduo,94,112.56795945438937,40,pectus,2,1,4,true,0.17298992921665085,2019-11-16T14:23:51.993Z,Mante - Bauch,false
4d58393f-e216-4dbd-87e2-3db04a2db485,2020-11-09T04:28:14.575Z,Chino,Colorado,New Zealand,22.2521,70.8695,reiciendis,tamquam,suppono,patria,usitas,desparatus,veritas,67,2.8695254615220644,52,vita,0,1,5,true,0.2275613572450384,2020-08-23T16:02:27.618Z,"Fritsch, Wunsch and Yost",false
a0750019-63f0-4ab4-95c6-944bd58e73ab,2020-05-13T16:24:03.751Z,West Edison,Hawaii,Sint Maarten,-25.2054,-59.7688,adhuc,temptatio,ager,vulticulus,conservo,temeritas,uter,90,73.6792426921101,57,umquam,1,2,4,false,0.21281920972911028,2024-09-11T14:00:30.610Z,Mante Group,false
a09535f8-1f6f-4841-a520-e73cde941b8a,2019-01-14T08:36:56.877Z,South Helen,Indiana,Senegal,-53.6594,-170.3784,voro,sperno,cuius,ustulo,consectetur,magnam,verecundia,38,66.67169218817132,38,caritas,4,2,3,false,0.17939798801468818,2021-05-18T12:45:14.389Z,Hartmann and Sons,true
bed1f017-ce64-42b2-b957-4d3e3c5e7a89,2024-04-26T18:16:01.492Z,Santa Maria,Oklahoma,Iran,-23.8396,24.5226,capio,crinis,pectus,vulpes,venia,urbs,altus,47,141.1399744759102,43,tamquam,1,2,5,true,0.1635453513602317,2022-08-03T14:42:02.634Z,"Hansen, Lang and Gibson",true
89d06569-d104-49f6-9ba9-622f07a0da46,2024-02-17T10:33:33.906Z,Frisco,Washington,Ukraine,73.0985,-59.3348,totus,vix,aperiam,tantum,pauci,absque,derelinquo,21,84.44881965804498,20,comedo,6,2,2,false,0.24732588883708978,2018-01-01T22:30:07.365Z,"Padberg, Hoppe and Sauer",true
50b29361-befc-4001-8fdf-98e31793b7ea,2022-09-04T05:26:22.902Z,East Effieland,Oklahoma,Guam,80.8054,160.7729,sono,alii,aiunt,vulgo,sto,viridis,culpo,99,226.38430007984326,47,cilicium,5,0,1,true,0.004004356290731148,2022-05-04T14:20:32.570Z,Hagenes - Flatley,true
bea728f8-e47c-43e0-8784-449422585540,2022-08-05T07:13:11.797Z,Rutherfordburgh,New York,Kuwait,-27.2676,-117.711,acquiro,attonbitus,illum,verbum,casso,tricesimus,ars,73,101.2531380902601,94,tondeo,5,2,5,true,0.19024515404469833,2025-12-08T20:39:00.752Z,Hintz - Schmeler,true
f153d71f-67db-4552-af1a-ffd77f37a5d8,2019-10-16T12:09:36.257Z,Lake Jefferytown,Wisconsin,Chile,78.2747,-148.2408,totus,pecto,canto,cetera,curvo,sint,sui,97,67.74084020566099,66,reiciendis,1,2,5,true,0.12402001509810509,2018-10-02T11:56:30.300Z,"Haag, Bartoletti and Daugherty",true
306a6dd9-51d0-4e4d-aad2-62ffec523ddf,2025-12-29T08:24:19.598Z,Guaynabo,Florida,Martinique,27.9215,-70.0478,vinum,alo,eaque,sopor,a,temporibus,ater,31,116.04709757536422,34,appono,6,1,2,false,0.1525164217049774,2018-11-03T10:29:20.237Z,"Nitzsche, Nicolas and Koch",true
88bee95b-0e40-45f3-a382-ec3b85b663a7,2025-09-27T12:21:11.929Z,Ricardochester,Massachusetts,Northern Mariana Islands,47.7279,139.3049,aggero,adhuc,strenuus,aequitas,copiose,ventus,tepidus,79,11.2319661209116,93,succedo,1,0,3,false,0.007412155605468401,2022-02-07T07:04:34.805Z,Mayert LLC,false
42e933e6-574f-4a96-858b-8c5794e5f94d,2019-12-02T09:36:12.672Z,Lake Kristofferside,Wisconsin,Bahamas,72.4787,32.9216,aggero,coerceo,coruscus,quaerat,super,error,officiis,128,198.0503467437166,100,capto,2,0,3,false,0.07828814901348352,2020-07-06T10:03:06.157Z,"Hahn, Macejkovic and Collins",false
48860dfd-8f2a-4b1e-bd8e-ee525b1c4a32,2021-07-07T05:26:31.286Z,St. Peters,Hawaii,Trinidad and Tobago,75.8447,-15.032,artificiose,tamdiu,claustrum,suppono,adhaero,sustineo,triduana,52,137.83950557167373,43,vergo,4,1,2,true,0.24410281486876154,2025-06-09T03:07:30.373Z,Pfeffer - Senger,false
c072dd6d-2c31-4c13-86fd-372627c76312,2020-07-19T15:30:46.301Z,New Robertaton,Iowa,Slovakia,13.3392,-78.4187,dedico,averto,villa,defleo,aveho,repudiandae,unus,122,19.954516514706526,95,adhaero,0,2,4,false,0.040942336610881785,2022-05-23T22:49:16.736Z,Mueller LLC,false
94e078b1-8cfe-4a72-956f-01dacc1de02a,2020-08-05T07:33:20.993Z,New Kayleeborough,Alabama,Moldova,70.7661,-143.1584,dolores,advenio,talio,desidero,approbo,cruciamentum,argentum,84,1.1828580634181485,39,voro,2,0,4,false,0.18295166617893252,2023-06-15T11:05:42.624Z,Harber - Spencer,false
0cef7d09-2693-4e0b-a360-9ab1c6834e55,2025-09-02T08:10:24.070Z,Loyceton,Wisconsin,North Macedonia,-57.0918,-34.7884,depopulo,crinis,uberrime,labore,itaque,quaerat,adeo,21,92.659602491698,31,viduo,1,0,3,false,0.11469830166983686,2025-12-20T13:58:05.231Z,"Lesch, Rolfson and Lakin",true
fccf8150-7413-48f2-b402-aeba45caacbd,2018-04-05T08:04:13.234Z,Quincy,Ohio,Antarctica,-89.3643,-6.1475,peior,abundans,uberrime,vigor,odio,adicio,tristis,32,6.302245015980423,34,antiquus,6,0,2,true,0.18837462649280307,2022-03-19T08:29:26.300Z,"Paucek, Boyle and Barton",false
72bdcc2d-e11c-436b-8a0a-a211f60c5ed4,2024-05-19T23:01:26.310Z,Fort Alethaland,New Hampshire,Cote d'Ivoire,-40.8879,-155.3436,textor,crustulum,ullus,copia,fuga,tamdiu,tactus,73,40.292091499058074,79,triumphus,3,1,1,false,0.03064640416821396,2020-03-10T05:04:00.637Z,"Gutmann, Dibbert and Brakus",true
4d221f60-2239-4e28-9bdc-aab3db682863,2024-12-02T03:04:19.951Z,Bridgeport,South Carolina,Aruba,-72.8863,-5.4709,cunabula,acervus,subito,torrens,accusamus,amor,vulnero,82,31.510128516613545,58,canonicus,2,2,2,false,0.051655990938480806,2025-08-13T11:33:20.433Z,Robel LLC,false
3f61f807-06d2-42ee-8ea4-0de54e3f2846,2019-06-04T04:56:40.068Z,Port Reanna,South Dakota,Saudi Arabia,23.051,135.3057,aiunt,doloremque,caterva,dicta,commemoro,supellex,cibo,93,13.41647586667773,57,tolero,0,2,2,true,0.06357453542253011,2022-01-22T12:07:06.532Z,"Ortiz, Macejkovic and Schowalter",false
3b716c74-b42a-4e73-9771-3ff34ee2bfcf,2024-05-17T12:02:46.167Z,North Cadencester,Michigan,Zambia,-41.6874,-15.5128,quos,dedico,comprehendo,virtus,cupressus,contra,canis,78,172.78780133247707,19,cernuus,0,1,5,true,0.08288564769321274,2022-04-17T17:48:11.059Z,DuBuque LLC,false
ec0f7378-b386-443f-ae7e-52d2251db1c2,2021-04-07T10:14:42.022Z,North Royce,North Dakota,Armenia,-19.8448,30.1805,balbus,solium,aliquam,solus,aliquam,ambitus,viridis,31,45.40140679905987,39,coaegresco,2,0,4,false,0.005062775539761394,2021-06-22T12:25:52.115Z,"Heller, Zieme and Morissette",false
a0cd0322-3eeb-4bf4-b44e-74b5e9ffa9d9,2022-06-03T19:11:28.714Z,Aufderhartown,Oklahoma,Hong Kong,-85.7963,-56.1767,admitto,ubi,terra,turbo,curis,corrumpo,thesaurus,113,206.52610957553821,33,delectus,5,1,5,true,0.22349710559798935,2022-10-23T00:22:58.170Z,"Runte, Krajcik and Gutmann",false
becfeac4-529a-4d99-99ab-42d980eb44b2,2025-10-23T06:33:39.374Z,Fort Orvalberg,South Dakota,Moldova,-60.5775,-48.5428,reiciendis,defessus,accendo,caput,dolorem,sortitus,stips,126,81.84039889994904,90,tergiversatio,4,0,3,false,0.16001963979845701,2024-09-09T19:01:17.369Z,"Orn, Collins and Harber",false
c770bf4d-9dd8-4110-a063-150b47f2eca5,2018-04-20T15:27:46.672Z,Cierraberg,Washington,Canada,81.6642,-94.2214,magnam,numquam,stabilis,vilis,claro,cupressus,tergum,115,44.65312342075979,44,cetera,1,1,3,true,0.035344920165332666,2022-01-10T00:15:59.299Z,King - Fisher,true
c9cbbca1-9971-4b5b-9303-d3a99d16762d,2023-02-03T15:45:22.020Z,Port Eldred,Kansas,Kiribati,31.0053,56.988,vespillo,viridis,condico,canto,ab,dicta,aestus,107,13.070891115093302,87,demens,3,0,1,false,0.08551153367646647,2019-09-14T20:18:48.805Z,"Mitchell, Strosin and Connelly",true
63fee1b6-06f3-41e8-97e3-4ab1dbd64582,2018-12-14T10:51:26.579Z,Port Dejah,Florida,Papua New Guinea,-78.854,162.6841,truculenter,tactus,approbo,decumbo,tot,thorax,est,115,177.70753794677836,36,paulatim,6,1,3,true,0.2457252658035001,2022-05-22T07:22:22.499Z,"Heaney, Wilkinson and Paucek",true
d85a311e-1c9e-473f-8e7e-8cd31ac2bc0b,2020-05-13T20:15:50.783Z,Orvillefort,Nevada,Jersey,-58.8931,15.2425,abundans,calamitas,desidero,quibusdam,vulpes,antea,curto,70,236.02876391629158,85,strues,1,0,3,false,0.20963725818897502,2020-09-10T12:13:12.783Z,Cummings - Crist,false
c866c19f-2e67-4927-92b4-5ff1b4a15246,2020-04-16T09:04:56.230Z,Boyleside,Georgia,Tuvalu,78.4659,-127.4124,illum,calculus,nostrum,amitto,arma,derelinquo,sequi,117,73.68695915998879,16,cunabula,6,1,2,true,0.05837038904298078,2021-08-18T06:47:04.662Z,Becker Group,true
a090f055-74e7-4542-9ca3-acd4c5db6023,2021-07-09T08:15:13.911Z,Meganeworth,North Dakota,Democratic Republic of the Congo,-0.2992,-38.2493,advoco,substantia,tempore,textus,rerum,venustas,dignissimos,116,236.53356059631847,65,pax,2,1,5,true,0.15971510941930192,2024-08-25T15:50:59.701Z,"Gerhold, Padberg and Douglas",true
3bb081ae-2e39-4499-a255-81f6a0a1c951,2018-06-20T08:43:47.892Z,Port Londonbury,Ohio,Botswana,-76.9393,60.8661,vesper,dedecor,agnitio,spiritus,conicio,tamisium,terebro,80,127.267598078747,45,textus,3,2,1,false,0.2420028701895536,2019-12-24T19:33:52.184Z,"Bauch, Cummings and Christiansen",false
4ec4f104-2808-4ae7-a7d2-6196b62c72d3,2019-07-20T14:16:26.177Z,Meaganborough,Louisiana,Romania,-55.9168,-115.605,surgo,atavus,non,demens,ultra,territo,varius,119,91.80968307170633,73,tredecim,0,2,4,false,0.05839106308806502,2024-04-12T02:25:30.778Z,Welch and Sons,false
591dffd0-182d-43b9-8449-98774c833227,2021-06-02T19:54:07.593Z,Boca Raton,Hawaii,Tokelau,-84.8974,124.3696,sumo,accommodo,conscendo,earum,validus,adfero,solio,61,54.490885274238856,85,audeo,2,1,1,false,0.07455034745103045,2022-03-22T23:16:32.077Z,Bashirian - Ward,true
1ad0abc6-37de-464f-87a6-5b4a44736f16,2021-06-17T04:30:59.693Z,Fort Havenview,Missouri,Cuba,49.3952,71.0966,numquam,candidus,soleo,earum,strenuus,tenax,utrimque,71,5.733307422539786,76,aperte,5,2,4,true,0.08267269098967509,2025-12-16T18:26:03.321Z,"O'Keefe, Dooley and Schimmel",false
5508c966-fc69-42bb-a43d-006f2a578c46,2019-01-07T08:37:07.673Z,Verlafort,Indiana,Niger,44.2145,-55.4601,canonicus,temeritas,valetudo,thermae,undique,amoveo,dapifer,32,48.72188600276814,64,vox,4,2,4,false,0.2194925563232514,2018-11-28T08:59:03.738Z,Towne - Franey,true
c9b546b0-caf0-4da9-a95b-9adbdc147bb3,2022-09-10T06:12:39.202Z,Dothan,North Carolina,Panama,-53.4809,-14.7557,harum,vomer,civis,tenuis,cohors,arma,voro,101,102.69716495139963,51,suscipit,5,0,4,false,0.2064478496368834,2025-03-26T16:15:42.799Z,Ortiz - Shields,false