accident_id,incident_datetime,city,state,country,latitude,longitude,road_name,road_type,intersection_type,accident_type,weather_condition,road_condition,light_condition,speed_limit,actual_speed_kph,driver_age,driver_gender,casualties,fatalities,vehicles_involved,alcohol_influence,blood_alcohol_level,weather_reported_at,reporting_department,pedestrian_involved
d28f5fa4-63de-4826-8bff-ac20821ef29e,2023-12-07T07:43:01.201Z,Collierville,West Virginia,Bangladesh,64.0341,-81.4935,strenuus,volva,deludo,adulescens,neque,usus,suggero,126,180.32171926635408,33,suffragium,4,2,4,true,0.050868095796101354,2023-10-19T05:01:05.668Z,Schultz LLC,true
cb1cd888-3185-4456-84da-123eddb9930a,2018-06-27T21:23:50.748Z,Lakinside,Arizona,Trinidad and Tobago,-37.0223,-174.1998,et,deduco,pauci,constans,stips,tot,cupiditas,128,138.714983345772,20,talus,0,0,5,true,0.2316296764054461,2018-01-06T18:25:04.342Z,"Murazik, Oberbrunner and Ritchie",true
c33bf377-71d5-4b9d-824b-d4b885240ce3,2018-05-25T07:01:57.066Z,Reillybury,Ohio,Norway,14.5141,-169.0109,cumque,carbo,cernuus,subito,tutamen,deputo,consuasor,103,71.77525577606828,44,provident,6,2,3,false,0.08463406483383168,2023-12-04T15:50:25.416Z,Armstrong - Willms,false
7c4df1dd-c6e1-4709-b9ba-5fdc46c07b89,2021-04-04T09:07:50.881Z,Antelope,Georgia,Grenada,71.4649,-6.016,contra,cohibeo,recusandae,aequitas,sufficio,carbo,aestivus,74,183.90936752013607,94,degenero,1,0,4,false,0.20099950402688788,2019-12-30T21:04:03.555Z,Goodwin - Bayer,false
5b722e5e-935e-4b69-a01f-0398959ba249,2024-08-11T09:37:10.041Z,Lake Donaldhaven,South Carolina,Russian Federation,-59.3569,-79.5278,cupio,caterva,illo,amaritudo,et,beneficium,magni,104,78.56544769833732,69,atqui,3,0,2,true,0.07578997061420992,2022-02-16T13:52:00.201Z,Barrows Group,true
d18d8077-19b9-4c9c-93a1-5c347abed8a2,2025-10-09T06:55:16.866Z,Ankundingfield,Alaska,Belgium,53.7916,174.368,vae,soluta,defluo,cogo,a,deporto,aperte,36,185.96032218762988,27,amita,3,0,2,true,0.11921740486712987,2021-02-19T17:12:23.903Z,Boyle Inc,false
8e2e8a85-3e06-40ec-b46c-2207ea954cad,2023-06-10T04:57:07.612Z,Gonzaloberg,Oklahoma,Bolivia,-51.2109,178.8278,derideo,absens,attero,ipsa,molestiae,acsi,solvo,64,167.07979038644103,77,dolore,0,1,3,true,0.12182167298310834,2021-06-23T09:48:39.828Z,"Vandervort, Cronin and Mohr",true
54184f49-89bc-4147-89cd-89f480abbcf7,2024-12-09T06:46:12.205Z,West Chelseafurt,Utah,Equatorial Guinea,-49.6658,174.6516,crux,acies,nesciunt,conturbo,sol,thymum,argumentum,26,147.78871665772147,32,ars,0,2,5,true,0.24907050225114652,2019-04-04T21:49:22.713Z,Bartell Inc,false
66ee317c-2751-4a04-b7de-b03f0510071b,2022-03-21T05:41:47.524Z,Jasontown,Florida,Tanzania,-33.0658,17.9752,tamen,vita,catena,tam,animi,capillus,abbas,49,109.60036210717385,37,villa,6,0,5,true,0.08111313585964494,2021-05-24T11:58:01.117Z,Lebsack Group,false
7192c37d-0255-4cdb-bc5b-e7f562156458,2020-03-31T16:36:38.000Z,West Donavon,Louisiana,Argentina,-35.2546,-110.0176,vestigium,accedo,curo,tergum,corroboro,vulgivagus,demitto,50,51.457200988526075,78,deripio,0,2,1,true,0.07302986007726703,2024-10-10T03:52:04.297Z,"Mertz, Rowe and Dicki",false
205b1bb2-8c46-4e44-8928-8c098f1834c1,2018-11-13T11:41:11.508Z,New Donniecester,Ohio,Costa Rica,-25.0467,83.2868,patior,deprimo,delego,textus,tunc,speciosus,catena,49,112.42209126611363,16,vinco,2,0,1,false,0.061784298525661335,2020-03-27T16:37:36.906Z,Steuber and Sons,true
0c7e2995-8db6-4cfa-ae8d-495bc2d9770f,2018-04-11T10:36:39.584Z,South Thomasburgh,Florida,Guam,66.9796,178.1795,odit,amplus,vespillo,sollicito,tabgo,arma,canis,116,72.9912876015909,28,aestas,6,0,1,true,0.2166825182460733,2020-03-05T19:00:06.094Z,Reichert - Hermann,false
40ccdc0a-7ebc-4596-ad0d-643ad262742a,2022-02-10T04:29:12.374Z,Kamronview,West Virginia,Pitcairn Islands,2.0674,112.9603,pauci,cerno,cras,iure,adsum,tabgo,terror,38,112.19695472179272,16,victoria,4,1,1,true,0.0014595751977292126,2024-05-26T04:31:14.771Z,Lemke - Hayes,false
a185b40a-9043-44da-83dc-3ae01354cdc3,2025-12-28T19:37:23.929Z,Ryancester,Tennessee,Algeria,32.4241,63.6348,dens,supplanto,demoror,xiphias,vivo,crepusculum,antiquus,118,145.4440112592106,71,crastinus,1,1,5,false,0.031944715521319916,2022-03-09T09:53:53.475Z,Welch - Leannon,false
c6dc18d3-7be5-4d74-aaa4-ffb8f1c56e70,2024-10-28T04:10:31.721Z,South Perry,Maine,Andorra,52.4864,115.2427,bestia,eos,coerceo,tutis,bardus,adhaero,calamitas,48,161.65893835699387,90,crapula,4,1,2,true,0.19935117133463193,2022-12-15T03:31:43.387Z,"Hills, Gulgowski and Langosh",false
c7b0b4e3-c23d-4e2d-8535-e006e6af037b,2023-04-08T06:57:05.937Z,Eliezerbury,New Hampshire,Andorra,53.1011,76.7556,deinde,carus,illum,spes,candidus,vicissitudo,abundans,50,0.342381829945797,96,complectus,5,2,4,false,0.012321046610754866,2024-07-21T15:14:13.199Z,Rodriguez and Sons,true
4fe75c5c-80ab-4345-9fd6-2a8d9a87e81b,2020-03-12T08:22:27.066Z,Utica,Illinois,Ghana,-82.472,76.315,cursus,audentia,ventito,varietas,nisi,aetas,succurro,107,98.72455007503349,23,depromo,5,1,2,false,0.025725695605847088,2019-12-29T09:19:34.378Z,Schroeder Inc,false
2e936aa8-5d18-4150-8cac-3d5604ae45d5,2023-11-21T05:49:47.086Z,Port Marcos,Utah,Moldova,-10.7347,-146.8103,nam,pecto,vacuus,tot,aestas,consequatur,amicitia,48,117.28800947216298,23,veniam,6,2,4,false,0.07614728778137281,2025-02-24T09:36:13.300Z,Greenfelder Group,false
10a50f59-9847-4560-9c45-ffec864c52db,2021-07-06T09:14:06.886Z,San Ramon,Arkansas,Falkland Islands (Malvinas),-39.1615,-18.6545,cilicium,conitor,quas,sursum,aro,subseco,adfero,65,227.08254890911329,76,depraedor,5,2,4,true,0.10855400034682985,2021-07-26T11:56:49.282Z,"Daniel, Runte and Block",true
792b9c21-9794-45c5-b640-cc1535a10f7a,2023-07-19T08:27:51.283Z,West Newell,Virginia,Kiribati,-79.517,-127.3094,adsidue,vulpes,calculus,adficio,amiculum,audacia,tener,25,11.565564703922142,98,undique,2,0,1,false,0.028107475823498568,2020-07-31T17:04:38.482Z,Muller - Marquardt,true
125dfe00-8d4d-4ff0-88a6-9279e38f095b,2018-07-02T00:55:46.226Z,Fort Tina,Wyoming,Canada,-76.8914,-85.6217,cibus,aveho,validus,uxor,annus,coadunatio,thermae,46,38.85333744994142,68,comptus,4,2,1,true,0.10788916507272153,2020-04-08T15:23:41.770Z,Heidenreich and Sons,false
dde4eab5-7117-45f3-8cc6-aab169e2c572,2018-05-26T08:36:10.639Z,Port Dwightton,Tennessee,Thailand,-7.2686,-93.5848,solum,correptius,subiungo,aestivus,auditor,ventus,pecus,80,171.76190484271942,99,depereo,3,1,4,true,0.10442675735170379,2025-06-18T20:58:49.394Z,Conroy - Rodriguez,false
e98df428-a8b0-47d8-a81a-d9d06896b754,2023-02-02T07:55:04.248Z,Moorechester,Iowa,El Salvador,5.0416,69.5927,eaque,trans,arcesso,apostolus,coadunatio,aliquid,recusandae,43,82.03701947387158,38,aiunt,2,0,2,true,0.1464873735985365,2018-08-13T05:33:17.159Z,"King, Ziemann and Waters",false
504915d5-c575-438f-9580-b0eec82137ca,2023-06-29T16:36:19.559Z,Jakubowskiworth,Louisiana,Argentina,61.6607,-26.0935,carbo,vomer,una,possimus,deprimo,absum,cernuus,71,140.09516045490145,98,abutor,0,2,4,false,0.22757861597383752,2020-06-21T07:36:51.252Z,Mohr LLC,true
7fd949cf-dd6f-450b-b520-7b82576a0db3,2021-12-10T21:52:53.747Z,Port Ottis,Hawaii,Cyprus,40.4203,125.3961,demergo,degusto,voluntarius,demitto,caste,depulso,utor,118,198.89745092890152,74,corpus,4,0,1,true,0.0946566444364362,2021-12-18T19:14:25.623Z,Price and Sons,true
39ba13ca-66f2-44dd-a6b0-4189dbebfa6b,2023-06-07T12:03:26.560Z,Strosinworth,Alabama,Gabon,-24.795,18.6736,amissio,xiphias,allatus,temeritas,coniecto,velut,vulgivagus,31,155.5879842764211,92,consequuntur,3,0,4,false,0.01147044572632383,2020-09-07T12:05:24.153Z,Koss - Bayer,false
e9ebc45c-2a83-4ed0-94e6-3cf53cd954bf,2018-07-05T18:22:33.573Z,South Alvis,North Dakota,Comoros,-15.7752,-90.7673,colligo,conqueror,cura,corrigo,defungo,suppono,combibo,67,31.294891336081267,47,voluptatibus,5,2,2,false,0.17030489320734785,2023-03-06T11:29:56.353Z,"Jacobson, Muller and Heathcote",false
f173bc47-4046-4314-bc67-aa2bb58a088b,2023-11-11T19:12:42.680Z,East Greggview,Iowa,Saint Vincent and the Grenadines,22.2145,88.7561,dens,chirographum,admitto,altus,torrens,villa,adamo,41,192.92413101052514,74,degero,6,0,2,false,0.010018045394873054,2018-10-28T00:04:56.798Z,Rolfson and Sons,false
b88e1843-7d70-41a0-94e7-701819264f75,2025-11-13T16:44:23.127Z,Kubton,Illinois,Croatia,70.9027,16.7203,vinum,similique,arceo,tabella,thema,tempora,suasoria,93,149.77735594995747,71,bellicus,4,2,1,true,0.15573646911358022,2023-05-27T11:35:11.583Z,Towne - Waelchi,true
ef63b75c-f20a-4e04-951b-e97e08a169f5,2025-04-05T11:19:10.200Z,New Yessenia,Louisiana,Lithuania,-78.2368,-65.2676,varietas,teneo,vesco,velociter,corpus,taedium,caput,29,163.45545521734016,76,comis,2,0,4,true,0.15441731138934053,2024-04-24T02:58:12.418Z,"Glover, Klocko and Toy",true
0b0f2d5a-5567-46d3-89bf-68db1a54a379,2020-11-19T12:27:02.479Z,Metairie,Delaware,Ireland,-87.3609,74.5837,reprehenderit,tego,cunae,deficio,iure,ambitus,iusto,130,102.27143345889797,83,solitudo,1,2,3,false,0.1428319037308093,2025-03-31T13:35:13.777Z,"Hessel, Roob and Bashirian",true
1fe748ff-066d-426b-966c-21a62c2ac547,2022-02-06T11:23:32.684Z,East Annabel,Wyoming,Faroe Islands,27.0219,160.6242,aurum,earum,vinculum,cultellus,cubitum,peccatus,urbanus,72,235.1223938990597,67,convoco,6,2,3,false,0.000005607399598622775,2019-09-04T11:31:22.897Z,Kemmer Inc,true
91c6b46e-68ea-4c18-9cfe-875688b3d5da,2018-03-05T06:44:58.303Z,West Chase,West Virginia,New Zealand,11.206,-11.7072,tollo,tamen,adulatio,utique,aut,caritas,ascisco,115,51.66137852942281,61,nemo,5,0,1,true,0.06346635054183691,2023-12-07T18:45:44.558Z,Ziemann - Gutmann,true
67eb6b84-5267-4f61-b284-5dae9ae06277,2018-02-01T23:14:42.236Z,Elliotstead,Florida,Cayman Islands,-75.5334,58.217,audeo,animus,suus,paulatim,inventore,capio,arcus,124,41.198922852836155,86,altus,3,2,4,false,0.21272337912439912,2025-10-02T11:42:29.580Z,Pfeffer Inc,true
4a765c95-bf9b-4d5a-8cae-b89609855091,2019-05-12T16:30:57.015Z,Wilhelmineside,Oklahoma,Equatorial Guinea,-20.0529,-78.5856,delibero,clibanus,vulariter,vestrum,tabula,stella,sit,44,67.0380687806475,33,accusamus,0,1,4,false,0.14108385730927292,2020-06-28T00:57:24.032Z,Crooks - Olson,false
2df05125-6eef-4d25-9b18-9f3794c7c5e9,2020-11-22T19:35:53.153Z,Mission,Florida,Canada,-85.754,-144.4141,angelus,torqueo,articulus,centum,corroboro,deinde,agnitio,69,199.21349085397313,87,caste,3,2,2,true,0.10376620572385067,2025-01-10T08:19:25.051Z,"Emard, O'Conner and Howell",false
2103b837-1e27-472c-8365-167d0115a9bb,2023-03-12T23:16:37.075Z,New Fausto,Alabama,Qatar,56.7437,158.0996,bis,soleo,ea,adficio,canis,delectus,quibusdam,61,121.37518392980027,44,est,2,2,1,true,0.10734653161939153,2024-03-24T08:02:53.604Z,Stroman - Upton,true
e5dabd16-0f67-4c0d-8e9f-7d132bdaadc5,2021-04-03T13:06:38.226Z,Columbia,Virginia,Italy,-86.283,48.008,decet,correptius,cerno,rerum,valeo,spero,consequatur,45,182.20009811809336,27,suscipio,6,0,1,false,0.017291373964067325,2024-09-30T08:41:20.090Z,"Langworth, Thompson and Vandervort",false
3006c99b-aef0-4057-8770-dc9a2afd11b5,2019-10-06T12:45:08.840Z,Rowland Heights,Nebraska,British Indian Ocean Territory (Chagos Archipelago),83.1073,43.7108,accusantium,delego,advoco,accendo,talio,damno,clementia,40,2.5075675801601616,68,amiculum,4,1,2,false,0.05149001684811977,2023-11-21T05:12:33.144Z,"Tromp, King and Gutkowski",true
fce46f4c-7f56-4c02-85cb-1ac437f33ea2,2018-10-31T05:45:58.327Z,Fort Kaylin,Utah,Eswatini,-61.8563,130.2738,articulus,incidunt,defero,causa,optio,amaritudo,copia,44,75.96056953374145,98,clibanus,6,1,2,true,0.09900256183637271,2024-02-04T16:05:06.329Z,"Strosin, Reichel and Durgan",false
474d5912-e65a-44f3-9284-a2f1d8264371,2025-02-27T23:19:29.986Z,Fort Winfieldstad,Louisiana,Venezuela,31.9413,-52.266,tandem,blandior,solus,tantillus,veniam,cavus,ars,79,212.9995984176316,21,autem,6,2,4,false,0.09697794639117466,2023-04-02T22:07:53.937Z,Lynch - Hayes,false
654543c2-c171-4eb5-8408-6baf0cec6263,2018-04-24T21:29:56.533Z,Lake Haileyton,New Jersey,Western Sahara,64.3325,24.3923,ait,thema,adficio,aperio,summisse,aureus,tunc,63,40.59216029218214,86,utique,2,2,4,true,0.15077038780301066,2021-09-03T00:19:46.138Z,Terry - Stracke,false
ccf937cc-f7a2-4a59-9457-4ebe20fa45d3,2025-07-25T02:56:21.788Z,Fort Everardofield,New Hampshire,Antigua and Barbuda,-74.8169,104.4735,demum,umerus,tempore,inflammatio,ceno,animi,cursus,73,22.426774712511765,41,astrum,4,2,3,false,0.18984974104002525,2024-08-19T06:52:59.308Z,Keeling - West,false
3bba4352-5e06-4e9c-9324-9bb3b81a052e,2018-03-02T09:32:13.395Z,South Dorrischester,Arkansas,Tonga,-51.7326,5.3297,volup,tabella,repellat,vix,cunabula,nemo,tenetur,113,131.35368990003704,70,conforto,6,0,3,false,0.14392353465775193,2021-08-27T02:35:46.371Z,Purdy Inc,false
752aceb1-5cef-4665-91fc-2d8b6056f6f2,2018-12-26T21:24:01.002Z,Fort Adell,Virginia,Brunei Darussalam,82.7009,-118.8965,tametsi,contra,defetiscor,patria,tergum,vomito,adopto,115,114.51526868197129,22,est,3,2,5,false,0.2268012029132304,2024-11-06T18:34:24.881Z,"Mertz, Marquardt and Wisoky",true
59239240-82a8-435a-86b0-f75b383e99fc,2023-06-01T21:43:32.094Z,Edmond,Washington,Monaco,-15.8286,-16.338,chirographum,alias,supplanto,dolore,cauda,admiratio,alius,123,174.54954784852012,79,molestiae,3,1,1,false,0.00035696816093111483,2019-01-07T06:54:03.270Z,Ebert - Wehner,true
a8a8ffaa-a83c-4e95-b27d-22973a3791f7,2018-08-07T22:05:26.049Z,Johns Creek,Nebraska,Vietnam,48.793,10.0991,antea,decipio,strues,carbo,absum,tenax,constans,29,113.10691308273846,97,suspendo,4,1,2,false,0.08424067964142148,2022-07-11T11:42:52.527Z,"Boyer, Bernier and Ruecker",false
72483a44-113a-4b85-bbf7-02df38677901,2019-02-26T16:23:19.994Z,Kansas City,Pennsylvania,Guinea,-73.7567,-137.7578,antea,corrupti,cado,earum,atqui,dolorum,varius,53,28.775541869033027,100,adaugeo,0,1,2,false,0.005762333873666453,2021-05-25T23:35:44.245Z,Greenholt - Bogan,false
64170541-677c-4e57-9fd6-4291f7c431e5,2023-10-06T21:49:21.449Z,East Beverly,Kansas,Libyan Arab Jamahiriya,48.6114,108.7724,vulgaris,vespillo,desino,antepono,at,vulariter,confido,101,237.1563018912507,55,molestiae,0,1,5,true,0.02250480118884665,2022-03-22T16:25:32.211Z,Beahan - Crist,false
21f45d06-dfee-42dc-9353-808e0dcdcd7a,2024-03-01T09:48:32.957Z,Fullerton,Tennessee,Holy See (Vatican City State),-16.7984,-101.1189,terreo,utrimque,antepono,barba,vetus,surgo,clementia,76,31.02462852669202,47,anser,5,2,3,false,0.13663251898015877,2022-08-11T09:51:36.492Z,Zieme - Boyle,true
2a3e2b5d-5560-45f9-b7b9-59c54724265e,2023-03-21T15:10:38.830Z,West Emmanuelleborough,Kentucky,Netherlands,-37.3551,80.6252,adipisci,vere,adnuo,chirographum,tot,tardus,cuppedia,126,228.56712830835582,92,harum,3,1,1,false,0.02997683870174203,2019-10-26T18:09:30.117Z,Abbott - Fisher,false
de98db44-e06e-473c-8d92-895c5ca685ff,2025-09-10T09:39:08.524Z,East Norrisville,Louisiana,Bahamas,-45.2385,45.5571,undique,verbera,officiis,cresco,cruentus,angulus,verbera,116,233.07357987586016,88,curiositas,4,1,3,false,0.07932168299789519,2024-02-15T21:29:08.533Z,Sanford - Cronin,true
38a0c912-2ef8-4cde-b07d-5bb1bc8d781c,2023-11-28T11:16:10.430Z,West Jordan,Oregon,Cuba,56.0885,-37.1431,avaritia,truculenter,quaerat,volutabrum,torrens,charisma,adipiscor,23,10.968822552956246,92,aggredior,6,2,3,false,0.0826737909338027,2018-11-04T03:38:06.977Z,Botsford LLC,false
c871dcc9-871a-4a42-abc9-7e0eb8a96bc7,2022-12-02T11:36:12.702Z,West Aurelia,Washington,Antigua and Barbuda,-63.904,140.4538,caecus,commodo,deripio,vae,cumque,voluptatibus,quibusdam,78,4.2018357523073036,66,aspernatur,6,0,3,false,0.1688338061313806,2019-11-12T12:31:17.719Z,McGlynn - Hirthe,true
13ce023d-ed70-43cd-afee-363df5358974,2021-11-12T23:50:01.544Z,North Lelahside,Mississippi,Solomon Islands,-19.145,-48.758,capio,dolorum,calculus,cito,vehemens,sum,avaritia,49,55.51362533183167,65,tepesco,5,1,2,true,0.1408698316636989,2022-02-22T15:51:21.635Z,Upton - Mosciski,true
41a28164-5de7-45ac-9088-15334b566c34,2020-06-26T15:43:09.682Z,South Gonzalo,Alaska,India,-72.422,2.5857,suggero,contabesco,corpus,sustineo,provident,depono,demonstro,66,27.546811796859565,78,possimus,6,0,4,false,0.09856042447971808,2018-04-04T04:51:04.178Z,Donnelly LLC,true
aef62945-f4e7-48b4-a232-7047c3a02240,2023-08-26T18:56:30.076Z,East Glennaport,Kentucky,Liberia,45.7307,106.4349,universe,quae,cribro,advoco,solutio,pax,decimus,96,230.01145304045522,59,fuga,5,1,2,false,0.03227484719007803,2021-01-15T08:52:09.482Z,Reichel and Sons,false
b6825312-3c20-4f85-98f4-05fcd82dcf21,2019-07-27T00:19:27.594Z,South Fritz,South Dakota,Turks and Caicos Islands,81.5674,-8.4311,quasi,delego,caterva,constans,aer,caveo,pariatur,75,29.013464613197844,32,tamquam,4,0,2,false,0.13584468738013378,2025-12-16T11:32:51.252Z,Dibbert Group,false
917d6bc5-d59d-41fa-b09c-cb36f29f972b,2023-11-09T19:57:57.596Z,New Consuelo,Iowa,"Virgin Islands, British",51.053,-87.0952,truculenter,caritas,ubi,natus,cetera,defaeco,advoco,63,135.6145415909831,31,cupiditate,6,2,4,true,0.0119859565137721,2022-07-15T19:03:07.801Z,Langosh Inc,true
bab39c4c-5cd3-4754-930f-abad35988852,2022-08-29T02:36:50.606Z,Trishaview,Hawaii,Mali,-59.2812,19.9824,demergo,alveus,sumo,conicio,eum,aspicio,vomica,21,119.22426811131845,21,nulla,2,2,1,true,0.02611563929148339,2022-02-21T08:15:00.686Z,Jerde - Murazik,false
50d3adf2-7369-4d23-945d-490e450a66a9,2021-11-07T14:16:54.047Z,Romagueraburgh,South Dakota,Maldives,7.4242,-31.9751,amplitudo,spargo,desipio,vinco,confugo,decipio,adulatio,20,77.39187483758762,41,eveniet,1,2,3,false,0.07045790447174893,2024-05-02T07:27:55.587Z,Purdy Group,false
5848ac20-e625-45e0-9956-dfbcec57f57e,2023-01-04T20:53:18.648Z,Mattfurt,South Dakota,Brunei Darussalam,-9.6615,-155.5009,deprimo,valeo,succedo,defungo,combibo,contego,in,102,140.36224316394532,91,utpote,2,1,2,true,0.14613143318900118,2023-10-07T19:53:32.450Z,MacGyver - McLaughlin,false
351b7645-44ca-48b1-9eb7-5beb215419ac,2018-04-15T07:54:13.336Z,Schowaltertown,Massachusetts,Cyprus,46.0677,-106.2898,mollitia,quis,surculus,corrumpo,considero,terebro,apto,50,64.44837424975984,78,iure,5,2,2,true,0.036770777105940705,2023-12-18T00:11:43.026Z,"Sauer, Marvin and Blanda",true
d7a34242-ce17-402a-8cf8-b1f0a21b174f,2024-01-05T20:43:50.208Z,Zulaufshire,Utah,Turks and Caicos Islands,-53.2345,143.6059,decumbo,cultura,speculum,quos,aegre,delicate,conqueror,94,201.72890620341352,78,aufero,1,0,3,true,0.09067582743340807,2024-06-22T06:59:32.068Z,Farrell - Fisher,true
974fc90f-ffc4-4a3a-9f75-59d9b6a989b9,2024-05-02T11:08:31.896Z,West Lawson,Alabama,Faroe Islands,33.9145,-100.7214,colo,tutis,aegrotatio,tego,illum,patruus,reiciendis,53,217.3232523961725,27,tyrannus,6,1,4,true,0.16916530379484554,2025-08-13T03:55:58.753Z,"Nolan, Leannon and Batz",true
124480f2-e63e-4ffb-a75b-a7a67ff51722,2021-05-11T00:21:34.659Z,Francoside,Wisconsin,Georgia,-65.4277,-69.8232,impedit,vomica,labore,articulus,aiunt,virga,nemo,89,42.700344504154764,98,eius,0,2,5,false,0.08063016561879485,2024-06-16T03:28:32.805Z,"Conn, Collier and Schneider",true
906d0409-1ca3-4394-9fe8-4860d0c22e4a,2023-07-31T05:44:35.964Z,Kayburgh,Alabama,Philippines,80.9971,123.6344,odit,paulatim,turbo,conicio,carcer,tabella,numquam,85,50.07000024024403,57,id,3,1,2,true,0.2460540730906663,2018-04-13T02:48:20.792Z,Schinner and Sons,false
5d27be29-2b00-454c-b3ee-dcc052d78db7,2024-02-02T21:09:02.047Z,MacGyverton,Arkansas,Kenya,-37.853,-110.0059,cedo,artificiose,apparatus,addo,voco,adamo,delibero,97,62.43142998779754,69,cursus,5,1,2,false,0.19858511464499154,2022-06-28T05:28:56.894Z,Cormier Group,true
002a6415-bf2e-4739-9f09-f35335566757,2020-10-31T02:14:12.619Z,North Earline,Arizona,Rwanda,67.4996,13.6225,alius,maiores,absum,thorax,viduo,quas,sub,74,69.12069210361614,59,venustas,4,0,2,false,0.14490087809062033,2018-05-02T23:50:26.864Z,"Herzog, Hane and Pagac",false
d8434aed-d3dd-4089-a132-d7ce5bb55acd,2025-08-10T05:23:22.984Z,Wyoming,Iowa,Cameroon,-76.6044,72.9388,vulgo,derideo,adicio,autus,pecus,uxor,vilicus,34,147.46299751504068,21,delectus,6,1,5,true,0.06653333491497357,2025-02-24T01:04:43.678Z,Bruen - Harber,true
cbf5e778-42c2-4cb9-9f89-a37033f6761c,2021-09-20T08:46:05.905Z,North Jonasside,Vermont,Bolivia,20.7602,47.482,patruus,suadeo,cinis,attero,comitatus,adopto,depereo,83,89.052725305071,63,adhuc,5,0,3,false,0.05021366319110199,2024-09-30T05:40:32.781Z,Frami - Langworth,true
7a87a01c-a9cb-4b28-b1c7-fdd9e1809207,2025-04-19T21:47:23.051Z,Port Ulisesworth,South Dakota,Saint Helena,84.2562,137.5561,torqueo,denique,acervus,patruus,cohibeo,causa,reiciendis,23,236.02881165343948,98,administratio,6,0,3,true,0.10670332491928669,2022-11-15T15:34:45.990Z,"Ritchie, Funk and Casper",false
7485a2e8-18c3-4aa6-9f67-72eb72901345,2023-01-21T10:50:06.344Z,Mission,Pennsylvania,North Macedonia,-44.2796,-156.7054,crebro,amitto,aliquam,nam,provident,accommodo,caelum,108,54.05542421351454,99,decretum,3,0,4,false,0.051550300979759656,2023-01-15T07:53:56.505Z,"Fisher, Ledner and Feeney",false
3c5a5d5e-755f-4dd5-b160-f7a1c6084ef4,2025-06-29T07:45:51.026Z,Haneland,Montana,Western Sahara,85.0853,173.797,totam,acies,vulgus,in,adstringo,commodi,volva,86,54.6304087153333,62,stabilis,3,2,2,true,0.21992565648724613,2025-05-14T02:57:09.195Z,"Cremin, Dicki and Jaskolski",false
6fb3f932-df12-467f-ae7d-39f2a079706a,2021-07-27T15:23:42.126Z,Davisshire,New Jersey,Sudan,-48.1531,22.2771,demonstro,ipsum,unus,denuncio,cernuus,civitas,caelestis,97,104.56745870516032,20,timor,3,2,3,true,0.033481883073115115,2020-10-18T00:24:03.437Z,Zboncak - Green,false
e4b075fe-21b4-438f-b5fd-c2da5e87907c,2022-08-13T21:55:47.318Z,Reynaside,North Carolina,Marshall Islands,-19.8958,13.7772,vindico,celebrer,succedo,tremo,antiquus,teres,clarus,120,83.82131709239351,62,torqueo,3,0,4,false,0.036571378152678274,2022-03-03T17:57:21.733Z,Keeling LLC,false
2acbe8f1-e01a-440c-8107-591797147c2d,2018-07-03T10:50:51.754Z,Ariworth,Kentucky,Burundi,59.2639,119.1888,demens,caelum,corporis,civitas,occaecati,demitto,cohors,33,10.610339336705872,77,conatus,2,2,1,true,0.12617299850967267,2024-08-11T09:32:15.947Z,Franecki - Nienow,true
6aa820db-91a1-4bd1-ae55-61763ba0948b,2018-10-06T10:46:10.669Z,Nicolasside,South Dakota,Kazakhstan,-33.4756,47.4148,adversus,absens,sustineo,terror,tripudio,aufero,subnecto,41,229.6818295476873,78,ambulo,3,0,4,true,0.2001148898400497,2024-08-18T21:40:10.021Z,Pfeffer Inc,false
77523637-ae26-46a3-a956-c18f29a7622e,2022-11-20T16:16:12.463Z,Rancho Cordova,New York,Niger,-87.0385,150.0675,vivo,distinctio,termes,aeternus,ager,impedit,quod,34,238.59212826665876,90,patior,3,2,2,false,0.04422213136208325,2025-09-01T12:57:31.513Z,Schuster Group,false
b7d7a2dd-afea-4353-8d3d-387cd12f5433,2021-05-24T07:53:01.648Z,Port Edwardshire,Wyoming,Cote d'Ivoire,-74.3173,-78.5742,sustineo,aeger,curatio,testimonium,candidus,despecto,alo,75,128.11647808960709,40,catena,5,2,2,false,0.10406946397242148,2020-12-08T16:07:21.555Z,Schmitt Group,false
bd34832f-8794-4809-9970-6bef2920c62f,2024-07-18T11:31:56.118Z,Batzmouth,Illinois,Macao,24.6339,-176.6076,tonsor,amoveo,adduco,vulnero,villa,dolor,placeat,29,177.61530707227152,67,tribuo,2,1,3,true,0.1519829240034391,2024-04-16T14:38:54.879Z,Maggio Inc,false
5d34a796-5017-48ba-8543-3e446ec1a326,2020-08-25T07:22:40.892Z,South Pat,Hawaii,Sint Maarten,-12.5979,-164.1547,vinum,necessitatibus,nemo,alius,copiose,solum,suasoria,76,200.01516659866965,66,coniecto,3,0,1,false,0.17748067381158886,2024-02-11T11:53:06.840Z,"McGlynn, Dietrich and Crooks",true
578b02a7-be12-49ad-8b07-1e3b6b913059,2025-09-02T17:16:48.045Z,Moorechester,Florida,Eritrea,75.1739,149.4724,peior,contabesco,decipio,uredo,claro,casus,argentum,83,69.8803013923279,33,ullam,5,0,3,false,0.21539861639784708,2022-12-26T21:32:16.676Z,Baumbach LLC,true