accident_id,incident_datetime,city,state,country,latitude,longitude,road_name,road_type,intersection_type,accident_type,weather_condition,road_condition,light_condition,speed_limit,actual_speed_kph,driver_age,driver_gender,casualties,fatalities,vehicles_involved,alcohol_influence,blood_alcohol_level,weather_reported_at,reporting_department,pedestrian_involved
3bf6de3f-9c0d-476a-b6b5-83f4dd568c4b,2025-04-08T14:45:01.162Z,Titusville,Louisiana,Pakistan,31.1136,-58.7998,quae,benigne,tolero,deporto,acceptus,repellat,subseco,112,136.15142288345604,27,celebrer,1,1,3,false,0.20800193285749635,2021-02-24T09:56:24.134Z,Collins - Buckridge,true
8144d691-fa5d-4336-8710-27490972d9fa,2024-03-14T20:29:54.168Z,Boise City,Oregon,Malawi,-66.0284,24.2297,quia,molestias,trepide,basium,dedecor,commodo,adhuc,29,210.8777683321888,20,porro,2,1,2,true,0.07168647991694532,2024-01-07T18:04:46.874Z,Sanford - Johnston,false
cd392b38-b255-4052-ae4b-8d7d777ad348,2024-05-15T15:03:10.061Z,Suzanneworth,Nebraska,Bouvet Island,1.639,-8.0622,aliquam,sed,decipio,sui,alii,nemo,tenuis,78,30.097107096762095,86,cui,2,0,2,true,0.1922572047870572,2023-03-10T22:09:23.222Z,Hermann Group,true
f17f9b7e-9fb3-4730-b9c8-6683912e1b46,2023-11-11T18:23:22.972Z,West Cydney,Georgia,Gibraltar,6.6183,28.267,sunt,vulnero,vomer,aer,maxime,torqueo,verbum,48,0.04920519672094947,99,animi,2,2,5,true,0.09631426290505479,2021-04-06T23:35:13.103Z,Fahey - Price,true
3b126c2e-0117-4ed9-b93c-39daea57ab53,2019-05-24T17:16:49.826Z,Kshlerinville,Colorado,Morocco,19.7471,153.9311,ipsa,magnam,termes,facilis,cursus,depraedor,comparo,34,133.34523675684017,49,careo,4,1,5,false,0.24920195734153613,2021-09-18T04:53:03.394Z,Grant Group,false
a2cd9efd-8afa-4a32-8ad9-e166fa311ec5,2023-06-25T06:41:38.352Z,New Christopheport,Utah,Mozambique,44.6498,62.5562,patrocinor,occaecati,terebro,accedo,accendo,contigo,aequitas,128,39.05461723595614,59,adimpleo,2,2,3,true,0.16173154104432116,2019-04-10T06:31:37.864Z,Tremblay LLC,false
2bc83654-6822-4f6c-b888-ec841e815627,2018-03-24T17:02:10.211Z,Port Roscoefort,Louisiana,Saint Martin,-28.3531,-134.2823,adaugeo,crustulum,comparo,vomito,vindico,deduco,centum,70,79.958503820708,44,sub,2,1,4,false,0.12669590647996018,2020-02-22T17:22:42.896Z,Padberg LLC,true
3a39691c-2fe3-4cb1-b0b0-6bdf4247ddcf,2022-07-09T06:25:01.766Z,Albaland,Kansas,Nicaragua,-78.5424,157.023,asperiores,arcesso,thymbra,sint,comparo,debitis,damnatio,36,35.66323285139476,75,verbera,6,2,4,true,0.0806735444679498,2022-09-08T14:05:16.251Z,"Dare, Schowalter and Mayer",true
b7736026-3f37-40fb-a7c5-57b82dda78b8,2020-04-15T22:20:34.102Z,Dachland,Arizona,Norfolk Island,-26.4732,32.5848,mollitia,utrimque,voveo,vulgus,substantia,conspergo,considero,37,151.13802810979854,55,vorax,5,2,1,true,0.09015726783957118,2025-05-31T12:08:31.253Z,"White, Tromp and Green",false
a71f98f8-9841-4759-a9ac-6c1dc425a97a,2025-04-02T02:32:21.007Z,Jeraldfield,Michigan,American Samoa,-82.3208,-68.0638,spargo,bos,derideo,eveniet,autus,caries,ullam,108,205.7870582894281,83,arto,5,2,3,false,0.22020322884870305,2022-05-23T20:09:49.470Z,Purdy - Hermiston,true
28c5ba43-e649-4a3d-b3bd-3ad7007851db,2025-07-20T06:32:15.263Z,West Virgiestead,Kentucky,Germany,-47.311,178.9531,velociter,cubitum,repellendus,deputo,abbas,censura,nam,107,82.12530926658098,34,ulterius,3,2,2,true,0.18674145363097738,2023-07-03T09:48:03.415Z,"Wunsch, Bahringer and Bergnaum",false
8e638292-836d-437e-8cff-08e794ffc4ac,2025-11-13T16:36:42.434Z,Lake Ronnymouth,Ohio,Bangladesh,-64.1696,-83.9592,arcesso,bibo,tot,error,clibanus,ultio,vehemens,65,193.89824706648403,44,tonsor,1,1,4,false,0.04550139300660974,2024-01-28T12:14:33.746Z,Hayes Inc,false
506e4882-3802-44ca-b943-4ae89da6c416,2025-08-07T11:49:17.583Z,East Wilhelmine,Rhode Island,Egypt,-82.9896,66.3275,accusator,vesica,cura,quibusdam,verecundia,tabgo,amplitudo,81,91.7810214708638,45,deserunt,6,2,2,true,0.16565396495428203,2024-06-26T11:03:43.669Z,"Torphy, Kertzmann and Gusikowski",true
a14a262d-95f6-406b-ae25-9a848d17f9d7,2023-11-24T04:58:00.088Z,West Khalilchester,Kansas,Japan,-55.6582,155.9536,aptus,acquiro,adulatio,cornu,utrum,desipio,soluta,49,103.17655252892357,20,demoror,3,1,3,false,0.1209919329554349,2018-04-23T20:21:22.780Z,Walsh LLC,true
547cf73f-e2ff-48f6-8fab-95ea60cdd0cc,2025-11-12T08:49:13.866Z,North Bethesda,Alabama,Dominica,63.4938,-40.4651,blandior,quos,vaco,pecto,provident,virgo,temperantia,31,64.04057769456222,68,amplus,6,2,1,true,0.18636148532197397,2022-10-03T17:19:15.954Z,"Goldner, Kovacek and Stanton",true
6e1db463-ab9f-4737-8f36-7a19c34aaf5b,2024-11-07T06:55:56.480Z,Tyler,New Hampshire,Uganda,13.6634,174.9372,non,alienus,unus,deripio,commodi,speculum,curvo,113,52.82042346079956,77,atavus,2,0,3,true,0.09159049898252222,2018-03-27T13:44:46.841Z,Bogisich LLC,false
db187afe-4156-4c29-9175-dafd8885dfad,2024-01-05T22:16:40.663Z,North Candido,Kentucky,United Arab Emirates,72.7194,108.7905,corpus,quasi,defleo,aequitas,maxime,thymbra,vix,71,163.1755148859937,25,amicitia,3,0,2,true,0.17478998136041768,2021-09-01T23:49:47.500Z,Baumbach - Schuppe,true
ac2f7339-b8b1-4fcb-9bf7-cb446c6678d3,2021-07-17T05:18:36.923Z,West Tanyaview,Wisconsin,Moldova,53.5137,-163.1426,ambulo,comes,talis,cubitum,similique,unus,vomer,66,106.34754723466546,22,sequi,1,2,3,false,0.08077123054751253,2025-09-24T00:18:15.076Z,"Nienow, Blanda and Kassulke",true
f966d024-8a3e-4a0b-a4a8-b44164eb08a4,2021-03-31T18:27:48.965Z,La Habra,Utah,Oman,79.8505,-116.9614,derelinquo,utilis,ipsam,defessus,tyrannus,triumphus,aduro,77,40.71726729966645,24,aeternus,6,2,5,false,0.04831026265436056,2020-09-19T03:34:29.534Z,Wiegand - Graham,true
ab249d64-8175-424e-81a0-daec679731f3,2019-09-17T05:00:27.532Z,Sarasota,Massachusetts,Yemen,-66.2503,-163.2649,talis,at,molestiae,defessus,averto,sponte,culpo,28,157.0364217037905,31,amo,0,2,3,false,0.1396745862969064,2025-01-23T15:41:05.892Z,Turner - Crona,true
1eef1dc6-f029-4f8d-955c-28fdaa0485fe,2019-08-21T20:52:29.741Z,Bahringerborough,South Carolina,Reunion,-14.3972,93.6325,sui,enim,cariosus,trucido,demo,decimus,admiratio,54,203.59636303318817,79,virtus,5,1,5,true,0.023642694259024988,2019-04-01T13:19:23.447Z,"Raynor, Homenick and Mraz",false
d4da75f2-13f7-4b6f-8b7c-031300bb2f10,2024-03-13T22:58:58.495Z,North Korey,Virginia,Cote d'Ivoire,-25.2509,128.968,magni,aggero,itaque,numquam,beatae,subiungo,subvenio,39,57.75040893533452,58,tertius,1,0,3,false,0.09968250407493073,2025-07-01T02:41:49.187Z,Lynch - Bogisich,true
8a70669c-9204-417e-8561-94dddd62cf34,2020-07-13T23:21:26.322Z,Oro Valley,Alaska,Saint Martin,40.9674,168.2279,aggredior,laborum,crepusculum,suadeo,sunt,conor,eligendi,41,79.78833626151331,50,amplexus,0,1,2,true,0.0070654153380959595,2024-11-05T02:38:58.339Z,Bogan - Dickens,true
f72d55d1-6642-4aa5-ad6e-5ef9fbf13205,2021-10-17T15:02:13.138Z,South Nolastad,Minnesota,Cocos (Keeling) Islands,68.3282,3.3523,patior,arto,illo,defluo,animi,cimentarius,despecto,28,133.71039300812032,80,creber,5,0,4,false,0.07186691044410368,2024-01-13T19:57:54.980Z,Kunze LLC,true
55ce3552-a1de-4e45-86c1-d889678cda05,2018-08-30T11:15:39.732Z,Braunville,Mississippi,Venezuela,-85.2061,173.6199,aegre,amicitia,sulum,excepturi,denique,arcesso,vito,116,142.8135261822417,42,dolore,2,0,2,true,0.050573093948746706,2024-04-29T15:19:09.976Z,Schaefer - Cole,false
ccdcaf91-7c38-41b2-9347-58ae48df8aee,2023-10-19T19:15:40.507Z,Spencerfurt,Mississippi,Kyrgyz Republic,-83.5855,-159.0449,sub,aestas,stipes,ter,tero,valetudo,sordeo,57,132.0394371659676,84,utique,4,2,5,false,0.02470604485592831,2023-12-18T16:34:13.055Z,"Jacobi, Langworth and Hessel",false
3bb8c3bc-4b90-42a9-a39d-2723a2cb0d98,2021-11-16T00:05:27.796Z,Adamsfort,New Mexico,New Zealand,0.6626,87.2716,vorax,demum,alo,cilicium,deripio,velut,vorago,24,128.42929748439798,98,adfero,3,1,4,true,0.16870936579767482,2025-01-08T12:52:26.167Z,Bosco - Kemmer,false
e91f866e-4207-4a58-a3ec-b23bda286064,2024-12-21T21:51:15.540Z,New Lessieberg,Connecticut,Moldova,-48.1822,149.6861,adhaero,articulus,caries,caveo,veritas,sub,cogo,107,149.5618899768598,75,arma,0,0,5,true,0.09949955303251354,2018-10-29T16:06:47.349Z,West - Harber,true
3b98b833-6541-4155-83f6-146c0d2f7dbf,2024-09-04T19:26:02.227Z,Fort Darlene,Utah,Gibraltar,62.3764,47.4248,adsuesco,tremo,sit,debilito,ulciscor,deprimo,succedo,92,203.78394453958015,96,tripudio,3,1,3,true,0.176529291789325,2019-11-12T23:51:00.311Z,Tremblay Group,false
37274f94-89f0-4493-a713-ea20178c9371,2023-09-11T11:56:58.901Z,North Lupe,Indiana,Taiwan,-10.242,-17.2738,vapulus,deleo,cetera,voluptates,compono,territo,cohibeo,47,171.33528510205795,33,ustulo,4,1,3,true,0.2215107376558319,2022-11-30T10:04:16.022Z,"Mraz, Durgan and Runolfsson",true
a818cb64-181e-40ad-bc9a-9adfc952d1b0,2024-11-25T15:41:14.406Z,Roycefield,Louisiana,Benin,-42.575,79.5576,nobis,spes,vigilo,dolore,damno,cura,tenuis,56,45.48316812447591,33,adeptio,5,0,4,false,0.19475153446928137,2024-09-04T19:07:59.188Z,Wolf and Sons,false
11114922-26c6-433a-90aa-3e5491cc16f7,2018-02-06T20:45:26.667Z,South Doyleshire,Georgia,Albania,-7.9794,-8.2302,thymum,ab,basium,voco,conventus,ab,victus,55,76.32245135201235,55,viduo,2,0,5,false,0.18111505106428405,2023-01-31T09:38:30.182Z,Hoppe and Sons,true
c3b511e4-4eef-4a90-b7d6-91e88cf7729a,2024-03-23T23:03:49.054Z,Leuschkeview,Minnesota,Central African Republic,-84.1255,134.9991,adhaero,expedita,capio,auctor,comes,cometes,cornu,44,154.15892721562307,94,credo,3,1,5,false,0.12001788312403788,2022-10-19T16:43:07.842Z,Jenkins Inc,true
83e27892-188e-4f6e-969e-56aa35b6ebe4,2022-04-04T13:35:48.257Z,Lake Layne,Louisiana,Netherlands,67.2353,-54.7113,via,crepusculum,quos,deprimo,reiciendis,caritas,velum,70,106.43046053249554,98,antea,0,0,2,true,0.016181917298906973,2024-03-06T19:23:58.158Z,Von - Hermann,true
dee15420-d77b-45c6-b7f6-3bbe420b8614,2022-10-22T17:53:17.369Z,Lake Juliuschester,Georgia,Nepal,-42.4607,72.251,sodalitas,ventosus,nihil,curiositas,titulus,patior,desino,105,25.570347966652474,84,vero,3,0,3,true,0.16003870435627468,2021-05-26T20:51:34.390Z,Predovic Group,false
7f63f886-c05e-460d-a84f-eae7eeaf0aa6,2018-11-27T15:58:21.224Z,Metacester,Maryland,"Bonaire, Sint Eustatius and Saba",35.9042,89.8281,suasoria,appono,laboriosam,advoco,appositus,exercitationem,trucido,49,176.81260021787583,45,caterva,3,2,2,true,0.13409316515484193,2019-03-30T03:07:49.455Z,Reilly - Cremin,true
779a7513-7cb9-4a41-8eb1-f5270f7e082e,2023-05-11T01:41:43.658Z,Vista,Maine,"Bonaire, Sint Eustatius and Saba",-72.1712,-10.0519,coruscus,talis,vulticulus,templum,ipsa,depono,velit,115,43.20778236655269,21,admiratio,6,0,4,false,0.1442699144916909,2025-03-03T00:11:17.518Z,"Senger, Howell and Adams",true
13bb6d6b-96d7-4397-8a20-ad66520f4da2,2025-07-20T04:42:21.334Z,Kylerport,Idaho,Eritrea,-82.0433,68.8244,iure,creo,comparo,tepidus,asperiores,socius,amicitia,110,90.7592448530797,29,trepide,4,0,1,true,0.06715066472795508,2023-05-05T12:01:41.712Z,Schmidt LLC,true
aeafc352-f061-45e8-b10c-6a5b4433999d,2024-06-23T13:53:58.848Z,North Marcotown,Pennsylvania,Myanmar,36.2118,-4.0681,terreo,voluptatem,certe,caveo,combibo,quae,defaeco,104,221.31816711902007,78,angustus,1,1,1,true,0.020366609635051325,2018-10-26T07:32:32.175Z,Ankunding - Koss,false
12e22329-de5c-4d3f-a0f1-2944a2d0556b,2023-06-11T22:08:46.959Z,Pueblo,Arizona,Macao,-27.8687,-30.1716,tot,causa,aspicio,ago,aut,deprimo,ceno,41,206.62987453377642,50,harum,3,1,1,false,0.21140797252976926,2018-04-01T07:37:58.543Z,Ledner - Frami,true
7d8e4f2d-93c5-49f3-8712-4a79bb304ac3,2023-07-12T22:24:14.800Z,Wizaworth,Oregon,Tonga,38.2148,-90.268,audacia,alii,inflammatio,absum,arcesso,recusandae,cursus,104,52.533738324814195,78,turpis,1,1,2,false,0.24827305804419073,2023-08-26T02:38:46.562Z,Jerde Group,false
30b51292-edb3-43b3-8dfd-f1da4bc47799,2023-01-17T00:00:21.719Z,Fort Asia,Tennessee,Northern Mariana Islands,89.721,-155.3616,appello,thesaurus,defendo,torrens,asperiores,tabernus,verbera,39,183.30008756370484,86,animus,1,0,2,false,0.06723312609608087,2023-06-15T18:10:33.213Z,Franecki - Paucek,true
91f211f6-05e7-4d1c-bf16-6aff076921a0,2023-07-21T23:25:06.370Z,Lake Kristy,Arkansas,Puerto Rico,-32.3199,99.3391,sophismata,apto,adsum,tondeo,conitor,vos,constans,32,185.5413412415023,53,abutor,1,1,5,true,0.07462079690029558,2023-08-14T10:55:20.190Z,Huel - Jenkins,true
79d57707-45e4-4209-87e0-a8b543fc4394,2023-05-22T12:38:14.790Z,Hickleport,Montana,Palau,-55.8131,-122.9135,armarium,vinum,vito,animi,spargo,adiuvo,degusto,91,118.9704070228551,38,vel,1,0,4,false,0.16581807283193706,2019-03-08T09:49:00.333Z,Schmidt - Beier,false
c9c782ce-4a24-4bad-82ab-5d2cd42fbd0d,2025-12-28T14:32:17.704Z,Royhaven,Maine,Faroe Islands,2.91,120.2047,capio,curriculum,arto,suus,cena,somnus,candidus,36,80.36138521327813,80,aro,2,1,1,false,0.18210004435314467,2023-11-01T11:35:06.010Z,Breitenberg - Murazik,true
14195952-9677-4170-a487-380e4cd76586,2021-05-20T13:16:53.411Z,Lynwood,Tennessee,Kenya,-76.8567,137.4137,vulnus,concido,viriliter,verus,vociferor,validus,quisquam,96,183.63060080584717,17,tendo,1,1,5,false,0.01327910126814666,2018-10-03T00:58:58.338Z,Watsica - Beahan,false
5cdccbf4-e256-49e7-aebb-b90b02d26cc5,2024-12-01T04:15:23.756Z,Bradleyborough,Texas,Burundi,87.8199,-94.2863,cursim,amplexus,supellex,incidunt,cultura,utrimque,appono,43,30.739447961107558,18,temporibus,1,0,4,true,0.1426745224434167,2019-06-16T11:01:25.142Z,Lockman LLC,true
f2aa161f-bc9b-4983-b1c1-c33f0d774f88,2023-05-04T05:45:05.994Z,Lempiberg,New York,Vanuatu,15.3316,152.1283,triumphus,vallum,complectus,ambitus,vestrum,volo,turbo,36,49.9060052181759,92,optio,5,0,4,true,0.1549804295832181,2018-10-11T08:18:48.965Z,White and Sons,false
8ba792bc-6061-4a37-9057-c7de686ddff3,2019-01-17T19:02:07.303Z,East Honolulu,Oklahoma,Faroe Islands,-54.5865,111.368,vicissitudo,cattus,adficio,doloremque,deduco,voluptatum,concedo,77,202.7107949579676,28,tenuis,5,2,4,false,0.24038489364034962,2025-08-04T12:00:32.028Z,Schroeder - Adams,false
dedbc140-95a9-4b56-9a7a-e0c17350be81,2021-04-21T05:32:03.279Z,Lake Greggboro,Virginia,Fiji,-20.9706,-28.5115,vilitas,substantia,arx,occaecati,appono,aetas,sol,81,36.84754657147715,23,pecto,3,1,1,false,0.22492103584719392,2024-01-19T12:23:29.111Z,"Bins, Orn and Gulgowski",false
0e69281d-6629-48e4-b4fa-d8978b822060,2023-12-14T14:17:56.280Z,Lake Rasheed,Tennessee,New Caledonia,-36.8357,-73.7348,vulnero,appositus,deduco,versus,coniuratio,complectus,aegrus,92,221.1085838272715,44,aqua,6,0,5,false,0.1651374822328065,2025-08-23T06:06:57.782Z,Sawayn - Kunze,true
f2e03e16-ac09-4897-b1fd-7f7bc20ae329,2023-03-25T10:00:04.036Z,Port Arthur,Georgia,Democratic Republic of the Congo,-19.1277,29.6123,callide,tracto,confero,porro,cicuta,spes,concedo,35,201.44139159055686,25,adhuc,6,2,4,true,0.08244925177747614,2021-06-15T03:41:03.651Z,Simonis - Wehner,false
ab3845ae-b2c6-47ac-a24a-6b83831e3b34,2018-07-08T06:47:11.041Z,New Rossie,South Carolina,Indonesia,24.1005,42.8748,suus,talus,vulgaris,centum,clementia,cursus,officia,42,19.376071034003076,25,talus,0,2,2,true,0.1952403297285114,2023-02-27T10:28:33.402Z,Kiehn Group,false
347bab70-aa3c-4d56-9391-ab12cf6586af,2025-11-01T05:38:01.298Z,New Jazmyneberg,Nevada,Cambodia,-7.5097,-96.1806,defessus,triduana,sunt,cenaculum,cogo,utor,venia,61,56.88735406515609,89,cupio,1,0,4,true,0.2328648906932922,2024-10-15T13:18:18.826Z,"Wunsch, Satterfield and Kerluke",true
9dfc65da-247f-4f57-abd1-58621631802c,2025-10-18T00:29:09.429Z,Runtefort,Florida,Mauritania,14.4181,-179.506,hic,cervus,aliquid,hic,eveniet,cariosus,thesis,35,225.2881834794075,50,deorsum,4,1,5,false,0.22396350618933966,2024-09-03T23:26:14.365Z,"Graham, Schmidt and Thompson",true
072008af-f1d4-4ad8-8bde-7e8317cb10d7,2024-05-03T17:26:57.756Z,West Marcel,Montana,Bangladesh,-4.3558,-63.7428,optio,peccatus,tener,umerus,derelinquo,tactus,ambulo,68,68.638743645711,72,demens,5,1,2,true,0.1918763006526026,2018-04-29T19:05:47.788Z,Luettgen - Lemke,true
077152c2-2c27-4039-9ac7-9873e79f65c9,2020-08-05T22:18:16.426Z,Lake Hector,South Dakota,Spain,-86.1369,-138.2785,cresco,quam,rem,stultus,barba,depulso,autem,44,211.7820670847361,50,cui,4,0,3,true,0.07066800159389852,2019-02-21T02:51:32.490Z,Carroll - Erdman,true
a020dba7-2ce1-42b7-8a2c-82b2abaf3966,2021-05-24T14:46:15.815Z,Eusebiostad,Texas,Svalbard & Jan Mayen Islands,46.3132,-9.6363,assentator,conspergo,sublime,capio,explicabo,debilito,deorsum,78,148.38938715812668,48,dedecor,4,1,4,false,0.011116322845224208,2021-06-10T22:35:38.514Z,Schumm - Doyle,false
aef56782-7b9d-40e5-a213-b233a6d2ae4c,2025-11-26T22:47:53.427Z,Lake Luigi,Utah,Egypt,42.8955,-67.5858,vetus,conatus,tamdiu,vado,defessus,bibo,delego,108,235.45877634599125,68,alter,2,2,1,false,0.08528317078967107,2022-07-22T03:42:32.782Z,Reichert Group,false
962476ce-efda-41e1-817c-1f9af0c01a82,2019-07-28T00:38:33.600Z,West Donberg,Utah,Israel,-52.4903,1.79,turbo,capio,stipes,suppellex,capitulus,voluntarius,tres,94,169.81551360304456,21,tabernus,1,2,1,true,0.07113757957829986,2018-05-19T16:21:50.548Z,Larson and Sons,true
b36ab76f-d44e-4fa8-92b6-cc75a42d4a10,2020-11-14T05:37:41.656Z,Rosafort,New Hampshire,Gabon,87.8712,-176.5957,usque,torrens,decumbo,deserunt,crinis,strenuus,comprehendo,104,26.70350483299483,94,combibo,1,0,1,true,0.1592575040682521,2023-12-21T21:26:42.386Z,Turcotte LLC,true
b6df0cc3-2457-456a-9528-0f273bc94ea6,2023-07-18T08:13:28.676Z,South Carissafort,Hawaii,Saint Helena,50.0007,-107.9154,apostolus,sursum,pecus,audio,avaritia,praesentium,umbra,118,40.39513802955197,91,voluptas,2,1,1,true,0.03469542189288646,2023-01-13T23:23:43.603Z,Fritsch - Mueller,true
b4746dc2-9561-4a55-8ff4-36d22db63396,2019-05-04T01:56:17.524Z,Kunzeville,Tennessee,Puerto Rico,84.922,-94.575,vereor,aestus,derelinquo,aeneus,adulatio,esse,crepusculum,25,167.53034348969578,64,compono,5,0,5,true,0.12185295357361445,2019-10-28T18:48:23.489Z,Johnson Inc,true
a9ab5869-08d4-48cc-89df-3d9e3c89031a,2025-07-27T02:01:54.556Z,Lake Gillianstead,Montana,Sri Lanka,88.4335,50.9387,appello,aufero,umbra,vix,tres,combibo,video,83,156.93415231214027,100,cubitum,5,0,2,true,0.04094569629059763,2021-01-18T21:37:22.482Z,Ondricka Inc,false
26bbcc13-b5ea-4f66-b649-ddbd595f73db,2023-12-19T13:29:14.715Z,Biloxi,Missouri,Curacao,19.2876,143.5985,argumentum,adnuo,uredo,fugiat,aqua,degusto,vilis,88,113.84370845907414,72,adsum,2,2,5,true,0.012509570053662322,2025-12-28T12:11:29.472Z,Kirlin Inc,false
281b45f3-d818-42d2-a843-85931be48909,2024-09-07T18:46:13.275Z,Trantowstead,Missouri,Syrian Arab Republic,-33.1521,-77.055,cognatus,comparo,adhaero,tendo,crebro,cupio,curvo,67,65.2710074023551,41,conor,3,1,1,true,0.0636947302057832,2018-01-21T14:17:00.351Z,O'Keefe Inc,false
b918b358-5e34-4380-9d5c-74359b264f5e,2021-06-02T23:21:11.230Z,Port Dasiaville,Arizona,Gabon,-80.2826,141.5923,aureus,vorax,optio,ager,vinco,veritas,attonbitus,81,98.19951166980422,19,pariatur,6,0,3,true,0.12459166002457714,2024-09-10T02:24:19.084Z,"Altenwerth, Runte and Murphy",false
7fd54fba-e92b-4629-98d0-d8b5a09f0325,2022-06-03T05:37:52.970Z,East Sylvia,Vermont,Tonga,-21.4843,-37.2439,cresco,cum,delectatio,contego,territo,suscipit,vigilo,118,53.69411515773411,59,dolorum,6,0,1,false,0.11450851496387929,2024-06-19T10:10:45.511Z,Connelly and Sons,false
6e1666da-f502-4075-b25f-b3987cdb8005,2023-09-19T16:28:10.722Z,Raphaelshire,Pennsylvania,Burundi,24.8537,-107.1125,civis,triduana,repellendus,nihil,pauci,vinculum,conor,62,164.57102969102147,100,vestrum,5,2,3,false,0.2180223808566253,2021-12-15T12:36:57.817Z,Streich Inc,true
01139526-bc33-4dec-8175-206a7119ce03,2022-08-30T22:28:11.106Z,Lindgrencester,Georgia,Puerto Rico,56.049,54.2688,ago,enim,viridis,texo,tabernus,solium,coniecto,75,213.37319558103584,35,conqueror,3,2,4,true,0.18544475184047818,2019-02-11T12:09:03.889Z,"Keeling, Batz and Strosin",true
02546a95-fbea-49e1-bf7b-e323d9250fdc,2022-08-16T00:24:20.201Z,Dallas,Wisconsin,Botswana,44.4924,-157.9767,omnis,speciosus,absconditus,cinis,illum,venustas,cohaero,105,101.4468097552976,21,alius,3,2,5,true,0.2382478995038906,2021-07-27T08:56:42.203Z,Schulist Inc,true
4c21bad0-7757-4c44-847d-e76833e0b383,2023-12-28T19:02:14.095Z,Wilkinsonstad,Rhode Island,Holy See (Vatican City State),-73.2843,86.3069,laudantium,inventore,audacia,conservo,avarus,civitas,vivo,101,102.50733545522208,34,talus,1,0,5,false,0.09126757013007158,2023-12-11T11:30:48.410Z,"Kovacek, Brakus and Schimmel",false
8378392d-7f30-49e1-85b8-b33b60103313,2020-02-04T02:46:13.395Z,Ernserfurt,New York,Panama,-45.8287,-29.8147,corrumpo,benigne,repellendus,pax,excepturi,veritatis,beatus,40,1.5141253247499975,52,defendo,5,2,1,true,0.17890772901761598,2021-10-08T03:41:19.698Z,"Feeney, Halvorson and Reichel",false
d6c77fe3-5ace-4b43-9373-eab5407eaf04,2024-04-17T07:28:48.997Z,Volkmanbury,Missouri,Guinea-Bissau,-11.9067,100.1273,alienus,thesis,cicuta,esse,in,deleo,vigor,20,145.54736883912386,36,tyrannus,2,2,1,false,0.022235285199215887,2020-05-30T08:49:49.519Z,"McGlynn, Kemmer and Runte",false
bf1f9104-68fe-42bf-adf3-802a02886812,2020-02-14T01:56:57.190Z,Port Sigrid,Hawaii,Bolivia,-22.5342,152.641,benevolentia,capio,alius,maiores,color,illum,congregatio,92,117.46349457702574,93,subvenio,0,0,3,false,0.06846421552753298,2018-09-28T06:57:32.113Z,"Strosin, Pagac and Monahan",false
b056808f-36d0-4fe3-a0f6-91d3d15cf97a,2018-01-14T01:05:27.551Z,Boca Raton,Rhode Island,Thailand,39.1889,-156.8945,defero,vespillo,terminatio,decens,blandior,aequus,vinco,83,61.781093433133016,66,contego,6,0,4,false,0.023485580721067018,2018-09-27T05:14:28.989Z,Kub and Sons,true
2b6a9e66-93ba-4e18-808a-4cee315bd556,2020-07-19T16:26:13.895Z,Austin,Kentucky,Sudan,22.5344,133.9701,umbra,vinculum,vox,est,nihil,vestigium,texo,85,191.98740357694024,77,tametsi,0,1,4,true,0.18675648099307554,2019-03-23T10:51:45.012Z,Upton and Sons,true
45bab639-51bd-4e1b-8b6b-41de7237b0b0,2025-03-15T07:52:22.084Z,Americastead,Virginia,Romania,-10.1847,14.2995,aestivus,tener,fugit,traho,adfero,assumenda,unus,53,170.99220742028737,19,adversus,3,1,5,false,0.0559795129261175,2019-04-25T15:51:11.416Z,"Bechtelar, Lehner and Toy",false
d1c59212-13f1-4031-84a6-27cfee9ee927,2025-05-22T22:44:09.404Z,Highlands Ranch,Connecticut,Poland,31.7422,-153.6943,pariatur,charisma,colo,suasoria,antiquus,amissio,utor,109,106.44620980889928,34,aetas,4,0,4,true,0.15861026514264773,2021-12-17T13:38:09.467Z,"Pacocha, Lindgren and Corwin",true
0b01aab4-3cef-46a1-acf7-296780b4636e,2022-07-14T21:22:54.082Z,Aloha,Maryland,United Arab Emirates,47.6081,173.5205,adhaero,decor,voveo,colligo,summa,comitatus,corrigo,32,66.31660823953311,68,quo,5,1,5,true,0.13601243608871036,2021-12-07T10:28:14.058Z,Cormier - Yundt,true
602b7e72-b292-4938-b24c-d8b1487caa92,2021-04-11T13:07:51.092Z,Alpharetta,Washington,Saint Lucia,-2.7935,-121.0725,cedo,crepusculum,careo,texo,ex,valetudo,curto,41,15.9252557980673,31,vomer,0,2,4,true,0.24016459540745277,2021-03-10T14:46:32.727Z,"Marvin, Beahan and Okuneva",true
9dd7e586-d4ff-42fb-80d8-4ba021fa005e,2023-04-07T10:24:42.478Z,Henrietteside,Iowa,Cyprus,-73.2388,-38.7648,reprehenderit,cribro,arca,corona,succurro,adulescens,crastinus,34,177.6722967188812,52,claustrum,3,2,3,false,0.10856288462283048,2020-04-18T06:50:31.413Z,Pfannerstill LLC,false
07f2b1cd-429b-411a-8f68-6461a092df12,2019-03-06T05:18:30.755Z,Hesseltown,New York,San Marino,-0.5475,164.7787,crustulum,audeo,solum,surculus,itaque,adeo,suppellex,117,60.225078729047794,82,strenuus,6,1,1,false,0.1701513888674954,2025-02-22T02:45:25.893Z,"Skiles, Pfeffer and Mueller",true