accident_id,incident_datetime,city,state,country,latitude,longitude,road_name,road_type,intersection_type,accident_type,weather_condition,road_condition,light_condition,speed_limit,actual_speed_kph,driver_age,driver_gender,casualties,fatalities,vehicles_involved,alcohol_influence,blood_alcohol_level,weather_reported_at,reporting_department,pedestrian_involved
920e2ae5-f484-4e4a-bd2e-cc661b315102,2023-05-16T12:24:49.043Z,Port Joana,Texas,Barbados,76.9389,146.4917,turbo,utrum,somniculosus,vapulus,calculus,decor,abutor,104,153.78726587417862,76,ter,4,0,4,true,0.1836277471530463,2025-10-14T01:09:36.503Z,"Haley, Pouros and Johnston",false
f863cb3c-2298-4594-9fb3-3621a476ea22,2024-11-03T08:20:39.955Z,South Marty,Utah,Bosnia and Herzegovina,-58.0214,-55.6712,rerum,abduco,celebrer,depono,valeo,absque,iste,26,226.6706671547673,58,soleo,5,2,3,true,0.1332751689444182,2021-03-07T03:22:23.701Z,Grady Group,true
37fef7ff-0a2e-4bdb-a7fd-62fccafa4d1f,2023-09-25T22:01:39.967Z,Reicheltown,South Carolina,Bolivia,9.0407,136.2395,congregatio,vereor,catena,desparatus,ancilla,charisma,tubineus,105,177.5359840707469,67,amplus,3,0,4,true,0.028081847321539483,2025-04-20T15:09:17.605Z,"Sauer, Berge and West",true
02ab9f26-4d2e-4ac6-953d-14aea0c6f9d8,2020-08-31T15:59:08.706Z,Pfannerstillfort,North Carolina,Turkey,-16.2527,179.1988,temperantia,adicio,decerno,peior,cultellus,ventito,speculum,68,129.8166063074985,48,angelus,3,2,5,true,0.02552801221839221,2024-04-08T00:05:50.622Z,Baumbach - Ratke,false
23cf86a7-6223-4a4f-8aeb-a58502bc442f,2025-01-25T18:30:49.628Z,Grahamton,Pennsylvania,Mozambique,-44.9592,3.1785,commemoro,deinde,totus,sint,chirographum,dapifer,pecto,106,203.56832096182205,67,adipiscor,1,2,5,true,0.02503314361047501,2020-11-07T06:23:28.764Z,Borer Inc,true
dab5f278-8f32-49e8-95fe-cf77a7779fa0,2024-04-08T21:46:47.270Z,Pine Bluff,Georgia,Isle of Man,86.938,176.2505,eius,demens,advenio,abstergo,tutamen,nesciunt,crebro,24,10.184276827272276,78,caelestis,5,2,4,true,0.11170215965502733,2019-04-29T15:44:29.598Z,Kiehn Inc,true
07b3756f-1ea3-4178-aef3-8b2dadd88011,2022-04-11T03:52:34.581Z,West Floyd,New York,British Indian Ocean Territory (Chagos Archipelago),64.5538,-65.0319,attonbitus,demoror,currus,basium,incidunt,nam,conculco,52,238.6507317083428,41,versus,3,2,2,true,0.1183960976969124,2023-01-25T00:50:55.320Z,"Torp, Stamm and Runte",false
3911be77-5cff-4df8-87a6-0da061bb6d5f,2022-09-03T00:29:51.158Z,West Gwendolynchester,North Dakota,Guyana,-31.7757,23.0869,thymum,cubicularis,antea,torqueo,custodia,vado,utpote,103,128.90765498771998,63,contabesco,4,2,5,true,0.11497453956985856,2021-08-09T04:40:40.680Z,"Moen, Kling and Steuber",true
b7392169-5f2a-4d88-82f4-8e559037bfb8,2021-05-04T02:48:40.045Z,East Maidachester,Alabama,Norway,60.5429,25.1019,alii,quo,surgo,utilis,thorax,torrens,ultio,91,64.45053687354336,57,desipio,0,1,2,false,0.03835880854589577,2019-06-14T23:13:39.898Z,"Sauer, Wisozk and Parisian",true
171881f2-5a9a-495f-8017-61dcf7b479f9,2024-04-01T02:42:49.152Z,West Claire,Pennsylvania,Ethiopia,1.8705,-174.6019,decet,texo,ultra,claudeo,angustus,atrox,ullus,113,37.027672306188975,46,vergo,1,0,4,false,0.05130133011744531,2024-01-22T00:47:52.401Z,"Osinski, Kunde and Green",true
00bc2def-b44a-4aa3-a1ec-c8d3638e7190,2020-05-21T21:24:45.825Z,McKenzieborough,Mississippi,Svalbard & Jan Mayen Islands,-74.8744,62.3201,agnosco,talis,voluptatem,totidem,antepono,quidem,victoria,31,218.38894072674694,70,dens,5,2,3,false,0.10398308024904193,2023-02-17T19:47:56.593Z,"Schamberger, Torphy and Gislason",true
360258f2-4e30-495a-b7b6-91865fbe32ed,2021-12-22T19:01:35.003Z,New Elijah,Nebraska,Iran,-52.6646,15.4562,iusto,caveo,talus,ceno,torrens,expedita,clarus,34,94.10538066258323,41,sortitus,5,0,3,true,0.05390379715760463,2019-06-07T09:22:14.061Z,Wilderman - Spencer,true
ed154e1a-011e-4401-a2bd-b62bd9e0f19a,2019-09-28T14:20:09.601Z,Titusville,Florida,Cyprus,-69.3336,173.4617,tam,cenaculum,summa,beatus,demitto,tutis,enim,39,84.95215556216195,42,arcus,3,1,4,true,0.1896247671280139,2018-06-12T09:52:46.307Z,"Jones, Brekke and Block",false
e99ad193-a40d-4785-9408-7f0d1f2c7536,2019-07-07T13:31:43.150Z,Volkmanville,North Carolina,Philippines,78.7157,-44.7737,in,ambulo,aqua,culpa,vulpes,auctor,tandem,97,93.12952437346196,94,artificiose,6,2,5,false,0.028671054353633707,2020-08-30T18:12:20.853Z,Stracke LLC,true
8b99f003-1754-494c-86ca-c052a4bf0693,2018-05-03T21:17:26.392Z,Miami Gardens,Pennsylvania,Northern Mariana Islands,-71.6308,144.5662,cedo,venio,conduco,suggero,summopere,abeo,strues,55,54.9655321625119,84,saepe,2,0,2,true,0.06535572606154591,2020-04-07T18:01:08.960Z,"Kulas, Willms and Schmidt",false
b1928647-3d0a-4aae-8612-7a42d7c3e7ac,2019-04-12T21:28:06.716Z,Hilarioworth,New Jersey,Ecuador,-22.2299,-135.9662,benevolentia,thalassinus,voluptas,esse,artificiose,agnosco,qui,21,169.46144687331696,48,defessus,2,2,3,false,0.1499865041249204,2020-06-19T07:15:35.088Z,Boyer - Pfannerstill,false
4993eebb-4fbf-4f5d-8df6-f57f2597dea4,2023-02-09T14:59:49.376Z,Hanebury,Mississippi,Mauritius,39.416,21.1819,audacia,sono,demoror,causa,maxime,aeger,subseco,75,78.76196229847687,25,vulariter,5,2,3,true,0.09856174668291412,2022-10-03T15:40:48.358Z,Dooley and Sons,true
0190dd17-1c07-4eee-8d24-125f29b53688,2019-02-14T18:13:12.275Z,Port Ramonville,Connecticut,Iran,-34.1797,90.133,modi,conservo,utique,avaritia,totidem,sum,adstringo,44,89.28464853246977,69,dens,6,1,4,false,0.19561351888211725,2019-01-14T08:47:03.339Z,Ullrich - Fadel,false
0763f57f-8a18-4b62-b1f7-fbc2269aeec8,2019-07-13T19:10:39.701Z,Ornshire,Kentucky,Azerbaijan,-23.3082,-32.2034,harum,vero,demitto,paulatim,viriliter,despecto,voveo,69,238.20489280849444,100,debilito,4,2,1,true,0.1881858023132893,2018-11-08T18:11:41.797Z,Huel - Armstrong,true
9c50fd8b-25b6-4248-bb34-f857b8669b77,2025-07-27T03:54:46.949Z,Port Rosario,Alaska,Guinea,20.6985,9.5657,ventosus,sed,vox,vergo,ustulo,cruciamentum,annus,60,96.22673551809429,69,substantia,4,2,5,true,0.11492222630825452,2022-12-26T00:22:47.905Z,"Brakus, Kovacek and Ernser",true
4bd1b4fb-7c48-475d-909f-fd388d209903,2022-09-30T20:43:41.001Z,Ziemeshire,Arkansas,Nicaragua,79.9207,-65.072,complectus,nisi,thymum,temptatio,sit,compello,cupiditas,57,2.609551307781066,37,verbum,4,2,4,false,0.19928463916585185,2019-01-11T19:46:21.972Z,Wiegand and Sons,true
0f79e9d6-7ea6-4db1-8ce0-ee052013d73b,2021-02-03T09:29:03.296Z,Emiliofield,Montana,Papua New Guinea,-85.7467,-132.8385,arca,xiphias,clamo,solium,cilicium,civis,cur,27,219.02782348207555,55,tenax,5,2,3,true,0.059409059175318135,2025-05-15T04:14:04.869Z,Cassin - Willms,false
2b73b43a-4a66-4c6b-8cc8-78de7be26651,2023-11-17T04:47:59.943Z,North Chazberg,Mississippi,Tokelau,-65.4449,108.0683,est,volubilis,tandem,fuga,vulnus,uterque,nesciunt,87,146.68619528005726,29,placeat,5,0,1,false,0.09325716703228565,2024-07-13T06:15:08.967Z,"Ankunding, Brown and Hilpert",false
3d7886d4-22fa-44d1-82ef-7b76d662c98d,2024-10-10T02:43:35.769Z,South Alisa,Maryland,Cocos (Keeling) Islands,71.2373,-67.621,corporis,minima,tui,curto,caveo,atque,tergum,51,110.04340409523661,17,combibo,0,0,3,true,0.008417662456157632,2018-08-19T16:50:47.378Z,Rohan Inc,true
cf445a39-ea57-4a18-b722-091ad47bde2e,2018-04-27T00:33:48.372Z,Mannberg,Idaho,Senegal,33.9298,130.6429,aufero,desparatus,somniculosus,creber,magnam,volaticus,accusantium,25,141.72838884015283,81,repudiandae,2,2,5,false,0.14570127751063439,2020-11-28T05:24:23.055Z,Langosh - O'Kon,true
34df9a22-0c06-4769-935a-a0b7455da7d2,2024-01-16T17:05:14.612Z,West Greggshire,Vermont,Mayotte,-38.8398,28.3178,deleo,deleo,conduco,cenaculum,video,soluta,degenero,88,126.30643958626412,95,compono,1,1,1,false,0.04864265712970939,2021-08-01T06:59:26.674Z,"Lakin, Kuhn and Oberbrunner",true
62943ec5-8cb5-440c-9eb7-868db01f07fd,2021-05-25T23:47:49.236Z,Emelyborough,Arizona,Germany,-86.6563,-130.0917,comis,clarus,sollers,excepturi,ipsum,vilicus,cohors,50,170.99273892857292,78,reprehenderit,6,1,4,false,0.14774298508057515,2022-06-25T03:37:29.359Z,Beatty and Sons,true
afe8819f-3f28-492c-998a-43b96d75eff5,2021-10-26T14:45:50.305Z,Onieview,Tennessee,Gambia,22.7246,-90.873,infit,decerno,creta,coepi,debilito,teres,clibanus,80,44.72497040632554,36,delibero,2,2,5,false,0.2129059137228616,2024-04-21T09:50:22.053Z,"Murray, Bartell and Keebler",false
f6ce4574-c695-4e9a-8f30-4b83f32599aa,2021-11-12T01:57:25.902Z,Mistyburgh,North Carolina,Democratic People's Republic of Korea,-23.5007,-103.8622,arca,amet,corporis,victoria,auditor,verto,cupressus,59,101.6376380035828,55,ustilo,1,0,3,false,0.13300394416609582,2024-06-10T19:19:59.785Z,"Lubowitz, Bradtke and Howell",false
81002e7c-1df3-4e13-8afe-aa8fc1b4e171,2024-05-27T00:12:01.587Z,Fort Cleta,Minnesota,Turkey,40.2028,80.0004,votum,aspicio,arbor,charisma,timidus,sophismata,cernuus,21,211.39432759478888,77,synagoga,1,1,4,true,0.05455264562032747,2022-12-19T13:48:16.971Z,"Crist, Lockman and Nikolaus",true
56751742-7d1e-4bcc-9409-e849337cfa47,2021-11-21T20:56:22.524Z,New Valentinestead,Oklahoma,Reunion,-78.3557,123.2369,suscipio,odit,spero,tremo,tener,cognatus,doloremque,32,55.1178848397712,65,textilis,6,2,5,true,0.11025891317992584,2024-10-04T08:01:00.656Z,"Kuphal, Conn and Jones",false
8522494a-490c-4715-af11-585a279df95d,2025-10-10T21:44:37.001Z,Fort Sydneybury,Illinois,Dominica,83.738,157.4324,adflicto,est,balbus,sono,trado,angulus,uterque,130,105.66663106324326,20,paulatim,2,1,3,true,0.11231518116260375,2023-01-26T22:16:45.185Z,Turner - Lueilwitz,true
36ff0ddf-6a77-4779-9330-3a9c89cb7973,2019-01-28T10:01:20.298Z,South Bridieworth,Michigan,Isle of Man,25.0049,0.7461,bene,eligendi,accusator,cognomen,beneficium,ex,abbas,24,7.74174349808292,48,suscipit,3,1,2,true,0.09906209183642334,2020-07-17T00:35:07.837Z,"Crona, Jakubowski and Dibbert",false
edb08741-167b-403b-9bd9-688e424fcd69,2021-12-03T03:38:45.681Z,Folsom,Arizona,Indonesia,-25.9302,57.1471,thema,corrupti,tempus,compello,convoco,vilicus,conventus,21,204.0340209014139,66,credo,5,1,1,true,0.2000501483287159,2020-06-12T17:50:29.516Z,Franecki Group,true
593eb9dc-5f7e-41d5-a88d-f13c27bf600e,2024-09-24T11:55:53.753Z,Averyside,Indiana,Democratic People's Republic of Korea,6.2858,-94.3364,tamdiu,magni,usque,tabernus,aiunt,conqueror,umquam,116,58.861746922178135,19,tibi,3,0,3,true,0.23531593129850822,2022-06-05T00:06:40.997Z,Ferry Inc,false
77fb5dbc-4e5e-4266-a622-0eb9bc8ab33f,2024-06-03T08:48:20.750Z,New Freddytown,Illinois,South Africa,22.0005,167.5192,celer,curis,voro,averto,capto,somnus,tactus,35,61.127284746878956,24,voluptate,6,2,4,false,0.03344054597559104,2024-05-10T01:38:42.117Z,"Morar, Mann and Haley",false
31d38bd3-8274-4197-b959-e102b3030b94,2018-08-20T13:03:54.927Z,Chula Vista,South Carolina,United States of America,40.3004,-70.7633,valens,voco,curo,nam,ex,caste,clibanus,81,164.83722203402007,35,caritas,5,0,4,false,0.1261299451474984,2021-10-11T06:47:36.985Z,"Lemke, Stracke and Sanford",false
7c03424f-a8a3-45ba-baa7-c262f802dceb,2020-12-03T14:18:23.064Z,Powlowskistad,Ohio,Norway,15.7799,-82.059,crudelis,animus,atque,uberrime,officiis,video,approbo,116,41.31317025721863,74,confero,3,2,4,true,0.03532952916620383,2019-09-15T07:16:46.219Z,Jacobson - Hirthe,false
695272d2-7a1e-428b-b206-9652110be113,2018-04-01T21:15:17.359Z,West Tiffany,Virginia,Guernsey,-39.1987,10.6378,tepidus,theologus,cur,venustas,vomica,dolor,ullus,24,28.36494692074,99,ciminatio,0,2,1,true,0.1841392707185949,2019-01-20T01:49:06.541Z,Harris - Jaskolski,true
6f3ae72a-8e44-4db1-9112-f0ee9d116db6,2018-01-12T12:05:39.107Z,Gorczanyfurt,Washington,Macao,17.0212,156.5333,stips,utilis,dolorum,aliquid,averto,sub,tenetur,107,177.8804084702679,72,validus,5,1,3,true,0.030474022175188353,2021-06-22T15:35:25.103Z,Howe Group,false
2f7cdea3-9e9a-4d1b-94b2-ea00ad33e65a,2022-11-18T18:01:28.709Z,West Valley City,New Mexico,North Macedonia,6.9928,-171.1011,voveo,tremo,deleniti,alter,combibo,absque,unde,44,239.60128401720732,79,creber,5,0,3,true,0.029208077424102225,2019-03-04T22:14:20.374Z,"Corwin, Ruecker and VonRueden",true
12fc2ada-4320-4d49-a0a0-5d9aa8d01c5f,2024-11-23T21:04:28.949Z,North Darion,Massachusetts,Vanuatu,12.6008,-66.7774,utpote,sulum,vomer,vindico,socius,creptio,suasoria,29,48.74526158857922,83,thalassinus,4,1,1,true,0.15425728771883912,2019-05-16T12:48:37.697Z,"Quigley, Reilly and Hodkiewicz",true
a0f94044-3f90-4c23-ab3a-706f83802b2b,2020-05-14T05:40:10.683Z,North Agustinfield,South Dakota,Slovakia,-0.6167,-151.1857,teres,sordeo,ara,cuppedia,caveo,voveo,impedit,85,37.49231114320957,71,territo,6,2,4,true,0.16626936891668756,2025-05-31T16:03:34.899Z,O'Conner - Nitzsche,true
0c3f75a8-a231-4213-9718-d76a03eb583f,2023-04-26T09:00:27.587Z,Lisettestad,Illinois,Peru,6.6052,170.9136,denuncio,suus,sufficio,cupressus,desino,delinquo,cervus,110,9.38601179620763,65,ullus,2,1,4,true,0.20920450387897405,2020-04-16T01:34:14.104Z,D'Amore - Watsica,true
10264725-4f57-4ea9-a7c2-71dc90ed5aca,2022-06-27T19:45:57.724Z,Doyleberg,Hawaii,Republic of Korea,-63.776,14.9448,decet,saepe,celo,adduco,dolorum,accendo,solum,40,22.777352245770317,71,taceo,4,0,3,false,0.12122415817440729,2020-10-16T22:38:53.766Z,Dicki Inc,true
cebddc59-7c94-49c0-9889-8c10a2a8271c,2019-12-21T07:03:43.282Z,Schulisttown,Illinois,Ecuador,75.1237,-103.0073,absorbeo,advenio,abundans,aetas,non,ago,demo,21,229.47825162349707,55,summisse,1,2,4,true,0.012912292483106935,2019-01-09T03:13:18.726Z,"Schaden, Ruecker and Bruen",false
55e8c469-42cb-4a57-ad29-6e5a3049a6ff,2024-06-03T21:13:45.280Z,Brakusport,Rhode Island,Vanuatu,-47.1183,75.9127,inflammatio,quis,venustas,video,verumtamen,canonicus,vinum,75,90.21236683646603,60,ocer,5,2,1,false,0.04342773028356722,2023-01-31T02:43:58.491Z,"Cartwright, Connelly and Kunde",true
b9d33ccc-a19f-47d2-8ff9-a9be50e0e2df,2021-10-26T22:17:54.540Z,Fond du Lac,Missouri,Czechia,64.7407,-40.0691,adhuc,aliqua,surculus,creator,canis,adfero,trepide,49,160.778290692179,34,administratio,5,0,2,false,0.01431754005416927,2018-02-16T21:02:38.942Z,Casper LLC,false
da5d1bde-a7f3-4f7f-af16-6ed735d3ef35,2023-10-12T12:49:30.565Z,North Jedburgh,Montana,Bouvet Island,49.5754,-70.4085,clibanus,cubo,quidem,omnis,via,balbus,canto,59,88.4988645110572,89,audio,0,0,4,false,0.11975168380601331,2019-06-06T16:02:26.816Z,Sporer and Sons,true
db4f2db7-ffd7-406e-90b7-744a03f0560f,2025-12-29T03:38:40.600Z,North Alford,West Virginia,Martinique,-54.7453,153.048,crudelis,eum,adsum,aestus,depromo,studio,ipsam,84,202.36375335134693,88,hic,6,1,4,false,0.003656630806843114,2025-10-20T01:29:22.913Z,Boyle and Sons,false
70b24036-e4a2-49fb-97e5-ab2a20aa98f4,2023-03-04T03:26:45.036Z,West Dominique,New Jersey,Sint Maarten,-66.2759,120.7951,decumbo,tabella,abbas,absens,arx,eligendi,charisma,125,30.67869925384298,54,apostolus,3,1,1,true,0.10524915816482183,2021-10-28T10:38:40.719Z,Gusikowski LLC,true
80551906-1a7b-4ecb-b698-9c7406893c82,2018-10-17T22:58:55.047Z,Asaview,Missouri,Hungary,-3.731,-27.7767,vereor,aedificium,pecto,commodi,confido,amplexus,tam,92,163.7942963643446,62,vilitas,1,0,4,true,0.22882253638665923,2019-11-28T18:12:37.388Z,Wintheiser - Yost,false
70fc9a1e-3553-423d-b160-caabd30a76e1,2019-07-07T17:45:14.935Z,Erdmanchester,North Carolina,Uganda,81.3291,24.15,desino,tremo,somniculosus,corrumpo,solvo,civitas,curis,121,183.46621131490383,58,ab,6,2,1,true,0.035781807449311476,2025-08-26T01:33:32.263Z,Swift - Welch,false
2107da71-1220-4995-8f53-2a949a8526f9,2021-01-30T09:07:10.755Z,Celestineside,Connecticut,Liberia,54.3897,-148.0799,atrocitas,supra,compono,ceno,amiculum,aptus,adamo,21,209.59272741498043,53,numquam,6,1,2,true,0.0805221939620171,2021-12-30T17:34:32.758Z,"McGlynn, Wilderman and Corkery",false
2182fefe-66b6-4932-b7cf-58ce1f01b7a0,2025-08-11T21:47:21.663Z,North Haileyberg,New Hampshire,Malta,-68.7028,-33.8317,vivo,confido,ver,ventosus,aduro,absque,tertius,118,151.6123454949521,63,eos,2,2,2,false,0.045708917403431554,2025-01-17T02:09:03.837Z,Durgan and Sons,false
8c9e59cb-9dbb-44f1-a343-6ce20721a20d,2022-09-24T05:13:50.805Z,Lindgrenport,Wyoming,Pakistan,-11.3655,-24.068,surgo,sequi,abstergo,crebro,bellum,corona,carcer,45,166.90321907661527,100,carmen,5,1,2,false,0.10801757549788082,2018-05-31T14:32:34.385Z,Conroy LLC,false
5309c49f-f891-402a-8964-fad1f7eb8aa5,2020-07-03T03:57:01.799Z,South Dewittside,Washington,Vanuatu,81.9291,-19.5136,abduco,arbustum,cena,adsum,usque,impedit,caste,21,199.8853674079056,89,soleo,3,1,4,true,0.07897307590196337,2021-04-11T23:34:28.896Z,Kertzmann - O'Kon,true
cf223497-9886-4af6-a910-a41a31a43158,2018-04-23T20:34:08.466Z,West Finn,Kentucky,China,-88.9255,113.934,cervus,trucido,annus,censura,xiphias,universe,compono,129,51.29533317894989,85,ascisco,5,1,3,false,0.20759619691114312,2022-05-05T23:48:52.914Z,Spencer - Dare,true
d3ea320b-ba6b-4345-bb7f-00b79bd421b0,2019-01-15T02:34:16.489Z,North Brookeborough,Oregon,Czechia,-13.1167,-15.9393,tumultus,derideo,cernuus,vapulus,quia,sordeo,crinis,98,61.207041456817784,82,candidus,5,1,1,false,0.24125566117835381,2022-03-24T01:00:14.291Z,Windler - Reinger,true
77bcae1f-19c9-4fc3-858c-0643933b80b4,2020-08-14T07:24:16.002Z,New Elnora,South Carolina,Tonga,-26.9303,-43.399,libero,animadverto,tutis,tres,conor,adimpleo,cervus,34,206.66359024148625,61,illo,6,1,1,false,0.09328018694947643,2018-05-30T15:50:48.086Z,Botsford - Labadie,true
c77514b1-e060-4c4c-a8d1-fbfe0fec6538,2020-02-02T22:15:09.028Z,Johnsstead,New Jersey,Tokelau,85.7976,-160.6755,amo,libero,torqueo,comprehendo,tabesco,cervus,avarus,77,220.58562623337818,97,molestiae,3,0,1,true,0.18829514470000314,2024-03-29T20:26:57.167Z,Corwin - Kirlin,false
d492dff8-07c3-45f1-a654-7866c984d12d,2019-02-16T05:31:39.681Z,Cathedral City,Arkansas,Morocco,-18.9481,-35.0112,theologus,sollicito,torqueo,velut,claro,doloribus,auxilium,20,159.99097896728256,83,abscido,6,1,3,false,0.16573555939246942,2019-08-27T00:55:28.476Z,"Lemke, Ebert and Walter",true
002ab31d-d03c-4f0a-aaa4-c9d12544ae12,2023-10-06T19:36:13.786Z,Bednarland,Mississippi,Monaco,14.3474,173.6431,decretum,soluta,abstergo,consequuntur,temptatio,ager,cornu,105,203.44901593436896,91,timor,1,1,3,true,0.08115476941014202,2019-11-09T08:42:52.149Z,Fadel Inc,true
c9952002-586b-4b04-9886-801ed211881b,2022-08-02T14:04:54.302Z,New Ollie,Michigan,Eswatini,14.2896,102.1955,tero,temperantia,ultio,vinitor,qui,cogito,certe,129,136.5876228841102,38,carus,4,1,4,true,0.0816189484223784,2019-04-13T06:21:50.693Z,Glover LLC,false
67250afe-af18-4931-8071-cd75347afb40,2022-08-01T00:20:07.816Z,Londonhaven,South Carolina,Guam,10.5059,-132.2712,aequus,acies,blanditiis,corona,condico,approbo,tego,117,171.469152629909,44,amor,1,2,1,false,0.08451267930582079,2023-01-04T00:54:15.269Z,"Sawayn, Keeling and Leuschke",false
9a7b306d-badc-4551-96a8-4b8832a6d0fe,2018-09-22T09:05:33.272Z,West Saraiberg,Wyoming,Cocos (Keeling) Islands,-29.1619,99.3409,inflammatio,cura,argentum,depulso,admitto,cimentarius,super,126,10.89234549037788,98,certe,1,1,3,false,0.0973837458090328,2018-07-02T05:15:52.749Z,Douglas - Kuvalis,true
36050466-a7a3-470f-b048-e3962218038a,2022-03-03T07:23:44.579Z,Newport Beach,Virginia,Latvia,-77.1543,-118.4413,solum,aer,caput,spero,adficio,eos,statim,97,6.440451820814879,77,damnatio,0,1,2,true,0.05147848170240654,2025-10-27T19:19:19.482Z,"Lockman, White and Rutherford",true
299a333b-f070-4a91-8196-2144bd95b1be,2024-07-19T20:37:21.999Z,Lake Carolynefield,Colorado,Mayotte,82.3712,106.7722,teres,maxime,absconditus,circumvenio,antea,dolorem,ciminatio,129,106.44837901978073,92,ullam,2,0,5,true,0.006027467350919802,2019-08-09T11:19:10.524Z,Stamm Group,false
b5668994-58ff-477d-9736-9598dcb16aa8,2019-09-01T15:38:37.144Z,East Aramouth,Nevada,Nepal,-37.542,57.9855,subito,delego,veritas,thymbra,vicinus,distinctio,tabesco,56,125.05547436854492,59,coerceo,3,0,4,false,0.2289110663224045,2021-08-05T21:38:13.650Z,Haag - Kessler,false
031781d0-adcf-425b-a1d8-11a5dab6377f,2024-11-23T21:32:04.698Z,Genevievebury,Iowa,Tokelau,18.7286,116.3735,uxor,agnitio,celer,convoco,cultellus,summa,aurum,95,224.01878152104877,67,molestias,1,2,2,false,0.08039856052260508,2025-05-20T19:19:06.682Z,"Grant, Grant and Herman",true
c4dfcb37-414d-4807-9eca-764340fbc4d4,2019-05-10T09:14:48.876Z,Danville,Indiana,Zimbabwe,-80.4152,124.5714,molestiae,sponte,comparo,versus,casus,ante,vergo,86,107.80520871457978,65,demo,4,2,5,true,0.11077511773172047,2020-07-19T00:45:28.303Z,"Smith, Klocko and Rohan",true
ba69798e-f9a1-40c8-98b5-21ed1ab61b4b,2023-03-31T06:41:54.325Z,New Soledad,Rhode Island,Vanuatu,-79.5558,-90.4998,triumphus,torqueo,tum,cerno,praesentium,sodalitas,arbustum,32,205.32634297517166,63,abeo,4,0,2,true,0.11072217141902699,2022-01-28T00:29:03.269Z,Batz - Lehner,false
847ddf3b-c87f-43ee-a21c-a5c01a8ad707,2020-03-25T01:15:08.993Z,Jeromybury,Kentucky,Central African Republic,-48.4225,157.2846,congregatio,stips,articulus,spero,adinventitias,verus,vulnus,60,24.821548931048845,60,aut,5,1,1,false,0.09608707248758494,2024-07-10T14:41:21.063Z,Rau Inc,true
9d898349-beb5-43f0-9e4c-a964757c9a8f,2023-08-01T20:00:03.232Z,New Arianna,New Hampshire,Kenya,-31.1077,-99.2493,fuga,adhuc,spes,pax,demonstro,ager,patria,57,161.9142270175319,73,curtus,0,1,2,true,0.1934321697074686,2021-09-08T02:29:58.058Z,"Schuster, D'Amore and Grady",true
87ac3aa5-c8ab-4328-9a64-8e94fb5dc0f1,2018-12-08T23:15:12.271Z,Elfriedafield,Arizona,Mongolia,88.4746,132.9324,cursim,cunctatio,turbo,amiculum,patria,calamitas,tempore,116,117.47273384418953,44,utor,0,1,4,true,0.1898806523027054,2019-04-12T08:30:17.585Z,Koepp - Dach,true
2c61b26f-7e23-411a-ae1a-a9d40ada2a38,2024-01-05T22:56:17.614Z,Lake Norris,Missouri,Spain,49.8821,175.9759,spero,terreo,civis,arca,facere,cicuta,voluptas,102,196.37745593648123,60,labore,0,2,4,true,0.11487862940334664,2019-02-09T12:34:42.454Z,Lynch Inc,false
9014b52e-3f92-4c8b-9391-fdda2830e1e1,2023-08-11T13:15:32.925Z,Port Eliezer,Colorado,Vanuatu,59.8551,-12.5295,vesica,universe,absens,utroque,sollicito,vesco,adsum,53,168.55842319434083,82,tergeo,6,1,4,true,0.09192135088923631,2024-09-09T08:51:30.839Z,"Ondricka, Lemke and Runolfsson",false
ffa655e7-3e77-4389-86ac-fcee5af189b9,2019-05-30T11:03:03.804Z,Cassinhaven,Nevada,Burundi,21.9052,177.3228,sollicito,clarus,amplus,cras,crur,pecus,constans,24,217.52777236158153,70,iste,1,1,1,true,0.1670325129744213,2024-12-25T19:51:31.935Z,Waelchi and Sons,false
c96cc4e9-9f33-4fb3-9e1c-859a4a1797de,2021-12-10T01:37:54.831Z,Wisozkville,West Virginia,Haiti,-57.7948,-91.6312,desidero,uxor,super,totidem,subnecto,voluptatem,ager,62,51.18160110971125,36,considero,5,1,4,false,0.2178748683173248,2024-05-30T15:54:43.293Z,"Lynch, Zulauf and Prohaska",true
146a0d78-9b59-4048-b141-df25285ba53a,2022-12-31T09:30:00.901Z,East Nathanville,Florida,Algeria,-13.1957,15.4371,sophismata,pariatur,cubo,capto,culpo,commodi,traho,82,66.08494509370772,79,crustulum,5,2,1,false,0.04827392006468606,2021-12-14T04:52:52.597Z,Ullrich - Kreiger,true
9a033c63-d5ff-4edd-9be6-5062a4646e24,2022-12-14T14:34:06.485Z,South Cassandra,Alabama,Algeria,33.3914,41.2445,aestus,accommodo,custodia,carbo,canis,colligo,carmen,110,224.95183786448658,43,arguo,4,2,1,true,0.16584685355964943,2019-08-08T00:15:45.207Z,"Parker, Kiehn and Flatley",true
ac7b0bb5-d14e-435e-a6bc-49cfa9b00273,2022-04-10T15:27:57.462Z,Naperville,Pennsylvania,Timor-Leste,57.8746,59.2174,dedico,arca,reiciendis,dedecor,tollo,creber,agnosco,38,57.62805925458393,94,comes,1,1,4,false,0.09602316798981969,2024-10-23T09:31:34.077Z,"Lang, Jones and Marquardt",false
44f99547-65c4-41db-8648-6713cc9923e9,2022-10-06T22:46:43.559Z,South Lenora,Wyoming,Pitcairn Islands,-2.0241,125.447,consuasor,explicabo,aperte,cupio,canonicus,absconditus,tabernus,42,18.94965498480242,27,aedificium,2,2,3,false,0.1252758564746818,2025-07-21T03:10:25.766Z,O'Conner Group,false