accident_id,incident_datetime,city,state,country,latitude,longitude,road_name,road_type,intersection_type,accident_type,weather_condition,road_condition,light_condition,speed_limit,actual_speed_kph,driver_age,driver_gender,casualties,fatalities,vehicles_involved,alcohol_influence,blood_alcohol_level,weather_reported_at,reporting_department,pedestrian_involved
076e624a-ac08-4e01-9133-5c9a83d5202b,2022-12-30T20:10:51.363Z,Queenton,Delaware,Kiribati,-55.4243,-155.3849,thorax,victus,provident,tergum,curia,verbum,arbustum,86,30.3507730872297,81,rem,1,2,3,false,0.07797645657381941,2024-01-17T09:59:34.622Z,Roob LLC,false
3b082e27-0673-441d-a612-6ef1a8c2e05d,2020-07-21T20:26:44.548Z,New Loisshire,Washington,Serbia,68.6761,172.2245,basium,comparo,amaritudo,ultra,voluntarius,strues,tristis,76,105.03296626867419,99,auxilium,0,0,4,false,0.0785977447603034,2018-07-25T17:13:36.106Z,"Watsica, Cummerata and Cassin",false
18382439-af8a-4e5e-9315-084c100f5f04,2020-04-01T09:44:56.434Z,Beahanton,New Jersey,Central African Republic,-2.6067,-38.5042,adflicto,acquiro,vapulus,absum,tum,acerbitas,strues,64,142.16220720603698,44,demo,3,1,5,false,0.23726406500838823,2024-09-16T07:00:11.952Z,"Marquardt, Fay and White",false
a515ef0b-d5d9-4149-a4e4-bc46efb3ae1b,2020-11-28T14:08:11.157Z,New Lavinaview,Maine,Moldova,-49.2182,48.7414,demergo,ultra,pecus,ustilo,tutis,tutis,curatio,52,178.7217311282476,61,curtus,2,0,1,true,0.05649851226211297,2025-10-14T16:42:50.180Z,"Maggio, Douglas and Kihn",false
b077614f-f6bd-49ce-96b5-148c090a119e,2021-04-23T16:38:57.204Z,Thompsonport,Florida,Italy,39.028,-62.4107,ipsum,carmen,hic,inflammatio,cattus,assentator,ambitus,86,107.24416837047478,55,spes,1,1,5,false,0.1818195506731559,2023-08-28T21:44:41.275Z,"Konopelski, Hayes and Daniel",true
2c364380-e43b-4406-9867-6f268ae301a8,2025-11-30T16:07:51.069Z,Fort Leora,New Jersey,Falkland Islands (Malvinas),-51.769,144.3856,supra,viduo,vestrum,quod,circumvenio,accommodo,adduco,129,53.5672698976606,96,dedecor,4,0,4,true,0.0072635950619739376,2018-09-12T14:11:36.769Z,Rau - Berge,true
994fd148-73b3-4f2b-a3df-3d5d303cb63b,2020-06-29T21:55:54.662Z,Daughertyfort,Missouri,Estonia,-69.2929,-139.0546,aspicio,volutabrum,utilis,cribro,vulariter,crepusculum,voco,128,68.41275657047558,53,decet,3,0,5,true,0.11117219439879633,2021-06-10T09:24:37.678Z,Bogan Group,true
7fa1bba6-df22-4e92-8ede-9cb96160945a,2020-12-11T17:33:46.568Z,Fort Reinholdfield,Washington,Nepal,37.4203,-5.874,xiphias,quisquam,et,ventus,earum,volubilis,cado,50,20.913767910606992,90,conturbo,6,0,2,false,0.12882523285231723,2024-06-06T15:06:55.612Z,"Orn, Huels and Lind",true
c7c07d68-4d52-43e3-bc2a-a8a92666fd74,2021-07-08T22:08:53.938Z,Gutmannburgh,Oregon,Cayman Islands,78.7048,76.7568,voluptatibus,pauci,iusto,bene,cursim,subito,valde,41,18.483373425793765,76,eum,1,2,5,false,0.20249965744004067,2020-12-19T03:57:08.959Z,Schinner - Mertz,true
a448472a-5bf0-4fee-b1e2-a0734fbe5c1f,2021-12-27T05:58:40.851Z,Vellaborough,Missouri,Namibia,7.4673,105.5506,verumtamen,ars,adopto,degenero,repellat,catena,censura,75,107.14180605152242,43,attero,6,2,3,false,0.04237074070160485,2020-11-26T13:57:13.204Z,"Huels, Roberts and Mosciski",true
d5089904-9625-490e-83ba-98c0d40fa3c6,2023-07-29T15:09:28.102Z,West Dillanburgh,Pennsylvania,Guinea-Bissau,2.0855,28.7369,custodia,porro,ulterius,vaco,amoveo,curatio,crapula,48,157.70619241186796,19,apto,5,0,5,false,0.22635312329645424,2025-08-28T01:00:05.936Z,"Donnelly, Schowalter and Will",false
5d3b6c88-bbd4-49d5-bb35-f2798a5f6387,2025-11-19T16:31:31.107Z,West Pearlie,Utah,Lesotho,-63.8368,164.6023,crepusculum,voluptas,aspicio,vero,tres,ab,defero,36,176.57996438394807,24,statim,4,1,2,false,0.21536313338826008,2018-11-10T08:41:56.484Z,O'Reilly - Keebler,false
d3f85f99-f045-4967-bdea-51efdd5998c1,2023-09-18T23:55:00.454Z,North Alexandershire,Louisiana,Algeria,63.6242,-125.086,crux,maxime,clementia,demo,teres,volup,verus,86,165.52560975167913,69,tam,2,1,2,false,0.07783938733119197,2018-08-20T17:58:51.342Z,Cassin - Hills,false
3897332d-d4fc-4477-84b5-346d0beb5f70,2019-12-15T15:27:26.781Z,Yasminton,Indiana,Zambia,32.1342,-65.5588,carcer,baiulus,administratio,vigilo,decretum,sordeo,celebrer,69,72.28934628604247,40,verecundia,5,2,5,false,0.021895448100730908,2025-11-02T20:56:12.044Z,Rau - Weimann,false
0762748b-bd44-4726-9319-109ecff97ff3,2025-07-10T19:49:33.490Z,Lake Keiratown,Washington,South Georgia and the South Sandwich Islands,83.436,15.036,altus,auctus,theca,adhaero,suffragium,spero,valde,90,127.74407329699157,22,quisquam,1,1,1,true,0.012988544770440424,2018-03-29T06:44:35.017Z,Wiegand - Beier,true
9c5de8a3-80f4-4b9b-aa42-c1c1bb9771b0,2021-01-19T06:49:45.949Z,Collinsfurt,Wyoming,Cambodia,-38.4456,101.8064,hic,abundans,virgo,subito,defluo,conqueror,crepusculum,65,221.86269358135092,18,vinco,2,1,3,true,0.2083606181821721,2024-06-07T03:19:00.795Z,"Ferry, Ankunding and Okuneva",false
3d5789ff-c939-4caf-b251-15166c87f30d,2020-03-21T03:12:57.876Z,Raleigh,Tennessee,Portugal,58.1207,104.8487,stella,sortitus,territo,cinis,adfectus,reprehenderit,volva,93,20.909304895141076,53,neque,1,0,3,true,0.0650921869256384,2019-01-08T08:52:02.522Z,"Schowalter, Hintz and Quigley",false
94277550-07c2-4635-9aa5-de053cbbb3f6,2020-08-22T15:56:26.402Z,North Talia,Alabama,Tunisia,0.3196,-41.3051,magni,stillicidium,consequuntur,stips,aestas,adeo,assentator,104,19.789143206376664,92,claudeo,0,1,4,false,0.1350019897034851,2020-07-27T06:02:31.989Z,"Bradtke, Kihn and Carter",true
a6c100c1-7b47-4de1-978b-f2d1ba066d72,2024-04-08T07:15:31.998Z,Tucson,New York,Niue,59.1122,169.6909,tersus,delectatio,suscipio,vester,tego,alo,porro,106,160.18075034386638,62,suscipit,1,1,3,false,0.11902576355892863,2018-09-15T20:38:25.991Z,"Ratke, Swift and Mueller",true
aa2aaf15-278e-4596-a4d7-e6d716ff269c,2022-08-20T19:09:18.443Z,North Christinashire,New Mexico,Bahrain,-4.3278,-55.3915,verto,vulgaris,viridis,spoliatio,quae,arbitro,est,125,95.94765045903816,56,anser,1,1,5,true,0.0821385278537731,2021-04-24T17:16:17.301Z,Koch LLC,true
aa89b4a0-35bd-43fb-9a24-6277f6434d41,2022-02-02T14:46:13.878Z,Port Axelland,New Jersey,Brazil,-34.0444,-153.8431,sponte,provident,ut,suffoco,vitiosus,suffragium,victus,24,88.32002618402174,71,eligendi,3,2,4,true,0.01755169333340076,2023-02-15T03:02:11.066Z,Vandervort - Russel,false
789bd7d2-8a6a-45ca-ae50-da7d8deebfda,2025-05-15T12:36:14.182Z,Port Pamela,Delaware,Austria,-62.0541,123.8787,decet,strenuus,sortitus,strenuus,charisma,congregatio,vox,42,133.85063640518194,50,substantia,4,2,3,true,0.1978884034377562,2019-07-09T17:50:17.711Z,Swift - Bednar,true
de2c9861-5960-4f78-978c-16432b6d206c,2025-06-01T14:20:36.279Z,Tatyanaton,South Dakota,India,-75.6763,-92.6683,vacuus,pecus,brevis,benevolentia,annus,tumultus,claudeo,51,194.19407073717844,62,desolo,4,2,4,true,0.0949605484282591,2023-07-12T07:58:52.172Z,West Inc,true
2dba7b70-1fec-4a76-8db1-9e88b18b1497,2020-02-24T03:36:14.303Z,Pinellas Park,Alaska,Namibia,-64.5372,-117.1925,cariosus,corrumpo,uberrime,deficio,labore,adopto,at,121,11.440751452839173,24,adhaero,4,0,5,true,0.18311310503945843,2019-05-28T22:26:31.686Z,"Blick, Ruecker and Bradtke",true
51c832a1-0b08-49e3-842b-a29d779e237d,2019-08-03T10:36:51.019Z,Volkmanmouth,Nebraska,Peru,-30.8575,-166.7444,expedita,similique,deprimo,claro,atrox,modi,vinco,115,115.64743470204961,80,conculco,5,0,1,false,0.05317962027559822,2025-04-28T05:36:58.672Z,Schinner - Cummings,true
777d45e9-5c8f-48cb-b709-e70696756cc3,2018-01-01T06:15:55.010Z,New Aurorecester,Iowa,Haiti,23.8655,126.121,volo,suppono,demulceo,consequatur,stipes,ars,abstergo,70,144.52780119238955,61,itaque,2,2,4,true,0.08069053813463498,2022-07-01T15:29:58.772Z,Stroman Group,true
5c55df6a-4b10-4841-aca6-15344dc281ca,2020-10-21T10:18:03.028Z,Ofeliafield,Missouri,Seychelles,86.0107,-161.5876,sunt,sophismata,beneficium,adfero,esse,utrimque,caelum,44,122.95146274091331,100,verbum,5,1,5,true,0.21611627716469947,2018-01-29T21:18:26.478Z,Bradtke - Marquardt,true
f6e3f360-d03d-4b06-bbf2-abafa761f45e,2018-02-07T21:49:08.486Z,Emmaleeview,Wisconsin,Nigeria,11.4506,163.9946,bellum,villa,cena,amoveo,tactus,tergiversatio,cunabula,91,217.22641295032383,32,angelus,0,2,5,false,0.016464630961993992,2021-04-12T06:06:52.758Z,Baumbach - Dibbert,true
4b25d8e0-ae36-4599-ae52-52759427520c,2025-11-14T02:52:07.179Z,O'Keefemouth,Alabama,United States of America,-80.2339,-179.2019,vaco,pauci,vir,cultura,corporis,odio,curiositas,38,126.97574217576205,30,thesaurus,4,2,3,false,0.1838922916134331,2020-09-05T20:45:58.121Z,"Cronin, Ernser and Boyle",false
62c0fcea-6e4f-490d-88b1-bec1a00633b9,2022-06-10T01:59:04.387Z,South Amara,Colorado,Congo,-81.6686,37.7759,vilitas,tabella,suggero,ante,caput,stillicidium,ciminatio,89,204.80562744243585,96,trans,0,0,4,true,0.22627833668990127,2018-02-22T15:01:46.473Z,Runolfsson - Huels,true
fb31d50b-6598-4a22-a747-b6f77fd10cbe,2022-06-19T19:58:13.722Z,Lake Ellis,Maine,Moldova,-64.7739,3.1046,decumbo,stillicidium,talio,pauper,textus,capillus,aedificium,44,236.22046739759068,60,maxime,2,0,3,false,0.14614898111842914,2021-04-06T23:11:19.070Z,Willms - Zboncak,false
641a45bd-ccee-406c-a16a-ece57f7558f0,2023-07-06T13:01:01.487Z,Bednarfort,Indiana,Bouvet Island,75.7614,-167.9964,suscipio,adfero,verumtamen,sol,depereo,viduo,triduana,41,129.93873191559194,29,complectus,2,1,4,true,0.016796202503844088,2021-10-07T21:09:54.745Z,"Bayer, Lueilwitz and Glover",false
0f6740a2-f23b-468f-9237-26c30b545dce,2019-10-14T18:42:24.998Z,Einarside,Ohio,French Polynesia,3.1534,-72.8772,spero,aeneus,ascisco,conculco,bellicus,cruciamentum,tenetur,53,100.90412638456417,43,verecundia,6,0,2,true,0.2364713795263356,2021-02-22T03:02:42.875Z,Schuppe - Nolan,true
65b86433-8827-448d-9b1f-7d62d518d156,2021-09-14T07:30:02.526Z,Fort Joy,Montana,Cook Islands,-11.472,-91.0528,clementia,velociter,uredo,succurro,odio,summisse,placeat,80,129.22622119000198,39,sint,1,2,3,true,0.11248947317374142,2022-11-15T08:29:33.389Z,O'Conner Inc,false
a75add19-c441-4e30-9a64-26dfba0a2e6b,2020-10-27T18:42:07.789Z,Hudsonchester,Illinois,Tuvalu,-67.0945,-127.1428,desidero,somniculosus,ad,xiphias,careo,civitas,ocer,104,146.52448260983456,41,delectatio,6,2,2,true,0.12005601074788746,2024-07-11T12:50:40.204Z,Carter - Ernser,true
f3d02ea5-2aac-4de7-a3f9-743042e778a9,2022-03-30T04:05:52.190Z,West Brendanstad,Alabama,Nauru,-59.2561,-98.056,quibusdam,aptus,ut,sublime,sui,vestigium,aiunt,80,138.40108748775765,100,ara,5,1,4,false,0.19571235818400684,2025-02-08T09:14:18.172Z,Greenholt LLC,true
3a4a8a16-d8eb-47a4-ad2c-fe55f8baeef7,2024-11-03T06:54:13.986Z,West Shannonton,Louisiana,Aland Islands,-4.7514,138.8475,coepi,absum,reiciendis,deripio,impedit,venustas,suggero,112,131.87198256729036,55,porro,4,0,2,false,0.15077487641245188,2024-06-29T06:58:22.544Z,"Franey, O'Conner and Christiansen",true
d799ea02-7da8-458d-8e63-7ff0d5a1d992,2019-12-30T17:44:38.344Z,Port Samsonburgh,Georgia,United States Minor Outlying Islands,82.2917,72.9634,corrigo,cultura,virgo,aliqua,dolores,laborum,cresco,120,39.52325059456604,100,nihil,6,2,3,false,0.04227233276108741,2023-10-10T20:56:36.414Z,Balistreri - Kerluke,false
21c18deb-0654-450f-9b36-6c89f1bea232,2020-03-29T13:07:59.956Z,Texas City,New Mexico,Cape Verde,30.0003,78.2633,appositus,aliquid,volaticus,catena,quod,ait,amaritudo,81,37.57104658692489,22,verbum,2,0,3,true,0.004380012089156421,2018-04-18T10:05:58.997Z,"Lemke, Nitzsche and Nienow",true
94279657-bf7a-4dbc-ba67-069bad2fd795,2025-08-14T06:16:24.984Z,Kuhlmanchester,Utah,Micronesia,-64.2081,68.1857,video,depopulo,patrocinor,auctor,claro,concido,conicio,91,101.70716888927834,53,labore,6,1,1,false,0.03001404361240448,2023-06-15T14:08:31.851Z,Renner - Howell,false
6d57139b-a50b-4b0f-ad2e-9ec27a91744a,2019-07-02T21:52:18.251Z,East Honolulu,Idaho,Samoa,-8.8369,144.0152,esse,civitas,capitulus,victus,conspergo,socius,sapiente,61,232.1402220565596,42,comminor,3,0,1,false,0.23658508294186598,2024-08-03T22:13:12.197Z,Kautzer - Armstrong,true
d893cb0b-8d53-4178-a772-d98422e94835,2024-12-03T10:30:20.395Z,New Courtneyworth,Rhode Island,Cote d'Ivoire,-3.9162,160.2456,denego,atqui,advenio,curso,decipio,solitudo,cetera,72,216.494798326678,36,vesper,1,1,3,true,0.18721385674265242,2022-02-12T01:01:23.352Z,Ryan and Sons,true
4996b9ab-4c57-4bce-83a1-6d4b60b702e3,2024-10-20T00:21:55.295Z,Eliezerville,Alabama,Guinea,-73.3892,-46.3667,atqui,curis,voro,alioqui,tenax,amet,vel,61,234.1438274429827,33,solvo,6,1,1,true,0.1409649327202827,2021-03-12T18:23:21.732Z,"Franey, Weimann and Torp",false
949fd240-c86b-4856-8f4c-c0a60e9e3dfe,2020-12-16T05:40:08.450Z,Lake Vernontown,Ohio,American Samoa,-24.2245,-24.8648,quo,corrupti,nam,tero,asper,dolores,perspiciatis,64,90.78263089266095,99,vilicus,6,0,2,true,0.020317988205319826,2021-11-07T17:07:55.179Z,Ullrich and Sons,false
156b0102-1cb1-40c9-9d74-0118cc3ad1d0,2024-04-30T10:03:26.597Z,East Diamondchester,South Carolina,Uzbekistan,64.2608,-118.019,textor,cicuta,cibo,reprehenderit,celebrer,admoneo,spectaculum,36,186.52351715072237,34,at,0,2,2,false,0.17201974920612353,2025-04-23T12:32:55.038Z,Herman LLC,true
f9dde531-2276-4bc8-b890-679230f7b709,2025-06-03T01:49:57.225Z,Sheboygan,Texas,Canada,84.7249,-65.9125,circumvenio,armarium,veritatis,benigne,creator,deleniti,abscido,40,117.75696383107751,40,thalassinus,4,2,4,true,0.15393625430901095,2023-04-20T05:33:51.848Z,"Lesch, Schmitt and Moen",true
a5c80da5-2e1a-4e54-a448-395319200372,2023-04-18T12:16:57.720Z,East Gaston,New Mexico,Lebanon,10.9319,-98.5661,absens,cui,solus,abeo,comptus,usus,vomito,35,208.71716504433613,61,argentum,0,2,3,true,0.01851987442707101,2024-12-12T21:46:16.393Z,"King, Trantow and Hills",false
5116f393-2b46-46eb-90d4-e6e840f52c65,2025-10-17T08:37:27.442Z,Steuberstad,Florida,Tonga,-73.6438,149.4711,amoveo,animadverto,stillicidium,adipisci,sto,vigilo,supra,81,82.58870237530513,20,odio,6,0,4,false,0.11821073010260608,2023-11-11T00:11:46.345Z,Block - Wisozk,true
9745d009-4905-47b6-af8a-6f1850c5d132,2021-04-16T06:25:11.351Z,Magnusberg,Minnesota,Austria,-70.3325,53.8403,voro,odit,argumentum,caste,suscipit,curiositas,surculus,115,110.17275659763696,98,solum,2,0,2,true,0.006318835003685075,2021-03-15T03:53:42.120Z,"Bins, Ward and Wiegand",true
3fcf15d5-b56c-49c0-92f0-2e3d5dbfc9e6,2019-11-14T05:47:43.927Z,Fort Dagmarfield,Delaware,Brunei Darussalam,41.1515,147.7957,tum,sufficio,cumque,communis,bardus,angulus,sub,56,123.59721162210987,56,arto,6,1,2,false,0.07396505702737866,2018-01-22T17:02:33.444Z,Wolff and Sons,true
4263a447-b28a-463c-9654-7470d3540e66,2023-01-08T21:40:28.615Z,New Cassidy,Massachusetts,Central African Republic,23.8161,-17.7423,acquiro,alii,tres,avarus,colo,decerno,bis,24,202.24125746458208,97,sed,0,2,3,false,0.24604417314686267,2023-04-08T21:44:56.303Z,Hayes - Ritchie,true
e5349375-a068-47a4-a998-b74da2fa918e,2021-02-05T14:51:10.553Z,Ames,Vermont,Comoros,48.2501,-148.8493,tepesco,dicta,volup,truculenter,advenio,cicuta,canto,30,223.9259066774159,44,titulus,2,0,3,true,0.03977227218541282,2024-09-06T23:25:15.070Z,Wolf - Carter,false
307eeca1-7318-4907-bb15-0fa794b15e66,2025-04-26T04:19:12.999Z,Connellyborough,Michigan,Barbados,-72.7867,84.0972,coruscus,appositus,canis,esse,tamdiu,statua,triumphus,47,79.5694254134811,35,laudantium,5,2,3,false,0.02359825845627664,2021-11-21T16:11:32.479Z,Hayes Inc,true
14020f9c-6e13-4c87-9889-40597da82063,2023-10-26T08:56:43.407Z,Lake Jacquelyn,Connecticut,Niger,-88.9523,-16.1055,cruciamentum,decor,vallum,attollo,quas,umquam,inflammatio,79,150.71520670171392,59,spectaculum,1,0,2,true,0.09018021169243029,2024-07-05T11:41:25.139Z,Lindgren - Jacobi,true
64dfa309-86cb-4fce-8fbc-50d88cf0aab7,2019-12-30T02:25:31.264Z,North Kallie,New Mexico,Mauritius,48.5529,47.6328,aveho,civis,absconditus,crur,cetera,surgo,amplus,97,183.75251894884752,35,iusto,3,2,2,false,0.0776861975554492,2025-04-16T20:08:58.395Z,"Koepp, Fritsch and Rodriguez",true
0c4acf4b-cb96-4f29-ae8b-d44745a71f68,2020-05-23T21:52:32.675Z,Mckennaside,Utah,New Caledonia,15.1938,-16.1797,adinventitias,utor,abundans,adulescens,adiuvo,communis,tenax,57,161.4161175229757,86,corrupti,6,1,5,true,0.2226683186278185,2023-11-17T20:29:52.162Z,Bergnaum Group,true
dde16b19-5ed9-46d1-a7b6-4f55ae5be98f,2022-07-12T07:15:31.494Z,Virgilborough,Kentucky,Uzbekistan,-77.0005,-143.3393,cogito,terror,cena,exercitationem,praesentium,libero,cenaculum,56,226.9458911391717,32,somniculosus,4,2,1,true,0.21215789539139898,2020-12-23T14:49:35.722Z,"Thiel, McDermott and Cormier",true
e0a3ec72-7f30-43a7-801e-0ecf534222dc,2024-07-27T10:52:40.563Z,East Kadin,Mississippi,Antarctica,-2.1769,79.2768,super,ultio,soluta,caveo,terebro,terra,ultra,119,6.6024067872056325,24,admitto,3,0,4,false,0.07721708367665955,2023-07-04T21:48:49.761Z,Streich - Gerlach,false
b8b28274-2b25-4a78-9c28-5a8df3d911c1,2025-11-14T05:27:14.959Z,Fort Ebba,Texas,Uganda,-7.0574,58.5036,cohaero,decimus,celo,iure,conforto,trepide,curvo,82,125.37256873533833,59,libero,2,0,4,true,0.17302251921214465,2021-07-05T09:20:06.989Z,"Pollich, Spencer and Hettinger",false
5468d336-f5a0-4d5f-9369-09e2a85a8eb3,2023-05-27T04:50:17.317Z,Beverlyworth,Indiana,Dominica,42.523,-26.4116,sollicito,suscipio,aveho,voco,tenus,charisma,cavus,33,13.56929513177537,30,collum,4,2,1,true,0.15880850171310865,2019-11-21T22:40:57.306Z,Pfannerstill and Sons,false
f232f44a-c1a2-4da8-9862-7c12c0dd142a,2024-09-12T10:05:38.001Z,San Leandro,Maine,Guinea,67.113,-64.4564,vulpes,adsidue,triumphus,damno,canis,amissio,bos,126,156.2890899004597,74,tersus,0,1,5,true,0.12251536214251585,2019-03-26T11:37:15.855Z,McDermott - Simonis,false
d651042e-7f42-4ff2-bbf7-d94d5cd82239,2023-02-16T21:54:43.480Z,West Therese,Hawaii,Guinea,-15.2678,-151.674,textor,timor,autem,crux,cado,vulariter,soluta,100,173.64017620804987,50,amiculum,0,0,1,false,0.07203854762781825,2024-06-13T19:43:56.533Z,"Predovic, Lueilwitz and Sipes",true
6ebd2252-cf9d-414f-a637-6f13e35b7eb5,2020-06-25T16:43:03.367Z,North Faustino,Kentucky,Nepal,82.4068,12.854,advenio,ter,summisse,asper,video,cubo,textor,24,164.61323435505804,32,comburo,3,1,4,false,0.04311544384614957,2024-01-03T17:41:59.260Z,Moen - Runolfsson,true
2dd0c9ec-27d2-4fa1-94eb-bc148a1105a9,2025-04-11T09:32:37.892Z,Marvinfield,Florida,Tonga,-76.9677,173.1328,turba,capio,defero,illum,tutamen,patrocinor,ratione,21,24.100906348271405,91,tunc,4,1,1,false,0.03459168342899316,2023-07-06T13:15:12.185Z,"Kutch, Emard and Bergstrom",true
8e317bd5-a3ae-41f4-b256-f8e3fb163872,2020-01-29T11:28:20.115Z,Brentwood,Connecticut,Kyrgyz Republic,-52.9242,-16.1499,apud,artificiose,curto,condico,voco,sperno,quam,45,166.39509476760657,51,certe,1,2,1,true,0.025969751975071093,2019-01-20T21:42:59.479Z,Mosciski and Sons,true
dfbd01f9-1264-4fbf-a6f9-e0c8015c35f5,2022-03-27T12:04:05.371Z,Stamford,South Dakota,New Zealand,43.1825,154.2856,speculum,vito,decimus,armarium,creo,spes,velum,59,190.05318197496888,16,certus,5,0,3,true,0.05167587105374569,2020-10-25T21:37:30.503Z,Stroman Group,true
58d69717-32f4-4dc0-a426-392f10517558,2024-12-08T11:34:27.582Z,South Juniusstead,Maryland,Niue,4.3676,-80.3885,quas,argumentum,triduana,copia,quia,suus,via,47,32.331918395661546,31,paens,4,1,3,false,0.032452793858778195,2020-05-02T13:25:39.602Z,Predovic Group,false
eec733b1-5a47-4f2b-81ec-a46c9f608b94,2022-05-27T17:40:46.981Z,Roseville,West Virginia,Malaysia,81.1749,49.8942,sui,verto,cultellus,suscipit,textilis,arceo,vesper,55,75.19471433144007,65,thema,6,1,1,true,0.24633102950554,2021-05-12T13:09:15.954Z,"Green, Kshlerin and Kessler",true
f4073e44-6168-45d3-a44b-9442a7e84fa9,2019-12-19T21:47:28.336Z,Fountain Valley,Georgia,Kazakhstan,-15.5053,-72.8373,auxilium,caput,aliquam,comptus,antea,vinum,testimonium,80,13.94810472926503,88,aro,4,0,5,true,0.24652885424486629,2018-08-08T20:56:07.694Z,Stiedemann Inc,true
43a879b6-7107-40cf-8568-2355713c5f4a,2024-08-15T21:03:34.484Z,Fort Freidaville,North Carolina,Senegal,-7.3066,-85.5968,subito,abscido,accusamus,ex,attonbitus,subiungo,color,79,69.75658202508897,48,calco,0,1,4,true,0.14281814832897122,2021-03-06T06:13:47.701Z,Kovacek - Ondricka,true
188ac83e-6258-4c65-997b-499969c1a457,2020-07-26T14:16:02.725Z,Trantowfield,Utah,Namibia,67.4088,136.6277,maiores,attollo,officiis,utor,vorago,desipio,absque,50,119.37428829531828,24,termes,4,1,1,false,0.1775098010597827,2020-10-09T06:36:45.003Z,Pagac LLC,false
9c2c4ff4-2ae7-4f18-83d4-94df5f3804b6,2024-09-05T01:04:56.243Z,West Jacynthe,Indiana,France,-57.675,97.2564,cura,astrum,cavus,auxilium,vilis,ver,rerum,124,221.90855984362355,60,curtus,5,0,1,true,0.20354471422149245,2023-05-20T11:59:28.187Z,Beahan - Hermann,true
0e3f4f0d-e5b1-480d-a499-bed42c93cdae,2020-02-28T01:26:00.599Z,New Jeremy,Ohio,Malta,-21.8226,-165.2672,terror,tristis,vinculum,spes,caries,aliqua,contra,101,24.236043975288766,21,celebrer,4,1,2,false,0.07710805558930633,2022-09-17T17:28:35.608Z,"Hills, Pfeffer and Renner",false
ade83300-7f6e-48d6-906d-73b2a278ba0a,2022-11-10T04:06:02.269Z,Nashville-Davidson,Wyoming,Malta,-89.1034,79.7483,molestias,vestigium,voluptate,annus,terra,verus,contra,121,200.94382054838042,27,velum,4,1,3,true,0.0923163198393123,2023-04-29T17:02:51.544Z,Bradtke - O'Connell,false
2dd94ff2-df83-4ce0-acaa-57d6dc259ade,2021-09-03T00:28:52.631Z,New Elvis,New York,Democratic People's Republic of Korea,-43.8798,126.0524,pariatur,vito,somnus,impedit,ipsa,solum,curto,50,50.931469551163666,54,validus,0,2,5,true,0.23513112421615667,2020-10-15T17:44:33.444Z,"Heidenreich, Wiza and Stiedemann",true
dfcb16ee-864a-4b62-8040-beec396d1d42,2025-05-07T05:45:19.635Z,Hicksville,Ohio,Croatia,-77.6399,14.5245,tubineus,thesaurus,cenaculum,calcar,tribuo,blanditiis,succurro,78,226.4471531745948,83,cruentus,6,1,3,false,0.10952433837809736,2025-12-21T18:19:55.214Z,Deckow and Sons,false
88bc75b9-b692-498a-b15b-7b5220afba26,2021-03-14T01:12:29.552Z,South Earl,Florida,Luxembourg,49.9593,102.0036,totam,depono,maxime,utique,conqueror,tunc,aspernatur,32,37.2901109076706,34,volva,5,0,3,false,0.19857459134153746,2022-12-20T04:51:37.775Z,Wilkinson and Sons,true
72be9c56-947e-44fb-8771-5a87302b103c,2021-09-29T04:19:31.153Z,East Osborne,West Virginia,Vietnam,-1.2403,-161.2639,utor,deleniti,decipio,spiculum,pecco,administratio,cui,114,99.58252832288453,28,timor,0,0,5,true,0.0607646556477858,2022-07-31T22:31:18.259Z,Kuphal - Bashirian,true
0c8a30c1-9c79-4bff-a0bc-8b973719c20e,2022-05-25T00:26:22.040Z,Fort Alta,Indiana,Saint Lucia,-54.6501,-94.3158,sortitus,celo,desidero,supellex,ratione,civis,accusator,22,101.93810718517094,32,quam,0,0,2,true,0.20794695679289774,2020-11-26T02:44:24.533Z,Rolfson LLC,true
05154830-a7a0-41de-a581-716d2cfa6c18,2018-07-12T16:01:23.937Z,Zanderborough,Nevada,Comoros,52.1942,-118.8095,bos,cogo,atrocitas,subvenio,sequi,volup,ratione,119,190.35550878988525,20,alii,4,2,1,true,0.0882059234847215,2024-10-13T14:08:45.221Z,Kemmer Inc,true
2ccf899f-0d66-4105-92c0-8b1add477890,2018-02-20T06:11:06.057Z,South Lauren,West Virginia,Martinique,21.5055,-115.8096,ventosus,acquiro,cerno,itaque,ter,thymum,desolo,107,24.832560096173346,78,tonsor,0,2,2,false,0.19444791494670102,2024-01-15T03:22:44.939Z,Sipes LLC,false
ca12feeb-e9c7-4c77-ad4f-f5351faa57fd,2022-02-05T02:38:03.018Z,Berkeley,Connecticut,Turkmenistan,-29.8069,-96.9983,cerno,subiungo,defetiscor,concedo,pecco,adinventitias,natus,23,129.05277593217178,72,texo,1,1,5,true,0.22164702148538026,2022-02-16T06:10:35.461Z,Nolan - Kreiger,false
41790610-05bc-40c8-8d52-e5e86776d1ef,2022-09-17T07:20:02.848Z,East Naomie,Alabama,Suriname,57.5935,-146.4005,audacia,crastinus,ultio,illum,culpo,villa,auctor,71,70.13650734793103,93,beneficium,1,1,4,true,0.09663032133349875,2018-09-21T12:35:38.857Z,Goyette and Sons,true