accident_id,incident_datetime,city,state,country,latitude,longitude,road_name,road_type,intersection_type,accident_type,weather_condition,road_condition,light_condition,speed_limit,actual_speed_kph,driver_age,driver_gender,casualties,fatalities,vehicles_involved,alcohol_influence,blood_alcohol_level,weather_reported_at,reporting_department,pedestrian_involved
a780de77-124e-4fc6-959d-63eb342037de,2018-07-23T04:35:13.976Z,Meganeport,Michigan,Albania,-39.3677,-95.2737,tero,aqua,ipsa,tabula,averto,usque,creo,50,135.6042244325816,32,decimus,1,0,4,false,0.04924100171808876,2022-04-05T00:31:05.881Z,Stamm Inc,true
782425ec-a507-4493-8ac1-2f40cfb2b225,2021-11-22T14:53:51.898Z,Brooksville,Indiana,Cayman Islands,-13.9565,179.3663,demergo,veniam,aer,apto,explicabo,credo,vulnero,28,134.24552982504986,86,sufficio,3,1,4,true,0.18954285061103943,2025-03-19T08:09:56.793Z,Trantow - Harris,true
fff50399-66d5-49ed-a6e2-f490bf8a080d,2023-08-22T19:32:04.288Z,Giaworth,Michigan,Cocos (Keeling) Islands,-0.1624,-128.0899,adamo,caterva,suscipio,tres,bellicus,testimonium,advoco,109,109.99582167181393,40,vindico,6,2,1,true,0.03649151050106114,2022-09-20T13:35:20.409Z,Huel - Strosin,false
f5721ce9-689c-40d6-a313-cecf61313c8c,2023-06-04T07:53:53.728Z,East Bricehaven,New Jersey,Costa Rica,-36.8467,-76.54,quaerat,bibo,appositus,tempora,vester,teneo,amplus,106,146.56632304887364,100,censura,0,0,1,true,0.11180454785375238,2020-08-19T06:58:36.708Z,Schultz LLC,false
68b14761-7d82-484e-b15f-064f0cb90cd0,2018-10-09T09:02:44.126Z,South Augustburgh,Wisconsin,Kuwait,-31.711,-17.1491,undique,clementia,adfectus,comedo,vereor,perspiciatis,curis,122,175.79500381976322,31,acer,3,0,1,true,0.13664253112586133,2018-07-15T09:27:58.329Z,"Jacobs, Watsica and Hettinger",false
8d59dd1b-a437-4594-afa5-f227b5e5f999,2024-04-27T12:46:38.715Z,Lake Stanberg,Hawaii,Bosnia and Herzegovina,-77.0267,120.0819,tenax,tametsi,accendo,damnatio,accusantium,dedico,fugiat,57,207.15245805943294,18,volup,5,0,3,false,0.10108890505155024,2023-09-24T00:26:29.251Z,"Lockman, Marks and Grant",true
ca61a7b9-083d-4065-9b0b-50e116783bf0,2022-01-24T01:37:59.127Z,Anchorage,Alabama,Rwanda,-61.6052,-16.8941,vulgus,conatus,antiquus,cum,accusator,creator,auxilium,55,126.12442441015752,59,delinquo,0,0,1,false,0.23032599669735496,2021-08-30T14:19:03.977Z,Halvorson and Sons,true
1e0a6537-4436-4a23-afec-23445e279a18,2022-03-18T19:47:58.727Z,Fort Mohammed,Vermont,Hong Kong,84.5606,-100.6961,una,statim,et,cubitum,undique,advenio,patrocinor,44,229.67290565105708,77,universe,0,0,4,true,0.08098241007859985,2022-06-20T13:09:39.273Z,Marvin LLC,false
a4db01ef-e4ea-4bdf-b7b5-6e2d93ca6000,2023-10-26T03:17:50.416Z,Portage,North Carolina,Libyan Arab Jamahiriya,-7.1549,-127.0531,exercitationem,doloribus,venustas,asper,dolores,agnosco,coaegresco,60,56.867416075533114,80,vito,4,1,5,true,0.04117474395779669,2018-04-29T20:18:58.660Z,Willms - Turner,true
114e419e-6efe-4205-985d-f758f65faa2c,2022-02-21T00:59:32.475Z,Armstrongchester,Idaho,Western Sahara,16.2384,-55.5917,omnis,subnecto,villa,creber,acer,vito,sumo,74,173.04822233622326,64,antepono,1,2,3,true,0.20813990715345512,2018-02-17T12:48:53.741Z,Kris and Sons,false
2c3be730-6df8-4f75-a955-831a9853eefe,2021-04-05T04:47:59.636Z,East Reba,North Dakota,Panama,63.5834,117.3335,avarus,cariosus,quis,cedo,territo,suspendo,complectus,72,56.661460224306694,44,utilis,0,2,2,true,0.04704084566908695,2018-04-09T19:28:54.170Z,Hoeger Inc,false
d44e628a-7c42-4dc6-a211-0d30b9e8b924,2019-12-09T08:34:25.930Z,Gibsonburgh,Maine,Bosnia and Herzegovina,11.8783,27.9478,admoveo,cunae,tremo,tempus,cura,universe,certus,99,224.77369246513146,50,abscido,5,0,2,false,0.06054231642845201,2022-12-09T02:34:49.939Z,Mayert - Gislason,false
3546f4cd-86ea-4e26-ba07-6abe8d1658de,2022-06-07T23:21:10.787Z,North Miami Beach,Iowa,Norway,66.8371,-111.5296,acer,cubitum,aequus,voluntarius,repellat,volup,atavus,24,159.40498705102917,23,torqueo,6,0,4,true,0.011587996273309753,2025-05-24T10:12:01.502Z,Legros - Jacobi,true
c9c98153-393a-4718-a0d1-a6c87892824b,2021-11-21T00:31:14.753Z,Torphyville,New Hampshire,Jamaica,-4.1184,166.1138,ea,vitae,voluptatibus,acervus,tenus,voluptatem,xiphias,117,127.3475976865139,41,curatio,5,2,5,false,0.2497608937723841,2020-05-17T23:45:33.440Z,Anderson - Koelpin,false
16516661-907e-4985-abd1-a7b23a3e6748,2018-03-07T11:07:23.854Z,Lennyberg,Mississippi,Slovenia,-70.5936,-12.2113,reiciendis,tabgo,excepturi,fugiat,depereo,utique,conculco,48,40.45602921810324,61,ventito,4,0,2,true,0.12867459144477805,2020-01-10T22:40:20.010Z,Wintheiser Group,false
f7b7d467-2f63-4b9c-b3b1-f7c1b1ca3722,2021-06-05T05:04:30.702Z,Gabrielland,Ohio,Burkina Faso,28.8916,-158.0185,timidus,accusantium,earum,auditor,bene,artificiose,sui,66,50.26852458386902,59,a,2,1,2,true,0.04854626278796831,2025-04-23T16:06:41.627Z,Ryan - Kris,false
9d404ffc-65fe-4238-93f1-4c29fe28185f,2020-03-17T18:00:50.462Z,Victorville,North Carolina,South Sudan,-27.5335,-77.0577,facere,aliquam,distinctio,teres,utrimque,impedit,ad,25,103.85841330872762,98,aveho,0,2,5,true,0.1918438381134821,2021-09-08T17:23:51.749Z,Hegmann LLC,false
7f9dfbbc-ec07-4e60-b5fe-e6bf6d8d335b,2019-03-03T08:12:43.203Z,Port Osbaldomouth,Oklahoma,Cote d'Ivoire,54.3408,59.6874,corrupti,viscus,avaritia,abutor,defaeco,ante,deduco,20,135.01880964832245,29,trans,0,1,2,true,0.007088888944983024,2018-05-06T14:28:38.544Z,Bahringer - Kling,false
34bccbb6-0413-4568-8a51-e1a737fbd295,2025-09-10T12:10:00.268Z,Arturochester,Alaska,Madagascar,3.6826,-43.7675,occaecati,cruciamentum,ater,uredo,caput,vilis,custodia,82,19.65954644574669,99,suasoria,3,1,5,false,0.07612105540770486,2024-04-11T05:57:11.253Z,Hermiston Inc,true
953c7ef0-1fb5-482c-8935-b642910ed849,2025-03-29T00:46:03.967Z,North Myleneberg,Michigan,Morocco,-82.4663,165.2036,audacia,conduco,tergeo,tempore,sollicito,cruciamentum,audacia,20,126.87698748616795,91,unus,6,2,1,true,0.22825381025503685,2022-10-29T16:45:48.704Z,"Schiller, Kiehn and Stokes",true
a9ba7742-7ec9-4690-93f2-7a70e15b7073,2018-06-11T19:44:03.902Z,South Nels,Mississippi,Singapore,-75.2793,42.3903,dedecor,consectetur,civitas,facilis,vinco,usitas,cribro,90,224.0227665936943,34,corpus,0,0,2,true,0.14468605717388625,2025-12-16T10:22:22.053Z,"Harris, Zemlak and Powlowski",true
3a345c0e-fe38-41a8-9bcd-1e7b41664975,2024-12-06T17:23:43.749Z,Padbergborough,Louisiana,Yemen,42.3775,-177.2612,solio,temeritas,defaeco,deripio,sit,architecto,vox,71,100.94981596041089,94,synagoga,6,1,3,false,0.0696573445082441,2022-01-03T18:52:37.480Z,Dicki Group,true
3f6be89e-5d03-45e6-9c29-146a5f7fe1cd,2019-11-07T22:20:57.259Z,Port Omerside,Florida,Cyprus,16.5696,142.7471,taedium,claustrum,aeger,temperantia,sursum,capio,creber,33,87.54572511289848,70,adficio,6,1,3,false,0.21618308709750794,2019-01-14T09:58:11.028Z,Prohaska - Heller,true
a0b03c78-ba5e-4f7d-89e9-c114102fc56e,2018-04-30T02:46:37.073Z,Boehmstead,Virginia,Benin,55.7746,-68.8789,comburo,volva,consequuntur,vergo,admoneo,denuncio,dignissimos,60,208.3774807434318,89,suus,5,0,5,false,0.12142792107289366,2018-09-26T16:22:04.854Z,"Wintheiser, Goodwin and Romaguera",true
2984c1df-e269-486c-bbd5-eacee01f95ac,2024-02-13T17:51:25.829Z,Lake Dave,Hawaii,Peru,-73.2117,98.5221,appositus,attero,spiritus,acer,taceo,tabesco,bibo,42,60.38743114818425,43,voluptatem,2,2,4,false,0.2134877335561938,2024-09-05T07:25:24.392Z,Nolan - Lemke,false
7f983475-cd94-44c7-a430-7da4ed28f9cc,2019-04-24T08:53:57.072Z,New Jeramieberg,Iowa,Uzbekistan,-69.988,-44.0153,delectus,volva,abduco,tergo,amiculum,vero,venia,55,64.27628566580194,81,culpa,2,0,3,false,0.008131623456927917,2019-09-26T00:52:42.009Z,Schiller Group,false
63df7666-89a0-40f5-9e0f-973230b540ef,2021-09-04T10:03:27.798Z,East Kallie,North Carolina,El Salvador,-39.3479,4.2348,cupiditate,amitto,spargo,id,tener,confugo,nobis,129,203.88519264804566,56,tonsor,2,1,3,true,0.06507224382919094,2022-04-04T19:07:58.754Z,"Mosciski, Moen and Spinka",false
d9b9bbd3-bb24-473a-92e3-c6d22e0e7a52,2018-02-04T21:20:09.289Z,Monahanworth,Colorado,Tajikistan,-49.5276,-56.1007,defleo,volubilis,caput,angelus,surculus,suus,facilis,119,24.986470119421476,25,conturbo,1,2,2,false,0.12580127699883373,2025-11-18T02:13:27.587Z,Homenick - Abshire,true
4bd138ed-0157-474b-ab30-6966a0055ad4,2020-01-11T07:18:10.836Z,North Newton,Pennsylvania,Oman,-58.9687,84.5699,desino,minus,sint,audentia,adulatio,subseco,quos,122,13.605103503762228,79,aufero,2,2,4,true,0.23092154295511005,2020-05-29T08:10:46.992Z,Frami - Schultz,true
98e956a3-1b91-4b40-a51d-b2388d49f464,2021-03-20T16:14:11.416Z,South Luisamouth,Wisconsin,Malawi,40.6069,30.357,vinitor,delectus,vir,umbra,velit,crepusculum,delinquo,127,47.037330933053035,32,tibi,4,2,2,true,0.025476496682375394,2022-09-03T06:42:52.796Z,Corkery LLC,true
e11d1934-f9dc-408d-ba70-aab4b0cfcde2,2023-12-19T19:10:25.106Z,East Graciela,South Dakota,Bermuda,3.539,120.9209,virgo,perferendis,derelinquo,audio,carbo,celer,quo,42,206.23449924949804,68,cursus,0,0,4,false,0.1012901818850532,2022-02-10T06:55:00.849Z,Considine - Fahey,false
df27f47a-5006-445c-b0cd-b679f154451a,2025-03-30T11:19:38.146Z,Boise City,Maine,Christmas Island,-17.0261,-174.9736,explicabo,comedo,sumptus,paulatim,creator,amaritudo,delectatio,80,160.93193182984115,94,appello,0,2,4,true,0.1036011114865571,2018-04-20T05:34:16.934Z,"Swift, Botsford and Runte",false
47153110-c3b7-46c3-987e-06d3153eb690,2024-09-19T07:38:14.009Z,Nolanberg,Montana,Hungary,61.3205,89.2027,vinco,amitto,quisquam,thermae,sperno,conduco,ubi,66,66.00489334924208,23,debilito,0,2,4,true,0.018433976850218387,2019-03-26T17:32:42.177Z,"Lubowitz, Kuhic and Stamm",false
bb313be2-3261-4f22-bf48-1c4e1519300d,2019-06-18T05:56:59.740Z,Maxshire,Maryland,Belize,21.4501,66.8968,accedo,aspicio,id,aperio,amor,dolor,inflammatio,120,20.173349163134855,61,cernuus,0,2,4,true,0.014794925165197897,2019-09-09T05:34:35.243Z,"Rath, Kshlerin and Hettinger",false
8eb952ae-f759-47b3-88e3-fbbdb2e12356,2018-10-25T13:56:28.349Z,Port Israelland,Oklahoma,Liberia,5.054,62.7215,voco,alveus,arx,surgo,excepturi,laborum,maiores,120,212.0794613452462,44,antea,1,0,5,true,0.06331572842476721,2023-10-13T17:43:21.700Z,O'Hara LLC,false
ed67af4e-250b-4ebd-99a1-d13b3b8e8ea1,2023-07-14T23:59:48.022Z,East Maurine,South Dakota,Malta,61.9996,-30.4582,teneo,acidus,suppellex,utique,stipes,deleo,vapulus,38,193.19860044264695,46,tandem,0,0,3,false,0.2398338743713405,2021-01-05T11:59:07.723Z,Lebsack - Breitenberg,true
148d9b81-3cde-4e1d-8f8e-e08182e5afa5,2019-08-19T23:31:05.185Z,Raynormouth,Colorado,Montserrat,71.3098,-127.7994,vesper,expedita,deorsum,supellex,congregatio,tumultus,aliquid,75,213.6521353297892,69,verbera,4,1,2,false,0.06525816851483351,2023-03-19T21:14:43.175Z,White - Lubowitz,false
11e1bce9-1a5f-49e6-bc78-32dbc8c6ecc4,2020-06-11T23:38:06.636Z,Millsfurt,Wisconsin,Panama,-82.7148,176.0675,strues,talus,copia,aggredior,minima,tunc,tracto,96,79.07124098301959,73,cupiditas,1,0,1,false,0.10150696497995865,2025-11-20T06:58:12.803Z,"Stoltenberg, Quitzon and Wolf",false
1bc3a45f-f6af-4d66-bd24-3fe7c58c16e7,2022-06-24T13:21:40.896Z,Eldontown,Minnesota,Honduras,45.2823,-96.5988,custodia,absorbeo,assentator,atrox,summopere,thesaurus,conturbo,97,224.76546759214727,60,delinquo,4,1,4,false,0.19156338029844353,2021-05-03T12:04:32.283Z,"Halvorson, Hartmann and Treutel",true
4d2655ec-c985-45e0-b552-8802863feb9e,2018-01-02T16:43:04.012Z,The Villages,South Dakota,New Zealand,-78.3168,-134.9577,defetiscor,addo,desidero,defaeco,tabernus,corrupti,tandem,102,35.41845299616347,90,alter,2,1,5,false,0.004882678240199195,2022-02-17T08:10:47.332Z,Muller - Lakin,false
d6d427cb-f67f-4ad3-9c01-ae2aa0b8c4e7,2022-04-23T06:16:01.666Z,East Stanley,Maryland,Belize,36.2747,121.0398,maxime,itaque,depono,acquiro,stipes,spoliatio,veritas,115,18.3435853561743,89,crastinus,2,2,2,true,0.20070333741778268,2018-04-30T04:18:08.605Z,Abernathy - D'Amore,true
99b98e57-d728-438c-8644-a488923a2541,2021-08-30T15:59:34.272Z,Scranton,Hawaii,Netherlands,63.6344,6.6081,vilicus,vorago,dolor,aiunt,aperte,velut,balbus,92,20.50633605996164,59,crustulum,2,1,4,false,0.22700265761808516,2021-03-01T08:14:14.636Z,"Kunde, Witting and Runolfsson",false
cbe6a7b9-d2e7-47ea-8659-f65a2ef3fb3c,2018-03-13T02:29:26.395Z,Blacksburg,New Jersey,Aruba,29.1431,-60.904,bardus,adnuo,nobis,eaque,quo,tres,amplexus,41,72.0740093245487,93,cariosus,3,1,5,false,0.19177743456963994,2023-11-21T04:08:30.311Z,"Wilkinson, Reichel and Schneider",false
ce949824-c627-44ca-8ef7-e905d13e8ddc,2019-08-31T03:25:01.924Z,Lake Jadeberg,Texas,Bolivia,82.0336,68.6823,vulgivagus,summopere,colligo,cultellus,adsidue,dolore,amplitudo,37,177.08249957344538,86,defaeco,5,0,3,false,0.1700637058740815,2021-01-27T07:37:44.515Z,Stiedemann Group,false
4610c31d-e7e4-4f37-b05e-ee48b53f1fc2,2019-08-04T02:25:00.701Z,Lake Lynnville,Alaska,Germany,26.6096,-151.6937,bardus,attero,tantillus,attonbitus,sequi,suspendo,laudantium,44,79.9034204053076,64,patria,6,0,2,true,0.15477676040639285,2018-04-05T21:47:35.571Z,Lockman - Altenwerth,true
530431a5-38d1-4fdd-897e-35bae3094a15,2022-01-26T17:59:22.674Z,Lehi,New Hampshire,Comoros,11.4917,-104.8014,victoria,doloremque,placeat,tabesco,curto,cogito,aggredior,49,199.69304864074536,63,antepono,4,1,4,true,0.21364211080799106,2021-02-09T21:40:27.122Z,Douglas LLC,true
2b0db80d-8fd5-4c21-8220-f951f9165848,2024-06-01T12:25:39.114Z,Newton,New York,Latvia,1.2976,-69.4076,cenaculum,terminatio,depulso,facilis,sum,suasoria,summopere,54,125.33117873578699,64,desolo,4,2,5,false,0.016385406342149716,2021-09-25T05:24:45.608Z,Dach LLC,true
6d65b805-8486-4b16-a0b8-f820a0e054f6,2021-11-24T22:20:22.584Z,Victorville,Nevada,Czechia,-6.6431,-63.4534,terror,voluntarius,strenuus,tergum,porro,abstergo,crapula,35,35.39065246415316,32,quidem,0,2,5,true,0.07109950802732232,2018-07-19T15:52:32.510Z,Emmerich Inc,true
34e39ce1-e17c-4aae-a342-e489ac5e8b41,2025-11-06T21:03:10.074Z,South Kolbyfort,North Dakota,Chad,-39.7159,-99.7992,infit,defetiscor,ambitus,enim,amoveo,acquiro,tristis,52,64.34647304927252,81,debilito,5,1,1,true,0.23778634768255483,2018-07-01T21:14:05.478Z,"Hoeger, Hintz and Gutkowski",true
bf3c9984-ddd1-4ae3-af20-769b625f89ec,2023-03-30T12:12:45.508Z,West Kadefurt,Washington,Guernsey,-21.7714,-57.3497,degusto,desipio,baiulus,a,cultura,beneficium,aliquid,103,230.04300397842005,65,vomito,0,2,1,false,0.1991678848239639,2021-11-18T01:02:32.796Z,Satterfield - Gorczany,false
a22c018e-adc4-4d88-adbe-99a8fd9418e7,2020-09-28T23:04:30.663Z,East Willyview,South Dakota,Serbia,53.2503,126.618,complectus,cuius,deleniti,colo,ocer,aperte,temeritas,110,239.48073367979254,99,autem,5,2,2,true,0.01086782638878725,2019-10-26T01:51:43.679Z,Beatty - Sipes,true
8c78f02d-6bf7-4391-98bd-af67cf495306,2020-08-01T12:45:45.938Z,Ziemeland,Hawaii,Syrian Arab Republic,41.0876,-14.0259,tempus,tunc,ipsum,derideo,solvo,cenaculum,compono,20,186.05413434441434,95,aequitas,6,2,5,false,0.09066274003638317,2022-10-24T21:32:44.657Z,Mertz Inc,false
7af4aea2-0075-4817-ab30-036dd9d3e74c,2024-03-28T00:44:01.326Z,Lake Vita,Montana,Central African Republic,-78.6773,146.7288,alienus,audacia,collum,autus,toties,decor,verto,41,145.0474688736119,94,avarus,4,1,2,false,0.22245725648047943,2018-07-14T15:40:03.807Z,"Streich, Torphy and Rowe",true
86058a02-55d9-425c-a751-8f86e32bf5b3,2022-08-10T16:11:42.881Z,Melanyborough,Colorado,Niue,-27.4468,-86.7281,vinum,atque,atrocitas,verto,cito,victus,labore,54,62.67160337563867,43,delicate,5,1,2,false,0.1983456954117633,2021-02-11T21:30:30.911Z,O'Keefe and Sons,true
26082eb7-68d7-438a-9fb3-8ef445947c13,2023-01-03T10:06:19.396Z,Abernathyberg,North Carolina,Macao,-61.4384,-54.8717,vinum,vitium,commodo,creator,vulnero,tempus,contego,58,127.47078690415074,35,bibo,1,2,3,false,0.032402325254175995,2025-07-14T09:22:33.864Z,Marvin - Cronin,false
8a1f9633-9855-4e69-8215-87239ebd19da,2024-04-26T13:09:03.254Z,Priscillafurt,Nebraska,Turkey,-81.457,4.3379,umbra,vespillo,aureus,magni,viriliter,abbas,concido,31,28.15648170791464,16,tametsi,2,2,1,false,0.021997824667699395,2024-10-31T02:16:38.358Z,Hermiston Group,true
8d8d0657-e6af-4321-8e4f-a22eb7eeea72,2025-02-02T02:14:40.203Z,Weissnatworth,Wyoming,Guyana,-14.7728,-125.6103,adnuo,tametsi,amo,aggredior,summisse,cattus,voco,112,218.16726471613381,23,sum,1,0,3,false,0.2247862655132401,2020-07-15T13:41:44.902Z,"Kuhlman, Waelchi and Walsh",true
7025d795-39cd-432c-a621-56608663e1b1,2025-08-04T11:30:52.069Z,East Gaston,Iowa,Armenia,-63.0149,73.9902,absens,verus,nisi,truculenter,adnuo,amiculum,quis,112,136.05902016313166,66,conscendo,6,0,5,true,0.12460011527945622,2025-01-30T15:46:16.087Z,Gutkowski - Skiles,true
a7212f4a-e1a4-4f71-b444-52730303134e,2020-01-15T02:50:18.402Z,San Bruno,Kansas,Heard Island and McDonald Islands,-83.7696,-27.5374,universe,amiculum,aer,annus,xiphias,communis,soleo,30,92.23236354456698,40,cupiditate,2,1,4,true,0.17711314052590704,2019-06-11T11:19:59.893Z,Wintheiser - Dicki,false
7ebe1c64-3494-43ed-bbe6-cc818a481653,2025-01-22T11:11:10.593Z,Lessiefield,Delaware,Heard Island and McDonald Islands,41.7354,134.1754,vulgo,umquam,tenuis,depromo,arbustum,aduro,curatio,112,38.82022315615429,63,uberrime,4,0,1,true,0.04832761924728152,2024-08-25T15:47:13.558Z,Thompson Inc,true
fe552b60-eb3d-4cb2-a8bf-57afb5785848,2019-07-25T15:47:12.135Z,Port Arjunworth,Montana,Yemen,19.0471,65.8677,traho,auctor,tactus,vacuus,cognatus,quaerat,vivo,22,18.503206341383105,67,tenetur,2,1,2,false,0.22550860495445577,2018-12-22T06:47:09.063Z,Mayert - Rice,false
b2838e6a-4554-47eb-a8a5-5513ec298372,2019-01-24T01:59:52.581Z,Moentown,West Virginia,Solomon Islands,62.767,-162.0532,contigo,ut,curiositas,sordeo,arca,aperte,facilis,21,219.79272576284288,59,utpote,0,1,5,true,0.12428512331706912,2024-05-17T14:07:23.511Z,Wunsch LLC,true
3094902e-ac18-4be8-8539-95dec7983b2a,2022-08-10T02:30:35.553Z,Port Bryonstad,Michigan,"Virgin Islands, U.S.",52.9592,11.6905,addo,arca,vero,denuo,velit,vulnero,libero,61,160.44572032569124,92,virga,6,0,4,false,0.19976959651335732,2019-12-13T10:05:16.046Z,Moen Group,true
cadbff13-ebd6-4352-bbe9-f5d3518c3cef,2025-08-15T05:31:10.396Z,Kenyattaworth,Idaho,Nauru,-47.304,30.7178,cohibeo,clamo,crastinus,ventito,consuasor,vacuus,explicabo,95,64.75287997122709,55,caterva,6,0,1,true,0.20119337118485758,2021-06-07T22:41:44.174Z,Wolf Group,false
c8946051-8520-49a8-b1e5-89377a76e42e,2021-01-02T23:40:34.292Z,Fort Alessandraside,Minnesota,Namibia,71.9085,-120.2797,caelum,est,custodia,comis,dedecor,arto,altus,117,54.79458498524414,96,curia,0,1,1,false,0.012176182999041663,2021-03-18T16:36:13.878Z,West - Morar,true
432c09ec-8765-44ef-83bc-95bf1eb0f8f7,2025-09-28T17:23:25.817Z,South Meghanville,Florida,Christmas Island,-3.9343,96.5321,cursim,vinum,cenaculum,contabesco,curiositas,veritatis,templum,52,22.085716861544896,85,fugiat,5,0,1,false,0.24557577091461108,2024-12-11T12:48:02.576Z,Bahringer and Sons,false
d9e307f6-986d-4728-9b6f-b7f6c7b89ac5,2025-07-05T04:10:34.173Z,Hubertstead,Mississippi,French Polynesia,-12.8122,-59.7502,coaegresco,carpo,decet,animus,deinde,tabernus,deleniti,125,124.23885423626697,69,dedico,5,0,5,false,0.19221339515805858,2018-11-26T14:00:58.597Z,"Lesch, Heller and Sporer",true
81b787e6-5835-4666-b94d-cda1a2e3a926,2019-07-10T04:09:49.185Z,Metairie,Oklahoma,Greece,-74.9186,-107.8119,convoco,cupressus,nemo,averto,thesis,custodia,ex,55,62.586636640650596,44,acervus,3,2,4,false,0.15226595661659317,2023-09-10T07:39:53.268Z,Effertz LLC,true
8abea97f-07d9-4ca6-8ee6-f4095923dbb4,2018-12-05T13:50:06.127Z,Isabellaland,Rhode Island,San Marino,7.026,77.4031,solium,aetas,adstringo,voluptatum,depulso,benigne,aveho,29,32.213556803006554,90,porro,4,2,2,true,0.21148902723142604,2022-08-30T20:01:21.223Z,Feil - Harvey,false
31c02234-a825-4fd1-b574-bb415a0af645,2023-10-24T23:54:56.812Z,Medhurstfort,South Dakota,Israel,8.0813,-111.5912,stella,amoveo,charisma,termes,apostolus,aer,arbitro,47,223.80675300233668,21,cubitum,3,2,3,false,0.1976494418626567,2024-05-15T18:36:32.605Z,"Kuhn, Spinka and Bins",true
18fb09d4-c892-469a-89f8-123c653db702,2023-09-25T09:41:37.563Z,Helenaview,Idaho,Mauritius,5.3579,-17.0411,thesaurus,constans,verus,sortitus,terror,adipisci,supra,31,142.46261358084246,63,cornu,3,1,2,false,0.19549567083816563,2019-05-19T10:45:18.180Z,Orn - Gulgowski,false
f247b464-5c68-4cab-97c4-220444d61d7b,2019-02-28T15:35:18.652Z,Port Markworth,North Carolina,Netherlands,-33.4658,-55.3325,accusamus,cupiditate,natus,anser,inventore,amo,cupio,54,173.18860594086132,75,coruscus,5,2,2,false,0.04518646119297626,2018-03-04T22:22:47.940Z,"Klocko, Bayer and Carroll",true
58705666-0f65-4466-b95c-136798e2c19c,2025-08-02T16:57:22.159Z,Garthport,New York,Vanuatu,-38.4984,150.8888,conscendo,damno,cetera,in,caecus,tutis,infit,31,239.74308687511927,29,tenax,1,0,1,true,0.17336739115342847,2021-07-01T19:16:05.228Z,Keebler Group,true
c7961350-375b-4698-8d9c-144c95760148,2024-04-25T11:38:03.400Z,West Kacey,Kansas,Guam,70.009,135.8357,cuius,video,spes,votum,adimpleo,tener,crapula,78,119.73720250630421,68,attonbitus,3,1,4,false,0.07621134007487484,2019-01-08T20:29:01.633Z,"Heidenreich, Prosacco and Renner",false
0901e4f8-81db-4da5-9c4f-1fade1275b83,2024-03-12T12:24:04.767Z,New Justenboro,Virginia,Ireland,43.5107,146.2114,somniculosus,ademptio,vetus,tyrannus,cerno,quibusdam,depono,77,100.9067943892518,58,ciminatio,3,0,5,true,0.19519680611082146,2022-08-14T05:40:03.720Z,Nitzsche Group,false
c7ac4e86-0c13-4fec-8ef2-49849ad0e2e1,2023-05-28T05:12:15.965Z,Largo,Rhode Island,United States Minor Outlying Islands,-30.7752,131.0829,defluo,amaritudo,unus,sumptus,vigilo,voro,ara,96,22.325326552561897,21,soleo,3,0,2,true,0.028204792310424026,2018-01-18T01:19:52.211Z,Gottlieb - Herman,true
e3c3bf4f-7a3e-4ec4-835c-0993af1749ea,2024-09-27T02:07:18.513Z,Port Kimberly,West Virginia,Hong Kong,-31.3329,47.02,carus,adimpleo,advenio,acerbitas,tabella,timor,circumvenio,35,216.74234993446183,95,adflicto,4,0,5,false,0.06796510252996915,2021-04-09T15:10:02.875Z,Vandervort - McClure,true
267f23e1-5c68-4b24-96b5-c93dbc248b2b,2024-06-21T01:43:06.075Z,Wildermanstead,Vermont,South Sudan,-66.8197,-22.5,valde,bellicus,tutis,textor,tero,audacia,crux,111,122.72416459222707,82,nostrum,2,2,1,false,0.03472376801543273,2020-07-17T05:29:44.241Z,Kihn LLC,true
7df40bd3-88ed-47be-9bd9-35384f92197f,2019-08-17T23:29:22.567Z,Armanifield,Wisconsin,Albania,11.7897,-102.1898,solio,sophismata,cur,magni,totidem,eius,aequus,42,95.80632252632836,43,acidus,2,2,5,true,0.12254538613431801,2018-09-15T04:19:26.151Z,Dibbert Group,false
36c78ad6-a667-4b6b-948b-71576243f5a9,2021-10-16T18:00:41.749Z,Cheyenne,Maine,El Salvador,-85.9517,-60.9541,cado,natus,vix,clam,teres,optio,depono,59,41.54843559149771,49,apostolus,6,1,2,true,0.15745170327442923,2019-12-19T08:09:38.140Z,"Dicki, Lueilwitz and Dickinson",true
85140765-8d9e-4b64-9aec-022bb5c17e9f,2021-12-04T11:20:47.409Z,Ortizchester,New York,Comoros,-62.3035,159.272,clamo,viridis,damno,beatae,uberrime,fugit,credo,121,143.8664849177982,72,corporis,3,0,3,false,0.19607018773981214,2022-12-26T13:44:10.574Z,Runte - Stroman,false
3c32dbee-2738-4762-b106-87018564b6a5,2018-07-10T22:24:39.393Z,East Cordieshire,Nebraska,Brazil,10.8483,73.4928,brevis,vitae,vicissitudo,cibus,odit,velit,tardus,53,34.99900273034811,44,tamisium,6,0,1,true,0.14947122107103708,2022-03-26T05:33:28.767Z,"Grady, Hills and Lind",true
cf00aebb-dd23-439a-b071-f4fc88fbc981,2022-06-28T19:13:34.538Z,East Reecestad,Delaware,Falkland Islands (Malvinas),49.2731,-107.0601,surgo,summopere,absque,cibus,nam,argumentum,tabernus,60,31.658655780067917,91,turpis,5,2,3,true,0.10664823567640766,2023-06-26T07:54:45.155Z,Dare Group,true