accident_id,incident_datetime,city,state,country,latitude,longitude,road_name,road_type,intersection_type,accident_type,weather_condition,road_condition,light_condition,speed_limit,actual_speed_kph,driver_age,driver_gender,casualties,fatalities,vehicles_involved,alcohol_influence,blood_alcohol_level,weather_reported_at,reporting_department,pedestrian_involved
8ecbc818-9ae8-4e4d-8a18-9870f44ae2a6,2019-12-24T01:53:19.601Z,East Zackeryshire,Kansas,Guadeloupe,-4.7718,-136.4964,umbra,tot,creptio,ancilla,turpis,vulticulus,ullam,47,172.96828066494155,28,culpo,6,0,2,true,0.1693463691839201,2024-04-10T06:39:12.523Z,O'Keefe and Sons,false
3331866a-4d53-4a31-bd9f-504f60f5c132,2021-11-24T05:33:01.415Z,Fort Robbie,Virginia,Kiribati,71.0775,-62.3979,optio,urbs,hic,viriliter,coaegresco,paulatim,adstringo,66,25.373089428447297,47,et,3,2,2,true,0.22393862030449493,2021-04-05T08:39:57.690Z,Sporer - Orn,false
72c8cdd1-d33d-4e6a-9940-18f17ec03e0e,2025-02-28T19:06:21.872Z,Demetriusville,New Jersey,Belarus,-47.3161,89.53,turbo,subnecto,dolor,curiositas,anser,careo,una,113,233.34960061517998,99,suus,5,2,3,true,0.02451458310714033,2021-10-16T12:30:52.853Z,"Cruickshank, Rosenbaum and Wiza",true
ea73d6dd-6c78-48a0-9ef0-cee14e76f024,2020-01-28T14:19:16.522Z,Germantown,Ohio,Guatemala,75.9249,-51.794,molestiae,defaeco,conspergo,spiculum,canonicus,delego,corrupti,89,27.542494423819956,29,testimonium,4,1,1,true,0.2109735474211322,2022-07-25T07:33:53.170Z,Ziemann - Thiel,false
15ed12a9-3ef4-4d8b-9b2f-02e624d94165,2023-01-29T16:08:56.546Z,Fort Jeffburgh,Maryland,Jamaica,-19.5662,167.4836,tutis,fuga,adsuesco,nobis,deprecator,aurum,alveus,109,106.80591167070637,28,cui,1,0,1,true,0.10081892232572853,2024-07-04T04:54:30.780Z,"Wuckert, Wolff and Glover",true
3375e5c1-9a85-433c-b1b7-75e9c0dac37e,2020-02-16T02:48:37.624Z,Deontaeworth,Delaware,Iran,36.7369,-43.2064,ambulo,absque,adipisci,adsum,provident,desino,thema,59,37.090122294441514,59,omnis,6,0,3,true,0.09688036309519413,2022-06-25T01:03:46.968Z,Effertz - Bahringer,true
50bf14de-2370-409e-a297-9cac250a3727,2023-03-28T21:27:13.760Z,Alexisstad,Connecticut,Algeria,78.2489,54.1001,curtus,patior,vester,coaegresco,summopere,aperte,avarus,116,226.70774800278514,56,illo,1,2,1,false,0.18865410711339003,2022-10-28T09:28:28.027Z,Walter and Sons,false
426526d8-1c6a-4921-b47f-8395620e1014,2018-08-30T01:11:20.886Z,Isaacberg,Arkansas,Lebanon,-85.4585,10.1575,libero,thesis,tempora,vicinus,adhaero,corrumpo,truculenter,62,195.57860266928495,40,terebro,5,2,2,false,0.15277133758623157,2020-10-27T23:51:21.366Z,Champlin Group,false
b62bee2f-abe5-4ab0-98a7-f838ef71be48,2020-07-11T07:48:21.984Z,Daronmouth,Illinois,Greece,-62.5978,85.6943,calcar,denuncio,verus,temporibus,conduco,studio,beatus,114,183.48014934432462,65,statim,0,1,1,false,0.02659364881047399,2024-11-10T17:04:10.454Z,"Ritchie, Kling and Jacobson",false
52058e5c-87d9-411a-a4b9-ab635d0372c2,2018-06-04T22:28:22.416Z,Adrainside,South Dakota,Guatemala,-18.6654,133.6436,ipsum,dicta,viriliter,vox,venio,sublime,summopere,110,40.56106014437936,26,audio,3,2,4,true,0.2179669434928465,2020-01-26T22:19:06.480Z,"Murazik, Dickinson and Leffler",true
d9223fa7-dca8-453c-a4bb-e6d369b497ae,2024-10-22T16:07:57.656Z,South Jamison,Ohio,Cote d'Ivoire,-12.7353,133.9551,velit,venia,brevis,accusator,aetas,sufficio,asporto,64,25.167600668510417,67,conventus,5,0,5,false,0.11514556048636598,2025-05-17T16:10:19.861Z,Leannon and Sons,false
4b802f8f-0198-4445-8590-9fda0087b1ef,2021-09-13T12:10:51.992Z,Lake Nealstad,Nebraska,Marshall Islands,-69.5099,-114.482,summopere,aptus,aggredior,abundans,dolorem,talio,cometes,98,169.9964177413222,60,dolorem,6,2,4,true,0.047021177970867106,2019-03-02T14:00:11.342Z,Wolf LLC,false
e9a9b259-b029-42a0-903b-0db0d1d0644c,2018-12-26T09:47:59.933Z,Port Sheldon,Iowa,Chad,-87.3196,27.3702,perspiciatis,velociter,strues,censura,tabella,umquam,eligendi,104,237.60082763455404,69,abduco,2,2,3,false,0.16959807517749814,2021-07-06T08:07:09.322Z,"Rowe, Klocko and Walsh",true
1f6e1614-3e64-4303-bfec-9a00819c323d,2025-07-18T05:27:56.826Z,Noemytown,Mississippi,Saint Lucia,38.0988,-97.3651,stabilis,sopor,degusto,aequus,aeternus,ars,solio,88,192.31018552013103,53,ceno,5,1,3,true,0.001191093070444571,2021-08-23T01:45:52.065Z,"Heidenreich, Ferry and Toy",true
b739a51b-034c-4621-95bb-959ab8a551ed,2024-06-22T15:30:18.085Z,Emmerichland,Georgia,Moldova,25.3371,-51.6106,desparatus,aurum,crastinus,concedo,angustus,carmen,consequuntur,62,101.93974211490445,17,vulariter,3,2,5,false,0.09924322103450342,2021-08-17T22:10:33.790Z,"Greenholt, Fritsch and Thiel",false
8394841b-6ab6-475d-9799-d55673259835,2022-07-30T15:29:10.907Z,Port Ferminberg,Montana,Qatar,60.1322,97.7352,denique,decor,aliquam,dicta,viridis,amaritudo,censura,61,186.85998536221902,89,alo,0,0,3,false,0.10321542906154382,2019-08-04T06:38:35.900Z,Krajcik - Jacobson,true
7cdffe76-e30e-4dc8-bd00-103b384d5a34,2018-05-04T15:00:27.189Z,Destinybury,Wyoming,Mozambique,-2.52,-104.7235,clam,creo,caute,vulnero,vaco,defendo,traho,73,92.16247708178074,85,deleniti,1,1,1,true,0.24994991199219596,2025-03-01T12:44:42.498Z,"Wintheiser, Schroeder and Barrows",true
d7f2a464-799b-47c0-82af-0609212ccf5d,2021-08-13T15:39:09.458Z,Craigton,Tennessee,Haiti,-3.6176,-142.4718,acies,concido,coruscus,suus,excepturi,a,quasi,40,88.55915476446334,70,benigne,0,0,1,false,0.024408976890536366,2020-07-28T19:50:07.182Z,Schowalter LLC,true
ce1d5ee8-31a8-4c34-bed4-36117f23eba9,2024-05-21T21:11:17.161Z,Balistreriville,Wyoming,Slovenia,-54.5046,119.8263,antea,arceo,cubo,sto,depono,tantum,dignissimos,44,197.68320523500114,37,constans,3,2,5,false,0.1171856890491636,2023-10-11T22:22:11.290Z,Wiza - Stark,true
140b9e1a-c4e1-4520-9ee7-30c0e5751bf0,2021-01-30T18:55:25.265Z,South Gino,Louisiana,Togo,-51.7523,-74.4589,defungo,alter,depono,sumo,dolor,aqua,usitas,41,94.52234696678961,31,vita,0,1,5,false,0.14876825624378062,2024-12-27T20:24:05.331Z,"Langworth, Kovacek and Dickens",true
6222ac08-2dcb-46c2-8e0d-a26fd7dee77f,2023-08-29T18:17:31.915Z,Fort Vella,West Virginia,Bangladesh,9.4993,-42.3675,cuius,agnosco,debilito,atqui,calco,cena,stultus,46,13.980801358336175,23,depulso,4,1,4,false,0.002150837608462214,2018-06-28T13:52:54.312Z,Friesen Group,true
b7da7951-0b1c-4e9e-aeae-148ffd5be733,2024-09-25T22:03:09.592Z,Fort Wallace,Utah,Sierra Leone,-29.7478,14.4241,apud,damnatio,corrumpo,summa,in,adsidue,stultus,56,143.84752491359694,98,vita,0,1,1,false,0.022334848680447106,2025-12-11T14:02:37.178Z,Feil LLC,false
09097470-25e7-4a50-aa2f-43c61258e055,2019-02-01T09:55:42.206Z,Broken Arrow,Wisconsin,Azerbaijan,-64.9137,43.771,desipio,saepe,spiculum,exercitationem,clam,asperiores,stips,121,194.79646738142392,49,defero,6,2,5,false,0.059937696561891574,2024-09-23T12:07:22.254Z,Bartell Inc,true
06124b4d-5c7b-400f-a757-c6279d8d018c,2021-02-06T07:03:27.422Z,East Olafberg,Maryland,Netherlands,21.2253,81.1646,quidem,recusandae,tardus,delectus,aureus,caries,tondeo,113,211.3543912352656,58,tersus,3,2,2,false,0.006495450417980386,2024-12-01T20:05:27.265Z,Kilback and Sons,true
c00c5b24-44a2-409d-a8a7-fb9bec4f4958,2023-05-03T02:20:52.053Z,Jacobsonport,Delaware,Botswana,-61.1383,106.5144,ambitus,accedo,consequatur,templum,adficio,aiunt,subiungo,21,109.22871585337401,52,numquam,6,0,4,false,0.2302971548529603,2025-04-10T13:23:49.874Z,Monahan - Ryan,false
314a1297-5d5d-4c4b-bd37-4f780961ce7b,2023-12-30T22:33:16.465Z,Leuschkeport,Iowa,Guam,-78.4485,-74.3566,fugiat,condico,currus,adflicto,versus,trucido,circumvenio,20,201.28754038550855,48,confido,6,1,1,true,0.1609337339594452,2021-06-21T10:13:12.060Z,Emard - Larkin,false
fd35b942-2c18-4588-a45c-5aac49c43b7c,2022-04-19T00:50:16.187Z,Braedenworth,South Carolina,Andorra,-4.4832,120.1878,usitas,defluo,ulterius,amor,caterva,amplitudo,cena,70,101.60459359032731,26,sono,4,2,5,true,0.10312984170845413,2022-04-02T21:39:59.134Z,"Pfeffer, Wiza and Deckow",true
a96a5083-c1d0-4a07-b911-781a49976930,2023-03-07T07:12:04.295Z,Oro Valley,New York,Greece,-47.0063,-79.0805,carmen,somnus,suus,caritas,ulciscor,considero,curo,89,224.28340338896507,72,crastinus,6,1,3,false,0.027405593925352634,2022-10-19T05:45:34.213Z,Murazik - Upton,false
20fca487-ed0b-45b6-b9e1-cc8ce562cd75,2019-02-19T15:47:39.801Z,Antoneville,West Virginia,Costa Rica,-82.3248,-107.693,basium,tui,accendo,quidem,caterva,tripudio,minus,29,35.76470236763433,78,carpo,0,2,4,false,0.029391249863019275,2024-02-12T10:45:49.209Z,"Morissette, Fay and Gerlach",true
05cf4775-643f-418f-961d-bbc115431499,2023-09-18T13:54:15.492Z,Ariside,Hawaii,Guam,41.2475,1.8417,amo,ullam,provident,pel,tot,ambitus,supplanto,51,130.9223701537002,66,similique,0,1,2,true,0.09489792822012352,2021-10-31T09:43:23.435Z,White - Murray,false
3bfc4078-f6b4-4f25-9df0-c19789d1faf3,2019-05-03T02:26:28.440Z,Atascocita,Virginia,Barbados,1.0184,76.1931,vitium,conicio,cunabula,consequuntur,fugit,cattus,cervus,51,19.878707991466662,31,cubitum,2,0,5,false,0.22820668115795498,2025-10-18T05:18:27.531Z,"Medhurst, Toy and Keebler",false
0cb9a009-dd73-4bb3-97a7-b51b1d8b6ce1,2019-04-19T07:54:29.830Z,Marquardtstead,New Mexico,Myanmar,10.2098,147.4624,patruus,bellicus,attonbitus,cursus,ullam,totam,corrigo,76,6.6305002752280195,26,vobis,3,1,3,true,0.054600025574096295,2023-04-12T09:19:58.469Z,"Huels, Walter and Crona",true
58f7cc53-6024-4b18-89d9-83fb49fe3ae5,2019-03-19T15:46:18.481Z,Rancho Palos Verdes,North Carolina,Tuvalu,-78.4011,165.5903,vel,volup,victoria,quod,conservo,distinctio,circumvenio,59,169.22333034537508,41,ago,3,0,1,true,0.16670374334682075,2022-07-14T07:55:06.474Z,"Kerluke, Hackett and Thiel",false
fba941e9-48b8-4763-8f7e-f5a0f5c7d3cb,2018-09-19T01:03:38.775Z,South Luciennetown,Connecticut,Jordan,54.9436,-132.5288,autem,ratione,tres,vox,exercitationem,accusator,volo,102,95.0407643972098,93,facere,6,1,3,false,0.22319089020698699,2020-07-17T00:46:09.165Z,Padberg and Sons,false
05766f50-5212-4597-8ca7-be891cdb658c,2020-01-30T16:59:49.538Z,Lake Ashleeland,North Dakota,Saint Barthelemy,-61.8238,-168.9357,absorbeo,careo,viriliter,succurro,adversus,facere,theologus,25,20.4955429888182,56,adimpleo,1,0,1,true,0.05616072860111343,2019-07-25T17:24:59.008Z,"Ruecker, Hagenes and Wyman",false
89dbb5df-22f6-4178-87c3-921d1cd11061,2019-01-28T19:42:44.108Z,Schenectady,Washington,Mali,-66.7945,179.3391,deduco,corrupti,cenaculum,similique,bestia,animi,temeritas,50,149.91716838831803,48,conicio,5,0,5,false,0.24999247101315458,2025-11-08T00:46:30.427Z,Senger and Sons,false
5b999ed7-c1b2-471f-9251-544c7010673c,2018-04-01T07:24:35.616Z,New Scottie,Utah,Brunei Darussalam,88.2515,-97.1458,sui,antepono,inflammatio,uredo,repellendus,possimus,arbor,65,25.862817368223546,23,cornu,6,1,3,true,0.22606071331904234,2018-05-11T15:59:57.027Z,Langosh Group,true
97c27a1e-5f8a-4b0b-924c-5a744fbe2db9,2023-11-03T23:22:05.901Z,Schimmelburgh,Minnesota,Gibraltar,89.1655,157.2969,synagoga,adimpleo,sortitus,tyrannus,assentator,abscido,cinis,100,164.8699777525839,25,accommodo,5,0,2,true,0.2405075497179179,2023-12-07T16:22:36.386Z,Berge LLC,true
73636757-606c-4d11-a7f3-58e9ca4ee5d2,2021-02-06T14:13:48.317Z,Collierfort,Utah,Haiti,-9.3573,-94.9512,quo,alter,vobis,catena,tenuis,unus,uter,23,64.52630480691744,53,vinum,1,2,1,false,0.23227476851580747,2024-07-12T20:30:55.425Z,Farrell LLC,true
32f02e89-a83a-4ec0-ba66-5b80b480e833,2022-12-04T11:40:01.052Z,West Iva,Maryland,Mozambique,-81.878,-162.8157,vulgus,commemoro,aperio,torqueo,nobis,sponte,adduco,57,83.7077150780979,18,tempora,1,0,5,true,0.17021728257961435,2018-04-19T14:36:43.477Z,"Ebert, Bashirian and Vandervort",true
f5515535-0632-4046-b44c-7ab2d33611ec,2022-04-28T09:00:40.341Z,Fort Jayfurt,Delaware,Sint Maarten,-47.1589,20.8253,perspiciatis,balbus,adsum,tenuis,sol,cogo,ulciscor,106,200.81936123160125,98,ascit,2,1,3,false,0.040326377402365304,2019-04-07T20:50:05.353Z,Nolan Inc,true
e8baf11e-7c06-4e01-9c39-0a0f43b8b308,2018-10-01T09:01:45.209Z,Murazikchester,Oklahoma,Zambia,-86.1393,-107.2506,solus,quod,dolorum,taceo,adeo,tergeo,despecto,89,53.11118460754166,84,aqua,0,2,1,true,0.02198418547218739,2025-12-10T06:20:12.709Z,DuBuque Inc,false
3e5a04b2-bfb5-4fdb-bcd1-fc23798bbc39,2021-03-23T20:41:46.379Z,Kundefield,Iowa,Cape Verde,-57.8407,-65.6098,brevis,speculum,tres,quam,calco,surculus,clementia,71,114.89409230370774,58,verumtamen,3,1,2,true,0.12349505839104569,2020-02-03T03:59:10.920Z,"Spinka, Larkin and Wolf",true
717848fc-edbb-4643-9989-6372845e06fe,2019-11-16T15:28:43.255Z,Christelleton,Pennsylvania,Namibia,-40.5894,12.9528,caelestis,conservo,cultellus,thema,bibo,aurum,vulgaris,128,66.96642776881751,29,inventore,6,2,2,true,0.22514329125309956,2020-01-30T02:11:29.965Z,"Wiegand, Oberbrunner and Breitenberg",true
5b2ce01a-d314-4dd4-aebe-7498d5b18f50,2021-10-10T11:52:47.545Z,South Tomasa,Maine,Slovenia,-31.8945,178.9597,facilis,aduro,solvo,arbustum,volaticus,demonstro,tactus,25,24.165701311331738,78,calculus,5,0,2,false,0.025204974147226833,2023-08-28T01:33:24.331Z,Bednar and Sons,true
e23abc29-979a-48a5-9526-63171a9b96d7,2018-12-07T11:41:19.082Z,Richland,Massachusetts,Paraguay,77.2968,166.7533,vigilo,delicate,tumultus,decipio,aegrotatio,tepidus,odit,121,92.81859829083332,23,baiulus,4,1,2,false,0.04690553489100985,2021-12-19T13:05:58.175Z,Hayes and Sons,false
b8bae029-a2c1-4c90-916c-3368bbd0a4d1,2024-10-11T22:28:17.313Z,Reynoldsberg,Maryland,Saint Vincent and the Grenadines,-36.1631,-75.0891,vel,tamdiu,adamo,spargo,asperiores,denego,bellicus,93,233.43590413641476,95,tepesco,5,0,4,false,0.1921359781488022,2024-01-13T04:00:15.087Z,"Wiegand, Wehner and Wiza",true
984b852a-16f4-47c3-b7b0-88afb24059b6,2022-09-16T20:26:39.707Z,Port Maemouth,Virginia,Bahamas,62.1088,-48.5275,cupiditas,corporis,aspicio,cunabula,avaritia,valeo,comis,115,204.38192458290808,37,cernuus,5,1,5,false,0.11958744651715411,2024-01-06T11:42:17.081Z,"Barton, Wilkinson and Simonis",false
b041461c-2193-4df8-9980-99e909204189,2023-11-29T05:43:24.557Z,Kingsport,Hawaii,United States Minor Outlying Islands,-36.9981,78.2468,tamisium,cernuus,vilis,tantillus,ultra,tamdiu,quis,27,48.12769601433072,25,aureus,5,1,5,false,0.1973984503816369,2024-09-20T09:28:54.412Z,Auer - Grimes,true
01c9b00f-a394-4d35-866a-52b4e42c3a8f,2021-05-27T06:16:34.889Z,Funkberg,South Carolina,Mali,67.8091,39.3039,terga,vobis,crapula,utrum,tricesimus,supellex,vita,59,47.72749178007412,88,velociter,0,2,1,true,0.15735899511919976,2022-05-12T14:24:51.910Z,"Torp, Greenfelder and Bernier",false
59b8bd30-ed19-4040-972e-297a3d1bc7a5,2022-09-18T01:02:12.561Z,Amayamouth,Rhode Island,British Indian Ocean Territory (Chagos Archipelago),-39.1814,100.6254,atrocitas,repellat,dignissimos,torrens,tergo,cometes,cinis,57,128.89028902793171,100,ultra,0,1,4,false,0.10711725082085324,2018-06-21T10:46:59.858Z,"Leffler, Corkery and MacGyver",false
e0648ed1-927a-47bd-b9b2-57367953acb7,2019-04-02T09:33:01.133Z,North Cicero,Pennsylvania,Angola,-80.1833,155.4808,ter,vomer,auditor,vicissitudo,patruus,argentum,demergo,77,86.21227148716176,88,catena,3,0,4,true,0.031855893121737006,2018-04-22T05:30:26.314Z,"Murazik, Russel and Glover",true
13d556f3-83dd-4ed8-8475-e7b0d03b6c08,2024-08-05T10:43:44.172Z,McKinney,Nevada,Afghanistan,11.1569,141.9726,quaerat,architecto,vos,amaritudo,dignissimos,cras,cura,117,40.244570475795555,32,cedo,4,0,5,true,0.036751090301456374,2025-06-23T22:06:55.099Z,Miller - Marks,true
83762a21-5861-4a4a-97d7-93f777e06cc7,2024-04-22T01:01:35.244Z,Fountainebleau,Florida,Belgium,51.0745,-43.7536,thermae,velut,ver,adhaero,unus,denique,confido,102,225.83195144986402,16,statim,3,1,1,true,0.09627332677100509,2018-02-15T21:25:47.352Z,Kunde Group,true
d99b33f2-34e0-483d-a7ce-ae813113a5e3,2021-03-02T16:22:55.485Z,South Kendraville,New York,El Salvador,28.7031,17.0514,acer,harum,amitto,suffragium,trans,amita,confero,51,47.02250255901206,76,aegrotatio,2,2,2,false,0.2219035179683075,2020-01-13T07:29:25.268Z,"Swift, Reichert and Casper",true
d0822362-0952-45da-9f24-fead14535c22,2019-07-26T16:03:52.157Z,McLaughlinfort,Delaware,Nigeria,21.2061,-8.0868,adfectus,absens,solum,teres,verumtamen,vallum,cerno,66,22.759237160499204,70,cursus,0,0,3,false,0.13679980979869438,2025-02-23T13:39:01.277Z,Buckridge LLC,true
ff0e1778-3e27-402a-80ba-fa81081198c8,2019-06-11T08:44:48.122Z,Port Ciaraboro,New York,Ghana,-56.8224,75.019,sum,depromo,optio,arbitro,vos,voluptatem,ustulo,127,52.59277300103611,17,repudiandae,0,1,4,false,0.18039601690816487,2020-12-08T23:24:23.247Z,"Feil, Olson and Trantow",true
6130f48b-b8cd-49a0-a06a-32c69129c79f,2025-07-25T19:47:55.870Z,Runteview,Louisiana,Bahamas,-26.8371,-118.26,compello,contabesco,curvo,caries,suscipio,articulus,volutabrum,100,4.379884435710499,95,autus,0,2,5,false,0.023577342187956152,2023-03-28T00:38:01.730Z,"Greenfelder, Fadel and Schultz",false
3347cb33-77e1-4142-a737-354cbbbd9290,2024-07-27T22:05:21.590Z,Ankundingville,Indiana,Pitcairn Islands,74.835,-12.6758,blanditiis,textor,admoveo,terror,laboriosam,crudelis,alias,70,131.284631310678,62,curtus,6,0,3,true,0.1416184320919019,2022-10-01T16:50:51.294Z,Pacocha - Prohaska,true
745114b4-040f-4f9e-a2f2-3613cd2aa027,2025-08-12T06:03:35.799Z,Braunbury,Louisiana,Botswana,-49.8733,86.6298,delinquo,addo,balbus,stabilis,acidus,antiquus,surgo,107,215.63649263402186,22,cognomen,2,1,1,false,0.08488056805436131,2024-03-06T12:57:57.230Z,"Labadie, Cummerata and Douglas",true
17c33f15-e0ed-4c7e-a2f0-3916e8d0cc07,2024-07-27T00:10:25.614Z,Fort Jamarcusport,Minnesota,Azerbaijan,86.5997,-57.2264,caute,catena,teneo,curtus,thermae,tamisium,laboriosam,122,151.18867989675135,42,caelum,5,2,3,false,0.09467979863264198,2021-10-10T22:34:55.504Z,Miller - McCullough,true
5b5f65da-3ab1-4771-9b33-d94a9adb45b4,2021-02-24T08:49:14.938Z,Jarretberg,Nevada,Norway,83.3309,55.982,audio,artificiose,corporis,timidus,sui,minus,quaerat,101,152.87479823807323,76,demo,3,2,4,true,0.05174698379804027,2024-09-22T10:46:45.128Z,"Zulauf, Bruen and Heidenreich",true
92dde57d-f9f2-48ee-ae0f-3d909264b912,2022-10-23T10:59:17.563Z,Flatleyhaven,Ohio,Iceland,-12.6199,-126.9123,utique,torqueo,vulgus,adaugeo,absum,tam,voluntarius,117,214.336414541483,83,alveus,6,2,2,false,0.17662352052940666,2019-08-11T15:03:25.716Z,Johnston and Sons,false
03fb9bce-892e-47f2-9e74-da33c92be000,2024-07-14T09:38:56.665Z,Mesquite,Minnesota,Tonga,-77.7059,-158.9475,modi,videlicet,cunctatio,beatus,suadeo,cupio,coaegresco,50,173.53097542938355,58,damnatio,4,1,5,false,0.01453480055328571,2024-07-15T13:29:52.162Z,King - Kuvalis,true
a73eceb1-82e4-4dbb-a8e5-1f7bbdf7e966,2021-12-22T11:38:28.653Z,Fort Emeliestead,Massachusetts,Cyprus,-15.1713,150.1578,cena,velociter,abscido,succedo,urbs,sum,villa,123,212.5175228074233,42,inflammatio,3,2,5,false,0.15261630046240862,2019-05-05T10:53:54.293Z,Barrows LLC,false
81ce4e40-1e97-4e8c-8e37-795353f07c97,2024-07-31T07:43:01.233Z,Port Cecil,Oregon,South Sudan,-10.2083,-40.815,cursus,eveniet,contigo,degenero,suscipit,utroque,coma,44,129.44744085080146,49,velum,0,0,5,false,0.2354418918620396,2025-01-22T07:47:09.776Z,Davis - Corkery,false
45cffeb9-1e8a-41f4-98a1-c150aea91f5f,2024-01-09T23:17:56.608Z,Altadena,Texas,China,-3.0539,25.7209,sol,alter,certe,certe,titulus,angustus,curis,47,175.22385815250942,39,atrox,6,1,1,false,0.13331079326766765,2023-05-29T10:18:59.378Z,Armstrong Group,true
41fe0708-323c-477c-8eb4-4f175dca6c7c,2022-08-09T08:14:50.927Z,West Olinburgh,New York,Ethiopia,68.3641,-11.9904,carbo,cinis,coadunatio,tergeo,theca,repellendus,minus,105,197.6992740390472,31,officia,5,2,2,true,0.0359562206808009,2019-09-16T04:06:20.881Z,Runolfsdottir - Stoltenberg,false
4483ae72-1030-49f9-b921-cdebfa6d1b33,2019-05-27T03:51:52.370Z,Borerberg,North Carolina,Ukraine,27.1475,102.1679,avarus,substantia,vito,vitium,volutabrum,rem,corroboro,46,235.97836073950975,78,vulgus,2,2,1,true,0.19559278537882796,2023-01-28T19:32:18.784Z,Jenkins - Waters,false
e5a77a98-c8e5-4fcf-b86c-3e1fbf97536e,2025-08-12T12:58:16.308Z,Nigelville,Oklahoma,Tokelau,85.7668,39.046,coerceo,amoveo,deorsum,deinde,patria,aurum,sit,36,219.58603792038247,43,acerbitas,6,0,5,true,0.05418594838376428,2021-10-23T14:34:15.731Z,Lynch - Smitham,false
1f5fc296-369f-41fa-83a5-a294c2a1bb59,2022-11-13T21:51:36.082Z,Millerchester,Colorado,Guadeloupe,-11.2734,-159.0963,supra,agnitio,virtus,accedo,solutio,comes,accusamus,62,191.3201602001339,62,traho,0,1,5,true,0.20829081951822667,2018-09-17T06:24:50.443Z,Wisoky - Schumm,true
194a5fe4-73d2-4064-9f39-cd64c9c2428e,2024-02-29T12:39:28.023Z,Haaghaven,New Hampshire,South Georgia and the South Sandwich Islands,64.3615,55.4965,baiulus,ars,debeo,calcar,comptus,terminatio,clamo,70,149.40346266906667,74,denique,4,0,2,false,0.22824447953919352,2019-01-13T03:32:41.741Z,"Wolff, Bednar and Ebert",true
c7e05dfc-c4d3-4d10-b9ff-cbe7a271da1e,2024-08-16T12:39:18.506Z,Raleigh,Texas,Portugal,-63.4959,-157.1061,ubi,adamo,uredo,aequus,comes,uxor,tero,22,7.14835688460937,52,caritas,3,0,2,true,0.09064312635719621,2024-03-28T12:28:47.614Z,Terry Group,true
3cdf56e9-b5e4-4667-b5e7-c7b8738a879e,2023-03-17T05:25:20.547Z,Raynorshire,Wyoming,Tokelau,5.3436,-91.4274,territo,usque,caries,natus,atavus,commodi,occaecati,112,187.8115868932232,51,vitium,4,0,3,true,0.125548559080781,2025-08-12T10:52:20.729Z,Stamm - Hamill,false
14c0389a-f78a-4eb4-a1e1-f3a91cf09f6b,2024-02-08T12:05:28.416Z,Eden Prairie,Illinois,Liechtenstein,-18.7197,88.5883,cunctatio,adstringo,tui,terror,texo,tergo,venio,58,41.862440630265915,61,magni,3,0,5,false,0.17919714359534453,2020-01-13T04:22:51.154Z,Stokes - Pfannerstill,true
ce85b519-30b3-484e-95b2-5227f1031c64,2019-07-01T18:22:09.029Z,Kuhlmantown,Connecticut,Isle of Man,42.5878,-134.2009,auctor,expedita,a,aliquam,arceo,toties,verumtamen,24,7.441369571620466,53,qui,3,2,2,true,0.15370777660619497,2023-09-17T04:12:18.875Z,Luettgen LLC,false
1951ab95-a3a3-486e-a27d-009c3b26a7e5,2023-12-14T22:38:53.158Z,Port Eltahaven,Alaska,Morocco,72.8938,-178.8951,clibanus,aufero,ulciscor,defleo,vespillo,vitae,decumbo,72,234.55249877795657,97,voveo,0,0,1,false,0.1826281991741119,2024-09-21T02:28:42.326Z,Runte LLC,false
ebc8e6e7-b25a-4c5a-8d28-7553d6983dd6,2019-01-23T11:10:57.354Z,Mount Prospect,Arkansas,Tunisia,-82.6342,78.6745,desino,cicuta,magni,abeo,aduro,velociter,placeat,31,100.75156553140216,43,virtus,2,1,4,true,0.0264934405857917,2025-12-24T12:14:35.983Z,"Blanda, Gleason and Nicolas",false
ff788ab8-0b92-4d4a-9d54-f527bb858215,2019-04-11T04:48:27.642Z,North Jaleelstad,South Dakota,Bhutan,-35.3651,61.0252,denuo,sordeo,contra,doloribus,atavus,aperiam,trepide,22,23.272535052898622,57,ventito,5,1,2,true,0.0029072825842931527,2021-08-21T04:18:00.373Z,"Gleichner, Hoppe and Dickinson",true
e05caac9-8d62-4e23-a790-ed3aa6d18900,2022-05-29T05:56:17.377Z,South Constancebury,Nevada,Uganda,68.701,-108.5432,tutamen,bardus,spoliatio,dedico,celebrer,commodi,tempus,29,143.96600740543082,61,vomito,6,0,1,false,0.17401315538949916,2023-07-23T03:16:15.320Z,"Hickle, D'Amore and Carroll",false
b0bb4e85-98b6-4c90-b83f-77e33e5447e3,2019-11-30T03:56:22.014Z,West Desmond,Kentucky,Gibraltar,-31.57,-62.3252,varietas,spectaculum,aspernatur,tremo,adipiscor,crur,perferendis,122,88.84236156328429,77,vacuus,3,2,2,false,0.044621737912599574,2018-01-31T03:12:35.251Z,Bins Group,true
b4b44c1d-f0fd-4792-99c9-18038c92123f,2022-12-06T09:23:13.424Z,Rueckerworth,Illinois,Zimbabwe,49.188,-57.0683,abundans,brevis,statim,sufficio,surculus,adaugeo,clibanus,36,17.31775259344787,88,uxor,1,0,3,false,0.0825714333334441,2025-08-09T19:16:24.417Z,Lowe Inc,true