accident_id,incident_datetime,city,state,country,latitude,longitude,road_name,road_type,intersection_type,accident_type,weather_condition,road_condition,light_condition,speed_limit,actual_speed_kph,driver_age,driver_gender,casualties,fatalities,vehicles_involved,alcohol_influence,blood_alcohol_level,weather_reported_at,reporting_department,pedestrian_involved
b0c94ea8-1791-4233-91c7-40fd54025eb6,2023-07-16T17:53:09.950Z,Boehmburgh,Utah,Namibia,81.3168,108.1986,commodo,vel,contabesco,contigo,enim,balbus,vitae,85,103.71376985657827,64,clarus,0,1,5,false,0.05964776925410603,2021-11-24T22:29:04.479Z,"Reinger, Weimann and Schulist",false
6705aa19-a4d2-4454-9b53-99e1df6112ec,2022-12-06T11:15:07.621Z,South Drew,New York,Libyan Arab Jamahiriya,69.9584,104.2002,templum,utique,vito,curis,modi,recusandae,ustilo,29,140.43720056997498,81,conatus,3,0,4,true,0.09286589040861415,2020-04-01T03:07:30.230Z,Hermiston Inc,false
b1b208b5-7f7e-48aa-8bc9-a96b102cda94,2025-03-07T02:17:36.973Z,North Madisynmouth,Washington,Nigeria,25.9218,24.7216,argentum,tantum,vito,talis,umerus,decumbo,socius,35,166.52411701681672,18,stillicidium,4,2,5,false,0.08363357953725312,2025-11-03T04:18:02.098Z,"Wisoky, Purdy and Bode",false
55716e22-f19c-42e7-8d38-f0243fa0102f,2025-02-12T20:30:25.822Z,O'Haraside,Oklahoma,Sri Lanka,-23.8833,52.4198,antea,cito,defero,bardus,minus,subvenio,argumentum,104,185.53891268492478,74,tersus,4,0,2,true,0.03491370611075503,2020-01-27T08:18:49.617Z,Jenkins - Koch,true
161626d8-6e19-4fce-a746-fb0df35fdb43,2018-11-17T13:15:52.671Z,Abshirehaven,Texas,Gabon,17.3876,46.3386,totidem,depraedor,uterque,sophismata,confido,una,auctus,23,83.69427996813795,25,via,0,1,3,false,0.1767576429264284,2025-03-27T12:28:56.928Z,Gorczany - Jaskolski,false
2c9b759b-83a9-4422-870a-0b2b0e8bf57d,2018-11-01T15:00:51.835Z,Lake Wilma,Hawaii,United Arab Emirates,-75.0119,-105.2089,stultus,aptus,corrumpo,rerum,bardus,cogito,distinctio,20,44.86171602409382,73,tego,2,2,3,false,0.16732791789250606,2020-02-13T23:34:28.444Z,Goldner LLC,false
c2222f19-bcf3-4c03-9b15-2b7a0912f804,2024-09-21T02:38:01.804Z,West Jasmin,Ohio,Guadeloupe,42.7238,71.0719,absconditus,tutamen,eos,carbo,verumtamen,accedo,speciosus,120,55.47540004913692,44,antea,0,1,2,false,0.10495767007116225,2020-02-28T18:36:09.414Z,Reichel and Sons,false
b4855e66-239f-49c7-aa31-6ac9ca8a27c5,2022-12-03T15:52:03.217Z,New Max,Washington,Bouvet Island,10.5517,-65.7141,alii,culpa,denuo,vestigium,xiphias,aperte,crur,99,88.31252116927404,76,apto,0,1,4,true,0.07368389017619362,2018-09-21T13:23:49.759Z,Kertzmann Group,false
89ad8d40-51ae-462a-9dcd-d67a8cbf976c,2019-11-20T12:22:11.891Z,South Rettachester,Hawaii,India,-34.8326,92.574,valeo,comburo,quos,adulescens,paulatim,comedo,ut,63,63.24420314086417,53,tam,5,1,1,false,0.20308352915839442,2024-12-25T07:05:43.122Z,"Greenholt, Jacobs and Mante",false
8a28ca9b-ebc2-4018-b18b-ea65503191ba,2018-10-16T03:31:50.933Z,Wolfmouth,Alaska,Svalbard & Jan Mayen Islands,-15.3641,-51.967,talis,voluptates,arto,solvo,thermae,depraedor,totidem,50,230.80438140042844,50,volo,5,2,3,true,0.06244066226262271,2018-06-05T14:34:32.532Z,Becker Group,false
8f3cac77-4b93-4a67-99a6-60a7397229d1,2018-05-08T00:55:44.917Z,Cobyview,Texas,Nauru,67.4206,69.8447,volup,aspernatur,strenuus,terror,vaco,delinquo,color,62,86.70532430798134,55,ambulo,4,0,4,true,0.16308708075850487,2022-10-08T12:51:16.360Z,Hirthe LLC,false
2f67a231-b113-4cce-bbc9-dedbf6ffc627,2022-06-28T14:38:20.304Z,Port Madisyn,Maryland,Jamaica,34.7597,-131.2173,calamitas,beatae,constans,tamdiu,aedificium,iusto,patruus,50,40.07834707819352,55,contabesco,4,0,1,true,0.23453327082079128,2022-01-21T01:28:10.628Z,"Reichert, Cassin and Purdy",true
0b8a9bf2-58bf-40e1-a6da-53ad000a51e1,2019-03-02T10:57:30.129Z,Hutchinson,Iowa,Bahrain,-83.9574,155.4717,officiis,perferendis,tabgo,ab,votum,absorbeo,porro,121,116.7664695057515,41,ascit,4,1,3,false,0.18446464462988538,2019-06-06T21:24:04.027Z,"MacGyver, O'Reilly and Oberbrunner",true
6bcb2f20-1f08-4ecb-8f31-fb9278268206,2023-12-01T10:33:52.263Z,Fort Lysannecester,Tennessee,Somalia,-44.4078,38.0158,cometes,taedium,crinis,quisquam,versus,concedo,adamo,76,80.50685575562488,90,odit,6,2,1,true,0.03956084326929196,2024-02-12T07:13:40.770Z,Stamm and Sons,false
4d9fc405-03e5-4214-85ce-33bf331c6b62,2021-10-21T04:28:44.334Z,Dibbertworth,Arkansas,Iran,71.3014,150.45,color,concedo,socius,thymum,patrocinor,canis,culpo,90,225.0248544027971,20,strues,5,2,2,true,0.11029675661198274,2024-09-12T07:56:54.864Z,"Mann, Nolan and Hegmann",false
a6df8685-413f-4449-9f6e-4b9a997d24c7,2023-05-19T16:18:55.046Z,North Marge,North Dakota,Bulgaria,76.8022,14.7173,possimus,torrens,capillus,ratione,dolores,nobis,adinventitias,33,125.26720073988015,91,caterva,2,0,5,false,0.23132527638606742,2024-09-22T21:10:29.952Z,Hegmann - Rowe,false
f902fc09-9b52-4747-b060-4cf8ca7e153d,2023-01-16T06:56:24.240Z,San Bernardino,South Carolina,Pakistan,25.7858,-20.6882,conatus,votum,adhuc,hic,decet,subito,denique,35,10.366108326073515,77,tener,3,0,3,true,0.02384704272352761,2024-06-11T17:43:20.740Z,Frami - Hammes,true
53ad2c2b-435e-4c0b-84d0-5705f57aec8b,2024-12-09T02:06:42.470Z,Maximilianmouth,Texas,Angola,34.0915,-153.3676,caecus,suffragium,debilito,utique,cras,necessitatibus,thesis,57,226.35439332430553,41,ut,0,1,3,true,0.1304261023110692,2023-06-26T23:27:50.042Z,"Hodkiewicz, Schinner and Walker",true
89cdc68d-9a29-47d7-8059-0178512ac352,2025-12-21T10:57:54.167Z,North Little Rock,Georgia,Chile,69.5956,-158.9087,artificiose,doloribus,reprehenderit,approbo,supra,adstringo,curatio,25,144.41047545106966,80,comminor,3,2,1,true,0.12906771183701388,2022-06-01T09:56:36.385Z,Schneider - Feeney,false
0b5de781-3376-4801-858a-9df01b74162e,2022-11-22T22:24:03.767Z,Diamondstad,Delaware,Benin,66.6807,163.4563,ubi,quam,incidunt,decet,vestrum,amet,timidus,89,102.95128277424782,43,adhuc,1,0,2,false,0.02393862551397588,2021-02-13T07:26:01.422Z,Dickens Group,true
51a9bd4c-cf43-44e6-a0d5-3076b92839e3,2020-09-27T17:56:41.296Z,Fort Luz,Arizona,French Southern Territories,-84.0778,-70.9705,veniam,tantillus,stips,doloremque,cervus,subnecto,trucido,39,171.24910912743798,31,cumque,5,2,3,false,0.07588706160562239,2019-02-04T07:19:16.885Z,"Kling, Reynolds and Fisher",false
d238f9a8-6c3d-420d-b0b7-9183e6c12c99,2021-05-14T08:21:30.855Z,Taunton,Indiana,Niue,-56.0881,-51.9825,curia,adiuvo,adduco,anser,ara,aspernatur,excepturi,60,2.0504898550958206,84,statim,5,0,5,false,0.2174749076463457,2024-03-09T19:02:17.893Z,O'Reilly - McGlynn,true
a04cd057-18e4-4cc1-bbf1-fb4d928cf0f8,2023-09-24T22:40:05.359Z,Port Treverfield,Rhode Island,Saint Kitts and Nevis,63.2149,0.2803,culpa,aurum,subvenio,demo,ait,triduana,causa,57,33.082602287758405,48,vespillo,6,1,5,false,0.009163028542201995,2019-09-02T23:27:09.064Z,Gislason LLC,true
115e73d5-001f-40a9-9119-5a1b4f821205,2025-06-03T08:52:07.935Z,South Alexys,Washington,Sri Lanka,59.6653,-54.6097,caelum,statua,vulgaris,derideo,attonbitus,cinis,decerno,114,162.3515608640696,24,despecto,5,1,5,false,0.01061052183369307,2022-03-06T22:13:38.748Z,"Deckow, Howell and Schneider",true
8aeac526-5957-4520-bb72-3751ec296df8,2023-08-18T22:02:43.638Z,Sallyfurt,South Dakota,Burkina Faso,-58.8966,-10.8571,decor,spectaculum,sortitus,deleo,ratione,articulus,viscus,34,122.24260678456137,56,clamo,5,0,2,false,0.0332340798720413,2023-10-08T10:33:44.166Z,Casper - Torp,false
b463347a-3412-4bcc-a69f-83b1ab5af345,2020-09-18T11:22:54.432Z,West Palm Beach,Massachusetts,Greece,57.2445,-34.655,tantum,aegre,solutio,admoneo,cornu,comitatus,cavus,89,172.6587689814949,23,illum,4,2,5,false,0.11388717083399588,2023-08-28T06:51:53.388Z,"Keeling, Bahringer and Vandervort",false
ada922fb-525f-41db-a001-aec40bfe51e8,2022-01-17T13:29:20.011Z,Port Will,Iowa,Costa Rica,-85.7598,-130.0601,cinis,volaticus,appono,adsidue,trucido,caritas,quo,109,175.95127200184842,46,viriliter,3,1,4,true,0.1896153487640557,2022-08-29T09:32:25.856Z,Pollich - Feest,true
6ea43b3a-971a-4c8f-9107-5b93365ad751,2022-06-01T15:30:41.032Z,Rancho Cucamonga,Virginia,Brunei Darussalam,19.7491,127.434,coniecto,aiunt,teres,denuncio,provident,adipiscor,dicta,119,66.89133076364443,33,quidem,2,2,3,false,0.03389584142580576,2018-07-16T16:37:24.226Z,Runolfsdottir - Grimes,true
13ad81fb-723a-4faa-915e-60930197cc7c,2019-10-25T14:18:07.191Z,Port Duncan,Hawaii,Latvia,-28.1644,-34.2342,ulciscor,trans,conventus,valeo,cotidie,vis,fuga,32,95.54841169330439,67,maxime,0,1,5,true,0.197769156246468,2025-08-29T17:20:29.349Z,"Erdman, Frami and Rosenbaum",false
00a77741-dfe8-416f-9560-4f06646872bf,2022-09-15T23:25:22.653Z,North Grady,Colorado,Iran,33.8904,104.424,admitto,decimus,thesis,acies,capillus,tabernus,aggredior,110,136.31750666263025,53,venia,0,2,4,true,0.1611017782951757,2024-02-03T13:46:58.124Z,Smitham LLC,false
7d43a452-9758-4a28-9fc6-e76d956d5344,2019-11-26T11:00:57.627Z,Cleveland,Tennessee,Kazakhstan,2.4587,-6.8453,demonstro,quis,adimpleo,cunctatio,adeptio,sint,tertius,101,137.93018221317396,67,cubo,2,0,1,true,0.234837347446096,2025-12-16T06:24:57.197Z,Hagenes - Veum,false
e69dea03-8620-483f-a22b-c101f68b4d4c,2018-10-15T00:45:04.482Z,Bartolettiview,Vermont,Belarus,19.4076,-11.8945,certe,suscipit,ducimus,solium,sumptus,arma,aggredior,65,233.78782159053853,51,placeat,5,2,5,true,0.23016263111353583,2018-01-06T11:18:55.683Z,Oberbrunner - Stroman,true
a1ece156-d9d7-49af-ba38-7044fb7ba8b5,2022-07-07T07:34:39.663Z,New Loyce,Minnesota,Bermuda,34.2503,-49.1336,cibo,summopere,cohors,explicabo,uter,accusamus,caterva,24,10.129319602986966,89,quis,2,2,3,true,0.018032164278675822,2023-06-29T21:54:05.194Z,Lowe and Sons,false
d788f06f-6b28-4e14-9b8a-5f21a0e193e9,2018-02-21T16:02:26.040Z,Clarissamouth,Arkansas,Chad,14.4661,-6.2257,aequus,quidem,defero,delicate,adaugeo,suscipio,volaticus,92,85.52235954786572,99,virgo,1,0,4,false,0.05585842060791599,2024-04-24T19:13:00.795Z,"D'Amore, Corkery and Block",true
f8b4ed05-d0eb-40dc-ba7b-46d1ae6a954f,2023-11-08T03:28:02.095Z,New Kaydenside,Virginia,Japan,-85.6708,16.5277,creber,porro,benigne,cohibeo,aiunt,adhuc,strenuus,26,90.78438788628856,32,damnatio,2,0,3,true,0.01793673649243646,2024-03-17T20:07:20.506Z,Abernathy and Sons,true
c39a82a7-732b-4e27-8162-bdd586b93fed,2018-07-23T09:16:12.711Z,Gonzalomouth,Kentucky,"Virgin Islands, U.S.",-55.2424,20.041,tenax,crastinus,unde,vitiosus,appono,curtus,alienus,63,34.342861351388045,98,adduco,3,1,5,false,0.18475130181576754,2020-12-17T05:38:55.887Z,Flatley LLC,false
a73eb40d-152a-4302-9028-ce75942c7bbe,2018-06-08T18:28:10.060Z,South Oswaldo,Colorado,Fiji,-38.9742,-137.1097,cultellus,tumultus,tempore,decipio,decens,depono,demo,28,59.12264021340613,56,defaeco,0,2,4,false,0.16795012129757997,2023-08-13T04:38:16.426Z,Hyatt LLC,false
6ed844a7-8ab3-4adc-a9b3-52710daaa518,2021-11-30T10:39:45.205Z,Emmanuelleton,Wyoming,Lao People's Democratic Republic,76.1624,161.214,veritas,cumque,totus,caterva,via,apparatus,vomica,83,130.73045893348842,63,ocer,6,1,1,false,0.12985396497042204,2025-05-11T13:20:43.959Z,Runolfsson - MacGyver,false
d57529d6-0a64-4493-bf40-0765b87d3a54,2023-06-16T22:42:49.782Z,Trompmouth,Virginia,Kyrgyz Republic,20.6952,20.5456,speciosus,crapula,tripudio,angulus,vulgus,cognomen,defero,113,233.2548121684923,17,ducimus,2,0,5,false,0.014661955921497632,2025-10-28T19:07:23.841Z,McDermott - Adams,false
57ff016a-1b9a-4136-a854-f8df5994a1c4,2022-06-06T15:43:19.257Z,Hagenesstad,South Carolina,Tokelau,-4.169,118.6466,nihil,natus,eum,cotidie,comptus,vallum,tremo,50,216.54531858705008,50,venia,6,2,2,false,0.17092544805839274,2025-02-19T18:53:29.389Z,Steuber - Dickens,true
354feef6-c1ab-4bc8-999e-f5d506efcce9,2018-09-09T10:21:34.689Z,Keller,Arkansas,Micronesia,-73.1131,-54.8453,eos,eos,complectus,crepusculum,tricesimus,delinquo,causa,90,77.53228869083024,25,bellicus,5,0,3,true,0.043466088882894355,2023-01-06T12:26:58.670Z,Rau Inc,false
0b0073c8-6e07-4d97-8d70-686d64a291a8,2020-09-09T14:14:20.184Z,Swaniawskimouth,Texas,Antigua and Barbuda,86.5663,54.2408,ut,molestias,auditor,altus,commodi,trans,pecus,109,114.18610663630092,98,defaeco,0,0,2,false,0.007889900935869165,2021-08-22T03:24:14.655Z,Schultz LLC,false
5e0f08b1-377f-443f-81fc-328b697cde6f,2023-07-20T22:22:07.362Z,Edinburg,Iowa,Colombia,30.4888,132.8459,creator,aspernatur,curtus,utrum,vito,aqua,caelum,122,21.86574813384783,54,cariosus,0,2,5,false,0.20291191850061768,2024-01-24T23:55:33.318Z,Haley and Sons,false
78caf382-cb75-45d3-8dd5-dda28563aae1,2023-05-29T12:07:12.940Z,Ahmedstead,Michigan,Guatemala,-64.3608,157.4671,cicuta,conscendo,quam,adsidue,currus,arca,defero,42,175.1602473200791,80,nemo,3,1,2,true,0.0009227431955116383,2025-06-15T04:31:58.886Z,O'Conner - Pfeffer,true
eb7a55b4-08ea-4f80-bcb3-5c7da84c00fe,2023-06-18T14:46:29.324Z,West Queen,New York,Holy See (Vatican City State),-13.2778,-43.135,bonus,solutio,accedo,cruentus,correptius,corporis,adinventitias,103,183.6402843354853,81,varietas,0,1,4,false,0.17291614020373924,2018-12-13T18:53:52.751Z,Erdman Inc,false
64a1272c-47b0-4f12-bd39-8a9b6ae4fe66,2020-01-11T04:04:42.878Z,Concepcionville,North Carolina,Montenegro,-56.2947,-162.8937,suppellex,surculus,adeo,aureus,deorsum,conitor,error,22,207.12551529467342,68,aqua,3,1,1,true,0.09143394803586116,2019-05-25T21:49:58.700Z,Mohr Group,false
17bb9063-d0f1-4b03-b029-f380edf9d0d1,2020-12-21T12:05:27.062Z,Robertsberg,Rhode Island,Equatorial Guinea,-79.1126,-149.2511,voluptate,bellum,thesis,utor,aestus,amet,conicio,55,198.47726854402455,86,utroque,6,1,4,false,0.026541638455091554,2018-02-12T04:44:08.932Z,Kessler LLC,false
0f973147-5002-458d-a3ac-69021997088b,2020-10-03T22:17:41.040Z,Unachester,Massachusetts,Colombia,74.2019,4.9369,bonus,defessus,cornu,stillicidium,ascit,tracto,vapulus,130,227.09308468078234,30,considero,4,2,3,true,0.08581665418639733,2018-03-13T17:03:51.805Z,"Raynor, Stark and Blanda",true
64f952d5-f034-471d-a46e-2a3415ed545f,2018-11-14T19:09:41.704Z,Kovacekboro,Oklahoma,Belarus,77.587,91.6807,decet,clamo,praesentium,iste,calculus,nam,acerbitas,27,198.27660890497646,89,ascisco,3,2,3,false,0.233985053726259,2024-09-25T17:42:07.670Z,Hayes Group,true
d3333acd-9fb7-402a-961b-60fb4eaa4bd0,2025-03-01T18:05:00.218Z,Clovis,West Virginia,North Macedonia,-11.2063,108.0407,auctus,ceno,inventore,corrumpo,in,thalassinus,absque,89,219.00227081843914,52,summisse,6,1,5,false,0.026456638733259652,2025-02-26T01:23:17.243Z,Simonis Group,true
72a26721-29bc-452e-bdbf-8e03a99523d9,2022-05-01T14:41:14.779Z,Montebello,New Jersey,Bahrain,62.6338,-80.4942,candidus,capio,adimpleo,sapiente,canto,tempus,tunc,59,108.25014023847046,19,pauci,5,0,4,true,0.0496162369651319,2024-05-15T04:57:39.269Z,Mante and Sons,true
70db09db-59b5-4281-bfc2-3a48c04d1a3a,2020-12-15T21:45:22.044Z,Fort Jules,Louisiana,Djibouti,-55.0223,138.8031,attero,deficio,vapulus,abundans,ventito,cicuta,constans,39,158.2865509532319,90,acies,6,2,1,true,0.17641525195146693,2023-04-25T23:10:27.649Z,Gerhold and Sons,false
14803569-a8ce-4086-8485-c8a33037d591,2024-01-20T18:43:14.159Z,South Craigshire,Nebraska,Poland,54.8388,109.5604,speculum,illo,cupressus,animadverto,ducimus,suppellex,angelus,89,24.756335410260863,71,perspiciatis,2,2,4,false,0.0979226048639702,2022-05-18T02:22:50.180Z,"Ortiz, Reynolds and Jaskolski",true
f9211ca0-647b-44c0-af08-dd7ec8150555,2024-03-12T07:23:49.085Z,Cleveland,Ohio,Israel,50.3465,131.3895,talus,adeptio,adfectus,terreo,cibo,surgo,libero,104,110.10256419956218,51,culpa,0,0,4,true,0.047061017849401365,2021-04-14T08:15:19.050Z,Bartell LLC,true
a2ce5c2f-f32b-4507-b0f9-2853fda5ab52,2020-02-02T19:23:30.748Z,Port Gage,Ohio,Argentina,-27.3549,12.4586,quasi,agnosco,cupio,demonstro,copia,curtus,unde,20,91.82405881068141,61,ver,6,1,3,true,0.13670953787737183,2019-01-14T18:35:16.792Z,Frami - Gerlach,true
90ab6f37-ab2e-415d-9270-3770ac4e4e15,2018-07-03T02:33:44.022Z,Schneiderhaven,Wyoming,French Polynesia,-61.2536,20.3658,socius,decerno,cenaculum,video,angelus,usque,beneficium,42,130.07606714646423,97,aequitas,3,0,1,true,0.09862114754012613,2019-11-10T08:44:01.145Z,Simonis and Sons,false
c3708ea2-0528-4e3a-9bf8-6242da6e3017,2023-03-31T11:46:17.648Z,Lake Mariannechester,Washington,Algeria,53.7881,56.1873,crudelis,clementia,crux,bene,appono,defluo,conservo,120,16.226970800465654,75,uterque,4,0,1,true,0.05408533526956322,2019-06-02T02:00:28.908Z,Kilback - Gerlach,true
98c02ff4-b85c-4ad9-baad-60bfd9da89da,2025-03-13T21:39:36.919Z,West Clarkview,Utah,New Caledonia,-16.8301,48.35,et,torqueo,quas,viscus,expedita,explicabo,delectus,89,107.61513478131504,99,decor,1,0,5,false,0.23599205796586706,2019-05-23T05:28:36.941Z,"Botsford, Schimmel and Kohler",false
8f757474-d48e-430a-822c-0007da593ac0,2022-08-17T18:05:13.398Z,Grand Rapids,Tennessee,Dominica,32.0435,-61.9566,caelum,depopulo,derelinquo,necessitatibus,vitium,adipisci,bellum,35,39.54028950219748,69,contabesco,3,2,2,false,0.016175862603747315,2024-03-10T16:29:02.826Z,Ferry and Sons,true
8e2a9cd9-b80a-4f6c-ac2f-a20dc47eeae4,2025-07-04T04:04:38.752Z,Natashafort,West Virginia,Cayman Islands,-35.4146,-78.0702,contigo,vociferor,eaque,amita,terreo,comedo,dolorem,130,123.14582840454503,32,confugo,5,2,5,false,0.2478101386398726,2021-09-09T07:20:50.622Z,Waelchi - Feil,true
012e5b18-3da4-470b-8ef1-1bbab1d3e9ed,2019-10-15T03:55:18.656Z,South Wellington,Minnesota,Western Sahara,-3.3222,98.8371,dens,stillicidium,abstergo,totus,apud,callide,ultio,115,61.672576967611846,20,triumphus,0,0,4,false,0.05647681987807923,2021-07-04T03:52:16.815Z,Rolfson and Sons,false
36e982aa-6de0-4959-bd3c-1e0cfcaf918f,2022-10-01T05:15:56.471Z,Duluth,Nebraska,Kenya,28.8309,-151.6668,cruentus,utilis,magnam,dolore,minus,nihil,argentum,105,21.89065145165241,77,soleo,5,2,5,false,0.1625461991069772,2020-01-05T22:57:18.138Z,Jacobson - Breitenberg,true
b2ba49ec-0f47-4bff-a1c5-5f1aec90d4b6,2025-05-09T11:48:20.869Z,Port Rahsaanton,Louisiana,Canada,75.8649,81.1266,appello,ademptio,creptio,debeo,bestia,sursum,damnatio,26,154.11449306956854,71,audio,3,0,1,true,0.1445341818256864,2023-08-13T02:31:34.589Z,"Hilpert, Tremblay and Wolff",false
3d499dad-2b62-43fe-9da9-82e1deb27f8c,2023-02-01T11:43:13.262Z,Port Reycester,Alabama,Cote d'Ivoire,-19.7164,-32.9489,fuga,torrens,decimus,basium,acidus,creator,temporibus,28,31.599279653240487,80,sortitus,4,1,2,true,0.07353957774558056,2023-12-14T14:19:50.220Z,"Heller, Donnelly and Keebler",true
82c63964-f789-4664-93d3-c65f30b5d3b0,2025-07-02T06:34:33.407Z,Ayanaville,North Dakota,Barbados,18.1245,-149.5091,congregatio,solio,umerus,theatrum,vulgivagus,ulciscor,vallum,59,152.30882503274597,84,curso,3,2,4,true,0.044766239676847425,2020-01-10T14:34:17.299Z,Miller LLC,false
8cc6ff17-3328-46cd-8e20-6485f5b57e05,2024-10-02T12:44:28.155Z,Winfieldborough,New Mexico,Malta,-16.2081,-166.7892,conventus,suasoria,thorax,itaque,facilis,considero,tepesco,110,189.7891892540336,93,amita,0,1,4,true,0.1654733634231781,2025-11-11T07:13:43.794Z,Aufderhar - Zboncak,false
3ec18394-c2ce-445c-b0a9-541ec516853e,2018-01-16T02:34:45.768Z,Myafield,Minnesota,Bermuda,10.1482,179.944,tametsi,cognomen,supplanto,auxilium,conqueror,enim,ustulo,80,118.38906918071518,84,traho,3,2,5,true,0.08463156076547865,2019-05-01T04:54:46.418Z,"Runolfsson, Heidenreich and Lockman",false
674ff4b7-fd1e-4e15-9fed-4c58db69ad4e,2023-04-30T12:59:44.729Z,Cedar Rapids,Wisconsin,Tonga,-5.9521,-44.3175,omnis,omnis,aurum,vomica,vobis,molestias,cilicium,56,173.2263708532811,43,praesentium,4,2,4,false,0.1699207114533546,2023-03-20T12:54:19.725Z,Douglas - Streich,true
3a679415-5fc6-47a5-a131-e9b1a15c84ee,2020-04-16T18:41:54.265Z,Lake Leilanicester,Arizona,Sint Maarten,43.1698,-32.2743,solum,claustrum,vallum,ago,una,corrigo,viriliter,57,200.2342616739519,83,perferendis,6,2,5,false,0.006946632286601556,2023-06-19T00:19:53.574Z,Schuster and Sons,false
111f13bd-bd42-48b4-9975-87399b1025f9,2020-11-21T20:55:13.251Z,Royal Oak,Oregon,Eritrea,82.554,168.9655,vulariter,aro,adhuc,claro,adiuvo,demum,utroque,111,114.09219869429697,27,cohibeo,6,0,2,true,0.005083730073232984,2024-07-28T18:24:20.077Z,Hintz and Sons,true
b81a6316-c612-49cc-aa82-fbd52c821135,2018-01-15T14:03:58.804Z,Archibaldside,Arkansas,British Indian Ocean Territory (Chagos Archipelago),-2.7092,-135.833,denuncio,aqua,adstringo,cubo,venia,administratio,cavus,84,55.428778255254265,77,decretum,6,0,5,true,0.21207181784161608,2023-07-02T01:02:53.035Z,"Effertz, Brekke and Breitenberg",true
a2b6a816-8465-4237-ac6e-2fd9863c3608,2022-07-25T14:26:30.552Z,New Milford,Delaware,Uruguay,-24.536,-111.277,arbitro,verto,veritatis,laudantium,ventito,coerceo,commodi,126,135.73254774080849,36,sumptus,5,1,1,true,0.2102067477881379,2020-05-29T22:09:13.605Z,Torp and Sons,true
78f325f4-132f-45a9-9612-8f7312762774,2024-08-13T22:59:07.098Z,Clearwater,Illinois,Turkey,32.1995,100.8725,cogito,thymbra,balbus,vesica,aggredior,derideo,bene,104,225.08414482530918,99,crudelis,0,1,2,false,0.09872118550387018,2025-11-01T11:40:24.605Z,Collins and Sons,false
493193e8-f8eb-4530-9785-6e6a384da7f8,2021-09-19T01:28:31.682Z,Citrus Heights,Wyoming,Albania,-9.5649,12.5795,compono,sustineo,conscendo,supra,vinum,debitis,unde,130,65.84924704660733,90,sublime,5,2,1,true,0.09421862126721053,2023-07-10T18:46:44.000Z,"Welch, Thiel and Hand",true
6e480fb5-b5eb-40ac-9365-6295b7c96375,2022-01-04T12:18:11.954Z,Wolffview,Arkansas,Montenegro,-64.5269,10.7675,adflicto,avaritia,voluptate,dedico,cinis,vomer,sint,80,53.34702467882203,42,templum,5,2,2,false,0.06412810773459093,2023-04-17T00:35:02.942Z,Conroy - Harris,false
5e6afc13-814e-4b75-b3db-de1734c4fc19,2018-11-03T22:23:02.551Z,Kohlerton,Kansas,Qatar,-78.3407,-79.6747,peccatus,commodi,libero,torqueo,totus,capto,a,106,149.15861322223898,74,ascisco,6,0,5,false,0.24827569661418933,2020-05-15T00:27:20.454Z,Stiedemann Inc,true
71de0d28-664f-42d4-a711-6c85b85b8a3b,2020-03-03T01:56:48.264Z,Millcreek,North Dakota,Tokelau,-65.3693,168.8408,canis,callide,stultus,speculum,error,vinco,ait,88,201.10031980992446,76,tibi,1,0,1,true,0.14508696812488617,2024-05-11T04:40:26.683Z,Kovacek - Hansen,true
16c3efd1-1a2a-44cc-844e-9853fc229566,2018-12-31T08:29:36.059Z,Ianstead,Kentucky,Gambia,-86.1492,-6.3202,delinquo,alius,magni,suppono,corpus,audeo,dolorem,41,21.16584413076251,76,aspicio,1,1,5,true,0.2095842268486236,2021-12-05T16:39:38.852Z,"Strosin, Goodwin and Schaden",false
a6f1b39e-f020-4f30-8271-6416de3cc25e,2020-02-04T16:56:52.466Z,Framiville,Arkansas,Mali,-2.8954,56.527,atavus,volup,veritas,alienus,deputo,vehemens,adulatio,32,92.07719828370915,54,suadeo,2,0,3,true,0.1870363059946936,2022-04-25T15:22:33.416Z,Torphy and Sons,false
8513f89f-104d-4650-a48a-fe903ff8f5bc,2020-09-18T20:04:06.043Z,Ellicott City,Michigan,Denmark,-76.6,141.8936,patruus,nisi,tandem,artificiose,adicio,architecto,curto,95,121.25377424378,20,tertius,2,0,3,true,0.0850264133919851,2023-09-13T06:46:44.725Z,Hessel - Reinger,false
30307e55-a05c-44cc-8708-8e4484ab237b,2019-01-24T09:22:13.885Z,Port Nicholecester,Massachusetts,French Polynesia,34.2279,51.2352,decipio,tantillus,absorbeo,ars,vel,aufero,torrens,101,4.3856435462679855,20,cubitum,0,0,1,false,0.1803246174551323,2019-07-06T00:43:31.057Z,"Jacobson, Emmerich and Gleichner",true
eec18191-8c33-43b9-996a-72d7c792fe24,2019-01-27T21:48:29.417Z,National City,South Dakota,Saudi Arabia,-17.2578,-37.4384,succedo,teres,animi,sono,clarus,vigilo,cito,101,7.338145449300928,76,desolo,4,2,2,true,0.20258430994658694,2025-11-01T23:42:35.216Z,Murazik - Rosenbaum,false
1b4b0997-8faa-4dea-9727-ef90fe51d40c,2021-06-28T11:38:02.341Z,Biloxi,North Dakota,Kenya,82.1836,-116.7788,valde,sequi,eligendi,suggero,atrox,excepturi,desipio,37,29.180191184215563,64,eaque,4,2,2,true,0.18622881455772716,2025-07-18T05:15:00.577Z,Marvin - Purdy,false