accident_id,incident_datetime,city,state,country,latitude,longitude,road_name,road_type,intersection_type,accident_type,weather_condition,road_condition,light_condition,speed_limit,actual_speed_kph,driver_age,driver_gender,casualties,fatalities,vehicles_involved,alcohol_influence,blood_alcohol_level,weather_reported_at,reporting_department,pedestrian_involved
780ddc2f-2e4f-4b79-bd8e-1c7c8ea9e6a0,2018-02-01T15:52:51.469Z,Lake Candaceside,Rhode Island,Timor-Leste,37.2226,25.3994,cohibeo,stabilis,tremo,aeneus,vigor,theca,corrupti,55,49.87457705854685,94,clibanus,0,1,4,true,0.05383836112923998,2024-02-20T06:03:51.473Z,"Tromp, Cassin and Will",true
6c531679-39fb-4bff-ba07-b027b84087f1,2023-06-24T16:15:29.587Z,North Gageport,Colorado,Samoa,-20.2086,-154.7044,saepe,solium,aro,vinum,natus,ter,dapifer,84,53.37873584185219,31,amoveo,1,0,1,true,0.0663920146161833,2020-12-10T06:18:42.018Z,Homenick - Heidenreich,false
9ec98d11-1937-4c0b-b8a8-b31c550f1bbb,2024-11-16T12:36:54.725Z,Twilaworth,Louisiana,Serbia,88.9062,-167.8148,certus,defendo,tempore,sunt,atrocitas,sequi,color,38,81.42183783677797,58,dicta,2,0,5,true,0.04810632100238271,2021-07-23T18:17:00.498Z,"Mann, Boyer and Roberts",false
c61f5350-827b-40b6-87ae-6474961c5afb,2020-12-06T13:07:45.509Z,Perris,Wyoming,Ireland,-10.1168,75.7446,infit,video,adulescens,excepturi,tamisium,curia,absum,105,177.25928202144723,63,audentia,0,1,5,false,0.08452051688333198,2020-05-09T14:27:35.811Z,"Bogan, Blanda and Crona",true
8eaa7147-1e6d-4a93-87c0-36128f6c97e8,2024-06-04T04:22:54.993Z,North Edytheboro,Connecticut,Niger,44.9662,-106.6077,paulatim,vaco,pel,volaticus,trucido,sunt,adhuc,82,178.84120288098268,16,demo,5,0,1,false,0.19794404187716397,2021-03-17T02:51:37.653Z,"Champlin, Pfannerstill and Huel",false
baaf2cfd-d631-4202-8dcd-a237a2342999,2024-03-25T18:34:32.894Z,Antoinetteville,Indiana,Zimbabwe,85.8591,125.3848,denego,vetus,coruscus,dolores,deserunt,acidus,nemo,73,110.78755004899517,54,nostrum,6,1,3,false,0.03358939053606044,2023-10-20T14:34:45.878Z,Hessel Inc,true
119cbd97-952b-4736-950b-8cde80b8c798,2020-11-21T23:55:25.848Z,Lockmanfurt,Utah,Honduras,65.2576,96.5718,accendo,aranea,crebro,vix,labore,arguo,vae,58,206.72696817455034,89,tollo,4,0,3,true,0.11073603955973749,2019-01-11T04:40:20.504Z,"Rippin, Lebsack and Dicki",false
cdc228e6-7091-4cc7-8724-c787d1b7ad3f,2020-06-28T09:30:21.252Z,Peytoncester,Colorado,Belize,62.1839,-125.7179,repellendus,aggredior,tactus,textus,arbitro,provident,atrocitas,87,7.967253947255273,85,audax,6,0,1,true,0.10094097492797349,2024-11-28T16:09:30.988Z,Grady - O'Kon,false
c36265b3-fb39-4f25-87d7-1906765ca48d,2022-07-02T19:15:48.038Z,West Jeramiefield,Rhode Island,Argentina,84.3494,161.1091,spes,uberrime,audentia,vulgus,suspendo,baiulus,velum,103,93.47320967125731,90,catena,2,2,5,true,0.11511600984950848,2020-08-17T11:13:39.654Z,Barton Inc,true
7992bca4-695b-4c2a-9a29-2721689d7d5a,2018-06-29T11:56:17.286Z,Lake Tomasa,Arkansas,San Marino,38.4679,37.8578,claustrum,utor,vomica,arceo,volutabrum,circumvenio,sopor,82,90.03185586226806,17,angulus,3,1,4,false,0.10876655967401552,2019-07-12T17:37:28.072Z,Sporer Inc,true
4da32289-9103-46ac-a193-a505ee657113,2018-01-01T08:36:34.419Z,Bernhardstad,Washington,Italy,-89.9948,-149.368,voluptate,tyrannus,tam,qui,corrupti,curia,beneficium,106,65.41681419235489,17,astrum,1,1,5,false,0.24611032614988537,2025-09-26T14:08:09.096Z,"Bode, Graham and Marvin",false
605cbf61-eab8-4e88-8054-d88ef98e2c47,2023-08-25T05:43:35.860Z,Audraview,Louisiana,South Georgia and the South Sandwich Islands,17.9799,-31.4172,vacuus,ad,apostolus,vir,cursus,cognomen,vallum,117,185.9646438594459,57,eos,0,1,2,true,0.1282541344102667,2018-12-22T12:40:54.170Z,Schuster Inc,true
ac63cc05-eed5-4188-9013-c488fdb8c398,2022-12-24T06:32:37.835Z,New Adam,Washington,Puerto Rico,20.7079,-55.0268,ambulo,cubicularis,verto,cras,curso,cohaero,cupiditate,104,186.606338504626,37,calamitas,3,2,1,true,0.159040063711678,2020-01-27T13:34:16.838Z,Witting - Medhurst,false
7636f3ec-398a-4cb9-99b5-77aa35228247,2021-01-31T00:55:39.869Z,Muellerfield,Oklahoma,Angola,65.4624,79.8884,cuppedia,abundans,vix,ater,tactus,tabella,creber,89,25.43871595868336,45,defleo,2,0,5,true,0.06932838785544979,2025-08-09T04:49:42.963Z,Vandervort Group,true
798f56b3-5634-4444-bd12-cc3435ac2e98,2024-08-08T09:36:52.521Z,Lake Brandyn,North Dakota,Nauru,-69.8281,-147.3851,adeo,est,depono,accommodo,adicio,degusto,comminor,60,165.67526787157854,70,unus,5,0,4,false,0.18850861236891353,2023-12-13T14:34:45.910Z,Monahan - Metz,false
0adbb4b5-3542-4df0-8405-e7f44b550768,2020-02-03T00:28:02.142Z,Port Nolanberg,New Mexico,Tonga,-41.3208,-51.9537,debilito,valens,audacia,vorago,tollo,conspergo,terga,118,200.91803082477153,86,caelestis,5,0,5,true,0.1654362569929559,2023-06-15T03:08:56.273Z,"Streich, Lind and Fahey",true
8d960f2c-4417-4cd8-b862-39e5b31d7107,2018-11-22T06:27:42.233Z,Kassulkestad,Texas,Belize,-9.5315,109.2021,abduco,versus,caecus,tertius,callide,coaegresco,amiculum,34,97.83634459241976,95,volaticus,2,1,3,true,0.06512394967645915,2018-12-18T12:24:42.404Z,Mitchell - Botsford,false
5332fd92-726b-43d7-b3d2-b6ebcc4986f5,2020-11-16T07:10:16.019Z,Lake Janie,Colorado,Congo,41.0721,164.2343,voluptate,anser,abstergo,atque,tepesco,solum,amplexus,33,178.92412135557947,66,amet,2,2,4,true,0.1364456321141777,2023-10-12T21:41:14.026Z,Langosh and Sons,true
a50f005e-c6d2-4e2e-a86b-4dee08078567,2018-02-26T11:45:36.502Z,Tulare,Alaska,Macao,37.659,-173.0999,deprecator,tolero,aedificium,varietas,adipiscor,decor,volo,31,27.555018830928148,82,avarus,0,1,2,true,0.11102921535497132,2025-08-10T10:31:06.579Z,"Murazik, Lueilwitz and Leannon",false
5a9ab052-c513-4ec0-8fa2-024934f4edb7,2022-01-17T17:56:11.994Z,Abnerfurt,Connecticut,Guinea-Bissau,61.8624,152.3049,tredecim,canto,temporibus,varius,cena,curatio,voluntarius,86,4.815450580831735,45,dolores,6,1,1,false,0.20460290197044276,2023-09-01T05:52:36.254Z,"Harvey, Ortiz and Kerluke",true
c93907b0-a724-44f5-96f4-5eb3860d51cb,2021-04-16T16:48:17.428Z,Bruenshire,Delaware,Puerto Rico,83.0246,-114.8392,alter,tunc,arceo,provident,terebro,amplitudo,coerceo,58,107.09495820010206,67,spectaculum,0,1,2,true,0.05153750954838579,2021-05-29T14:51:58.755Z,Kiehn - Kohler,false
455417b7-29cd-4c95-b7b4-a69b9d477576,2019-04-20T20:28:49.688Z,Medhurstfurt,Nevada,Ghana,-48.0925,-29.5468,cetera,utique,ullam,vulpes,careo,conitor,arguo,129,25.969160664188003,77,aperiam,5,0,2,true,0.05781306308148501,2023-07-02T02:58:46.174Z,Kling - Graham,true
7b100e16-0df2-4dd3-8a18-b0a8d9b0cf60,2023-04-15T08:30:58.283Z,Terrychester,Maine,Andorra,77.9776,81.4558,totidem,dolorum,dolorum,corrigo,vetus,delibero,venia,122,235.99969263419246,35,illum,2,2,2,true,0.06761435973119392,2020-01-04T20:32:52.889Z,"Lebsack, O'Connell and Beier",false
8e9d7023-2663-4cca-bf8e-9feca52b2a29,2023-07-16T09:13:16.291Z,Lake Vaughn,Texas,Lesotho,46.8974,23.8451,quae,suus,accedo,supra,sumo,callide,demens,119,48.38606601832264,74,degenero,6,1,2,false,0.1536624219702777,2019-07-01T19:33:34.086Z,Medhurst - Halvorson,false
4812de00-366d-432c-840b-5a85bd51aefa,2022-11-25T13:58:29.163Z,Fort Karianefort,Connecticut,Czechia,40.342,-20.8265,minus,decerno,adnuo,absum,concido,summisse,succedo,35,95.50146909202535,22,adipiscor,5,2,5,true,0.08119947521053766,2025-02-04T17:45:14.349Z,"Heathcote, Kutch and Bogan",true
36d9f151-1025-4b17-af18-15df6344db5d,2019-08-24T21:23:50.814Z,Giannishire,Oklahoma,France,64.0811,163.6932,tabgo,sunt,consectetur,totam,aggredior,vos,astrum,70,94.7575776822618,45,expedita,2,1,2,false,0.1567574543468841,2020-05-23T20:40:13.067Z,Heaney - Schuster,false
611217d4-769b-4d52-b579-4347ac2a0580,2021-11-23T08:15:55.172Z,Aloha,Oregon,Egypt,72.3026,64.4276,apparatus,deleniti,thorax,curatio,cupressus,demoror,crinis,66,95.79857941169695,67,adeo,2,0,3,false,0.1280301007267645,2018-02-03T15:00:31.054Z,Kutch LLC,false
abba1069-6859-42c8-951a-9ab5d2a0e4a8,2024-04-07T13:58:40.997Z,Kissimmee,New York,Malawi,-2.0528,-125.6715,antiquus,distinctio,blanditiis,spero,bestia,adopto,cohaero,105,157.20578309216137,42,advoco,5,0,4,false,0.0799932561363697,2023-11-14T21:43:21.091Z,Jerde - Beatty,false
f6ba26ec-5458-4f4f-aba3-65fe8fa02eb5,2022-07-22T17:24:44.881Z,New Javier,Tennessee,Hong Kong,81.9504,-75.4348,aufero,veritatis,casso,claudeo,cruentus,verus,abundans,38,57.4313053162848,89,adfero,0,0,3,false,0.17515980273539794,2025-07-28T06:36:57.769Z,"O'Hara, Lowe and Stanton",false
5c594450-5650-49b9-9d0e-42a5d1f325db,2024-11-23T08:53:28.085Z,Shoreline,Maryland,Libyan Arab Jamahiriya,41.4084,97.2536,trucido,amplexus,volo,caelestis,dolor,viridis,sono,86,178.41751980729376,20,apud,4,2,4,false,0.017025937177513606,2018-07-29T14:42:49.966Z,Pagac - Strosin,false
dbebea71-0007-469f-b21a-1c83dee4dcff,2021-05-26T13:49:30.077Z,Boscoshire,Pennsylvania,Belarus,-9.754,55.1295,videlicet,contabesco,aggredior,natus,nobis,ante,succedo,58,144.43032125901436,60,traho,1,2,1,false,0.17940737675771326,2018-05-01T13:51:22.839Z,Bins - Dickens,true
a6bd9736-22e2-4268-803f-3ae9c2487166,2018-01-28T04:50:57.425Z,Eduardoport,Idaho,Micronesia,14.7043,2.9039,conturbo,summisse,sit,tantum,aspernatur,dicta,desolo,89,33.13743543543212,84,demergo,6,1,3,false,0.020721292811499314,2021-01-20T07:53:57.541Z,Lakin - Schneider,false
44aaa651-0dcb-4937-a1a5-77c66cc33d08,2018-12-21T23:04:33.607Z,San Tan Valley,West Virginia,Mali,-55.051,66.91,deporto,dedecor,aveho,dolor,repellat,titulus,adstringo,65,207.3354266624901,36,sumptus,4,2,1,true,0.04444659658319408,2023-06-12T21:23:21.392Z,"Deckow, Daugherty and Leannon",true
db4658b3-1994-4917-a92a-e7c562a4b458,2023-03-28T12:49:03.194Z,Reneefort,Ohio,Afghanistan,35.4162,128.0362,enim,ipsam,usque,audax,adstringo,possimus,cavus,100,143.38121554764953,92,deleo,6,0,3,false,0.21290450194176708,2020-05-13T20:32:41.054Z,"Koelpin, Doyle and Okuneva",false
3dbbc394-b0ed-4b02-87c0-903be062662b,2018-03-25T04:18:14.367Z,Lake Winnifredfort,Utah,Turkmenistan,-53.8357,-144.9382,tolero,vulgivagus,argentum,tepesco,labore,cohaero,clementia,128,128.29141567912663,27,carpo,0,2,5,true,0.23454006867648375,2020-04-04T20:25:38.443Z,Legros LLC,false
454c460e-c685-4a82-abb5-d513b08e9166,2020-03-07T01:07:47.465Z,East Reginald,Alabama,French Southern Territories,23.7533,73.8011,textor,suadeo,vorax,bos,chirographum,cura,urbanus,123,112.39799133643461,52,ultio,2,2,4,false,0.043403667524992584,2018-10-18T01:26:25.079Z,Koch LLC,false
019aeeb4-a90d-4ac8-8598-284fc4dcc952,2024-06-08T14:22:05.588Z,South Dorothea,Kansas,Kiribati,44.1171,-10.6629,arbor,tricesimus,creator,deripio,turbo,coepi,carmen,87,11.268632729173893,30,varietas,5,1,2,true,0.10200709767268479,2023-01-02T18:35:30.953Z,"Buckridge, Ondricka and Fahey",true
29832938-114b-4b7f-986e-f48c5e428352,2025-09-02T04:33:08.815Z,Emilianotown,Indiana,Benin,13.1134,9.3557,voluptas,sed,adulatio,ullam,deripio,theologus,agnitio,94,28.667173142280173,88,coniuratio,0,2,2,true,0.249536563894807,2019-06-02T16:22:40.237Z,Kertzmann Group,true
443f16c7-0080-45c3-ad2b-f7dd6da89403,2023-08-02T20:10:37.470Z,Cupertino,Alabama,Western Sahara,-26.497,14.6527,sulum,defendo,vapulus,teneo,vergo,summopere,utroque,64,150.47143996674004,64,inventore,0,2,5,false,0.23143564445133902,2018-12-28T20:10:48.745Z,"Davis, Heller and Jacobs",true
fb419617-4167-4eba-97d0-2a3eba8750d4,2020-11-23T03:56:31.382Z,Catherinestead,Oklahoma,Sint Maarten,-49.8536,-84.6515,certus,vinculum,cupiditas,aetas,deludo,delego,taceo,98,114.38304662045758,24,sophismata,2,0,5,false,0.24021486270288686,2019-06-19T14:41:17.000Z,Blanda Inc,true
a2ce7b9e-cad5-449c-acf0-696e1bc73d26,2019-05-26T00:50:24.519Z,New Eileenfurt,Arizona,French Guiana,-38.2701,110.0287,correptius,depono,varius,artificiose,sublime,eaque,demo,38,176.27904434079133,79,eveniet,1,1,5,false,0.028054495484177766,2025-01-03T19:41:14.109Z,Cassin LLC,true
e28d319b-6b03-444f-8f22-388f0430d785,2024-07-20T09:28:17.485Z,Ethylmouth,Virginia,Kazakhstan,79.9605,10.9247,aggero,cedo,viscus,argentum,quas,suadeo,curis,20,39.135237748244904,88,ullus,4,1,5,false,0.07244568575948337,2021-09-06T18:32:34.688Z,"Thompson, Strosin and Kuhic",false
014ec12d-5ff3-43ae-8456-cd362d6b9a8e,2021-12-06T12:59:18.227Z,Bashirianmouth,New Hampshire,Argentina,-6.6985,151.1213,bene,vester,theatrum,comitatus,vociferor,voco,creo,58,97.70140393608891,77,error,4,1,2,true,0.12887120517914033,2025-10-11T03:07:02.798Z,"Murazik, Blanda and Leannon",true
4c4cc31b-8cdf-4432-98e4-456da5bf2548,2020-07-05T06:42:07.884Z,Lesleyside,Indiana,Eswatini,39.6137,108.0144,communis,auctor,venustas,summopere,sint,viduo,appositus,47,23.686840338166533,22,conspergo,2,0,3,false,0.23249560860537927,2024-11-15T03:38:33.800Z,Huel Group,false
ed469989-7d69-4ea3-88a0-ea3e46d93617,2023-03-22T23:58:15.520Z,West Evert,Idaho,Liechtenstein,64.4536,-45.4599,ratione,utrum,benigne,campana,ara,caterva,torqueo,101,80.17000344036906,73,viriliter,2,1,1,true,0.15826695859147147,2024-12-25T23:07:17.340Z,Runolfsdottir Inc,true
bc2a3e9d-95f4-4b14-a1db-060653d04fda,2019-12-27T12:57:19.762Z,East Koby,Alabama,Argentina,-41.2577,107.5946,capio,pel,ademptio,solitudo,sapiente,audentia,deporto,39,3.8167573891124196,96,crustulum,1,2,4,false,0.17614947880777634,2022-08-22T19:27:49.885Z,Schimmel and Sons,false
31194fbb-a6e9-46a3-b787-efb0b54a1e4c,2024-07-28T11:22:32.874Z,Tamiaberg,West Virginia,Montenegro,-86.4162,-141.7417,consectetur,rem,cunctatio,suppono,cedo,vespillo,tutamen,36,56.208247989031754,46,maiores,4,2,1,false,0.2406576506421829,2025-11-19T14:41:20.110Z,Labadie LLC,true
96aa31f2-04c3-46b8-9d47-4d1047cb3ec1,2023-01-05T11:31:43.975Z,Lawrence,Colorado,Christmas Island,-7.4643,141.5731,deprecator,statim,vitiosus,demo,taedium,fugiat,sponte,20,207.45146841150478,50,officiis,4,2,1,false,0.07141821949564431,2022-07-29T18:08:11.039Z,"Wintheiser, Sawayn and Runolfsson",false
5acf93c6-08de-418a-9f42-c758e070a25e,2023-12-04T23:03:19.690Z,Clairborough,Pennsylvania,Australia,52.7125,84.3026,adicio,baiulus,angulus,eius,unus,venustas,alioqui,117,135.02093315433942,76,adeptio,0,0,1,true,0.049682324783373866,2020-10-22T17:36:06.311Z,"Johnston, Wolf and Kling",true
60061883-77f6-4084-ab6a-e4a22a2b3c96,2023-09-15T05:01:04.926Z,Reillyfort,Idaho,Northern Mariana Islands,13.2266,-48.8391,iure,callide,error,subseco,defendo,correptius,sopor,116,140.64065307539158,54,certe,2,0,4,true,0.21548879288331863,2018-11-30T20:32:11.473Z,Pouros - Effertz,false
9f7a57bc-5f2e-4271-93ff-a7b778a821ae,2020-03-15T23:48:31.630Z,Howeland,Idaho,Uganda,74.2886,-40.5461,aliquid,stips,acerbitas,conor,vos,nostrum,torqueo,32,33.45515715763441,87,cunabula,2,0,3,true,0.13602833558618752,2023-10-16T01:40:41.363Z,McCullough - Crist,true
02ec8eb2-ffa4-4b0e-baac-8067f7d3674f,2019-07-08T23:38:52.975Z,East Hartford,Ohio,Isle of Man,-19.8641,-136.7471,teres,viridis,aetas,necessitatibus,carbo,aequitas,subseco,104,88.84697240121318,39,vomito,3,2,2,false,0.24647129202743606,2021-01-12T20:31:51.925Z,Herzog LLC,false
ee3d67dc-2404-4766-bef6-b879f5d843d9,2024-04-25T09:12:05.671Z,Athenaburgh,Rhode Island,Turks and Caicos Islands,-65.7551,103.187,defluo,voveo,aestus,amiculum,vehemens,uberrime,aduro,120,4.281002851644855,75,depromo,0,0,5,false,0.04967137514780795,2020-02-13T13:47:12.673Z,"Herman, Murazik and Sauer",true
443fe623-a0c6-451e-8bbc-56c8cb12efa7,2025-05-01T12:38:45.656Z,North Amyfort,Montana,British Indian Ocean Territory (Chagos Archipelago),-53.3847,133.5296,cibus,ventus,vorago,civitas,coma,ubi,currus,121,136.5884408357376,93,defaeco,3,1,1,false,0.11404032299995526,2025-08-16T00:44:01.009Z,"Morissette, Mills and Fisher",false
ea0d68df-b492-4d08-a106-44be0f118b0f,2024-12-01T13:26:00.410Z,Robelstad,West Virginia,Albania,-74.398,-53.5993,vespillo,utpote,compono,repellat,viriliter,tardus,adnuo,64,11.887244107414912,67,sufficio,4,0,2,true,0.09801136209605946,2022-08-19T08:55:38.091Z,Corwin Inc,true
d5329e67-3e6c-4fc1-a0b4-34b9dbfc4095,2018-01-13T12:40:21.613Z,Yuba City,Virginia,Croatia,-81.9399,-74.0788,nisi,cerno,solus,uredo,cetera,adficio,corporis,85,88.50752289853988,33,perspiciatis,5,2,2,false,0.21347597784448744,2018-05-26T03:23:17.268Z,Price and Sons,true
8beb93ac-33c1-46a3-bafe-57bad64152c6,2022-11-15T03:29:59.822Z,Karinafort,Wyoming,Ireland,-38.4958,-148.8531,vereor,stella,audeo,tum,somniculosus,cicuta,illo,102,51.37215137777244,26,cito,2,0,3,true,0.013218573434159414,2022-06-04T14:27:12.927Z,Williamson - Funk,true
a41e8734-7c66-4ea4-bc6e-fb529cc129fa,2025-04-25T12:43:43.613Z,Fort Laurencetown,South Carolina,Jordan,-57.2728,12.7162,capto,eveniet,arceo,sapiente,textus,tergiversatio,aut,102,119.03339439234516,98,vitiosus,5,0,4,false,0.05902875687166287,2021-10-07T09:31:53.701Z,"Hudson, Grimes and Berge",true
56c98862-8af1-4575-8467-758c7b48a5d1,2024-02-07T16:24:24.151Z,Charlotte,West Virginia,Dominica,6.0312,130.4873,autem,volutabrum,careo,bestia,candidus,textor,depereo,89,35.95028625183826,98,patior,3,1,2,false,0.24723611043501864,2024-09-30T19:33:31.642Z,Bode LLC,true
fed48b69-9d60-485c-8ce0-24b887669141,2023-07-30T12:14:44.877Z,North Alvahshire,Virginia,Falkland Islands (Malvinas),39.289,78.5202,textus,defetiscor,creta,conatus,dolorum,arma,ancilla,129,6.974836801789719,88,consectetur,2,2,1,false,0.08442249570425653,2022-08-21T05:17:51.239Z,"Crooks, Corkery and Ryan",true
5506c30f-40ba-4d1a-94cd-8b08f4fb2827,2022-11-19T03:09:03.478Z,Upland,Connecticut,United Arab Emirates,85.8569,-53.312,animi,theologus,cuius,thesaurus,caecus,neque,attonbitus,20,221.8278850887986,21,sonitus,5,2,3,false,0.0675460254464687,2024-01-02T16:07:56.707Z,"Mohr, Durgan and Goldner",false
0ea6b078-95dd-486c-963b-2a068066569e,2024-10-01T20:25:13.330Z,Laishafurt,Kentucky,Gibraltar,13.1982,31.8336,umquam,deleo,arx,eius,confugo,eius,ipsum,129,220.89778901100215,22,tandem,2,0,3,true,0.03606898839218062,2025-08-26T10:37:39.219Z,"Krajcik, Wunsch and Gleichner",false
37cd0f0b-1c01-401a-9dff-dff5646368dd,2018-02-26T07:06:03.930Z,New Christiana,Nevada,Heard Island and McDonald Islands,28.0385,-44.5948,sumptus,statim,fugiat,turpis,natus,spectaculum,theologus,46,139.45822997232,39,numquam,3,2,4,false,0.0739704543924303,2023-09-09T19:09:03.188Z,Bode and Sons,false
cd48554f-42cd-4d2b-a6fb-18a6c32c8d52,2025-05-01T22:34:28.616Z,Joeborough,Georgia,South Sudan,-30.6431,-54.2122,acidus,numquam,collum,summa,carcer,defungo,ancilla,67,36.110835518246994,47,thorax,2,0,3,false,0.09742261561014129,2023-04-08T21:18:56.326Z,Hettinger - Schamberger,false
c319cb84-078a-4f92-9781-4640705b5375,2019-01-16T19:08:41.186Z,Daytona Beach,Montana,Eritrea,-2.0204,44.7836,appello,omnis,cura,provident,caelestis,pectus,temptatio,56,153.34075893522726,59,patior,3,0,2,false,0.14983960913787364,2025-04-27T23:13:40.778Z,Berge - Nader,false
800a8b0a-69f6-4647-ab9f-8f85571cc6d5,2022-07-13T16:03:34.740Z,Omercester,Wisconsin,Mauritius,-3.2299,80.5962,caelestis,deorsum,antiquus,ut,adstringo,nam,uberrime,61,202.16747295710024,46,arx,3,2,5,false,0.014218566284842804,2022-11-08T13:51:44.437Z,Tillman LLC,false
722f1d8d-12fb-4fa6-9762-9c518604f9a0,2019-03-17T21:47:29.494Z,Bell Gardens,South Carolina,Eswatini,6.8133,-155.994,curriculum,approbo,pectus,culpa,vitium,unus,cui,125,76.31748772768346,61,accendo,1,1,3,true,0.2281086694910587,2023-07-17T23:50:05.556Z,"Skiles, Carter and McDermott",false
36f8ecfb-15d6-4928-a328-fbeb9dcc5c55,2025-04-11T01:17:56.545Z,Kuphalstad,North Carolina,Bosnia and Herzegovina,-80.1967,152.4143,veritas,subito,contabesco,neque,alo,auditor,minus,114,189.7692242727487,52,voluptate,4,1,4,true,0.01772523489728836,2021-04-21T08:03:48.325Z,Leannon and Sons,false
cd22e9cd-57e7-4548-a557-736d6b09ee7a,2018-09-26T07:25:54.160Z,Alhambra,Kansas,Singapore,-44.1118,-78.4957,adinventitias,sum,absconditus,aedificium,vitium,umbra,sapiente,80,39.58362471104756,61,ulterius,1,1,1,true,0.1275444095235347,2023-09-07T06:03:42.861Z,Nader - Schoen,false
5a45fc1b-f415-48d8-878a-d69fa099ef14,2024-07-01T03:52:55.640Z,Wilfredside,Wisconsin,Luxembourg,-40.7772,106.0838,cunae,cultellus,aranea,verbum,tristis,adeo,cubo,53,215.18400455242164,30,quibusdam,6,1,1,false,0.12774852151385171,2025-04-02T03:40:59.219Z,Powlowski - Rau,false
46c7be1c-c6b3-472d-a5c1-184b38f24660,2019-09-16T17:23:56.358Z,South Olamouth,New Jersey,South Africa,-3.1783,-33.917,advoco,convoco,tertius,ventito,comedo,volaticus,celer,76,180.22878584398939,80,velociter,1,1,3,true,0.06905694465336765,2023-02-22T17:21:38.367Z,Hudson LLC,true
ed359019-5a42-4472-bc9d-2fa202d36b2a,2025-01-13T20:52:21.951Z,East Orange,West Virginia,Kazakhstan,-26.732,29.503,thymbra,sono,adsuesco,appositus,vilis,vinculum,thymum,50,5.780586816385274,61,conitor,5,1,1,true,0.04147602408584994,2019-11-05T14:58:32.018Z,Breitenberg Inc,false
45392b05-64ee-472f-bb01-b606d237bff3,2022-06-07T15:48:21.781Z,Tracy,Washington,Pitcairn Islands,56.881,-79.5943,torrens,somniculosus,denuncio,facere,ultio,surculus,exercitationem,112,108.76025314835628,51,tibi,1,0,4,false,0.058585092626433494,2018-01-09T06:15:32.178Z,Hudson Group,true
887ca061-1703-4f16-9b55-af0cfc639883,2022-07-18T02:20:19.629Z,Rudycester,North Dakota,Northern Mariana Islands,60.3467,69.1169,vomer,vetus,caste,angulus,excepturi,sophismata,civis,96,116.38798599482615,59,candidus,5,1,4,false,0.21263995894905502,2018-02-17T20:04:11.775Z,Jacobs - Pfeffer,true
04f50768-b178-41f1-a1fe-ff6bc6988cec,2021-08-01T01:10:27.519Z,Ernserburgh,Oregon,Dominican Republic,-75.3975,136.1448,acervus,temeritas,copiose,talus,venio,vomica,comptus,92,43.256546496737386,97,corporis,6,0,2,true,0.0869629697190383,2022-04-10T09:54:13.004Z,"Collier, Beatty and Bayer",true
b79f1cf2-ef30-4e3f-a7ae-81b65fbbf84a,2018-04-10T03:05:04.279Z,Beaumont,North Carolina,Greece,46.4416,117.7849,deprecator,varius,arma,templum,verto,undique,defleo,31,92.79139789603983,64,conor,2,1,2,true,0.19879455944187543,2023-06-08T20:42:22.781Z,Nitzsche and Sons,true
d8d0866c-13f0-4330-9bd3-f462ec8e7e6b,2020-09-26T00:32:06.231Z,Port Jovany,Montana,Zambia,85.9586,51.6044,cubo,cuppedia,cotidie,aegre,nobis,ullus,colligo,79,43.0385012274591,88,voluptatibus,5,0,3,false,0.16576478910229048,2022-04-24T20:53:07.103Z,Rippin Group,true
6acdaeb5-d011-475b-8ef8-97af436f4e6c,2018-12-27T19:34:29.911Z,Tysonfurt,Arizona,Nigeria,77.553,-130.668,utroque,pauci,vulgivagus,verbera,arma,iusto,alii,98,116.1192623867252,16,contra,1,0,5,false,0.15061899248930422,2018-11-25T12:11:07.316Z,"Wuckert, Oberbrunner and Zboncak",false
991dae89-23c4-4461-872a-1e6982a90210,2021-12-23T06:12:54.439Z,Schneiderboro,Delaware,South Africa,45.3753,50.7687,cunabula,utilis,vix,sponte,patior,labore,sto,44,1.6079951210532961,83,usque,6,2,2,false,0.11473535857634196,2023-06-27T11:59:06.192Z,Baumbach - Beer,false
60d163b8-f59d-48b3-a2a8-ca4e6fc25df2,2020-01-20T23:01:00.450Z,Vallejo,Mississippi,Taiwan,-17.4955,145.32,absorbeo,cognomen,valeo,strenuus,ventito,voluptatibus,dedico,58,164.01200805486604,97,earum,6,1,4,true,0.006696578004861314,2019-06-16T18:33:38.412Z,Hahn - Satterfield,false
03fff253-3c24-49a0-bbbb-ecac4982e707,2025-09-22T03:27:12.825Z,Athenaburgh,Nebraska,French Guiana,13.8662,-40.9141,curatio,voro,aliqua,reiciendis,teneo,amicitia,tumultus,66,206.85007406804039,68,corrumpo,2,1,1,false,0.21331413603679478,2018-10-22T14:01:13.087Z,"D'Amore, Gottlieb and Russel",false
8bf5357c-58f1-4309-9d74-253b3be24d68,2019-06-19T15:25:42.987Z,North Keeley,Michigan,Reunion,61.0286,91.9082,inventore,thesaurus,censura,carus,defungo,optio,cibus,69,47.03483147946504,58,auditor,3,2,3,false,0.19843563891056373,2024-09-04T20:06:07.207Z,O'Reilly - Barton,false
9db08dc8-a5f7-4e58-a177-319c47563348,2020-01-04T09:30:04.786Z,South Lazaro,Alabama,Holy See (Vatican City State),-76.0468,53.2932,illo,circumvenio,autem,totidem,advoco,tibi,damno,98,55.11664333378803,94,succurro,1,2,2,false,0.2186087357508988,2025-10-01T21:45:03.511Z,Rodriguez - Von,true