accident_id,incident_datetime,city,state,country,latitude,longitude,road_name,road_type,intersection_type,accident_type,weather_condition,road_condition,light_condition,speed_limit,actual_speed_kph,driver_age,driver_gender,casualties,fatalities,vehicles_involved,alcohol_influence,blood_alcohol_level,weather_reported_at,reporting_department,pedestrian_involved
6320410d-53dc-45f6-9f8a-8f333609010b,2018-01-21T00:20:31.400Z,Javonteborough,Kansas,Oman,-9.4971,-155.6064,cibus,vesper,desolo,textus,aveho,synagoga,sub,93,72.74608245030538,58,abutor,4,1,4,true,0.021390179675919024,2025-10-23T17:58:18.481Z,Gleason - Windler,false
7469a7fa-6080-4150-8d15-665eb181ff21,2024-09-05T08:45:34.173Z,Greensboro,Indiana,Jamaica,-16.8708,-59.6394,curvo,capto,vilis,certe,comminor,molestias,suasoria,112,131.0470520359412,40,tricesimus,0,0,5,false,0.22219462645308882,2020-05-13T13:31:37.135Z,"Walsh, Hartmann and Champlin",false
5945fb2c-095a-4f1a-8138-b6c782136a17,2022-10-22T12:41:46.994Z,Shannafurt,Colorado,Benin,-19.6971,56.1289,viscus,tricesimus,caecus,tertius,dens,fugit,modi,21,13.804424091985368,26,appello,4,0,3,false,0.014623360385064454,2018-10-23T21:03:39.622Z,"O'Conner, Toy and DuBuque",true
501a1c7f-df84-4c70-ba35-0301fbb2074c,2021-04-03T15:32:09.070Z,Fall River,Alaska,China,-18.9506,-161.0042,consuasor,conservo,depono,quae,tenus,ter,solium,117,67.11461759568687,42,nam,6,2,3,false,0.22080343627480353,2021-08-07T13:49:57.181Z,Hackett - Sanford,false
be136b8e-85b6-4079-8bc6-98b308b6fe3d,2019-10-12T16:36:13.514Z,West Kurt,Alaska,Northern Mariana Islands,-22.2238,-34.5495,utrum,capillus,perferendis,careo,tamquam,commemoro,pel,26,193.22536362239413,94,corroboro,6,1,5,true,0.18900440425007534,2019-10-02T19:26:19.446Z,Volkman and Sons,false
5f8d9ac4-92b1-42a8-bd7a-c5ae0c8de3f2,2019-11-01T13:54:11.367Z,Magnustown,Maryland,Solomon Islands,-12.49,-62.6314,incidunt,auctus,voluntarius,amet,numquam,tonsor,aliquam,130,161.9145192892819,82,caterva,5,2,3,true,0.038032470121929784,2025-12-26T18:58:28.986Z,Veum LLC,true
6a478b68-bdc4-4b0c-a1c3-33625f66d3fc,2023-03-19T03:14:42.734Z,Stantonport,Minnesota,Guinea,-20.1779,-9.0914,votum,comitatus,victus,vorago,esse,agnitio,colo,115,128.6169994578382,64,comminor,0,0,1,true,0.1692182433664646,2020-11-24T00:28:16.690Z,Gleason - Langworth,false
68c229a1-d3c0-485c-b219-fc005425e412,2020-01-01T00:34:56.204Z,Port Athenashire,Oregon,United Kingdom,-7.4796,108.0248,voluptates,carcer,accommodo,maiores,defaeco,dens,studio,49,140.72100309875856,22,conspergo,0,2,1,true,0.2130167480648893,2024-07-17T09:26:21.796Z,"Wuckert, Bogan and Miller",true
213691b9-42c6-4792-bdf7-03cce86d13a8,2019-10-30T03:48:05.103Z,Ullrichstead,Florida,American Samoa,87.8032,45.8456,casso,copia,vulnero,adulatio,absorbeo,cavus,cur,29,145.96603993565222,81,defetiscor,1,2,1,false,0.03482658049944831,2023-03-29T04:40:40.203Z,Wolf LLC,false
d80122d7-dfa0-49bf-abd4-e413c56e4c1f,2024-03-26T09:55:30.618Z,Evelineton,New Jersey,Democratic People's Republic of Korea,55.9365,-149.8435,argentum,accendo,tricesimus,coerceo,bibo,audio,aetas,31,197.44540314057576,46,decet,3,1,5,true,0.14885787539359055,2025-11-08T23:15:16.211Z,Breitenberg - Skiles,false
6d71232b-8405-4a17-9ce4-0a72d40adc3b,2023-11-25T09:36:17.561Z,Port Estell,Missouri,Mayotte,-11.1518,-111.7628,necessitatibus,tolero,perspiciatis,deleniti,stultus,nulla,nihil,61,115.93225439872872,40,corpus,5,0,2,true,0.06367545826793763,2020-11-23T15:57:03.900Z,Nitzsche Group,true
43410c49-7abb-45d9-9699-5de5a21cd9d1,2021-06-24T16:06:54.804Z,North Phyllis,Maryland,Spain,-60.9333,-123.0644,spectaculum,aegrotatio,compono,admoneo,teneo,suspendo,valens,114,200.56275486630818,59,deorsum,6,2,5,false,0.10135198712004004,2022-04-22T23:27:07.811Z,Schowalter and Sons,true
6cc51f5e-e424-4719-9ea6-8bbe2195099f,2021-07-12T10:00:31.594Z,Denisfield,Utah,Norfolk Island,37.7215,102.2391,centum,vesica,delicate,ait,tardus,tamisium,quas,47,205.71136043953905,67,callide,6,1,5,true,0.09399826180189788,2019-06-29T15:22:38.165Z,Jaskolski and Sons,true
b3bcb29e-22b2-4edc-b1cc-2f81170e0cb9,2019-07-05T16:28:12.917Z,Rancho Santa Margarita,Delaware,Nauru,24.4935,-19.9209,cubitum,curvo,cupiditas,amicitia,dolor,clarus,corrigo,92,118.71434596745316,16,argumentum,1,0,1,true,0.14867312322769824,2024-04-09T21:37:20.357Z,Fadel Group,false
e16ee769-b27a-4af0-abd7-0378c5811cc6,2022-08-15T00:15:05.705Z,North Cornellchester,Colorado,Falkland Islands (Malvinas),-68.229,-123.3617,villa,speculum,contabesco,delinquo,tempore,adeo,tepidus,54,111.49337035647851,93,odit,3,0,5,false,0.1480902965595612,2018-10-14T05:47:00.319Z,Cummings - Carter,true
1f6f8376-81c3-4f7d-84a4-d431c8a8ac80,2019-08-12T19:51:03.764Z,Luisaberg,South Dakota,Isle of Man,-39.3896,76.1718,acer,tristis,stillicidium,magnam,asporto,dens,coepi,87,227.6962203764677,45,crastinus,3,1,4,false,0.06472831767048876,2018-04-30T23:49:04.623Z,Padberg LLC,false
5bc8e80c-c3f9-4008-80c8-e2ecd504e821,2019-05-23T05:04:02.606Z,Port Quinn,North Dakota,Burkina Faso,57.3757,91.5069,contigo,cernuus,crux,crastinus,desolo,laboriosam,congregatio,89,135.21631631756665,17,cunctatio,6,1,1,false,0.1388092882350685,2023-05-05T00:02:23.170Z,Gulgowski - Effertz,false
59ac3fee-f189-4402-8a39-0be856ba16fe,2023-12-24T08:18:35.013Z,Davie,West Virginia,Bahrain,-66.0098,110.0652,catena,ademptio,laborum,cibo,verus,stipes,thesaurus,104,208.9338027616909,46,aliquid,2,0,1,false,0.2359630873386736,2025-10-18T10:49:21.459Z,Schaden Group,true
6a86afe3-9aa7-4177-961c-828102d1404a,2022-01-18T19:49:03.550Z,National City,Iowa,Barbados,13.4049,-3.4937,aetas,currus,talis,barba,custodia,considero,capto,122,105.3807238358249,49,villa,3,1,3,false,0.12373876605385692,2021-01-29T00:23:10.158Z,"Vandervort, Hahn and Vandervort",true
66b6481d-5ca9-4b67-9ba8-9784b210eddc,2025-07-18T05:47:47.929Z,Port Estrella,Delaware,Liberia,-10.4686,150.1251,deputo,cupiditas,repellat,vetus,vulariter,subvenio,tametsi,108,61.867267198604175,68,cotidie,1,1,4,false,0.2268092920660301,2021-07-30T17:54:25.821Z,Haley LLC,true
6dbb7ae5-886c-490e-a627-8b328205f23c,2025-04-20T16:15:28.851Z,Wunschville,Iowa,Montserrat,87.4599,-92.5731,veritas,sto,credo,contigo,copiose,ab,conventus,55,170.58424684796532,96,veritas,1,1,3,false,0.02090367724426856,2024-10-25T06:15:41.698Z,Bartoletti Inc,true
3094f48f-6eba-4085-816a-81bd9b2229c5,2024-09-24T11:23:44.391Z,Herzogberg,Hawaii,Micronesia,-75.6339,76.0812,deprimo,pecco,capto,ullus,utpote,bestia,pariatur,71,234.65205637684872,74,vicinus,6,2,3,true,0.18478602297163466,2021-09-05T07:38:50.775Z,Cruickshank - Bednar,false
5d9da473-4630-4c22-ae63-fd6a06ede6cb,2023-11-02T09:44:15.570Z,Fort Vinceview,Idaho,Papua New Guinea,-84.158,74.8591,conspergo,chirographum,bonus,dedecor,ratione,approbo,ut,64,111.97047682178709,62,corroboro,4,2,4,false,0.1419582044316049,2022-01-01T00:01:00.893Z,Cummings - Cassin,false
593cb479-fe9e-4230-90cf-bbd1fa4f76d9,2020-12-14T15:42:34.584Z,Grand Rapids,Kansas,Armenia,-61.853,-127.6952,labore,allatus,vulariter,territo,turbo,communis,defleo,67,120.94888898070045,64,curiositas,1,0,2,true,0.002273093389344033,2024-01-01T02:38:51.554Z,"Johnston, Wiza and Treutel",false
0191993e-e14f-460f-8585-856bd28618a6,2022-07-18T06:31:08.462Z,Rolfsonbury,Maine,Central African Republic,-78.4255,-4.5549,curia,custodia,circumvenio,curia,comis,solum,vox,59,21.265509706334377,51,absque,1,0,2,true,0.08687619733926896,2019-01-23T07:54:45.206Z,"Brekke, Homenick and Mayer",true
44cae5f6-5bbb-4af4-91ce-3dcc0abbf442,2021-09-02T09:56:24.079Z,New Leoracester,Oregon,Martinique,57.9494,149.1882,ullam,bellicus,celo,creo,audeo,despecto,cotidie,51,87.39669649278376,41,magni,6,1,4,true,0.19977524198504115,2018-07-07T03:12:29.290Z,Schumm LLC,true
efb2d47f-4e42-49c9-9d51-a37c0cc1381e,2024-10-23T19:27:28.610Z,North Rudolphfort,Tennessee,Mali,-46.4168,54.6878,cogito,terra,tempore,capitulus,blandior,acies,defaeco,56,90.95076997102063,47,comis,4,2,3,false,0.09275457752752542,2020-03-08T15:41:22.463Z,"Feest, Zemlak and Hegmann",false
a7f3e08b-4cb2-4930-85be-63e9f7520ee2,2021-05-19T06:51:23.566Z,Demondtown,Vermont,United States Minor Outlying Islands,-12.6834,-112.8222,ventosus,vivo,armarium,somnus,decretum,corrigo,spes,115,192.76342548043485,20,tersus,1,0,5,true,0.20027968448458505,2022-08-03T01:02:54.987Z,Weimann - Raynor,true
47ca4d0e-3119-4eab-bb9b-7e275d8102d9,2021-01-01T02:17:23.449Z,Daughertyland,Washington,Guadeloupe,-47.5422,-5.1767,turpis,clementia,bibo,verus,cito,subnecto,conculco,89,147.80679446963848,16,causa,5,1,4,true,0.15730385996439794,2025-05-08T07:54:34.937Z,"Rempel, Beatty and Moore",false
f0c43eb9-faca-433f-9315-3828f3b7371b,2021-08-04T01:13:05.750Z,Oshkosh,Colorado,Eritrea,-62.4282,38.6927,temptatio,cultura,socius,stabilis,canonicus,defetiscor,creo,70,81.57757803656256,85,corrupti,1,0,1,true,0.13796867746219255,2021-09-01T02:57:45.227Z,McClure - Schulist,false
096bb3ff-4256-43c7-a232-d707486808ae,2019-05-11T08:44:39.426Z,West Novaboro,Illinois,Latvia,10.1129,71.267,curso,viscus,tempore,amitto,tergiversatio,harum,vestigium,20,36.0437692626342,83,varietas,4,0,4,false,0.14788219797634694,2025-07-17T19:42:53.737Z,Moore - Bruen,false
ec1ca6bc-58a3-4e95-b229-cade564261f9,2022-01-25T06:25:43.540Z,Oxnard,New Jersey,Burkina Faso,43.0419,127.0291,defendo,tempore,advenio,tollo,contigo,debeo,una,112,164.81060133829942,30,voro,6,1,3,false,0.01566620949377112,2024-08-20T00:37:13.368Z,Shanahan - West,true
75ef0e90-6b39-4f3f-9ed7-5f758f766d54,2022-09-23T17:02:33.652Z,New Sonny,Alaska,Indonesia,-32.1815,107.0112,coadunatio,thesis,vobis,esse,tristis,conduco,ustulo,60,185.15944941168482,94,solitudo,5,0,1,false,0.09998015721468098,2020-12-26T17:23:04.687Z,Torp LLC,false
99751d8d-6927-4f98-bbd2-1c006527149c,2022-12-21T15:12:09.585Z,Vacaville,Rhode Island,Pitcairn Islands,31.755,46.233,argumentum,corpus,neque,vigor,vulpes,explicabo,eligendi,72,160.23506262940737,25,cicuta,1,0,2,true,0.04354584717743268,2024-04-03T07:10:35.433Z,"Stark, Price and Bogisich",true
39c4b739-c534-478c-acb2-b2c4ad21b635,2021-03-22T06:47:50.593Z,Berrycester,Montana,Lebanon,22.0379,110.9424,decet,cariosus,coerceo,ventus,aestivus,congregatio,adinventitias,22,195.67050047746565,25,carbo,5,0,1,true,0.2215831139939605,2025-11-27T05:19:08.549Z,Wehner Group,false
cfb27972-7aca-45ae-aef3-fd4cd7280cd9,2018-04-01T02:00:03.177Z,Lake Odie,New York,Falkland Islands (Malvinas),-60.6816,27.9063,alii,vinculum,magnam,valetudo,corona,vulticulus,demoror,129,1.883453995244091,49,tribuo,6,0,2,true,0.13619433955346624,2022-06-09T10:28:21.470Z,Sipes - Bernier,false
1a55a2f3-d902-4f39-b96d-780bea5a3d20,2023-10-30T09:02:54.780Z,Fort Imani,Maine,Guernsey,15.5414,88.6722,vulnus,aiunt,nemo,terror,consectetur,pecco,tot,122,6.063928741780673,75,accedo,1,2,3,true,0.08208085695923092,2019-10-11T21:32:11.399Z,Weissnat and Sons,true
994b9374-3aaf-46b2-a5f7-85f04bb4ed62,2024-11-27T18:52:25.088Z,Belleville,Massachusetts,South Georgia and the South Sandwich Islands,-15.0144,-146.1293,sono,cotidie,patior,dolorem,sopor,clarus,votum,20,66.85973700548972,37,verumtamen,3,2,1,true,0.19131732825717288,2025-03-24T22:03:36.865Z,Russel Inc,false
c411bc8f-bc79-47d8-9470-1b2ea734dc10,2019-07-27T17:02:56.682Z,West Ramonstead,New York,Maldives,-53.3867,168.9502,attollo,decerno,aggero,commemoro,cena,conitor,curvo,125,142.8814987049212,23,labore,4,0,4,false,0.06350639637669295,2024-12-29T13:23:02.587Z,Denesik - Graham,true
f0b10b6e-742d-4032-a7b6-2a59ab6ac526,2021-08-22T17:53:28.168Z,Creminfort,New Jersey,Martinique,-43.0826,119.7472,avaritia,substantia,eum,delinquo,teneo,desidero,tibi,108,84.4076508363782,83,odit,0,0,2,false,0.2070785574188179,2021-12-25T11:31:44.614Z,Steuber LLC,true
8eb3b1fe-b0f9-41a3-b03c-5b97bd4d1719,2020-09-01T11:52:06.538Z,New Moises,Rhode Island,Haiti,14.4791,-13.0605,alienus,video,tergo,rerum,venustas,venia,autem,113,120.59920337458921,43,tamisium,1,1,2,false,0.023226567745681048,2021-08-12T01:26:46.083Z,Champlin and Sons,false
27fb2fb9-3740-4782-8a3b-62e4cfaba42f,2019-06-22T04:44:04.772Z,South Oleta,Iowa,Mayotte,-80.4975,-53.5227,taedium,advoco,dolor,ciminatio,sustineo,corrigo,vinco,36,94.32799044533321,43,demoror,0,0,5,true,0.003286445482760275,2021-09-02T19:02:32.085Z,Zulauf and Sons,false
b093e880-0d12-49d6-af9b-e6226f2213a8,2023-08-16T12:09:36.006Z,Giovaniport,Illinois,Eswatini,-13.7646,-16.8529,veritas,vomer,adeptio,provident,constans,thorax,cattus,59,207.35264479427784,65,copia,0,0,3,true,0.07064582765135638,2023-05-31T10:43:29.603Z,"Schneider, Abbott and D'Amore",false
31421256-af51-4d87-b6ab-fbbd15f3beda,2022-10-14T17:11:15.799Z,Beahanfort,Alaska,Papua New Guinea,-80.7055,-2.0074,crastinus,turbo,id,ante,officia,templum,tollo,109,35.00390750946046,48,color,5,2,2,false,0.13729042463600175,2025-04-22T17:03:43.730Z,Marks - Hyatt,true
a6030229-a6cc-43aa-b63b-58fe175ec6d6,2022-09-25T06:07:02.489Z,East Reganland,Georgia,Jersey,37.7574,-142.5857,sulum,arbitro,sumo,territo,conor,tabgo,colligo,124,84.94729622456796,61,thesis,5,2,2,true,0.1747285354454867,2024-12-26T09:45:25.012Z,"Upton, Lesch and Grant",true
1e6bc0f2-370d-4b09-9c2e-d6cccce8438b,2023-10-19T04:59:23.371Z,Long Beach,Connecticut,Australia,-34.6291,27.8861,urbanus,cognomen,curis,pax,strenuus,consuasor,vaco,103,64.99744115331305,79,inventore,6,2,4,false,0.1924983747774018,2023-08-02T13:21:22.960Z,"Kling, Kautzer and Kunde",true
20739b02-6e93-479e-9e41-a6ad12098db9,2019-02-02T03:22:36.946Z,North Edwardo,Virginia,Bhutan,-35.5238,101.3348,solvo,comptus,deserunt,appositus,vobis,adflicto,aestas,121,63.906061284199595,57,vapulus,1,0,5,true,0.23002887788200496,2021-07-05T18:21:17.778Z,"Lockman, Littel and Krajcik",true
18bbb21e-eb57-427d-990f-64addf1d3281,2025-07-20T02:17:36.659Z,Fort Michelle,Kansas,Eritrea,82.2707,64.826,curatio,color,sophismata,patior,deripio,cumque,sto,21,99.33801884068099,32,vinculum,4,2,2,false,0.19877666471991814,2024-12-03T21:22:19.505Z,Wilderman Group,true
7ed78bcc-4428-44a6-8961-e1faa47832aa,2019-03-22T22:21:06.379Z,Frederick,Hawaii,Sri Lanka,-55.8941,-82.6435,ultio,magnam,vallum,bibo,sponte,ambulo,dolor,48,138.94935153280863,75,adeptio,3,0,4,true,0.14993906205679713,2024-06-27T07:36:03.691Z,"Jaskolski, Stokes and Willms",true
d1f76d3b-78b8-434a-9bb1-2eb6455a8cc6,2020-05-14T21:01:56.873Z,Sethmouth,South Dakota,Fiji,10.691,129.1615,vulpes,vere,arx,crapula,territo,paulatim,deputo,116,121.0474779853925,37,sperno,5,0,3,true,0.23698162116494906,2025-07-08T17:17:53.307Z,"Schuppe, Zemlak and Koepp",false
c8bf6114-dc94-4637-b9f7-7ab328e34104,2023-09-24T07:27:27.222Z,Tuscaloosa,West Virginia,San Marino,-16.0508,145.546,venustas,textus,accusator,nihil,creber,calculus,aptus,95,70.57305755711994,96,tollo,4,1,1,false,0.08254079367430991,2021-05-17T01:54:35.375Z,Jones - Dickens,true
10bb7366-ad77-4c6f-98cf-23304f013add,2024-05-01T04:32:18.727Z,Bodeview,Rhode Island,Afghanistan,46.0996,-92.3062,voco,averto,baiulus,verbera,taedium,dedico,uxor,64,17.428457837510223,38,vero,3,1,1,false,0.08525335824598729,2024-01-07T21:48:01.477Z,Herman - Reinger,false
0571f656-973a-44c9-95f0-c00f095e28e9,2020-02-13T22:44:56.182Z,Friesenstad,North Dakota,Northern Mariana Islands,67.1792,72.5749,canis,sopor,calcar,totam,accusator,adnuo,vulgaris,24,73.31462412243863,80,avaritia,2,2,3,true,0.12812776909688278,2023-05-31T17:28:09.798Z,Kozey - Leannon,true
dc9fa026-b33a-4fa7-98dc-c8e141675acd,2023-08-25T04:16:43.328Z,Lake Betty,Delaware,Uganda,44.3328,-57.2416,soleo,unde,carbo,somniculosus,demens,sed,theca,126,60.411903027009274,97,solium,4,0,3,false,0.06572341674628143,2020-08-23T02:05:32.960Z,Zieme - Kohler,false
95ebac60-9238-4100-99ee-935d799d4b88,2019-05-18T08:40:00.907Z,South Claudstead,Ohio,Svalbard & Jan Mayen Islands,-69.3281,-147.2383,succurro,cernuus,tametsi,arca,somniculosus,patior,audeo,92,125.05427814319054,57,tempus,5,1,5,false,0.1442488144835719,2019-06-10T12:06:33.715Z,"Carter, Mayer and Howell",true
83a58f63-e41d-47f9-bdc5-ed8057e01638,2024-06-05T13:48:24.057Z,Port Jorge,Mississippi,Israel,-56.6117,135.5719,claustrum,vetus,patria,vae,vestrum,totus,tutamen,107,22.413606877854654,59,terra,0,0,2,false,0.0066384102934210765,2023-01-19T10:49:19.973Z,Sipes Group,true
f73ab3b7-f573-4bb4-be20-ffc1b2241e78,2019-01-25T14:15:00.437Z,Fort Caterinaborough,New Hampshire,"Virgin Islands, U.S.",46.9226,86.4432,clibanus,alius,casso,desidero,suggero,demum,cena,72,7.691242998847603,77,terminatio,1,1,5,true,0.06111418506571131,2023-12-14T11:06:43.942Z,"Runolfsdottir, Dibbert and Kunze",true
d15c8e81-f891-4fe2-a241-8556aaa847a4,2024-03-31T22:52:26.385Z,Fort Joseburgh,Washington,Slovenia,-64.3129,-37.1998,umquam,laudantium,capillus,testimonium,synagoga,tibi,stips,81,238.8621896291479,87,ver,4,1,3,true,0.03456120956602976,2019-03-26T05:21:12.204Z,Ledner LLC,true
70589c53-551e-46d3-a75f-4842d5f7a372,2024-07-20T19:10:23.202Z,Florissant,Massachusetts,Belgium,-31.0555,-71.1625,aestivus,absorbeo,aveho,error,coaegresco,versus,quam,106,202.32054272874026,73,urbanus,4,0,3,true,0.05556397226797513,2021-10-03T12:16:22.877Z,Swift - Fisher,false
44eae883-0d0f-4d23-980e-35d4629acc8b,2025-12-24T06:39:02.050Z,Herzogmouth,Montana,Moldova,-79.0539,101.891,spero,aegrus,volaticus,voluptatem,agnitio,pel,quibusdam,22,232.63170298350022,75,hic,0,1,4,true,0.11303648948269826,2020-02-08T06:05:06.014Z,Sauer Inc,true
942e0f47-876e-4e8c-bb3a-060e0ce3cbf9,2019-09-17T21:34:49.357Z,Abshireville,South Carolina,South Georgia and the South Sandwich Islands,-59.261,69.2204,stillicidium,absens,vester,uredo,claro,explicabo,amissio,71,14.455994861288017,33,tabula,6,1,2,true,0.2277357155798572,2023-08-16T10:41:20.013Z,"Nicolas, Macejkovic and Lowe",true
0864e13f-0eee-4047-9db6-93364e02bf28,2021-04-18T14:05:56.920Z,Wendellworth,South Carolina,Afghanistan,24.5562,-165.4156,facere,teneo,ater,voluntarius,decerno,architecto,reprehenderit,82,60.05853984972552,61,appello,6,0,3,false,0.08672872930349379,2020-02-20T01:54:22.963Z,"Hermann, Nitzsche and McCullough",false
62e34be0-76e8-4250-9cf4-14edd425b12e,2021-02-20T15:30:12.408Z,Waldoborough,Texas,Montserrat,-65.4302,-9.7929,deleniti,terminatio,cursim,una,quisquam,debeo,calamitas,121,122.70096015754773,74,dolores,5,0,4,false,0.19973965256770385,2018-12-14T05:43:41.844Z,"Jenkins, Bernier and Frami",false
9d1796c3-7988-4b3a-9cf9-f4e1d5da16fb,2023-05-25T08:35:17.376Z,West Joanie,Nevada,"Bonaire, Sint Eustatius and Saba",-31.8425,149.4418,delicate,videlicet,textor,tolero,tenuis,vinculum,totus,60,210.37351982184924,83,speciosus,6,2,4,true,0.09225079388669655,2021-05-08T02:54:24.505Z,"Stokes, Kreiger and Prosacco",true
edcfe638-cd3d-4043-88ef-64a4595c507f,2025-03-13T07:22:59.606Z,South Orrinport,New York,Kiribati,83.0877,-145.0987,despecto,cura,condico,taedium,turba,solium,defluo,22,115.32907060533778,36,desino,6,0,3,true,0.23160611254877797,2018-03-07T13:14:09.884Z,Barton Group,false
543281f9-7937-4547-8f63-08440afa9678,2021-05-22T18:01:57.091Z,New Mekhi,New Mexico,Comoros,-83.3658,67.3614,conservo,vehemens,minus,tertius,capitulus,deputo,vereor,47,6.439355736575321,54,uredo,4,2,5,true,0.20947759200170865,2023-03-13T06:29:08.861Z,"Rippin, Rempel and Pouros",true
a95667c8-c000-4e2f-913c-83cec0a9ef39,2024-05-25T22:45:40.045Z,Veumfield,Minnesota,Guyana,19.9222,-60.9583,tamisium,abundans,soleo,solvo,tabernus,verbera,caelum,95,55.62657724852382,79,audacia,2,2,5,true,0.1501028648480589,2019-05-12T17:51:31.352Z,"Stehr, Rippin and Rohan",false
ad551c10-9185-4391-a843-c32454d1a9aa,2024-01-26T01:24:07.687Z,Rowestad,Connecticut,Bulgaria,27.4016,-44.0652,coniecto,thermae,casus,accusator,ratione,cattus,amor,71,227.2058353993625,32,velum,2,0,1,false,0.24204379698797515,2024-03-26T21:06:59.292Z,"Williamson, Osinski and Lowe",false
11bc2568-f8cb-4872-8619-e236baff9faa,2018-06-06T13:43:24.136Z,Conroyfort,Colorado,Mexico,-85.3943,86.8443,cubitum,et,dolor,callide,architecto,apud,viduo,86,6.283356025133022,32,amplexus,5,2,4,true,0.13441858466828646,2018-04-18T22:15:31.517Z,Prohaska - Kihn,true
8ff04d14-1385-46f2-8d96-38dd2f278469,2018-04-14T10:28:39.300Z,North Port,Hawaii,Guatemala,-79.1843,84.6098,coniecto,cornu,cubo,tum,somnus,denuo,ter,102,113.91158346981997,30,depono,6,1,1,false,0.02749579646297262,2019-07-16T17:38:05.566Z,Mitchell - Davis,true
9f2fb125-47dc-48d6-9c79-5b5e7b181d65,2023-12-21T03:28:16.878Z,The Villages,Texas,France,79.4204,26.0294,tres,tempora,vulgaris,amiculum,ara,cunctatio,tristis,53,156.90123935277822,93,trucido,6,1,5,false,0.04837380571980057,2023-04-27T13:02:12.027Z,"Dach, Rutherford and Schimmel",false
7ca38804-5c20-4d49-adb5-c47137dbd00f,2024-10-26T16:33:56.772Z,Kshlerinshire,Rhode Island,Eritrea,-0.4175,98.0148,bene,depopulo,absque,congregatio,cras,argentum,certe,45,105.69982324420366,75,despecto,3,2,4,true,0.19083028737615204,2022-07-28T12:44:16.291Z,"DuBuque, Labadie and Klein",true
43f6ea34-dbfb-4de5-9c56-41a7b3a10f39,2022-03-28T16:09:29.264Z,Raeshire,Louisiana,Syrian Arab Republic,21.0013,-44.9973,molestiae,attonbitus,trucido,tergo,copiose,stabilis,casus,38,171.21092332798995,27,causa,2,1,1,false,0.02338799240838113,2024-01-31T08:12:39.865Z,"King, Maggio and Douglas",false
3f377404-09b0-4f51-9737-a12863ba968b,2025-04-16T19:23:51.676Z,East Rosalindatown,Colorado,Fiji,81.0934,-119.3272,tantillus,caveo,tollo,non,texo,apostolus,asper,44,183.2434989658881,47,tempore,5,1,2,true,0.008922808162497603,2020-03-09T21:41:34.151Z,Bartell - Moen,false
41fd909b-3769-47cd-aa44-0ebdfc0f7af3,2019-10-16T05:07:58.963Z,Port Fredaville,North Carolina,Christmas Island,24.6314,64.7286,compono,ulterius,autus,amo,cohaero,libero,statua,42,166.79321262549536,40,ullus,5,1,4,true,0.09735833165820013,2020-08-18T23:43:46.196Z,"Auer, Klocko and Mann",false
b47ce1a5-0954-4a68-8616-115621e9d1b0,2023-07-31T16:05:18.119Z,Fort Myers,Missouri,Mali,-49.1362,-7.0634,coaegresco,vulticulus,taedium,via,odit,tego,damno,54,214.65665163924513,28,rem,1,0,4,true,0.11193670262441888,2021-10-24T21:13:49.293Z,Spinka - Stamm,true
3e5d641d-c662-4dd4-be87-e73a575677d0,2019-02-16T12:02:14.058Z,Fort Marysebury,Texas,British Indian Ocean Territory (Chagos Archipelago),16.6051,-28.5275,absorbeo,vivo,alveus,tego,arbitro,earum,sapiente,92,111.13002617449213,85,cupiditate,0,1,5,false,0.23309841352993804,2021-04-27T21:01:50.558Z,"Homenick, Schuppe and Weber",false
00930a23-5de1-4d44-8b05-7d9e8cd5b890,2021-08-09T13:04:01.802Z,Fort Ikeview,North Dakota,Christmas Island,4.2048,83.1679,acquiro,coruscus,abeo,thermae,cena,cuius,copiose,100,21.106524608782635,49,tamisium,5,1,5,true,0.10330546892248635,2023-03-27T06:06:28.503Z,"Ullrich, Jacobi and Torp",false
5d7c9c6c-e157-46ae-9a18-f173dacc18c9,2024-03-29T17:34:22.961Z,Schummfort,Arkansas,Mali,-66.0522,-164.4285,talus,amissio,vulpes,deleo,creber,adfectus,conspergo,85,168.58443673761494,40,acsi,1,0,3,true,0.18142856308844538,2025-12-03T15:48:05.241Z,Weissnat Group,false
b168f9ec-9eb7-4ecb-bfd0-68b587d0e8b5,2018-03-25T03:08:23.438Z,Tustin,Idaho,Nicaragua,-11.5171,155.5886,custodia,venio,culpo,coniecto,dolorum,vobis,cultellus,113,92.75228524990867,40,valetudo,6,2,3,false,0.10173783666221675,2024-05-10T11:25:44.991Z,Mann Inc,true
367e3bc3-4f9e-4f98-9230-7069fbb52561,2018-08-17T15:56:47.911Z,East Braulio,Florida,China,71.9251,126.7096,balbus,bellum,aliquid,talus,titulus,vindico,tenetur,118,44.66148828091639,24,vitiosus,1,2,2,false,0.13364636687960618,2025-04-15T03:15:32.718Z,"Terry, Barton and Lindgren",true
c7884a40-799b-4387-9692-31bc4b60d492,2019-11-26T07:30:18.728Z,Okunevaside,Florida,Falkland Islands (Malvinas),65.7672,41.2335,calculus,deripio,arbor,trans,cibus,atque,coerceo,39,47.08916744454004,89,deporto,6,2,5,true,0.035775844988367,2018-04-22T11:26:43.270Z,Adams Inc,true