accident_id,incident_datetime,city,state,country,latitude,longitude,road_name,road_type,intersection_type,accident_type,weather_condition,road_condition,light_condition,speed_limit,actual_speed_kph,driver_age,driver_gender,casualties,fatalities,vehicles_involved,alcohol_influence,blood_alcohol_level,weather_reported_at,reporting_department,pedestrian_involved
5dfa070c-c8d3-41f1-94d8-42e1f64a0579,2018-01-12T11:46:35.845Z,Salem,Utah,"Bonaire, Sint Eustatius and Saba",37.9179,-94.962,esse,deputo,amor,creo,dolorum,sol,denique,127,55.121827862204185,85,textus,4,0,4,false,0.13861821436700975,2023-08-24T07:59:16.101Z,Hermann Group,true
0ee33750-6263-4f94-afac-893b9bd1f6bc,2025-12-16T03:10:50.090Z,West Camrenstead,Georgia,Hungary,21.7586,95.9267,aegre,subseco,vito,sublime,theca,cupiditas,nobis,88,142.89094872885153,21,asper,5,2,3,false,0.07188712886482271,2024-01-29T05:51:32.349Z,"Keebler, Quigley and Johnson",true
a912ed7c-326d-4d35-aebe-973f32cc255d,2019-04-02T16:08:00.040Z,North Queenmouth,Montana,Israel,-8.6399,-16.3837,ascit,sperno,tabesco,cenaculum,impedit,audentia,deputo,76,228.31167768276174,25,fugit,4,0,2,true,0.06218273737215274,2025-11-30T06:44:27.017Z,Skiles - Goldner,true
96a44683-3f6b-4e4b-aa4f-7c67067caee1,2024-07-28T18:09:47.183Z,New Haven,New Jersey,Tonga,59.4182,-6.5387,clarus,commemoro,templum,consequatur,decretum,aut,dolorum,82,31.31542409433811,77,urbanus,5,2,3,false,0.07629628301037061,2023-05-04T11:12:04.905Z,Wilkinson Inc,false
e6a65fa3-ba2a-4307-8e82-24cbbd7821da,2019-11-05T10:12:34.433Z,Honolulu,Hawaii,Taiwan,30.8363,-177.6061,totam,defero,statua,alius,caelestis,caelum,velum,91,7.366063364450781,53,tabesco,2,2,2,false,0.05663627417344244,2024-01-08T20:41:52.479Z,"Bartell, Olson and Leannon",true
9277ae0f-1310-45a8-b94a-bd07f7958847,2025-02-02T06:12:36.802Z,Katrinaland,Alabama,Democratic Republic of the Congo,-33.4534,-96.982,bestia,celebrer,turpis,thalassinus,benevolentia,autus,accusantium,114,103.707768927309,89,thermae,3,2,3,true,0.1530893337801853,2022-10-11T02:01:54.668Z,"Cruickshank, Hansen and Kovacek",false
8964f91b-26a3-41bb-9638-b240ee34fb9e,2020-02-15T20:09:27.566Z,Torphyside,South Dakota,Argentina,2.1732,-139.3817,aedificium,titulus,vero,acidus,provident,ut,terga,90,209.20437251046263,47,cupio,4,0,4,false,0.2253146024680023,2025-01-03T09:20:02.120Z,"Kilback, Will and Sipes",false
6de7c768-499a-4ff6-879a-162b42b3b278,2021-08-17T09:27:17.138Z,Riverview,New Hampshire,French Guiana,44.6783,50.8835,spero,strues,amicitia,summopere,venio,deserunt,nulla,48,88.72739118800953,52,fugit,1,2,4,true,0.14297187461009214,2023-05-15T04:39:42.549Z,West and Sons,false
4c20b6e1-2701-45cf-ab60-f49224b13447,2024-04-12T16:15:38.480Z,Fort Scarlett,Tennessee,Somalia,21.3195,-34.9295,cogo,talio,curia,stipes,tutamen,dicta,supplanto,83,81.18047317059083,98,quam,0,1,5,false,0.12464883008954025,2020-05-12T01:52:46.645Z,"DuBuque, Bergnaum and Schamberger",false
b7df4b43-02e7-4992-83a9-0510ba1a4f95,2021-08-18T07:21:18.376Z,New Burdette,Oregon,Jersey,18.2743,-80.3902,comprehendo,vereor,patior,quod,ad,cubitum,tener,59,125.85323994673385,25,conitor,4,2,1,true,0.04270866999868822,2018-12-21T17:52:08.216Z,Cummings - Metz,true
0aa7f590-a2d7-444f-b4a3-32f948c59eac,2023-03-30T23:26:24.940Z,Port Andreane,Iowa,Albania,50.7771,-130.6589,video,temporibus,speculum,taceo,thymum,cultura,conventus,36,96.36756114615558,49,calculus,3,2,2,false,0.11813776661996017,2025-05-07T00:34:17.948Z,Bartell - Streich,true
c94b73b8-3af4-4880-ae54-33704e5ba4eb,2019-08-30T13:04:29.787Z,Ollieberg,Connecticut,Samoa,-36.5692,115.135,provident,solio,auctor,tenus,cur,concedo,sumptus,104,11.229082322531934,48,adflicto,1,1,3,true,0.011018476953212036,2022-05-19T03:13:15.770Z,Bradtke LLC,true
de30d81d-4876-4227-8c48-69c6b5cb3d2d,2025-04-16T03:13:40.918Z,Zulaufville,Arkansas,Benin,-45.0933,-52.1145,quibusdam,laboriosam,crux,utroque,sufficio,tantum,caries,38,99.63624397828835,18,tactus,3,2,1,true,0.026210122639553468,2022-07-18T10:24:53.244Z,"Kutch, Abernathy and Greenfelder",true
33f20aa0-e70f-4739-8002-f5f39d107bdb,2022-07-27T02:05:15.456Z,San Ramon,Oklahoma,France,-46.9128,101.9454,architecto,tremo,delego,comis,tondeo,comitatus,nobis,74,39.6849814416815,17,abduco,5,1,4,true,0.1516060576586283,2019-03-31T06:38:18.963Z,"Koch, Batz and Stanton",true
ae173e57-e1d6-4543-b94f-b1fbde6bf822,2019-06-14T21:34:21.188Z,South Layla,Tennessee,Slovenia,-57.573,40.1416,commodo,spoliatio,comitatus,apostolus,celebrer,eius,toties,93,205.06557031933107,16,bis,4,2,5,false,0.1655148037567922,2018-10-14T04:54:00.852Z,"Haley, Abbott and Douglas",true
4ba9066d-e92a-41b3-b675-43f15c61e9a7,2025-01-04T02:45:50.940Z,Clovis,Ohio,British Indian Ocean Territory (Chagos Archipelago),-30.2203,102.967,campana,barba,curriculum,tempora,acervus,minima,arbustum,113,194.57708888454258,27,commemoro,3,0,2,false,0.034283082371717316,2025-06-08T16:55:15.626Z,Bogisich - Konopelski,false
e4a1eb25-6440-421a-90d5-ec3f8c6a4f39,2025-07-04T15:30:36.528Z,Kendale Lakes,Nebraska,Pitcairn Islands,-70.6081,-166.6078,adamo,accusamus,valde,bellum,cetera,sordeo,truculenter,23,123.09258329322059,42,tubineus,5,2,2,true,0.07200912979084359,2018-06-17T17:16:47.407Z,"Turcotte, Schuppe and Rempel",true
e59d7817-c0bd-4fb7-bd93-d4049712659d,2020-01-18T07:06:18.873Z,Jacobiport,Minnesota,Burundi,-89.0162,21.071,custodia,varietas,usus,conicio,voluptas,constans,deorsum,61,234.03599282420655,80,conspergo,0,1,1,false,0.07982402567376223,2025-08-26T14:44:26.031Z,Cole - Reichert,true
d06d719b-7dea-4ddd-a65b-cc5fc3750caa,2022-08-23T09:14:30.808Z,New Werner,Missouri,Ukraine,-86.1771,-117.1757,voro,cornu,cavus,suus,compello,adopto,deleniti,62,23.063622309590297,48,tamquam,0,1,3,false,0.08764849813945383,2023-05-11T05:51:26.582Z,Carter Inc,true
c12f17f0-92b9-4f55-a0ae-a93517e7770d,2023-10-13T15:08:49.952Z,Lake Mustafaview,Alabama,Bermuda,62.6266,-5.3316,surgo,antepono,decretum,admoneo,volubilis,deserunt,totam,40,50.46866589306758,38,curriculum,4,2,5,false,0.10158864607911589,2022-04-08T12:20:13.065Z,Moen Group,true
12e9c229-e88c-4132-897f-187d92dea4cf,2024-12-24T11:22:46.273Z,Nikolasborough,Maryland,Slovenia,31.0775,-173.7808,conspergo,magnam,temeritas,degero,angelus,sui,auctor,53,5.485154682697466,56,colo,4,0,5,false,0.17341393801549798,2020-04-16T10:01:03.694Z,Marks LLC,true
aead9360-08dd-42a3-a405-c6da2dd3411e,2020-06-20T08:46:12.813Z,Nedburgh,North Dakota,"Virgin Islands, U.S.",-42.5375,-131.9122,coepi,tolero,callide,tristis,pecco,attero,combibo,87,221.46442764125268,25,conturbo,6,1,5,true,0.01566089191343653,2022-11-11T10:30:03.327Z,"O'Connell, O'Connell and Jenkins",true
2ca52b88-85fc-4ae8-937f-cca8f34b4727,2022-03-12T00:34:11.465Z,Port Richmondberg,Kentucky,Kazakhstan,-58.8567,72.4786,ager,summa,conor,apud,urbs,correptius,suffragium,126,159.318808527184,94,traho,4,1,5,false,0.17654323705100153,2023-08-02T04:13:34.813Z,"Ward, Langworth and Hansen",false
2bb157fd-3f22-44c6-a9cc-24736da62bd2,2024-05-20T07:05:28.605Z,Hackettstad,Iowa,Fiji,-45.1088,-140.7564,coniuratio,civitas,tergeo,exercitationem,vorago,curto,tamisium,128,65.9628950469768,83,ab,1,1,2,true,0.08927097182067456,2023-01-14T06:48:17.819Z,Price Group,false
65516578-8b61-43ec-8791-b47b67caf635,2024-09-03T12:31:24.083Z,Fort Earl,Pennsylvania,Monaco,30.5758,-29.4521,charisma,thymbra,certe,illum,convoco,viriliter,voluptates,39,113.15214481474077,59,copiose,4,2,1,true,0.006737959665759019,2018-05-13T09:25:05.640Z,Stoltenberg - Pagac,false
330338ec-b9f1-4908-8971-44b801689690,2023-05-18T13:45:01.853Z,Fort Annaliseport,Alabama,Chad,79.2829,128.8066,dolor,tempus,aeger,copia,attollo,depromo,verumtamen,67,9.064481190908547,91,audacia,5,0,4,true,0.20263757044018607,2021-01-08T01:45:03.730Z,"Emard, Senger and Zemlak",true
c44324d3-1202-4fec-8f74-039f8d7791a3,2022-11-05T07:48:11.678Z,Harveyborough,Mississippi,Saint Kitts and Nevis,-59.4457,88.5689,cumque,deinde,depromo,annus,tametsi,summa,cogito,53,50.96877393561088,26,ara,2,2,1,true,0.13123721824778695,2022-10-10T08:24:29.206Z,Maggio - Block,false
645b2b1e-1b35-47d3-87fc-51372805328f,2022-09-24T17:53:02.192Z,Kentwood,North Dakota,Togo,-18.0118,-117.5701,versus,uredo,alo,solus,eligendi,adulescens,dicta,53,64.17464964996945,29,debitis,0,2,5,false,0.0675422092290385,2020-07-21T14:41:10.022Z,"Kihn, Parker and Erdman",true
75cf9b78-f277-463a-9372-95676b492662,2020-07-29T16:05:24.073Z,Galveston,North Carolina,Sao Tome and Principe,10.7208,55.1671,valetudo,spiritus,quas,summa,vinculum,ventosus,minima,70,108.20384816647648,79,ars,0,0,1,false,0.011176373683921992,2019-12-02T10:06:05.869Z,Blick Inc,false
cc2d0a8a-8b7b-40a5-a7a5-7466f2476b9f,2018-04-07T10:31:52.843Z,South Stanley,Delaware,British Indian Ocean Territory (Chagos Archipelago),72.5899,-50.3822,arto,comparo,terebro,cunae,attollo,adhaero,totam,41,163.83797860352965,35,accendo,2,1,4,true,0.05225593939638706,2018-07-20T04:00:47.718Z,"Schowalter, Corkery and Rolfson",true
91a54a54-1347-4d49-a25a-46d83b9a03b4,2020-08-05T04:30:30.601Z,South Oceaneville,Illinois,Bouvet Island,27.8899,157.2354,ulterius,vomica,vae,vae,accusamus,earum,angustus,41,231.32171461520394,33,cuppedia,1,2,4,true,0.14264698766248887,2020-03-06T08:49:06.857Z,Dickinson - Johnston,true
eacff80d-f8be-42cd-9d92-274776735947,2019-04-13T14:08:24.369Z,Johanland,Rhode Island,Marshall Islands,-27.6176,34.1984,aeger,acies,delectatio,vicinus,nesciunt,alveus,quo,100,34.2584872858044,72,ullus,0,2,3,true,0.0058753303285792036,2018-12-10T09:38:43.220Z,"Mertz, Casper and Medhurst",true
7a879299-6068-4822-807d-be3b62139532,2022-09-19T05:46:00.151Z,Lindgrenborough,North Dakota,Grenada,-19.2297,-67.4862,conservo,anser,decretum,defleo,advenio,iusto,synagoga,98,105.38018886244748,33,comminor,5,1,2,true,0.0737679120275668,2019-09-17T08:38:53.107Z,"Fadel, Hills and Witting",false
8157e4c8-ee40-4643-9284-a07cfc843ebf,2019-09-13T04:11:29.592Z,La Habra,Hawaii,Singapore,-54.0708,90.9193,arbor,tantillus,ratione,pecco,cornu,ara,thema,95,13.188330351513597,18,autus,4,2,1,true,0.22208480785856258,2023-10-15T23:32:23.772Z,Mueller Inc,true
e883bab1-be82-46f4-9323-5d261e575649,2022-08-06T00:18:47.328Z,New Ola,Arkansas,Sudan,59.145,-145.3115,averto,triduana,aut,tabernus,cuppedia,condico,infit,87,208.14073406607665,99,comitatus,4,2,2,false,0.13564904083110846,2024-12-06T00:56:17.881Z,Stiedemann and Sons,true
de06c5b0-6430-4cf0-bcd4-9b9d5b2ca390,2025-09-20T07:51:30.654Z,Pawtucket,Pennsylvania,San Marino,-10.051,-114.9383,delibero,aliquid,exercitationem,aduro,verus,audax,adeo,71,173.49929465263585,26,mollitia,3,1,3,false,0.18813316467988309,2023-08-17T20:32:12.542Z,Ferry LLC,false
3feb56ee-1d03-437b-8f14-90acf6def97e,2018-12-22T09:45:29.372Z,Iowa City,Oklahoma,Cameroon,52.7618,137.5817,adduco,delectus,esse,aetas,sollicito,acervus,volutabrum,46,157.35167794908494,74,cilicium,3,1,1,true,0.034222080343028566,2020-06-10T10:42:13.146Z,"Smitham, Moore and Kautzer",true
9b280392-81b5-4044-9a42-f59a49cf032d,2020-12-21T14:27:42.795Z,Lehnertown,Massachusetts,Libyan Arab Jamahiriya,-21.2588,-172.7065,necessitatibus,conitor,desparatus,itaque,acervus,unus,quod,57,181.55973167022148,57,capitulus,5,1,3,true,0.06968106925479176,2018-04-18T17:14:46.245Z,Schowalter - Koch,true
6cb09bcf-3b3e-4ef0-9963-39673171359a,2021-02-04T03:43:48.892Z,Medhurstfort,Georgia,Antigua and Barbuda,-52.7138,-61.5613,aro,placeat,atqui,delectus,degenero,sapiente,suadeo,49,145.0306767744251,28,amo,3,2,4,true,0.20482563951017752,2024-10-20T02:23:41.684Z,"Smitham, Davis and Collins",true
7e80cdcf-d3ce-4f65-89e9-a2e5f7edb12d,2019-05-22T22:03:35.875Z,Silver Spring,Nevada,Benin,81.5065,50.2264,expedita,nobis,nostrum,repudiandae,attonbitus,cenaculum,triduana,58,5.762862062938492,68,appello,2,2,5,false,0.12905994979032354,2024-03-17T11:45:36.248Z,Sawayn and Sons,true
537eb8ee-5d79-4658-b12a-707459350621,2022-09-22T08:33:41.550Z,Beahanside,West Virginia,China,42.2473,-14.0229,ars,modi,depereo,vulticulus,quibusdam,accusator,abutor,119,42.50548926247164,39,terga,0,0,5,true,0.09030560183049244,2020-04-23T01:57:54.050Z,"Brekke, Lowe and Kuhic",true
aef7fdd3-87d9-4bac-b0c8-6bc0d5d679ee,2024-03-17T08:57:37.273Z,Port Sunny,South Carolina,Poland,37.7913,30.33,cruciamentum,surculus,quibusdam,teres,caute,cuppedia,xiphias,104,129.9687393458221,94,fuga,1,1,1,true,0.153885976895961,2022-01-29T17:47:26.985Z,"Funk, Toy and Spinka",false
ddc08631-4f1c-40fe-a2d0-964da47a1aa1,2020-05-06T01:26:52.332Z,Lake Penelopeville,Illinois,France,89.4826,-7.8414,suffoco,desolo,suppellex,temporibus,colo,copia,claustrum,77,153.93820812078783,97,venia,5,0,3,false,0.1621045216341493,2020-12-12T14:45:22.801Z,Harris - Nader,false
639ce023-cc61-48c1-8fbc-25c8b8142cfc,2018-01-19T10:07:52.103Z,Lindgrenton,New Hampshire,France,81.4487,113.4455,sulum,virtus,voluptate,trans,aestus,clamo,amita,106,126.26099497316221,99,beatus,3,1,2,false,0.23581152105093006,2023-01-02T00:47:51.446Z,Murphy - Nitzsche,false
9c7cd23e-358a-4c68-831d-d2a7496eb8ce,2023-07-22T03:11:39.531Z,Hermistonburgh,Wyoming,Dominica,-59.431,-155.2162,crinis,coniuratio,quidem,ambitus,tempore,conqueror,adaugeo,49,215.5733030073843,51,contra,2,0,3,true,0.21221997745164417,2020-05-15T09:08:11.696Z,Ankunding Inc,true
154cbfe8-cffa-4073-862a-15604715eaf9,2022-10-20T06:27:52.899Z,Fort Hubert,West Virginia,United Arab Emirates,-8.2091,72.4969,sordeo,cohibeo,curiositas,viscus,aufero,cariosus,ocer,64,43.917586419976196,32,bellum,3,1,5,true,0.043704839716060984,2021-08-02T22:44:52.290Z,Schmitt - Feeney,false
97d65910-01ff-40ed-99a5-ed6dfd66aa1c,2021-09-24T01:20:06.305Z,Blandabury,Idaho,Democratic Republic of the Congo,31.7264,45.1226,versus,bardus,in,adficio,nulla,alioqui,odit,51,195.50367829772932,66,vindico,1,0,2,false,0.17865537495734268,2025-08-12T12:20:59.868Z,"Kshlerin, Windler and Kessler",true
46869ac2-28bc-40ea-8120-6458f2d4c60d,2022-11-15T14:45:10.788Z,Lake Rosettacester,Indiana,Azerbaijan,57.7437,124.3699,debitis,ara,thesis,paulatim,calco,vindico,aiunt,49,126.47778633700008,73,architecto,0,1,2,false,0.14347444055965858,2020-10-12T11:55:39.560Z,Jacobs Inc,true
e7b1cb84-3f8e-4bf7-8dae-0a703bbea0c9,2019-06-24T16:03:46.431Z,Casa Grande,Mississippi,Vanuatu,-2.3168,-29.6445,ver,ut,aggredior,adimpleo,suus,demitto,arcus,112,79.92209574125863,73,audentia,3,1,3,true,0.013523892230664802,2022-06-17T04:02:19.657Z,Hermiston Group,true
e2fdfd3c-039a-4f60-bf9d-557ff79ea317,2020-07-12T09:31:44.191Z,West Freeman,Arizona,Sudan,45.2105,-38.3733,ventus,celo,creber,contego,absum,demoror,tres,66,41.407633378554976,18,unus,2,2,2,false,0.06148762388222492,2021-04-20T05:06:31.277Z,Halvorson Inc,true
7ae5a3f3-8b23-4733-82de-6838f254e441,2020-04-19T03:58:09.907Z,New Norvalfort,Iowa,Northern Mariana Islands,25.949,90.4884,textus,nihil,voluptas,studio,thesis,attollo,statim,25,103.89592427117785,77,crudelis,4,0,1,false,0.2439911171587281,2025-03-15T01:48:55.563Z,"VonRueden, Hyatt and Casper",true
33cae506-21b8-48bd-9281-87ee16f32b9c,2018-11-22T05:14:34.271Z,West Danny,Massachusetts,Lebanon,88.9152,-126.1809,voluptate,triumphus,vapulus,turbo,video,cavus,uter,119,62.190106554267,46,placeat,6,1,2,false,0.041084772768419764,2018-04-12T05:37:36.292Z,Ferry - Bergstrom,false
e6b3f509-da94-427d-b569-5b8b1dc5cd52,2023-05-14T21:58:29.873Z,Wittingport,Colorado,Russian Federation,-64.6354,-152.3292,tamisium,saepe,una,cimentarius,sit,aegrotatio,blandior,98,40.863931626423415,65,cuppedia,4,0,5,true,0.08653216299818306,2023-03-27T20:36:41.031Z,McLaughlin - Spinka,false
06baa0a6-1ede-4021-b2c5-4826af83a0d7,2025-04-29T20:00:22.694Z,East Fanniefort,Vermont,Christmas Island,10.1695,154.6864,tondeo,tremo,sonitus,cohibeo,ver,cenaculum,talio,101,106.00698345830882,49,abscido,3,1,1,true,0.17558071208303208,2025-04-13T00:24:34.552Z,"Bradtke, Rau and Paucek",true
fb883e3f-200f-41b7-9be7-1e79359eb417,2019-06-23T01:47:53.344Z,Port Vernie,Virginia,French Polynesia,-21.2217,-18.6956,ullus,vigilo,tabula,comes,placeat,solio,ventus,46,197.6373159411027,83,tunc,5,1,2,true,0.14242978111253923,2019-07-01T06:36:36.006Z,Prohaska - Zemlak,false
9fec0c9c-d5aa-4267-bab9-aa1e98d290bc,2019-06-24T19:09:54.892Z,Port Jazmynchester,North Dakota,Aland Islands,76.6222,-48.7097,perspiciatis,tabgo,adamo,eligendi,terra,arcus,bibo,61,91.53913034840261,20,sonitus,3,2,1,false,0.18895683184426249,2024-04-09T08:41:33.254Z,"King, Sawayn and Schaden",true
447cb5c4-db33-4c87-b45e-8785067b6cd9,2024-07-20T18:54:02.580Z,North Jarenland,Missouri,Denmark,31.8171,-142.9524,conicio,adfero,ultio,attollo,suppellex,cariosus,supellex,107,56.311351722670054,55,currus,0,1,1,true,0.11457990754990866,2021-03-01T23:54:48.897Z,Yost and Sons,true
b0e69ed9-d45f-4963-8b22-3a262c3bc8c5,2025-04-19T12:24:34.068Z,Charlotte,Mississippi,Guam,-70.344,61.332,ustilo,tribuo,tamquam,cunae,eligendi,vociferor,doloribus,74,201.69427169300155,80,spectaculum,3,2,4,false,0.07190946683092411,2019-08-20T01:17:25.370Z,Lehner - Spencer,true
b31ba507-fcf4-4c3d-9bd0-79d1d9033849,2024-09-23T09:20:30.905Z,Juliashire,Alabama,Slovakia,20.5522,83.5979,civis,pariatur,dicta,tyrannus,capio,sopor,victoria,121,54.13129164056839,89,vitium,0,0,1,true,0.1499574221576211,2019-07-09T19:29:57.893Z,"Veum, Roob and Russel",false
30ed0276-c22e-492c-957a-637baede9310,2020-04-05T06:08:13.821Z,Goldnerfort,North Carolina,Monaco,-89.0339,-85.3042,voro,appositus,adulescens,depereo,maiores,attollo,decet,48,82.72268406657362,60,claudeo,2,2,4,false,0.00934529435052081,2024-10-08T10:22:17.321Z,Shields - Kulas,true
9f94d3f2-6ce6-4f42-9e4b-c7d17dc6fb6d,2023-03-14T07:07:59.063Z,Fritschton,Mississippi,Lebanon,32.1718,-135.8005,abduco,corpus,vulgivagus,cohibeo,iure,cetera,claustrum,68,60.36344997254076,54,sophismata,2,2,2,false,0.09381683497827809,2022-07-04T19:23:57.453Z,Hintz Group,true
4382707e-31b4-4984-a961-4af147a3940c,2019-12-29T20:47:16.716Z,Natashaville,Arkansas,Jamaica,-34.979,-94.9591,claro,balbus,assentator,synagoga,ager,urbs,vomito,42,238.5420074521252,95,ventosus,5,2,2,true,0.14743546596749893,2025-02-09T01:45:59.655Z,"Hayes, Towne and Gulgowski",false
b5a6fce6-6d3f-4bb4-883d-5065816adccb,2020-01-11T16:51:40.870Z,Overland Park,Wyoming,Isle of Man,52.2659,82.2991,subiungo,turbo,allatus,communis,absorbeo,eaque,conturbo,117,220.13381858729053,94,votum,3,0,5,false,0.13417195469641247,2021-04-30T09:32:49.100Z,Kuhn - Fadel,false
6c03a24f-5954-48c5-80a5-249443f971e4,2021-02-27T09:24:53.149Z,South Jessiestead,Mississippi,Slovakia,-2.9032,4.9795,cedo,tendo,ad,adinventitias,deserunt,accusator,acer,91,232.86367623517185,20,cito,2,0,2,false,0.11236469024984982,2023-06-18T19:35:40.881Z,Flatley Inc,false
cf8fb0c1-019b-4bc8-a8fa-ca8ea82eac2f,2024-11-16T17:14:33.512Z,Port Effie,Montana,Malawi,66.7164,-52.4889,laborum,sumo,spargo,tumultus,contra,aperte,subseco,91,174.05546847385287,92,summa,0,2,3,true,0.006505839761371618,2023-03-24T17:49:21.594Z,Hermann - West,false
642ae342-7dbb-47c9-ae0f-e90494ca833b,2023-01-16T03:48:30.587Z,North Wilbert,Idaho,Mayotte,-8.6717,175.1642,degero,enim,tolero,cruentus,pariatur,crebro,spes,100,89.30317410383797,88,defluo,6,0,5,true,0.0489459114192837,2021-08-25T17:15:28.169Z,Kohler and Sons,true
925be7db-5e25-49f5-99e7-b3e3e7eb1285,2022-11-20T02:56:45.544Z,Port Hiltonville,Massachusetts,British Indian Ocean Territory (Chagos Archipelago),45.0316,-106.3064,repudiandae,desidero,absens,appono,crinis,bestia,acerbitas,42,67.26329005647206,82,itaque,2,2,1,true,0.1790459352217247,2024-03-14T06:20:42.922Z,"Leffler, Beahan and Schowalter",true
8380e704-caa7-44cc-bc38-26b4d1cca570,2019-11-22T02:08:09.625Z,Sandratown,Missouri,Georgia,65.9619,78.0771,quod,denuo,creber,contigo,cometes,argentum,timidus,53,215.14585835994757,27,vita,4,1,2,true,0.07011679193168796,2025-10-02T09:22:30.415Z,Keeling LLC,true
667da54f-b9c7-470b-8546-77cd6fbb4f5b,2019-01-25T23:02:51.260Z,Bradfordstad,Massachusetts,Uganda,-38.4838,141.9398,deleo,sapiente,vicinus,ultio,cilicium,currus,crapula,96,26.74447108412423,19,verbum,0,0,5,false,0.06244755875142938,2020-03-12T11:19:08.162Z,"Orn, Price and Torp",false
a96c1be8-7714-4d34-ba19-78df4c6b255b,2021-12-31T01:00:34.542Z,Port Shanelshire,Maine,British Indian Ocean Territory (Chagos Archipelago),59.0106,174.4472,ex,dignissimos,carcer,stillicidium,celebrer,utrum,substantia,113,110.40691126638515,95,aptus,6,2,4,false,0.045418381372893585,2021-07-14T13:10:36.223Z,"Kunde, Botsford and Koss",false
24abfb9d-a935-4c64-8ef2-d681cd025dc4,2025-04-12T12:42:51.188Z,South Sarinaboro,Montana,Spain,53.6554,163.3455,bardus,deorsum,at,xiphias,sollicito,color,eos,48,26.33618717260779,72,tribuo,6,0,2,false,0.2307507633149974,2018-12-17T22:07:38.491Z,Homenick and Sons,true
ebcc364d-742f-4657-b94d-9a3c9916a5d0,2018-08-19T04:33:08.900Z,Weimannton,Louisiana,Guadeloupe,-51.3745,148.7659,conculco,sum,reiciendis,odit,dolorem,laboriosam,adficio,110,234.66719722080575,57,velit,4,1,4,false,0.02085214192287535,2024-09-21T10:17:52.613Z,"Balistreri, Langworth and Crooks",false
38519478-40d5-409d-915a-f9366131dc65,2025-12-10T04:01:19.417Z,Stellachester,Wisconsin,Pitcairn Islands,-87.4802,120.5711,cribro,verto,tenax,aeternus,inventore,creo,contego,89,236.04937364210517,37,corrumpo,4,0,1,false,0.19314947287214967,2018-03-28T21:19:14.555Z,Torphy - Renner,false
667e0105-62d1-4e8f-b0c8-c41df339a3b4,2019-11-13T00:37:36.813Z,Vitofield,Pennsylvania,Isle of Man,84.1456,133.1778,carcer,voluptatibus,basium,desolo,corrupti,cogo,dolorem,107,36.71616013468845,91,amet,0,0,4,true,0.03662268989651091,2025-05-22T21:59:17.609Z,Torphy - Adams,false
0d917a19-3b6a-47f7-83fe-14a9b1ce6983,2020-03-30T14:25:41.720Z,New Eladio,Texas,Mozambique,-68.6202,-136.371,degenero,adfectus,commodo,celer,defaeco,asper,absum,55,118.77157934281153,62,suffragium,5,2,1,true,0.24166161176696566,2018-08-05T04:49:21.020Z,"Heidenreich, Medhurst and Price",true
81710ce1-1e9d-4259-bb38-2c83ff129fda,2021-04-06T11:12:26.833Z,Fort Matildashire,Ohio,Netherlands,-16.4822,-106.4107,utpote,tactus,demo,eveniet,via,accusamus,verbum,48,198.11153646041464,42,traho,0,0,1,true,0.1695124348881686,2025-12-03T14:28:15.841Z,"Schulist, Robel and Ebert",false
f6de8db4-42cc-4b8a-9a89-cb72c3a8dfed,2021-10-27T00:38:42.988Z,Gainesville,New York,Montenegro,-65.6767,83.397,averto,voluntarius,assumenda,caute,tibi,audeo,adulatio,41,13.655115851462645,42,amissio,3,0,3,false,0.05854781169777193,2024-08-02T07:57:35.849Z,Gibson and Sons,true
8ea22d9c-6a15-4de1-a336-2a2f8221fa9d,2019-10-07T08:03:15.988Z,Lennyland,Ohio,Saudi Arabia,66.6479,80.9068,ocer,suus,xiphias,id,absens,aer,adamo,98,124.38121309235915,61,attero,4,1,1,false,0.24944042288824786,2023-04-10T10:24:05.525Z,Graham - Jerde,true
0a228639-1f27-402c-98fa-a54a71f7deff,2018-04-04T03:44:00.711Z,Prohaskaport,Virginia,American Samoa,-75.2444,81.5301,vinculum,statua,credo,vinitor,virga,crastinus,decens,79,102.37569770082705,91,deinde,3,0,5,true,0.24585657126381524,2019-12-20T11:16:09.284Z,"Hayes, Koss and Durgan",true
88b63321-cefb-4817-b25f-89efbc795061,2022-09-22T04:03:17.547Z,East Quinten,Idaho,Macao,-49.5509,-162.3549,adipisci,amita,alienus,adimpleo,sub,armarium,corpus,37,88.37974441914953,75,laboriosam,6,0,2,false,0.2292154969718645,2024-11-04T02:31:07.269Z,Robel Group,false
927ea9d6-0818-4321-9c61-286d5d57129d,2020-09-04T15:33:59.609Z,New Mollie,Michigan,Zambia,85.5291,-3.8811,stipes,calco,ullus,aegrotatio,cogito,coniuratio,asperiores,105,60.00204860549066,65,armarium,0,1,1,true,0.003110638495347179,2023-05-18T21:42:12.951Z,"Boehm, Gottlieb and Streich",false
ff363f38-db21-4ff8-8019-62d9cb5b0a85,2018-11-26T19:42:59.055Z,Port Rachel,Indiana,Lesotho,-25.089,168.544,comedo,unde,perferendis,terreo,teres,vespillo,careo,24,126.44487791250111,78,cinis,3,0,4,false,0.14581187063228065,2021-02-13T13:48:11.422Z,"Klein, Watsica and Simonis",false