accident_id,incident_datetime,city,state,country,latitude,longitude,road_name,road_type,intersection_type,accident_type,weather_condition,road_condition,light_condition,speed_limit,actual_speed_kph,driver_age,driver_gender,casualties,fatalities,vehicles_involved,alcohol_influence,blood_alcohol_level,weather_reported_at,reporting_department,pedestrian_involved
5c885d4a-c011-4819-b47b-e2f054a4bb0f,2019-02-18T00:32:34.782Z,New Gilda,Washington,Oman,49.7147,37.7321,corroboro,deorsum,claustrum,absorbeo,temperantia,validus,sequi,111,144.0867449904403,59,culpa,3,0,3,true,0.22281215587153164,2022-04-19T17:44:42.607Z,"Shields, Huel and Denesik",false
a1a58e07-bce1-400a-a7d7-24cf6ef0f7ca,2024-06-03T02:24:37.418Z,Irmastad,New Jersey,Lithuania,-70.7236,151.8107,pax,deputo,tepesco,accendo,canto,volutabrum,cervus,64,63.18696124653941,51,sufficio,6,0,4,true,0.13708360918676818,2022-01-29T06:47:09.019Z,Ryan LLC,false
3f13a85d-7387-4bd1-8061-c5eb6790c212,2018-11-08T15:20:38.945Z,Helenacester,Hawaii,Sweden,21.7373,-156.7249,deripio,vilicus,amissio,sopor,tabella,annus,crapula,89,63.88027801676438,22,blandior,2,0,2,true,0.025214127515597234,2022-01-19T14:04:35.547Z,Wolf Inc,true
8c7df8b5-36d2-402d-b062-0b6c92d8fa2e,2018-05-21T09:53:07.406Z,Fort Wilburn,Wyoming,Christmas Island,-77.9509,160.1223,cras,apostolus,vinculum,pecco,optio,corona,toties,87,213.15937963553515,68,suadeo,0,1,4,true,0.14023839473518196,2022-12-14T01:34:08.407Z,Jacobi and Sons,true
67582136-fd3f-4ddf-9cfc-829d25a5e8b0,2021-01-07T10:05:23.561Z,North Willard,Oregon,Nauru,-52.9686,-58.2542,articulus,synagoga,aequitas,asporto,cruentus,avarus,auctus,99,223.60905819503904,66,civitas,2,2,4,false,0.056828554169254725,2022-06-27T09:45:34.354Z,"Bosco, Kassulke and Boyer",false
041818ca-c009-46a7-abb3-c49ccd3e0178,2024-11-21T22:47:27.720Z,Dionburgh,Kentucky,Syrian Arab Republic,-38.848,128.2161,pariatur,curo,creta,comptus,aestas,ab,viridis,53,188.60472625255164,92,somnus,4,2,4,false,0.21830517047574557,2019-01-31T14:04:18.618Z,Beer and Sons,true
6855d189-e93a-4108-9cc7-e184667c7392,2019-06-15T09:10:30.454Z,South Rosella,Montana,Iran,-43.8803,50.531,vilitas,depono,spargo,suasoria,eveniet,quisquam,aedificium,86,148.3643190140862,69,spero,4,2,5,false,0.13993054431264781,2024-07-07T23:38:11.958Z,Wiza - Heidenreich,false
9c176069-b061-4151-bc59-7733f056b4b5,2020-01-11T10:55:48.195Z,West Marques,Colorado,Finland,-59.402,-39.9675,usus,angulus,valde,caelum,tergeo,adsidue,cotidie,54,21.91851058229865,76,natus,0,1,3,true,0.0005728550348047534,2020-05-29T12:24:27.210Z,Dibbert - Fadel,true
4403c307-0585-4703-95a2-81d5a70100db,2021-01-04T17:53:31.607Z,Fort Ethan,New Jersey,Mauritius,81.0551,-107.9335,neque,strues,admitto,laudantium,vel,trucido,urbs,35,40.35760748506591,21,reiciendis,5,2,4,true,0.22095920710639114,2025-10-14T13:30:17.578Z,Walter and Sons,true
734f7600-b4f2-490e-a62f-cd5404b2662a,2019-12-07T18:55:28.511Z,Clairefield,Georgia,Denmark,10.6497,67.6053,amoveo,consuasor,angustus,ullam,absorbeo,decretum,comedo,95,129.5849750345473,97,clibanus,6,2,3,true,0.08287924142360717,2019-09-03T01:49:48.667Z,Cormier - Bins,true
7c7ca9ed-6889-437f-a9f9-558fa11c59d0,2020-02-10T00:54:06.451Z,Jamisonfurt,Hawaii,New Zealand,20.5878,100.2518,aperiam,vado,volo,vulgo,acies,cursim,cuius,97,144.16542951275588,59,balbus,4,1,3,true,0.028756880036007154,2021-01-06T10:30:38.549Z,Sanford - Considine,true
9352307f-3819-4897-8951-48362158e39a,2024-01-29T12:55:07.550Z,East Honolulu,Mississippi,Armenia,-63.4634,7.7518,versus,canto,incidunt,certus,peior,asper,thymbra,76,21.271830394288127,26,depraedor,1,2,1,false,0.0035480852881935865,2025-01-10T06:00:40.750Z,Waelchi LLC,true
8ff71881-8677-4979-b9b9-de484ee3f227,2024-04-20T09:46:47.412Z,Fort Frankiefield,Arizona,Kyrgyz Republic,-50.9376,-140.0205,cimentarius,valetudo,volutabrum,voluptas,vulgaris,venia,defaeco,74,46.10811410523858,30,suffragium,0,2,2,false,0.08108907858895542,2021-11-10T11:14:26.036Z,Nolan Group,false
843b14a3-0b00-49d9-94c8-cd797301282f,2019-12-26T00:44:11.798Z,North Jadeboro,Georgia,Solomon Islands,26.5062,89.8142,approbo,vomito,aliquam,tripudio,et,arx,defaeco,28,22.59434318559525,42,sono,5,1,4,true,0.038248546892709595,2018-03-14T11:05:28.120Z,Erdman LLC,true
13e8b2f3-4fa5-42b1-bc82-ff5d5e6bd1c1,2023-01-25T07:19:58.095Z,Port Gregorio,Kansas,Tunisia,21.9742,-79.9071,verbum,vorago,accommodo,ut,ex,consuasor,eum,30,18.640787288333218,80,supra,3,0,5,true,0.02558585062123056,2024-05-09T05:07:08.932Z,Fritsch LLC,true
d146e7bf-c9ab-423f-8363-b7fcd88b3dc4,2021-02-21T16:42:27.014Z,Jalynberg,Indiana,Israel,1.5014,-84.1473,atavus,cognomen,termes,decipio,amissio,volubilis,dolorem,35,16.22900543616632,93,avarus,2,1,3,false,0.13646333650975864,2019-12-21T15:29:45.604Z,"Swaniawski, Deckow and Wolf",true
2d0bf36c-a0f3-4baf-b602-36be3d3c41c2,2024-10-16T17:11:29.157Z,Pflugerville,West Virginia,Mexico,49.7594,-21.6148,depopulo,votum,succurro,trepide,urbs,despecto,trado,83,26.56976441046398,57,cenaculum,2,2,4,true,0.0491979838773578,2024-03-28T05:01:02.879Z,Funk and Sons,false
20a712f6-aa7f-4552-9fdb-1abf46d00cc0,2021-09-03T20:50:59.432Z,Eliezerbury,South Dakota,Montserrat,7.5643,62.186,concedo,suppellex,comburo,cado,corroboro,timidus,tantum,86,99.50723708159919,62,sulum,4,2,4,true,0.08606454588041001,2024-10-02T21:51:25.774Z,Russel - O'Keefe,false
5f654121-2ca5-435a-85fb-81259c62484d,2022-12-06T22:00:11.304Z,Hermannstad,Arizona,Kazakhstan,83.7057,-65.7771,avarus,cur,nesciunt,debeo,magni,caute,abduco,29,92.80674700589336,48,vicinus,4,2,2,false,0.10672681805085274,2021-12-27T04:23:46.720Z,Gibson - D'Amore,false
08abe00e-02e8-4b73-ac23-b15126391a49,2018-08-14T17:27:03.313Z,Owensboro,Missouri,Lithuania,80.7363,-13.1504,patruus,thesaurus,vetus,animadverto,paulatim,ratione,tenuis,51,175.7216393693632,71,absconditus,3,0,5,false,0.10246264872518307,2025-07-02T04:41:54.199Z,Kovacek - Carter,true
7c881993-f8c0-4c50-837c-bb0e4b19e68d,2018-10-01T21:04:17.436Z,South Melvinberg,Idaho,Pitcairn Islands,58.0243,-152.3903,calamitas,conitor,complectus,vespillo,argentum,adimpleo,deleniti,92,119.37969836292793,68,vorax,2,2,2,false,0.04349691336006334,2021-07-19T10:59:38.786Z,Beer Inc,true
75657716-bf9b-4cc4-8f9b-8beb18dbb4df,2023-05-26T01:38:52.318Z,East Branson,North Carolina,Maldives,31.5134,-165.9013,stips,candidus,arma,conturbo,mollitia,alii,cur,116,55.84553690701702,70,succurro,4,0,2,true,0.024486105092432292,2024-05-12T17:10:07.120Z,"Carter, Abbott and Welch",false
1c8dc83f-ca46-4b02-95a0-c4791c9385fb,2023-04-10T19:23:19.191Z,Alexzanderstead,Washington,Venezuela,-82.4414,161.2033,deleniti,crustulum,venustas,infit,ea,deduco,stillicidium,78,122.6050895871747,47,victus,6,0,1,false,0.16344613514253306,2022-03-31T00:43:43.635Z,Harris - Rowe,true
872e2fd4-3bd4-4249-a480-592ee82c8715,2019-01-12T15:09:01.945Z,Ondrickaworth,Nevada,Cote d'Ivoire,-59.3089,5.1532,utroque,ara,aspernatur,deficio,demens,tersus,cognomen,26,89.17915065243483,88,vicissitudo,1,0,5,false,0.2240118772528534,2020-02-18T15:53:35.333Z,"Koss, McClure and Schuppe",false
55ba8b90-a9b0-4c62-9056-6c7bbcb13550,2021-10-07T10:18:47.314Z,Maryseton,West Virginia,Dominica,25.6193,6.7327,attero,contra,calculus,conspergo,deprecator,curriculum,verbum,117,10.025014746225382,83,valens,0,2,3,false,0.16247766572838546,2021-11-08T16:08:03.872Z,"Cronin, Durgan and Muller",true
e52b1d48-2c3f-4bbf-bc39-25c0b24859c3,2019-05-01T15:54:22.810Z,Lake Jailynfort,Michigan,North Macedonia,39.5543,133.2423,non,terreo,studio,cunabula,termes,ceno,vis,50,65.54840098675542,18,claustrum,3,1,3,false,0.19956071296732214,2020-04-10T21:43:03.469Z,"Anderson, Sawayn and Rippin",true
1128bb33-87d6-4bf1-a492-03531c57f7f2,2023-04-19T09:15:57.182Z,Benniefurt,Pennsylvania,France,76.9032,-166.2292,suggero,calculus,officia,statim,deputo,defero,undique,78,8.144077849773943,60,deduco,6,0,3,true,0.19656225449800327,2018-10-14T20:37:23.926Z,"O'Hara, Dietrich and Wisozk",true
e02017db-b00a-41fe-bcf0-7c5e6f416f12,2023-09-21T18:43:41.765Z,Gailstead,Iowa,Brazil,-65.0916,-48.875,decipio,quis,dolores,demoror,comes,deripio,vos,86,5.240372339008834,52,commemoro,5,2,4,true,0.1846582727374597,2023-04-23T01:51:41.372Z,"Romaguera, Erdman and Dickinson",true
c936f309-502b-41c8-9470-bc9655063440,2019-05-07T18:10:56.693Z,Brookline,Kansas,Monaco,36.722,128.9749,terra,validus,alienus,condico,tendo,deorsum,capillus,107,195.49276944573415,53,verus,6,2,3,false,0.08431663493260033,2019-10-29T01:22:01.459Z,Huels Group,true
0e5dc399-acd0-4453-b114-a39826823f19,2021-05-18T09:01:11.560Z,Wavaton,Montana,Iceland,61.1809,5.9476,adnuo,quo,corroboro,coruscus,cupiditate,cupressus,adnuo,25,119.16709361155779,83,curvo,1,0,5,false,0.20623271514024552,2018-03-14T08:35:23.879Z,"Hermiston, Metz and Stanton",true
9c4624ca-8844-46ef-83ff-233b472290ab,2022-04-12T16:17:20.984Z,New Alysastead,Arizona,Albania,83.6644,-129.4285,tendo,uxor,stabilis,validus,labore,confido,vorax,89,73.96482538780658,46,celebrer,4,1,3,true,0.23441137912538226,2020-08-17T17:55:14.691Z,"Goodwin, Bogisich and Stokes",true
c478c317-0a87-4054-adda-f9d00897ef7b,2024-10-12T14:46:23.436Z,Isabellafield,Maryland,Chile,88.4316,177.3612,spero,a,ascit,vinculum,tumultus,curriculum,degero,107,41.637247366582045,30,thymum,4,1,3,true,0.007423920578018411,2018-01-21T15:05:24.536Z,Hackett Inc,false
c6e09f92-9355-48d9-8477-807b2ad84d0f,2024-11-13T10:57:46.519Z,Dickinsonborough,Tennessee,Cocos (Keeling) Islands,-45.4639,111.2129,terga,quos,amita,abscido,decens,tendo,abbas,73,35.77676875656316,37,agnitio,1,2,2,true,0.16874341969253553,2019-11-03T03:00:03.354Z,Ledner - Kilback,false
ad54db79-2951-4e68-92cd-308f34a545b8,2018-06-18T04:10:33.906Z,Angelinastad,Arizona,Chad,-71.6306,71.9321,vinitor,quo,vero,vacuus,desino,vado,tametsi,125,26.885576891572597,20,expedita,4,2,1,true,0.16350485226346853,2022-03-19T18:13:35.948Z,"Bailey, Bernier and McClure",true
5e964790-54e1-4f27-b602-df90ed97401d,2024-08-14T19:12:56.205Z,North Titoton,Massachusetts,Samoa,-22.8418,165.5016,cena,villa,denique,trepide,vacuus,venustas,paens,109,53.516659974358866,30,veritas,4,1,2,false,0.23905449760114875,2020-09-04T04:27:42.083Z,Ondricka LLC,false
524befe7-629d-4b7c-98f2-ed6b6faaabb7,2024-07-30T15:42:19.677Z,Pourosstad,Georgia,Pitcairn Islands,-64.9111,-142.9399,adstringo,acerbitas,ago,ter,sono,cunctatio,voluptatibus,92,47.58929087569099,52,tenetur,3,1,5,true,0.013162296070261092,2019-12-23T09:14:52.694Z,"Hane, Borer and Jacobs",true
219e33a6-02d9-478e-83f4-9944611462d1,2024-09-09T06:37:23.514Z,North Al,Vermont,Sudan,57.0499,168.4208,ambulo,velum,timor,denique,aegrus,verto,admiratio,30,57.28192122654501,54,thesis,1,2,2,false,0.07795247402214309,2019-04-04T23:24:41.771Z,Grimes - Schimmel,true
eded561e-63e4-437c-b7c1-ba329ab41512,2023-01-16T22:36:50.119Z,North Sarina,West Virginia,Tonga,53.7982,88.8443,tandem,sollers,quam,adduco,minima,teneo,vinculum,81,219.22929580619422,23,desidero,6,0,5,false,0.22173397700312245,2025-12-20T05:41:14.192Z,Monahan and Sons,true
4ff7cdeb-7b10-49d4-b231-a6b34590a2d7,2020-01-26T08:29:18.416Z,Mount Pleasant,Wyoming,Aland Islands,-16.3935,-51.0391,tergum,venio,ara,tam,suspendo,deprimo,accusantium,117,170.58676264927996,28,vitae,5,0,4,true,0.07332749890503645,2022-11-27T15:36:48.022Z,"Legros, Koepp and Marquardt",false
dae5f625-948e-4281-9553-ffef8e77ed5c,2018-05-21T11:14:11.661Z,Gilbertoside,North Dakota,Greece,78.0024,18.1947,clam,tamen,turba,animus,ancilla,atqui,solvo,130,129.68646906701593,53,degusto,4,1,1,false,0.16071441749565238,2022-11-23T05:27:00.409Z,Bashirian Inc,true
29f76c25-c24a-413a-be41-61842c461f51,2018-09-20T13:47:54.015Z,Port Reta,Vermont,Lao People's Democratic Republic,33.625,-176.3757,defero,video,surculus,crux,demonstro,aduro,decens,100,1.4782291913990964,49,aer,6,2,1,false,0.06719803647906827,2021-04-27T18:32:39.170Z,Hane Inc,true
af08627b-51b5-4ed1-b733-9735c1d93973,2019-10-08T13:33:14.880Z,New Moisesfort,New Mexico,Turkey,-25.8727,-104.57,illo,deprimo,uberrime,bis,tracto,cubicularis,defendo,26,92.02138543984775,100,acervus,5,2,2,true,0.05110424487595361,2021-04-02T12:48:08.275Z,"Stanton, Abbott and D'Amore",true
4fa6022f-ea3b-4f92-bf58-216a1a4a515d,2019-12-15T14:34:24.314Z,Fort Waylon,Tennessee,Japan,70.5272,104.1169,asperiores,astrum,statua,torqueo,cultellus,curvo,cursus,102,119.8330159116951,100,aggero,2,1,3,false,0.00457835615978866,2021-09-19T01:41:45.501Z,King - Glover,true
a8cc865b-a4df-4052-8c26-72f72f6a62ff,2025-11-03T04:48:02.294Z,Port Millie,North Dakota,Morocco,57.7524,171.5081,vulgus,patrocinor,tres,bis,desino,bonus,administratio,89,192.73747031518775,90,aegrus,1,0,3,true,0.2254169357459008,2025-04-03T18:18:02.298Z,Crist and Sons,true
5bdbd07b-95dc-4d42-922b-8d79ca95ae21,2025-02-03T08:40:45.864Z,Oleland,Pennsylvania,Israel,80.0495,107.5165,praesentium,veniam,tenuis,speculum,surculus,viriliter,quibusdam,78,26.252170459248756,95,magnam,1,1,3,false,0.1295689819681088,2020-05-24T16:52:20.458Z,Glover - Bernhard,false
b212f7e6-2cf9-490c-bbf3-b9d9c1fe40e2,2019-09-11T10:14:56.907Z,Sarahton,Georgia,Moldova,-62.2198,102.606,supplanto,villa,strues,acer,admoneo,dolorem,administratio,31,27.653611122667428,19,cimentarius,3,1,1,false,0.07251479650458914,2022-12-12T23:06:53.312Z,"Heathcote, Windler and Yundt",true
436fdaef-90c1-43a5-97bc-6d8abc98efca,2023-02-26T15:35:05.391Z,Madelynnhaven,Arizona,Niue,62.301,168.9854,decumbo,vigilo,vinum,dignissimos,qui,vespillo,voluptate,80,2.2049243172702937,89,adsuesco,0,0,1,true,0.22334662345717624,2020-03-25T10:37:32.610Z,Legros - Gorczany,false
ffe709aa-07ef-46be-ba59-0e2d85823dd6,2022-02-28T00:48:58.437Z,Monteberg,Arkansas,Denmark,-62.7048,-173.5781,cilicium,provident,esse,caritas,concido,quia,ventus,63,144.03292065021765,60,corroboro,0,1,3,false,0.14289658646069406,2020-02-03T02:50:51.977Z,"Pouros, Wisoky and Erdman",true
074750b3-4b62-4352-ae7a-32832afb050d,2019-12-05T12:05:57.789Z,Colliertown,Georgia,Democratic Republic of the Congo,3.6052,9.3219,supellex,adversus,eveniet,deserunt,vitae,alii,thymum,51,92.70991576099387,92,tergiversatio,4,0,4,true,0.17178959182196515,2023-03-04T18:28:52.886Z,Windler and Sons,true
fdb4c8de-b727-4c19-96d3-3d1aee147c7b,2019-09-25T06:38:29.959Z,Raystead,Vermont,Saudi Arabia,-83.5863,-179.2104,amicitia,utor,cuius,administratio,delego,velociter,sumptus,105,231.6504985062211,55,atqui,6,2,4,true,0.1442709775306312,2021-08-07T07:48:51.984Z,"Fritsch, Zieme and Leannon",true
0db21353-3def-44e2-be44-b9b8e37b3f83,2023-08-18T13:05:40.049Z,Farrellview,Maine,Timor-Leste,35.92,43.9587,crinis,ulciscor,cito,omnis,auxilium,textor,abstergo,96,32.219086467936506,73,ex,5,2,5,true,0.10799597849695461,2020-01-05T13:43:39.710Z,Jones - Rogahn,false
7123a13c-b270-4517-9f7c-8ea6bfab5f26,2025-10-08T04:55:30.811Z,Fort Mireya,Wisconsin,Puerto Rico,-34.007,100.5404,coepi,volo,calco,studio,admitto,harum,terebro,50,102.56805595811393,77,adhaero,5,0,3,true,0.11568419384233902,2025-06-04T10:44:11.631Z,Murray Group,true
480ead58-8e84-4aea-a367-d5f9cbcd08e4,2024-03-03T23:24:58.013Z,West Richmond,Florida,Sudan,12.1205,-28.9954,virgo,vehemens,ante,capillus,cibus,spero,teneo,101,24.53529388665241,64,surculus,3,2,2,false,0.20535131372145798,2018-11-20T18:27:14.916Z,Lockman Inc,false
82181773-7bf5-4f77-b6ba-ad90b919d2ce,2019-12-26T04:32:06.271Z,East Terry,Oregon,United Arab Emirates,-54.5998,-11.17,vigor,anser,adaugeo,commodi,comis,triduana,patrocinor,122,99.0718296885812,65,tamisium,1,2,4,true,0.20849188821533202,2022-02-10T22:11:01.493Z,"West, Predovic and Spencer",false
387440bc-9d86-4570-bdff-f9b751593b82,2025-10-12T10:35:06.034Z,Lake Ofelia,Oklahoma,Taiwan,18.1154,117.7356,abutor,verecundia,terra,atque,canonicus,nihil,argumentum,57,133.81025693150198,30,corona,4,0,2,true,0.1281344312787187,2018-12-24T04:27:03.481Z,"Howell, Huels and MacGyver",true
ed6a2274-e0d2-4b5f-93af-98805bc158b3,2024-08-03T11:13:57.487Z,Altamonte Springs,Arizona,Brazil,-33.7616,-158.1193,brevis,paens,aranea,caelestis,coepi,vis,spiculum,94,76.66625443591057,85,tertius,3,0,4,false,0.21731655543537076,2022-01-01T00:42:32.884Z,Mayert and Sons,false
db341c0a-2cc2-4a80-a3a4-35fbaf39e6f8,2022-09-12T19:50:29.558Z,West Lavonnestead,Arizona,Cuba,24.5854,173.681,colligo,theca,voluptas,canis,demens,spargo,patria,101,201.75654254585262,63,porro,5,1,3,false,0.05049604212505587,2020-10-13T13:31:20.400Z,Pollich and Sons,true
a9f2b247-f029-4660-bb54-a6fbabf34b2a,2022-05-31T07:26:24.328Z,West Elias,New Jersey,Pakistan,27.0677,48.3805,placeat,spero,adopto,decet,civis,voveo,vaco,64,173.50086913697834,83,tactus,4,1,3,true,0.04963379598041168,2020-02-27T06:15:36.774Z,Kris - Harris,true
2c4b3efa-281b-4d87-b446-9ff252b5ca16,2018-10-18T05:43:09.201Z,Gradyside,Oregon,Turks and Caicos Islands,73.3873,-35.4578,terminatio,labore,taedium,tolero,agnitio,id,via,51,197.40667901338122,50,cavus,6,1,2,true,0.1796024579265602,2025-01-07T08:29:16.485Z,"Kunze, Heathcote and Stracke",true
0f317d16-65c6-4e46-aa66-38f936cfea02,2018-02-19T15:27:43.056Z,New Miltonhaven,North Dakota,Cote d'Ivoire,-3.5057,-14.2962,tum,tenus,laudantium,correptius,cauda,amiculum,commodi,97,205.62607691607263,51,terminatio,6,1,1,true,0.24021503340372125,2019-07-01T07:29:00.149Z,Koepp - Barton,false
421aa2d2-ffe6-4365-867c-b273431f17b9,2024-10-07T09:36:15.669Z,Jeffreyton,Montana,Macao,-16.1622,-13.0326,video,averto,tam,neque,vociferor,aetas,sollicito,93,132.43006821780773,20,super,2,2,2,true,0.07677477868400226,2020-03-04T09:34:09.994Z,Rolfson - Donnelly,false
deeebb38-5272-44fa-aca2-6857fa696faf,2021-02-28T20:03:10.001Z,Coconut Creek,Hawaii,Serbia,-6.4583,-128.6993,tantum,ultio,defendo,modi,addo,dens,vinitor,86,28.751355619734753,40,suadeo,2,2,2,false,0.18900417509037715,2025-01-20T23:37:10.626Z,"Boyer, Abbott and Schinner",true
a94e6495-f794-4912-b779-32e288868c87,2025-01-19T14:43:47.625Z,Kieratown,Rhode Island,Cocos (Keeling) Islands,-16.3706,85.1507,caelestis,perferendis,velit,trucido,valetudo,talus,blandior,87,145.70270313616555,17,atrox,4,0,1,true,0.08789632471768971,2022-01-09T11:10:15.634Z,"Kling, Paucek and Hackett",true
cb19e61e-74f2-4913-b9c7-33bb692bcbdd,2020-04-13T07:37:16.500Z,Johnsstead,Utah,Mongolia,45.4473,-82.5241,aureus,tandem,suppono,ullam,cur,sperno,accusator,30,239.71658294405506,36,rem,4,2,2,false,0.00008074922460554745,2020-11-01T21:47:48.447Z,"Nader, Rau and Schiller",false
64717370-d266-4098-a267-c731127d585f,2024-02-06T21:29:18.674Z,Anibalfield,Montana,Slovenia,-31.3966,51.1582,vivo,cras,beatus,occaecati,ventus,spiculum,cognomen,127,92.28976094622384,69,minus,3,2,3,true,0.2373217416115403,2025-08-13T22:20:06.437Z,Hauck and Sons,false
25880bc1-30e5-4b1a-ac81-6ab4520a4e7d,2022-02-14T12:16:06.469Z,Kunzebury,North Carolina,French Polynesia,57.1322,-143.9873,tamen,amissio,vestigium,aegrus,degusto,ventus,necessitatibus,101,7.707688557229844,70,titulus,5,0,5,false,0.2004196807867506,2019-01-28T08:16:04.865Z,Gusikowski LLC,true
724d34dd-1306-48a0-a29e-512bff1f0c05,2024-05-05T23:20:46.405Z,Apopka,Vermont,Antigua and Barbuda,46.6153,-6.7941,paens,conicio,voco,voluptatibus,ullus,cruciamentum,cras,120,135.76081353197367,85,tenuis,6,0,3,true,0.18289405506461556,2021-07-22T18:35:41.546Z,Buckridge - Schinner,true
26ffc7a4-e0bd-4510-b190-44d4d59c0d9c,2021-08-11T22:47:09.124Z,Weston,Colorado,Bhutan,-48.3704,118.95,charisma,denuncio,curvo,benigne,sapiente,absconditus,dolores,130,105.64603862140066,79,agnosco,1,2,5,false,0.21275105901334923,2019-07-23T19:14:26.492Z,Jacobson Group,false
da14d554-f286-4b2f-845f-30125007d0e7,2019-02-05T01:21:37.271Z,Allancester,Connecticut,Uruguay,77.043,111.2344,beatus,creber,cimentarius,teres,distinctio,magnam,accommodo,84,71.75314456857801,51,thalassinus,2,0,5,true,0.08779380987844981,2021-06-20T04:23:34.771Z,"Goyette, Parisian and Renner",true
673ac788-e112-4fde-bef7-618e650ae988,2021-08-12T04:31:07.283Z,Imaniton,New York,"Bonaire, Sint Eustatius and Saba",-81.9275,52.2921,creta,conventus,varius,cibus,crebro,accendo,tutis,46,24.972866844737183,19,ager,4,2,3,true,0.2399873973024365,2018-05-30T06:31:55.467Z,Treutel - Cruickshank,true
502dbb4e-f0d8-440e-9d69-494473789861,2021-10-08T07:21:11.142Z,Annaliseshire,New Hampshire,Jersey,-8.2543,-87.4777,suffoco,magni,varius,angustus,tristis,numquam,cattus,62,49.47181335487596,74,assentator,5,0,3,false,0.10682231111397167,2022-12-22T05:22:43.716Z,VonRueden - Nienow,false
8516e5f1-b849-4df7-a3ab-bc72b21f0463,2018-08-11T09:12:59.217Z,San Antonio,New Hampshire,Anguilla,20.2623,-69.7089,fugit,acies,unde,armarium,depulso,ventito,earum,53,82.106855682978,48,nisi,6,0,3,false,0.09911712909251777,2022-07-13T15:19:52.092Z,Toy - Dibbert,false
c369bf94-4749-481c-bd56-ae50768fb421,2023-07-23T11:50:36.817Z,South Babystad,Indiana,Taiwan,-2.8212,-31.5345,ultio,solium,atrocitas,capto,temporibus,uredo,aranea,34,9.907283421164719,78,tabesco,6,2,3,false,0.1914846095089724,2025-06-12T11:33:47.087Z,Dickens - Stark,false
ef722996-6347-4191-bee0-030d4a36b53c,2018-11-18T08:20:18.771Z,Fort Franco,Pennsylvania,Japan,-17.8076,105.2216,advenio,claro,aut,saepe,venia,validus,valens,55,96.15920416802618,22,ducimus,5,2,1,true,0.08540523398032593,2024-02-04T00:17:58.065Z,Rippin Inc,true
ed0d0063-6d38-46dc-8480-aa4208ad6c46,2021-12-01T19:37:26.888Z,Pensacola,Virginia,Hungary,-16.8579,-22.5817,ara,amplus,temptatio,vallum,amicitia,vicissitudo,commodo,65,85.20496603273119,24,amiculum,3,0,2,false,0.17390426830941638,2023-07-23T00:52:11.304Z,"Shanahan, Kilback and Hettinger",true
348e7252-db6c-49b2-ac1b-479a28668ccd,2019-10-30T10:38:40.263Z,Maeganborough,Florida,Hungary,2.5745,123.0021,arcesso,autem,infit,complectus,comprehendo,atque,illum,125,146.4987649526838,76,aperiam,3,2,1,true,0.07222027685915697,2020-05-19T00:36:14.375Z,Deckow and Sons,true
5e1bb532-368c-42c5-9949-53419f03bf13,2025-08-30T10:02:40.529Z,Volkmantown,Delaware,Norway,-45.2335,-98.5492,addo,derideo,tenax,charisma,virgo,canis,callide,102,238.024121651537,44,ter,0,2,4,true,0.14082797336252675,2018-08-21T09:04:25.348Z,Labadie - Reilly,true
b12e32fb-401d-4ead-8b96-f2d528a24d04,2022-11-28T14:33:42.254Z,Bednarchester,Mississippi,Falkland Islands (Malvinas),33.385,-79.4669,xiphias,valetudo,commodo,denuo,concedo,excepturi,verbum,50,115.79702506037965,67,solio,2,2,3,true,0.08420447004471279,2022-09-03T16:13:32.441Z,"Bosco, Champlin and Conn",false
0dba2146-f0a4-45d3-b0e3-5e1e1ee1b9b7,2021-03-15T17:54:45.125Z,Lake Leostad,Indiana,Heard Island and McDonald Islands,31.8371,25.712,aegrus,decet,thalassinus,despecto,decipio,delicate,aduro,53,132.26091630507324,72,sodalitas,3,0,3,false,0.21994337995498037,2023-07-08T13:13:09.818Z,"Pacocha, Brown and Kiehn",true
38adad48-5e47-4238-b538-d0c8ac7dcfce,2018-09-02T21:36:44.601Z,Fort Tania,Maryland,Czechia,-5.2348,-75.2628,subvenio,degenero,truculenter,dedico,nesciunt,deprecator,comburo,118,228.6781372516581,25,color,2,1,1,false,0.06007185416908531,2023-05-17T09:15:37.111Z,"Mann, Hauck and Cassin",false
30260837-d2d5-41c1-ad5e-50517357ceac,2019-01-04T16:39:24.751Z,St. Paul,Nebraska,Kazakhstan,36.9794,-66.823,conspergo,dolore,cattus,atrocitas,commodi,temporibus,dignissimos,42,202.9926502302284,90,timidus,2,0,3,false,0.09793349007665558,2021-07-02T03:55:16.698Z,Ondricka Inc,false
4fa7b4ea-a5d2-4f49-9c12-c1341a5c98dd,2024-12-07T05:21:42.212Z,Monahanmouth,Arizona,Nicaragua,59.115,-157.5731,coniuratio,vivo,cupressus,templum,demoror,spero,accusator,86,113.73719128438653,76,laborum,6,1,2,true,0.005992817735752998,2020-07-20T17:14:16.705Z,Luettgen LLC,true