accident_id,incident_datetime,city,state,country,latitude,longitude,road_name,road_type,intersection_type,accident_type,weather_condition,road_condition,light_condition,speed_limit,actual_speed_kph,driver_age,driver_gender,casualties,fatalities,vehicles_involved,alcohol_influence,blood_alcohol_level,weather_reported_at,reporting_department,pedestrian_involved
6897da60-3b99-4680-819b-d43655c0f391,2025-06-16T16:21:45.795Z,West Bradenchester,West Virginia,Gabon,61.1287,169.8942,auditor,conforto,traho,acerbitas,damnatio,voluptas,crepusculum,105,105.63248337426694,40,cedo,5,0,4,true,0.19813184821224628,2019-04-18T23:48:29.337Z,Wintheiser - Breitenberg,true
fda1dde1-2eed-4e75-a20d-59cc2930ade7,2023-11-10T16:41:30.600Z,Binghamton,North Carolina,Jersey,80.1868,29.6269,placeat,adversus,calamitas,defleo,torqueo,arcus,infit,123,152.4739313299065,75,aetas,4,1,2,true,0.008032519125307641,2024-03-08T09:07:24.545Z,"Goodwin, Kertzmann and Hudson",false
d3baf7cc-d87c-44a1-b7e1-e3aef4abedec,2018-06-24T21:28:10.313Z,Citrus Heights,Idaho,Brazil,-19.1327,35.3841,tener,temperantia,atque,explicabo,adipiscor,modi,degero,32,42.94574290019932,28,laboriosam,1,0,1,true,0.0987356628163818,2021-11-29T13:49:36.237Z,"Halvorson, Wiza and Carter",false
efaa2d05-c024-404d-b53d-8c376991e7b4,2018-09-19T08:01:12.974Z,Akron,Utah,Albania,-17.7748,135.25,maiores,celebrer,ullam,venustas,convoco,theologus,valeo,99,66.23470728365359,48,tristis,3,1,2,false,0.11205948878959263,2021-06-19T08:46:42.868Z,"Greenholt, Littel and Beer",false
f5ad7775-e1d5-4463-889f-6bad49d5a1fd,2021-01-03T20:28:48.002Z,Lehnerton,Rhode Island,Samoa,56.7249,90.4532,atrocitas,vinco,copiose,tres,animadverto,arceo,corroboro,104,13.107758494301063,25,aliqua,0,2,3,false,0.13904566018167988,2021-05-26T09:13:53.534Z,Weber - Brekke,false
ff9e1907-800f-4a53-baea-c679abcdf910,2022-04-23T02:14:30.683Z,Yucaipa,Hawaii,Falkland Islands (Malvinas),-28.5439,-77.5031,iure,acervus,thalassinus,deputo,circumvenio,testimonium,solitudo,92,150.32166842373368,99,similique,5,1,5,true,0.10465340891296818,2019-06-15T13:53:14.746Z,Okuneva - Emmerich,true
2c402939-ac51-4020-82f9-40eab6a2e4ca,2018-05-25T06:28:20.291Z,Lake Gregoryworth,Pennsylvania,New Caledonia,81.5649,90.2886,vita,sodalitas,curriculum,vita,paens,commemoro,deporto,71,24.912025282581762,96,tergeo,4,0,1,true,0.08605052651645562,2020-02-26T03:04:43.105Z,Altenwerth - Rath,true
4fd8895d-5c13-4b10-b136-a7dbf0a8523c,2021-12-13T08:16:19.500Z,Brianneside,Wisconsin,Tokelau,-81.3484,-172.4097,talus,perspiciatis,ait,adversus,ceno,dedico,concedo,70,77.69873447358042,75,curiositas,0,1,5,false,0.08004179034135689,2024-04-12T17:37:15.897Z,Cruickshank LLC,false
9787819a-5083-4a56-a4a8-53060aaea2df,2023-10-08T20:34:27.524Z,Lake Alberto,South Carolina,American Samoa,52.4448,-35.1935,baiulus,tabella,chirographum,absens,sponte,volo,adulescens,53,146.8736009793185,88,centum,0,2,5,false,0.04071336647165155,2021-09-07T11:39:01.149Z,Steuber - Erdman,true
c9b20789-a318-4fed-8988-64108de2ec53,2025-06-20T14:01:27.515Z,Chriscester,South Dakota,Hungary,-39.3069,120.2246,demitto,omnis,bestia,ante,ter,placeat,urbs,111,232.42636969257907,93,ultra,3,1,5,true,0.1825156110238778,2023-01-15T19:20:43.020Z,"Schumm, Jaskolski and Jacobs",true
31bff574-bc5b-4429-adeb-b7e3162552ef,2019-04-30T04:33:51.132Z,Gulgowskifort,South Carolina,Haiti,46.323,-101.5369,custodia,adhaero,depono,ambitus,tutamen,xiphias,subvenio,31,13.142268463364104,36,adulescens,5,1,1,true,0.023877000458230352,2021-10-06T06:00:48.812Z,Jacobs and Sons,true
5c2919e6-099d-4f58-881f-b744a50db92b,2020-05-11T03:09:11.666Z,Kunzeland,Ohio,Thailand,-84.7282,164.9358,vomito,accusator,allatus,accommodo,admoveo,ambitus,adficio,31,169.7588951251026,74,baiulus,4,0,1,true,0.07603334755359617,2023-12-21T18:06:32.027Z,Rowe - Stamm,true
7b9b4237-c9f6-44a1-8f0d-8a40683ae731,2020-06-20T00:43:54.027Z,Adalineville,Mississippi,Timor-Leste,12.9594,-61.1836,coaegresco,cursus,tempora,victus,vilis,ager,fuga,119,153.75038148971495,96,utpote,1,2,5,true,0.05374677020886284,2019-01-10T02:42:14.342Z,Bayer LLC,true
0c315423-009a-4fe7-8936-8e93455b1d1f,2022-10-22T16:39:23.390Z,New Tyrese,Missouri,Bulgaria,22.6227,-36.9962,cubo,tricesimus,spiculum,degero,spero,volo,adeptio,30,224.62678408796177,36,consequuntur,1,1,4,true,0.020435346248901254,2020-01-15T21:33:09.242Z,"Cruickshank, Denesik and Kunze",true
950c5aee-86fe-4ef6-bae9-1121348f2ecf,2021-02-07T03:59:22.950Z,North Hiram,Nebraska,Brunei Darussalam,-15.1408,-91.9534,celer,acies,collum,veritatis,terga,abbas,complectus,46,104.54628823974107,25,virtus,3,2,1,true,0.1194270468678146,2018-03-30T12:23:30.186Z,Parker and Sons,false
2884a1e7-4f6b-4b38-aec4-a1c3b13a317f,2022-09-16T12:34:17.174Z,New Kadenville,Connecticut,Anguilla,-68.278,-69.8562,benevolentia,coadunatio,cogo,spero,arto,fuga,natus,110,36.15533201333158,19,ocer,0,0,2,false,0.13018082236229211,2024-03-29T23:26:56.450Z,O'Hara and Sons,true
802d4f80-05d8-470e-9e0e-096c23adfde6,2023-04-08T20:15:41.144Z,East Floyport,Pennsylvania,Mayotte,40.8879,-19.8812,ipsa,vereor,tremo,deporto,qui,deripio,at,33,55.537871553498434,93,trado,5,0,1,false,0.14560574476055355,2023-04-27T12:36:18.225Z,Ebert - Rodriguez,true
fdae7607-e8b7-4f16-bcda-6e21bfa8d0d1,2023-09-06T06:42:53.992Z,East Carmellastad,Pennsylvania,Rwanda,11.3201,-71.4539,adficio,atque,debeo,capillus,libero,curia,celer,110,212.37914300221567,24,tenax,0,0,1,true,0.16951147234289587,2018-09-07T20:09:19.876Z,Wisoky LLC,false
733a8586-7e85-4ad4-93d3-19edc6b0ae16,2021-04-28T04:18:46.920Z,Conroe,Nevada,Bolivia,-41.8825,60.2184,clamo,confido,agnosco,debeo,ea,conservo,comminor,92,135.72416479839072,79,capio,3,1,3,true,0.18642992579464587,2023-02-22T17:21:51.450Z,Bogisich and Sons,true
bd039879-3091-42f1-8b1d-941f41d9c0dd,2018-09-28T13:00:08.094Z,Walterstead,Pennsylvania,Holy See (Vatican City State),33.5251,29.1875,assumenda,truculenter,utor,alveus,ducimus,constans,spes,75,13.941943733372426,99,argentum,6,0,1,true,0.16450373883717442,2023-08-22T14:30:55.052Z,Stoltenberg - Ledner,false
54acd309-7bd9-46e7-9504-a8998c17d6d3,2020-03-02T10:17:55.143Z,Hoegerburgh,Pennsylvania,Canada,-35.04,142.4578,defluo,adinventitias,viridis,desidero,defendo,inflammatio,suppellex,43,209.00449023622357,83,textilis,6,0,1,false,0.0741740193751795,2019-08-12T12:46:44.062Z,Mertz - Kuhic,true
0eaa88c6-f2a0-47e3-b817-92d753270c8e,2023-03-28T06:31:31.845Z,Marleyburgh,Arizona,Cayman Islands,35.7413,122.583,illum,vestrum,quibusdam,vulnero,voluptatem,solum,desidero,34,202.87010199818346,24,suscipit,3,0,2,true,0.20219647925418732,2023-07-15T08:49:20.327Z,Schroeder - Durgan,false
ceb73b10-72fb-4af3-b633-251dd25e32ff,2021-05-17T13:58:36.720Z,Tremblaycester,Vermont,Congo,-74.938,-2.7028,vulnero,doloremque,valeo,aro,pariatur,neque,optio,82,203.82337791984935,40,delectus,2,1,5,false,0.148550918557677,2022-03-02T11:55:25.190Z,Stokes - Emard,false
9938d7bd-d048-41e6-9220-9a6652db3d0f,2024-09-23T09:57:45.200Z,Eagan,Wyoming,Brunei Darussalam,46.4219,64.2672,cursim,placeat,caute,armarium,torqueo,subseco,cupiditas,105,89.83256045732885,55,demens,2,0,1,true,0.10348006656759573,2025-06-09T20:52:20.776Z,"Ondricka, Luettgen and Rolfson",true
c160ddd0-592b-4abb-be86-329b62abb3ef,2019-05-01T10:25:37.283Z,Greysonberg,New Mexico,Barbados,-7.8949,30.6773,concedo,subiungo,voluptas,patrocinor,magnam,vulgus,vindico,126,65.80990664590632,27,decens,2,0,2,false,0.16962315957746313,2021-05-04T16:20:17.845Z,Lemke and Sons,false
e87921e7-ea59-45e5-9f63-e54aabe2f6af,2025-07-25T01:47:46.573Z,West Eliseoberg,Wisconsin,Algeria,-38.9849,26.7566,textor,ancilla,ullus,aer,tenetur,decipio,alveus,80,187.5324772677719,25,vulnus,1,0,3,true,0.07765675248253748,2025-08-18T04:29:19.821Z,"Berge, Shanahan and Kuhic",true
0d75e7a9-aa25-40d6-8a87-02ee01d5b21c,2018-07-29T10:46:23.033Z,South Vernerstad,South Carolina,Isle of Man,43.0526,69.8067,talus,conitor,acervus,cometes,cedo,deorsum,circumvenio,22,111.37926818708068,27,delibero,5,0,2,false,0.1570106456259214,2021-02-11T20:17:36.265Z,Shields - O'Kon,false
cdcb1fd0-d1cd-4571-91fe-d457f2990415,2021-11-25T00:57:32.001Z,Broomfield,Indiana,Wallis and Futuna,-19.3433,53.781,audio,caelum,thymum,audio,nostrum,debitis,damnatio,21,97.3337549960678,66,aurum,5,0,2,true,0.24237357523968928,2022-07-09T15:37:21.038Z,Hettinger - Adams,true
4c97128a-03ee-49e1-9bfa-d40662d0d06f,2020-09-26T15:33:08.555Z,Langoshfort,New Hampshire,Bolivia,-5.8142,-137.6449,villa,vulpes,caveo,tantillus,conservo,capio,deinde,95,27.55699319751626,89,coerceo,5,1,3,true,0.22873765199372662,2018-08-31T11:48:45.924Z,Hayes - Feest,true
ef4d2ae2-6775-43ec-9745-2fe4aabe08af,2019-05-14T12:47:21.297Z,Lombard,Utah,Democratic People's Republic of Korea,-9.0738,-81.6174,vos,adaugeo,civitas,basium,vicissitudo,facere,taceo,67,45.502118977113746,20,territo,4,1,5,true,0.11956661721190495,2022-04-18T18:14:58.195Z,"Jones, Schinner and Greenholt",false
8c133427-c451-4fe7-9f0e-d2182a21032c,2024-11-09T10:36:17.285Z,Jordyfield,Nevada,Belgium,-47.2521,80.3213,tonsor,error,audentia,conitor,patrocinor,valens,cubitum,75,99.65325762847678,48,veritas,1,2,1,true,0.012564105226620464,2021-10-19T03:19:25.370Z,Funk - Hackett,true
c795382f-bb0a-49e0-ac26-6e8209c16716,2018-07-12T08:01:19.226Z,Fort Koryborough,Ohio,Malaysia,-7.1399,-113.7139,suffoco,asperiores,avaritia,quos,arma,valens,tenuis,95,18.359654709505755,91,ustilo,5,1,5,false,0.1954329901873198,2021-01-23T16:23:24.053Z,Ferry Inc,true
1a8f2d00-7206-495f-b41b-2d6cc651006c,2023-04-13T21:01:35.509Z,Shanelland,Wyoming,Congo,21.0013,122.9378,harum,vicinus,suppellex,modi,dens,cunctatio,dolorum,96,119.44920919073698,82,cras,6,1,5,true,0.02238582143003842,2018-03-30T05:51:29.683Z,Stanton - Lindgren,false
f63e1842-03c5-464f-9ae5-8d7937a95fe2,2020-02-28T15:47:06.483Z,Port Orvilleburgh,Rhode Island,Luxembourg,-21.4245,95.6301,recusandae,vilicus,tertius,cetera,compello,blandior,maxime,123,76.27801388484022,18,theca,3,1,5,false,0.16159736201559755,2022-05-21T09:45:05.385Z,Schamberger Group,false
ba34d6c5-7c8c-421e-9235-becf3346907c,2024-04-22T23:17:52.140Z,Hartmannport,New Hampshire,Colombia,84.4964,141.62,cubicularis,solus,vitiosus,stabilis,timidus,solvo,odit,110,43.037341561207114,34,speciosus,5,0,5,false,0.2154279409726743,2021-05-25T08:39:51.895Z,"Goyette, Davis and Boehm",false
d2076c99-6231-435f-914e-e5dea40482a0,2024-05-31T22:00:40.258Z,Eltonhaven,Vermont,Switzerland,-6.9762,-115.4529,delibero,audentia,voluptatibus,deorsum,benigne,aegrus,utilis,82,46.99849430835242,97,virtus,0,1,3,true,0.1852943335877793,2020-06-25T13:04:18.284Z,"Daugherty, Medhurst and Abernathy",true
0183d2c9-7b8d-4a44-8f2c-b3b9d9b4eab8,2025-03-16T16:44:06.100Z,Port Carliechester,North Dakota,Congo,15.7942,162.4707,cogito,crebro,sublime,caritas,earum,tredecim,acies,86,136.00691792485404,42,creo,5,2,2,false,0.002563672845748849,2024-08-20T09:54:08.259Z,"Gutkowski, Crist and Bogisich",false
1a7ab61e-e1bf-4177-b790-01a3442ca9a7,2020-06-12T18:18:03.293Z,Redmond,Connecticut,Cape Verde,76.9572,-131.266,comminor,supellex,terra,succedo,venio,architecto,laborum,103,158.48271079478164,77,totus,6,0,1,false,0.18332012290495842,2022-03-22T15:16:23.950Z,Schamberger - Kunde,false
e4bcf3f5-0517-43a1-b55b-a78789d0360e,2022-12-31T20:13:39.251Z,Port Willis,Delaware,Malaysia,-41.1379,87.8212,tibi,amor,cariosus,delicate,vobis,trado,sunt,113,30.014603900620376,32,distinctio,3,2,4,false,0.1322843609154842,2025-10-25T05:49:38.320Z,Connelly - McDermott,false
31842281-e488-4eff-8a1b-ae56f8052566,2020-10-23T02:44:04.418Z,Leannonport,Massachusetts,Belarus,-29.5089,-65.9208,thalassinus,conculco,suffragium,tego,valetudo,stabilis,arca,101,105.12139662874401,34,succurro,0,0,4,true,0.18752225222286933,2022-05-26T15:45:10.144Z,Grimes Inc,false
ee92c39a-d046-4dff-98b0-60dcb5ac7f03,2022-07-02T06:06:51.768Z,Lake Johnnie,Rhode Island,Wallis and Futuna,-27.0409,-55.342,cunabula,titulus,corrumpo,acceptus,assentator,consuasor,credo,30,196.24832286551992,39,totidem,0,2,3,true,0.08921515817586803,2024-09-05T08:09:44.071Z,Rohan - Bradtke,true
c2c9d6a2-14e7-4311-856b-58ffaa6a93a4,2024-09-20T22:00:48.742Z,Volkmanfurt,West Virginia,New Zealand,-25.9012,-54.1723,molestias,hic,textor,pax,saepe,cultellus,verto,56,38.74697235813167,35,alo,2,2,4,false,0.1577322941495875,2019-09-10T10:29:06.676Z,Aufderhar - Schuster,false
77695060-3b88-41aa-83ea-a1096af2bb02,2022-12-01T21:57:51.166Z,Lubowitzfurt,Delaware,Croatia,29.2195,-68.9912,adipisci,beatae,summisse,trepide,suscipio,decens,animus,112,182.91179149585963,25,ultra,3,2,5,true,0.11854020709696259,2020-02-25T14:19:58.568Z,"Kuphal, Terry and Gibson",true
cf4ece6a-8ea3-40c7-837c-f326166681f2,2022-07-06T04:49:15.968Z,Barrytown,Arkansas,Turks and Caicos Islands,-45.0731,39.7015,sint,eum,in,illum,pel,arca,bellum,30,182.58820868593503,68,tondeo,4,1,4,true,0.18512729433509165,2019-08-10T13:27:44.233Z,Langosh LLC,true
1b33884b-1756-4f1b-955f-7bdf3caa3a5b,2022-07-03T15:06:03.375Z,Robertsview,Oklahoma,Christmas Island,-34.3015,-153.6512,ad,cibo,alienus,canis,vulgus,clarus,sustineo,94,104.85392664545184,50,voluntarius,2,1,3,false,0.013631194210879438,2021-06-08T18:36:49.887Z,Kuphal - Gleichner,true
373dd307-c696-4223-b204-7fccd13faa67,2022-12-05T02:30:49.361Z,West Devan,Montana,Georgia,-57.9929,40.963,turbo,colo,tenuis,adipiscor,ventus,audax,temperantia,49,3.919142583037978,82,cras,1,0,3,false,0.1468725802716833,2018-06-16T15:20:08.378Z,"Crona, Fahey and Rempel",false
61f797d7-93f4-4e43-a8f3-22d144e37574,2022-06-19T22:24:40.150Z,Janesville,North Dakota,Saint Kitts and Nevis,-80.2042,169.6092,incidunt,suasoria,antiquus,cibus,absum,conculco,vis,130,189.2113493771426,84,quis,5,1,5,true,0.032187024210036275,2020-11-13T17:10:42.634Z,"Oberbrunner, Goodwin and Morissette",true
3c07b7e8-ce49-40a4-adb7-225c4f215917,2020-02-28T15:01:38.412Z,North Josie,Missouri,Singapore,69.8579,-97.9611,censura,sto,thesis,depulso,cohors,stips,quidem,21,56.22088289766742,55,trepide,4,0,5,false,0.07996126318117969,2019-05-29T23:14:24.633Z,"Moore, Kertzmann and Steuber",true
8e597bfd-de97-44d7-98a9-3e9c4a1f1565,2022-03-20T13:10:04.002Z,North Luellafield,New Hampshire,Lesotho,84.8274,-135.6703,deficio,vorax,iste,sodalitas,tepidus,alo,cernuus,62,161.3067085484126,58,cauda,5,2,1,false,0.07296893435498175,2022-05-19T02:16:13.521Z,Kuhn - Hayes,false
43af3801-b187-473a-8467-8251409c57ed,2023-05-08T17:46:52.558Z,Ashtonhaven,Indiana,Angola,-9.4722,-101.2584,creo,conforto,vox,tollo,subito,taceo,spiritus,98,126.85897222648438,61,tempora,2,0,5,true,0.19902539673469916,2020-06-25T02:29:51.450Z,"Waters, Reilly and Heidenreich",true
2b89749c-9cc2-46f1-9f10-8f6217ccf4fe,2019-10-22T18:07:29.577Z,West Jordaneton,Wyoming,El Salvador,-20.8377,-176.8226,uredo,officia,comedo,timidus,aggero,vallum,vita,55,132.51528319676183,23,thesis,6,1,5,false,0.06121654885043021,2022-01-18T17:53:05.282Z,Marvin LLC,false
b3759741-f175-4c7b-9c20-6f3c651f07da,2023-02-12T15:02:14.327Z,Cielostead,Minnesota,Panama,-8.1759,-128.0808,accendo,pariatur,consuasor,pariatur,amplus,derelinquo,conicio,64,96.41298886937858,18,virtus,0,2,4,true,0.05830207526584333,2020-03-14T07:57:50.107Z,Fay Inc,false
48a35cce-49ed-4354-9868-0b5066219ecf,2022-09-28T01:13:21.356Z,South Jerod,Utah,Indonesia,6.3284,10.5165,occaecati,corrumpo,concedo,tricesimus,urbanus,tondeo,adulatio,71,179.5407932749078,61,confugo,2,2,1,false,0.1340719455969923,2018-09-24T17:55:40.059Z,"Gleason, Deckow and Kautzer",true
13284a74-7dd9-4371-9bf0-6302ee5ed9e1,2024-03-17T10:25:42.741Z,Asheville,Alabama,Norway,-51.8428,-63.4994,ullus,congregatio,defetiscor,pauci,angustus,adipisci,pecco,77,13.164964207770389,62,dens,4,2,2,true,0.15079083534788712,2025-11-14T18:27:17.800Z,"Schultz, Deckow and Breitenberg",false
cb8cea25-c742-4d97-8601-492444b059f2,2019-02-10T11:48:11.350Z,Fort Valentineberg,Florida,United Arab Emirates,74.3176,-67.9934,capitulus,consequatur,arcus,sint,tactus,agnitio,deputo,76,102.6171651424647,58,error,4,1,1,true,0.0038681007108280485,2024-01-21T13:19:58.117Z,Leffler Group,false
79fb4fbf-e367-4a19-8cbd-9b8f0f5ad8d8,2022-08-24T14:54:31.036Z,Davisview,Florida,Guinea-Bissau,73.888,156.9039,cena,pecco,nisi,argentum,desino,depono,deinde,108,95.78286946812067,29,tumultus,4,0,3,true,0.050895467410290884,2021-02-04T15:07:06.130Z,McKenzie - Fadel,true
1463e463-9a7d-4481-b56e-24678cefac03,2021-01-09T11:19:50.458Z,North Ettie,Louisiana,Anguilla,64.6734,-175.2681,coniecto,cupressus,deleniti,decerno,vulgaris,amplexus,asper,86,145.7898393183585,21,corroboro,2,2,5,true,0.06460617546714387,2021-09-25T10:42:07.106Z,Padberg - Hand,false
818ff048-37ac-4930-8e75-2e5cc9644df1,2019-05-11T03:07:52.139Z,Hilariofield,Maryland,Mauritius,81.7108,-102.4488,suscipio,vorago,cultura,alias,carpo,allatus,amitto,124,98.39951755031306,88,absens,5,1,3,false,0.09017925526265322,2025-03-04T04:38:12.999Z,"Grant, Bauch and Harvey",false
0f046424-0bee-420b-9d9c-af55f1af659e,2024-08-27T01:23:41.607Z,West Gustavefort,Louisiana,Ukraine,32.5284,-105.8816,thermae,voluptates,communis,deficio,crudelis,stultus,asperiores,29,29.652321657876772,43,curso,4,0,5,true,0.0652341248284743,2025-10-03T08:44:49.474Z,Ryan - Rice,false
7efaaf06-e7d0-4303-9359-55059ab00825,2021-12-30T08:07:25.195Z,North Mazie,New Hampshire,Germany,10.3617,158.8553,verus,succurro,damnatio,adnuo,accedo,defendo,possimus,54,115.15650960549269,75,verto,3,0,1,true,0.040294275120351,2020-07-21T15:12:50.857Z,Powlowski Inc,true
87938881-7ecf-45c4-a06d-18bd0bfd27e5,2024-07-26T23:43:15.573Z,North Hugh,Vermont,Maldives,-13.6753,57.8201,sed,vomer,cauda,solum,beatus,acquiro,ceno,52,111.41985265855001,99,creator,6,2,1,false,0.07507800522663033,2021-05-27T02:48:32.522Z,Haley - Dare,false
627853e3-e153-47b5-8f07-4a95b179d8d4,2020-12-28T13:10:12.057Z,Port Nikko,Connecticut,Suriname,17.9558,-56.4431,omnis,quia,tredecim,xiphias,voluptate,cubicularis,totus,119,41.07791175331886,84,vulgus,6,1,2,true,0.16076518929029915,2018-05-09T22:12:57.302Z,"Rau, Tromp and Buckridge",true
3b4b719a-3b86-4c51-92c3-f5e43aef32ce,2024-03-28T23:06:48.092Z,Schillerfield,Missouri,Ireland,-12.3881,9.9974,compello,ad,congregatio,supplanto,cumque,ducimus,vox,77,104.19997285806501,59,volva,2,2,3,true,0.001230052791404035,2023-07-23T02:02:37.772Z,Dibbert and Sons,true
b3cf0e96-9022-44b8-913e-bdb2f282a97f,2022-10-22T00:18:09.277Z,Eleazarburgh,Virginia,Taiwan,59.5276,-88.1244,curiositas,et,voro,volva,vox,expedita,ulterius,59,29.518590736876735,92,soluta,5,2,4,false,0.08009913929436174,2022-03-02T11:03:38.717Z,Nolan - Leffler,false
342ae0c5-c6ef-4e5e-8ea4-55fc39dd0f54,2018-01-18T22:34:43.043Z,Lake Vivian,North Carolina,Hong Kong,-13.6306,-94.0961,audax,umerus,ulterius,adinventitias,custodia,acies,sum,103,91.74326096672621,17,arceo,4,1,2,false,0.01683440306471784,2025-04-06T05:31:55.054Z,"Weimann, Gottlieb and Hansen",true
510e50f8-8261-4f64-9e8f-28e5da52e237,2024-10-01T14:07:29.602Z,Cummingsberg,Missouri,Guinea-Bissau,25.8071,-67.8525,cognomen,vilicus,adeptio,suadeo,voco,sumptus,spoliatio,115,111.34832866607782,29,copiose,5,2,5,false,0.22357033108345414,2024-04-11T05:15:38.858Z,Hermiston - Walter,false
f2c7a059-21fc-42ec-a07d-20307e463e75,2025-01-13T23:50:12.791Z,Powlowskicester,Rhode Island,Vanuatu,55.3634,-14.9431,apostolus,timor,teneo,deputo,utpote,vero,caecus,120,175.49613149277752,41,administratio,3,1,4,true,0.0850108843764194,2019-04-09T21:33:09.189Z,Senger - Sauer,true
a71b792b-793b-4c22-ab32-6fb9663a9b1b,2020-05-17T09:28:49.813Z,East Noemieton,Delaware,Saint Kitts and Nevis,47.3872,-19.6358,atrocitas,possimus,acquiro,attollo,cupiditate,templum,tamquam,69,12.854289148451379,75,cultellus,3,0,4,true,0.21485245258356717,2018-07-11T13:34:00.389Z,Bernhard - Roberts,false
37810da4-bde6-4391-b8f1-ae94d3be8a9e,2023-11-30T23:17:26.254Z,East Adrien,Ohio,Spain,-2.1442,-81.2366,alter,vorax,vero,spero,compono,celebrer,ulterius,30,101.34817918080867,78,tonsor,5,0,1,true,0.014458366595729827,2019-04-30T08:59:29.535Z,Treutel - Volkman,true
13daf124-1831-47a8-8ce9-06e2503d33ee,2018-10-31T23:25:21.753Z,New Alvertaborough,Illinois,Singapore,-18.0235,79.1536,qui,vinculum,depopulo,adiuvo,adhuc,aureus,tum,91,227.46541874016467,85,aro,2,1,3,true,0.11295536496615918,2022-05-25T04:04:14.922Z,Huels Inc,true
a4981d1c-0e78-4d40-b23f-a44bd91caab2,2021-03-12T23:28:54.829Z,Winston-Salem,New Hampshire,Germany,-6.7232,-66.7119,quisquam,comitatus,cuius,arceo,beatus,calculus,defendo,91,24.60114905015514,41,cotidie,4,0,3,true,0.018739765246737983,2024-10-18T01:14:15.924Z,Kassulke - McClure,false
a10a13c7-9d7f-49c3-935b-6d5d25516bb8,2020-03-30T14:37:30.082Z,Johnstoncester,West Virginia,Moldova,42.5352,-172.9691,triumphus,comptus,verus,angustus,custodia,amiculum,sordeo,53,170.5749311765318,60,debitis,3,2,4,true,0.20263064303633596,2020-04-12T19:39:19.531Z,"Hoeger, Jenkins and Weber",true
4dff38aa-342a-4736-9677-7e2dd664f396,2020-09-29T10:06:22.746Z,New Rossfurt,Louisiana,Jamaica,56.5438,-94.6841,sit,addo,acer,vaco,voro,confugo,et,26,230.49764173903205,39,deprimo,0,1,5,false,0.1816993194721074,2020-02-19T14:21:48.984Z,"Gerhold, Ferry and Mills",true
3a3f1a1e-e485-480e-82d9-3b93fc9785dc,2020-02-21T19:37:13.978Z,Tracy,Pennsylvania,Chad,-33.6293,-153.1886,porro,vomica,tergo,ubi,praesentium,accusamus,tollo,99,41.791002756584,88,stabilis,4,2,5,false,0.024138255755923543,2018-09-29T12:31:32.054Z,Auer - Trantow,false
3ad18cee-cc72-4c74-a1a9-b1f353aa6984,2022-12-12T20:06:23.495Z,Hermistonstead,South Carolina,Democratic People's Republic of Korea,-50.4503,-78.3226,vetus,qui,depraedor,cubicularis,annus,textilis,cupressus,94,139.0248086421439,50,cimentarius,4,1,2,false,0.12998653002508545,2020-11-05T06:23:37.474Z,Kreiger Group,true
b7e41dfb-5217-438c-b450-ed037a1ba314,2020-04-12T00:44:05.837Z,Carterborough,Vermont,Montenegro,-20.731,53.7429,versus,crustulum,maxime,celo,accusantium,ad,vinitor,94,43.580938430342954,81,sublime,6,0,4,true,0.17260872696214263,2019-07-31T06:14:26.395Z,Schmitt Group,false
d4f82b90-0dc9-4673-a826-412fa6d00121,2020-01-06T23:42:12.901Z,New Cleora,Arkansas,Paraguay,-79.6051,-130.6289,auxilium,vulpes,nobis,terga,tredecim,benevolentia,trepide,72,170.04789152035028,88,nulla,5,2,5,true,0.094020393338304,2020-11-03T20:00:54.315Z,"West, Dare and Pouros",true
2bb55cfe-4305-45ce-ac3d-b83a0516d597,2020-12-07T09:31:16.337Z,East Helga,Florida,Tonga,50.8056,131.7098,atqui,tyrannus,succurro,consequatur,defetiscor,curvo,vaco,80,59.89389713373519,74,cras,6,2,3,true,0.22210610204327516,2020-11-25T04:17:13.761Z,Wilderman LLC,false
d7dcdcfb-a561-49e8-b242-cd25ca4a3996,2023-06-04T01:39:44.846Z,South Shyanne,Oregon,Belarus,-9.307,-164.5838,causa,accusator,tribuo,curto,apostolus,eligendi,rerum,44,57.84683202283275,57,spiritus,2,1,1,true,0.115299814252633,2025-01-15T07:42:21.136Z,"Wunsch, Mosciski and Boehm",true
971e0e2f-92e2-4745-a159-c9dae5a5d7f1,2019-04-16T05:35:42.972Z,Burleyfield,Kansas,Palau,75.7075,-31.3087,abduco,speculum,vestigium,alioqui,teneo,approbo,uxor,65,150.54426336667484,19,tantum,2,0,1,true,0.22175633233784323,2022-10-01T10:44:02.570Z,Waters - Breitenberg,false
59df790f-7b69-4792-8756-f90e5f9d4966,2022-06-19T03:48:49.681Z,Lake Sethstad,Kansas,Ireland,47.9398,-65.5643,confero,assumenda,timidus,centum,cresco,ago,delectus,33,144.12297668746075,62,utrimque,5,1,2,true,0.13634680142017405,2021-11-24T16:15:54.684Z,Farrell and Sons,false
a2fa406b-cae2-44f9-9311-0409e6f8e0d1,2021-08-19T17:54:35.540Z,Wendellhaven,West Virginia,Andorra,65.1633,-32.4554,aetas,arbitro,ater,tunc,defetiscor,velum,vestigium,21,20.65834530800915,72,natus,4,0,4,true,0.10886283053970275,2022-06-05T08:57:39.658Z,"Strosin, Abshire and Dooley",true
526150e1-abbc-4775-a28f-020475af6c1b,2018-04-18T09:46:26.418Z,Grantville,Nevada,Dominican Republic,3.1606,-133.5548,temeritas,omnis,abbas,comminor,vulgaris,speciosus,deprimo,68,88.76340597454707,47,vestigium,0,2,2,true,0.1394394079577329,2025-02-24T07:51:31.532Z,Kohler - Greenfelder,true