accident_id,incident_datetime,city,state,country,latitude,longitude,road_name,road_type,intersection_type,accident_type,weather_condition,road_condition,light_condition,speed_limit,actual_speed_kph,driver_age,driver_gender,casualties,fatalities,vehicles_involved,alcohol_influence,blood_alcohol_level,weather_reported_at,reporting_department,pedestrian_involved
a5aa6607-ad9c-4254-92fb-eab5cc1489b8,2018-07-07T03:45:27.308Z,Framingham,Arkansas,Libyan Arab Jamahiriya,-6.6614,-163.8545,admiratio,conspergo,cotidie,sui,aspernatur,tot,strenuus,113,73.37701706540919,92,admiratio,6,0,2,true,0.22204372817275353,2023-12-29T10:15:33.611Z,"Blanda, Kovacek and Ritchie",true
00830f3e-d912-462f-b9e7-c44b48b7020d,2024-01-20T06:50:30.232Z,Schoenport,North Carolina,Guernsey,47.4175,116.0687,timor,corrumpo,conforto,recusandae,annus,suscipit,amissio,76,93.08575523349333,61,ars,5,1,2,true,0.07100824831496366,2023-01-14T01:05:05.287Z,Botsford Group,false
9eb2b3db-6cb7-4156-b63f-0df646dbbdd7,2020-12-25T13:07:54.713Z,Ottisstad,Minnesota,China,-79.6462,149.4559,vir,alias,uter,occaecati,cerno,deorsum,subvenio,117,185.70415150754826,19,voluptate,0,1,1,false,0.14815173626616923,2019-05-11T09:56:29.753Z,"O'Hara, Kautzer and Little",true
405a8cc4-56ca-4706-8b43-a1a47a7c25d9,2021-07-15T15:24:55.153Z,Port Gordon,Kentucky,Madagascar,-18.1422,-78.9129,accusamus,currus,vigor,eaque,beneficium,et,admiratio,126,213.292353786724,18,alveus,5,0,3,true,0.19969663459805218,2024-01-25T08:36:28.659Z,Kautzer Group,false
b1d3731b-d838-4382-bb5b-38d6800fe134,2021-11-18T06:39:13.305Z,Hodkiewiczburgh,Wisconsin,Russian Federation,33.2537,173.1131,nam,uredo,surculus,omnis,utrimque,curvo,dolorum,76,185.24348924535377,18,cupiditas,1,2,5,false,0.12442276999789448,2021-05-30T03:02:38.703Z,Kovacek and Sons,false
4c841c4b-2638-4215-8362-dafde8f9b451,2025-10-17T14:46:26.407Z,South Cristianberg,New York,Liberia,-56.725,-158.6464,aeternus,acies,voluptas,tabula,tracto,caute,dolorem,23,168.3709966574914,71,abstergo,6,0,3,false,0.21795671835059413,2023-05-18T18:55:17.884Z,"Russel, Little and Kub",true
fefae294-60a1-4f22-8ab6-e4eb1cc1f04f,2024-04-16T22:45:20.808Z,South Moses,Kentucky,Panama,28.7249,56.182,ver,quaerat,adsum,degenero,ultio,creber,vulnus,38,142.44643308746495,47,bardus,2,0,1,false,0.22050101488987905,2021-06-05T18:08:13.953Z,"Cartwright, Casper and Cassin",false
fabded70-5d86-484d-8461-259ffa595581,2023-02-18T00:38:11.462Z,East Glenstead,Arkansas,Mauritania,75.4098,-125.0436,uterque,in,adiuvo,cribro,custodia,caecus,coepi,31,60.117584108427536,84,fugit,1,1,3,false,0.03795787406593554,2025-10-15T06:23:18.363Z,Miller - Kozey,true
a198273e-aceb-4bde-811a-15a3448e1e6a,2021-08-15T20:27:12.415Z,Baumbachton,Massachusetts,Philippines,-72.9194,-20.9589,crebro,cohaero,ex,angelus,at,usitas,nulla,49,95.69611767569104,27,defluo,6,1,2,true,0.043285655067724194,2025-07-05T03:22:42.603Z,O'Keefe and Sons,true
29b37f74-cb61-4e79-8ece-99915499982e,2019-10-20T05:25:30.776Z,East Dominique,New York,Serbia,-37.3081,152.8023,advoco,autem,vulnus,terga,texo,desino,despecto,103,117.16140175252666,98,vos,0,2,2,false,0.20199522889785976,2018-05-14T09:53:26.381Z,Welch Group,false
050c3af5-ec87-4d7c-8218-245dbebb3329,2025-04-08T07:51:12.287Z,Jarrettworth,Idaho,India,22.9244,-26.7963,valetudo,thorax,aeneus,clam,carbo,cito,cognatus,31,44.556800657787825,41,temperantia,2,1,3,false,0.06498117268788406,2019-12-28T12:24:29.416Z,Hilpert - Schmeler,true
21082727-f9ce-4f5c-a9e7-fda7c920e874,2024-06-16T03:09:36.753Z,Irving,Florida,India,44.6322,-6.4571,vel,officia,aperiam,cunctatio,alienus,coniuratio,sed,130,60.41024130000504,46,admoneo,5,1,4,false,0.09076595910133489,2020-05-31T04:45:14.878Z,Wyman Inc,true
7853c1aa-4c4f-4141-9700-e775376a93c9,2022-10-03T23:05:33.957Z,Josebury,Washington,Micronesia,49.8171,-173.9265,aequus,patria,tactus,ratione,ratione,taedium,curis,48,60.486764700244365,60,decor,0,0,5,true,0.15604248434931384,2018-12-07T05:44:38.971Z,Hessel - Reichert,true
9c31cd3a-1982-4534-954f-de3c1d524a1e,2025-10-28T06:26:25.413Z,Fond du Lac,North Carolina,Turkey,-30.9719,89.4792,comburo,ademptio,arcus,voluptatum,strenuus,tum,porro,73,190.0712807080972,91,clam,2,0,4,true,0.17467506374477232,2022-06-01T02:03:45.551Z,Becker - Goldner,true
22ec5b31-e012-49b0-b1e1-dc84a9f8adda,2020-10-07T09:51:20.761Z,North Jackie,Minnesota,New Zealand,-44.2944,-161.2724,supplanto,ars,aestas,ars,enim,delectatio,deripio,73,153.07475348822072,92,talio,4,1,5,false,0.2284748272554023,2018-06-28T22:34:41.655Z,Kertzmann - Schaefer,true
2fd1dd19-672d-4a80-b2b7-212b19c91b50,2023-03-25T19:02:37.412Z,Nicklausfurt,Utah,Panama,-57.2627,-175.5864,tricesimus,demoror,in,deserunt,demergo,subito,xiphias,113,162.31247690625523,57,absconditus,3,1,1,false,0.14990584148671265,2022-10-11T20:37:22.267Z,"Homenick, Muller and Reilly",false
66ca767c-b410-4137-aa77-faf0fd32434b,2025-07-14T18:10:14.765Z,Jonesboro,New Hampshire,United States Minor Outlying Islands,40.0327,169.9125,eum,ultio,carbo,dapifer,impedit,vigilo,venio,121,49.55145010275547,34,totam,4,0,2,true,0.04280730231874097,2021-11-06T02:38:43.122Z,Harvey - Walsh,true
54524d89-21a0-47e4-8d84-3891792eb9a7,2019-09-20T13:19:13.657Z,Port Julie,Michigan,Luxembourg,-5.747,16.5162,vitium,id,tui,spectaculum,caterva,est,calamitas,56,107.71493772214703,57,deprimo,0,0,1,true,0.12488321797314544,2023-10-10T16:40:02.277Z,Orn - Borer,true
de6d4c09-0b14-48bc-a571-fd47b81e1302,2021-10-17T00:16:00.754Z,Tucson,Pennsylvania,Armenia,-33.8593,-163.3489,damnatio,adficio,cicuta,verecundia,vinum,ulciscor,uxor,108,105.7357710791919,30,cogito,2,2,5,true,0.244211370837294,2019-11-04T08:39:51.669Z,"Weber, Will and Reinger",true
e05fd62b-abf5-4b91-a112-fdd210918551,2023-05-31T12:03:05.328Z,St. Cloud,Ohio,Estonia,-50.9588,-101.3587,id,aufero,vulnero,aggredior,id,ustulo,defleo,68,127.89257958747827,97,cicuta,2,2,1,true,0.23738082789900317,2024-10-21T20:01:12.040Z,Yost - Littel,false
1e868482-99a3-450c-9802-a53767b774bd,2024-07-10T08:56:38.431Z,Wunschfort,Maryland,Trinidad and Tobago,21.0124,-7.8103,umerus,ascisco,universe,quia,carcer,utroque,aro,44,236.28084604522687,77,tracto,5,0,5,false,0.1984181422975455,2024-11-29T17:27:37.531Z,"Feil, Kub and Lebsack",false
a334955e-d68c-4a95-9b4b-e7651fc13c2a,2021-09-18T15:15:17.760Z,Janemouth,New Hampshire,Solomon Islands,5.7021,27.3157,infit,degusto,suus,usitas,comis,titulus,cogo,92,117.56964353681997,83,numquam,6,0,2,false,0.035489956695167385,2020-03-29T13:18:19.954Z,Bogisich - Goodwin,false
a2ca1a3a-3116-49dd-be37-6a17d1c27bb7,2022-05-01T14:47:54.022Z,Port Quentin,Washington,Hong Kong,84.3322,-131.5083,cito,temeritas,tollo,numquam,voveo,conor,quia,53,142.14093110396036,84,aliquam,0,0,2,false,0.03331026000394072,2020-09-23T04:47:25.579Z,Hamill - Douglas,true
1303c0e2-180b-4cfc-ac72-26c8bb8043ac,2019-05-03T10:51:30.500Z,Santa Maria,North Carolina,Pitcairn Islands,-56.8134,-125.531,aeneus,virtus,coaegresco,attonbitus,sublime,aetas,sto,107,77.66393906715331,38,articulus,0,2,1,true,0.05174353491703357,2020-04-15T20:31:30.384Z,"Kautzer, Robel and Kuvalis",true
d550f0db-8d92-43f2-9089-eb23a11148a9,2023-01-22T15:17:14.250Z,South Orinland,New York,Equatorial Guinea,72.8882,19.5503,tabgo,somnus,torrens,animi,carmen,cernuus,agnitio,42,63.73784266706886,22,turbo,3,2,1,true,0.0766372945410351,2022-01-27T17:22:27.538Z,"Bogan, Goodwin and Lueilwitz",false
8821fe84-aeb4-42a1-8b1a-f5c42c4fc653,2023-02-12T14:39:29.290Z,Smithamborough,Indiana,Oman,22.4654,-47.81,allatus,speculum,versus,natus,voluptates,rerum,dignissimos,83,34.512502314759075,64,crebro,1,1,1,false,0.21869603502704632,2020-08-13T00:31:58.367Z,Emmerich - Armstrong,true
c046d413-4a16-4f31-abf6-9f43d6adf6fe,2023-10-20T02:28:22.497Z,Stratford,Hawaii,North Macedonia,-65.8417,7.6414,tenuis,clibanus,civis,auctus,caelestis,aveho,sponte,106,158.7134839100039,17,subvenio,0,1,4,false,0.08292972316446168,2019-11-10T18:33:55.781Z,"Murphy, Luettgen and Ondricka",false
a8fe2ef9-b667-4aa4-9e64-3e4a25be2fe3,2020-05-03T23:16:42.640Z,South Cristina,South Carolina,Andorra,29.0586,82.6365,volutabrum,talis,quos,aliquid,aperte,torrens,vitium,78,52.84911583936042,90,sunt,2,1,1,false,0.12568923700456572,2025-12-20T17:48:02.644Z,"Sanford, Rohan and Rolfson",true
590be02d-7734-4d7d-b6da-256a74927df6,2018-01-25T21:47:39.915Z,Jerodcester,Utah,Cuba,54.442,-61.2751,appello,somnus,ascisco,arceo,desino,aegre,valens,122,49.62204847578199,24,supplanto,6,0,5,true,0.19995540165794704,2020-01-13T01:44:59.710Z,Wisozk Inc,true
3acc53ae-3e9f-4746-aca7-e40556c6c9b7,2020-03-18T02:05:43.827Z,Lake Jaqueline,Washington,American Samoa,-30.0062,-179.6961,clamo,repellendus,illo,cunctatio,volva,consequuntur,dedico,118,5.148486329615185,49,cognomen,6,0,4,false,0.14506161048825825,2023-05-27T12:14:54.005Z,"Heidenreich, Rempel and Reynolds",true
ce84796b-fe1d-48e7-8fc5-4d27810573b4,2025-06-17T04:23:21.291Z,East Viola,Tennessee,Malta,18.8941,76.1093,solum,volutabrum,succurro,ceno,cohibeo,cibo,expedita,33,86.36044676379332,57,denique,4,2,1,false,0.020060558334458634,2022-09-09T03:34:10.015Z,Rempel - Crooks,false
bc07a5c7-1f34-4321-b9fa-69c34b0442a7,2020-01-07T14:01:20.878Z,Port Maybelletown,Tennessee,Cuba,-89.23,7.9782,viridis,deprimo,averto,alienus,stillicidium,arto,arbitro,108,55.45915962090326,24,atque,4,0,1,true,0.028577077151168195,2022-05-17T19:35:56.852Z,Reilly Group,true
da1755d5-10fc-404b-92e8-7a509baa2e71,2019-06-20T17:29:29.648Z,Emeraldworth,Indiana,France,-4.3109,-117.719,iure,voluptas,supellex,sono,ducimus,speculum,cinis,48,150.8153947942701,85,curia,5,2,1,false,0.14842407527341098,2024-12-08T07:02:13.863Z,Dickens - Conroy,false
576bbd01-f2c3-4d77-a075-f4cfea8161d1,2022-08-16T17:57:04.795Z,Sydniefurt,Alaska,Germany,41.8026,-131.8422,tendo,crudelis,comminor,denuncio,advenio,acidus,nihil,78,185.28456828434705,23,incidunt,6,2,4,false,0.08056614112439239,2019-02-28T17:48:47.210Z,Wolf LLC,false
8adae828-33f3-4036-bc54-b8300bbf0a67,2020-04-18T01:08:43.395Z,Port Lavinia,Delaware,Panama,-20.8408,-18.1768,temptatio,terga,utroque,terreo,quisquam,nobis,solum,43,46.76957138686491,59,usque,6,0,1,false,0.09349277054898542,2022-03-12T08:55:16.713Z,Klein - Wintheiser,true
a5db11ef-74d6-4332-bd90-e8d65f865c5c,2023-01-15T17:09:20.411Z,Jamesonburgh,Illinois,Bouvet Island,-60.0918,-139.5712,curriculum,tui,stultus,texo,culpa,solitudo,vorago,70,92.42310674542522,22,aliqua,0,2,3,true,0.0703528626587682,2024-05-03T23:32:17.481Z,"Aufderhar, Bode and Hahn",false
3af08059-5acf-4ad0-baa7-3140091fb945,2024-12-12T05:01:19.214Z,Quitzonland,Louisiana,Congo,69.4754,-86.3536,perspiciatis,at,aperio,ager,caecus,coruscus,adduco,109,120.31163442645615,24,decor,3,0,4,false,0.24788818871745547,2020-09-04T21:56:53.168Z,Goldner Group,true
85482a28-9ae4-4328-bb3d-7cb6eac6c5d1,2025-04-12T08:16:58.815Z,New Amandaland,Idaho,Switzerland,-6.6554,-62.4528,delibero,dolore,aedificium,ex,tametsi,veniam,balbus,82,210.94690852230516,93,qui,5,1,5,false,0.12381058032480438,2020-05-29T13:16:44.691Z,"Kautzer, Hyatt and Fay",true
ac59a684-b734-43d3-aa96-f38550f5743f,2022-04-08T12:23:57.268Z,East Dennis,Texas,Angola,-23.8729,72.3819,pauci,sophismata,omnis,nisi,crudelis,dolores,adulescens,30,189.12881267172264,83,ventus,0,0,1,true,0.1946572190893924,2020-03-11T01:50:01.675Z,Hilpert - Stark,true
82e94b69-a12e-4b8f-a696-1a67915217e7,2022-09-07T00:41:56.146Z,East Katlynncester,Iowa,American Samoa,67.985,43.3929,adicio,hic,sumptus,sollicito,victus,subito,tabesco,84,220.32864581395867,93,virtus,0,1,1,false,0.1824663501624956,2019-07-07T18:11:02.343Z,"Blanda, Volkman and Bartoletti",false
f447dc27-b33d-4de4-8e08-0729c15a2c84,2020-09-03T02:00:23.752Z,Altadena,Virginia,Palau,-57.5206,-131.1449,vulariter,esse,aranea,viscus,tui,deprecator,tendo,51,43.14372456829527,66,voveo,2,2,4,false,0.21509855688446064,2022-10-11T22:22:40.815Z,"Kihn, Feil and Kemmer",false
68a6ffea-7e43-4296-852b-bd12a842ce02,2020-06-08T14:40:36.983Z,Fort Shanna,Alaska,Thailand,16.1642,13.0051,ceno,absconditus,aptus,villa,vetus,bellum,nam,129,152.89469720200572,32,cribro,3,0,3,true,0.048437118541316104,2023-06-11T07:09:09.219Z,Nolan Inc,true
8ecbb54b-df40-41bd-b30a-37e0dcf0d4a7,2024-05-29T03:09:47.479Z,Nikoside,Iowa,Marshall Islands,11.4457,-178.6668,delectus,cattus,termes,urbanus,canto,aggero,soluta,39,171.2135850083238,50,conqueror,3,2,4,false,0.24597692105100508,2021-12-26T22:14:33.251Z,"Kihn, McLaughlin and Sporer",true
62e3466e-0f76-472c-8641-e74bc5db8031,2023-08-04T07:19:06.732Z,Spokane Valley,Vermont,Maldives,46.6757,-172.2733,perferendis,totus,neque,aestas,agnitio,celo,deduco,58,142.36418209934584,26,facere,3,0,5,false,0.10424412004688777,2022-02-17T13:47:00.366Z,Adams - Lindgren,false
50201d7e-d8b8-428a-97e6-2a2930de5673,2019-03-05T23:26:22.172Z,Maple Grove,South Dakota,Sao Tome and Principe,66.4517,-79.1308,sapiente,viridis,aedificium,cura,advoco,averto,tergo,102,10.875237512421458,96,casus,5,2,1,false,0.13465628457380086,2024-07-31T01:50:24.639Z,Dickens and Sons,false
4c62b980-9e33-4841-9de0-9e35b93e55e5,2019-05-03T01:46:59.333Z,Wizastad,New Hampshire,Zimbabwe,-86.964,-58.8868,ars,cunae,caelum,creptio,abscido,veritatis,supplanto,24,177.91874924685735,41,tripudio,1,1,2,true,0.06601874049416864,2021-03-12T20:44:13.885Z,Heller - O'Reilly,false
f0a21227-923a-4cc3-bbbf-c2b56568e83b,2018-04-12T17:53:41.269Z,Nestorborough,Delaware,Pakistan,-68.1532,68.8875,caecus,usque,vix,creator,doloremque,tempus,repudiandae,70,3.507673553087418,16,adulatio,0,1,1,false,0.1767457982184765,2025-12-01T06:48:34.756Z,Hermiston Group,false
da58c190-cf9a-4edd-a97c-4ec0f5763492,2025-09-09T21:05:52.085Z,Lake Aleenstad,Rhode Island,Tajikistan,85.8541,151.4113,spiritus,ullam,ter,volva,absorbeo,cohors,patrocinor,86,21.07068509812067,60,adopto,6,0,4,false,0.16055327407800293,2025-08-28T10:43:05.213Z,Morar - Schuppe,true
aeeb5c3f-6feb-41e3-bec2-74eff9263950,2018-02-22T15:51:51.368Z,New Sierramouth,New Jersey,Uzbekistan,15.2396,-165.9952,defaeco,clamo,ter,cogo,doloribus,arbor,aiunt,53,168.02890454619407,63,peccatus,3,1,2,true,0.021000245531526185,2021-03-30T07:01:30.019Z,"Franey, Nienow and Barton",false
48d7fe8b-ffe5-4668-bef5-0ff68f8e3728,2025-11-05T22:09:18.738Z,Kent,Montana,Italy,0.6259,-79.2941,arma,tero,varius,arcesso,utpote,arx,cometes,66,64.54758058230274,51,apud,4,2,2,false,0.20019866024586208,2024-04-25T01:43:03.277Z,"Raynor, Legros and Considine",false
9f13a74d-da40-4022-aa02-a76db7515853,2025-05-05T18:31:11.942Z,New Kellie,New Hampshire,Armenia,81.6567,51.1093,videlicet,alias,subnecto,adstringo,contigo,utor,iure,31,146.17711697965288,98,caecus,4,2,3,true,0.00813408291664433,2022-06-02T14:36:45.576Z,"Kunde, Grant and Howe",true
6fb324f6-bbda-444b-9f91-e021c1a645b3,2019-07-31T22:03:13.029Z,East Orange,Utah,Qatar,38.7063,176.4191,dolorem,tandem,sortitus,cotidie,sub,thesaurus,credo,26,36.75246548404998,82,ceno,5,2,3,false,0.2044602045660691,2021-02-12T04:08:31.746Z,Wolff LLC,true
62422c68-6d4b-47ac-bf1a-60ca5ad669c7,2021-09-20T19:42:45.747Z,Lancaster,West Virginia,Philippines,-13.9472,-42.9458,coma,virgo,concido,spiculum,aspernatur,dicta,similique,52,29.08242423102653,64,auxilium,6,1,2,false,0.03979599052378169,2024-04-13T22:37:28.612Z,"Watsica, Thiel and Cartwright",false
97781810-2107-41c4-b62e-fe4424321cc3,2022-11-04T06:47:41.203Z,Rahsaanstead,Vermont,Zimbabwe,-84.5962,153.5225,calcar,vacuus,defaeco,aptus,tergeo,denuo,spargo,95,108.19075437874913,24,cenaculum,6,0,3,false,0.11557165943225037,2020-05-06T16:51:40.900Z,"Kuhn, Stokes and Altenwerth",true
7a557be7-9b92-479e-b4ef-05e2239e5cbb,2024-08-12T13:40:59.626Z,North Bettiestad,New Mexico,Russian Federation,-46.4566,-35.1205,capillus,attonbitus,deficio,blanditiis,delectus,crudelis,cribro,123,54.447783524881444,42,amo,5,2,5,true,0.04638041145758595,2022-06-09T05:49:35.582Z,Parisian Inc,false
a1db9eba-fb97-4eab-9b27-d3d88b1f8c8e,2024-01-09T10:01:26.620Z,West Bryanabury,Illinois,Argentina,-27.5031,3.1492,placeat,suffoco,vestigium,ubi,patior,aufero,urbanus,125,186.61124376364108,51,tempora,4,1,3,true,0.012857374793308368,2018-08-28T07:57:01.409Z,Rau Inc,false
316ea9e6-981a-4bfa-87d5-2904cb68365b,2021-11-20T04:47:32.914Z,Labadiebury,New York,Ireland,89.9585,168.2501,utor,crinis,rerum,sit,audacia,curso,autus,123,119.06717664870182,92,beneficium,6,0,4,true,0.08520727585812388,2020-07-25T20:59:03.438Z,Bauch and Sons,true
3a180b4a-16ad-4513-a983-7f5880b52bbd,2023-04-17T21:24:14.174Z,North Glen,Georgia,Solomon Islands,48.9745,3.8381,acervus,cruentus,iure,desidero,tamdiu,thalassinus,auctus,125,198.32082855562444,24,exercitationem,5,1,3,false,0.11982794914355527,2022-05-28T10:02:57.499Z,Zemlak Inc,true
48596e0e-c8f9-4197-aec8-668efc2c847c,2025-10-01T02:29:13.940Z,New Janiyatown,Indiana,Monaco,55.8584,34.6761,cruciamentum,cohaero,vita,spectaculum,porro,occaecati,synagoga,117,64.49334091188562,44,textilis,5,2,4,false,0.18964492948931494,2020-08-30T14:59:20.016Z,Christiansen and Sons,true
11d5db58-1c39-4e86-ae7b-1e3fbd81474d,2018-06-02T18:40:32.273Z,East Pinkie,Mississippi,Bosnia and Herzegovina,75.6675,88.0799,conforto,clarus,pauper,acceptus,averto,conitor,conspergo,126,159.25225061966415,50,communis,6,0,5,true,0.05942098590908923,2021-08-22T18:04:24.549Z,Keeling - Jerde,false
e05aeedd-c215-4a2e-8169-ddcacec1cb5e,2024-06-30T16:10:03.948Z,West Babylon,Kentucky,Gibraltar,73.6835,-157.1674,beatus,volubilis,texo,dedecor,concedo,barba,amita,63,64.86724536077334,88,audentia,1,0,2,false,0.07040355172796123,2020-08-08T22:06:15.196Z,Volkman and Sons,true
2206f436-e23e-4032-9267-5e0363aca6c2,2018-01-14T07:33:36.784Z,South Leotown,Arkansas,Nicaragua,23.1293,-62.0417,argentum,architecto,vivo,laudantium,eum,ulterius,charisma,66,4.4490207398793835,99,vilicus,6,2,1,false,0.0822585013720642,2022-05-27T22:46:33.193Z,Von - Champlin,false
4e5b8746-9745-44a8-a19c-ba425b9e4e88,2024-04-06T18:07:27.423Z,Pocatello,Minnesota,Saudi Arabia,66.3986,-42.7356,sunt,una,uxor,aetas,tremo,sortitus,ventus,66,51.50442809612421,67,conitor,0,0,5,true,0.07770972139537233,2024-01-22T23:59:20.445Z,Monahan - Little,false
efeefe39-a15e-41e8-87c4-179688f4794b,2022-08-20T06:57:44.504Z,Candiceside,Missouri,Mauritius,55.3453,-169.6161,cito,subiungo,adinventitias,sed,suscipio,amplus,cruciamentum,33,208.6412570412886,17,tametsi,3,1,3,false,0.0539094952076877,2020-01-23T18:43:29.332Z,Schuppe Group,false
120c65f5-ec77-4b0d-bad3-eb945c4bddbf,2020-02-09T17:49:33.947Z,Abagailcester,North Carolina,China,-86.2568,178.6467,ocer,odit,baiulus,asper,pel,deludo,textilis,113,145.47361620936942,88,fugit,1,2,5,false,0.018953042034260487,2025-09-16T17:37:53.060Z,Rowe - Weissnat,true
5784ef39-2c2c-4389-96fc-aa857fb85a2a,2023-03-22T22:50:27.756Z,Littleton,Massachusetts,Cayman Islands,70.1679,48.7051,sum,deripio,sodalitas,theca,curvo,ratione,valde,78,91.84804702159114,30,ambulo,1,0,4,true,0.11760813787280255,2019-07-29T20:30:03.755Z,"Jerde, Prohaska and Tillman",true
e1cf6f3f-2671-4afd-b2d2-780185ddf29e,2024-10-19T07:27:20.843Z,Rutherfordmouth,South Dakota,Mayotte,-74.5675,-167.1269,admitto,sollicito,suspendo,repellendus,crapula,tergiversatio,coma,72,237.9901731557432,31,ventito,2,0,3,true,0.14877207298456094,2020-06-17T12:23:55.979Z,"Streich, Mraz and Witting",false
cce31e89-c866-4f02-9c96-30564acbdcf8,2018-10-31T06:44:50.991Z,Oro Valley,Florida,Grenada,-54.264,44.5937,odio,candidus,quidem,utrum,ab,territo,claudeo,46,16.849397278527157,94,titulus,6,1,2,false,0.07342861186028393,2019-07-23T06:00:07.132Z,Swift - Hessel,false
18fcb379-896f-4a45-ac1d-f3fd7c52531f,2019-08-01T03:45:23.095Z,Hoseaport,Montana,Botswana,15.1145,133.0252,desino,recusandae,verbera,crudelis,combibo,vesco,volup,83,35.96671948819222,51,viriliter,2,1,1,false,0.24185910736730257,2023-10-04T00:25:54.592Z,Howe - Satterfield,true
efc3d788-33b1-4de4-814c-4d753b5ffb58,2018-12-26T16:16:27.160Z,Downey,Georgia,Montenegro,25.7793,-18.7094,sapiente,aequitas,nihil,rerum,beneficium,totam,doloribus,87,198.85204144832738,23,cupressus,1,2,5,true,0.04501307797861387,2022-08-04T08:42:16.541Z,"Hudson, Crooks and Abbott",false
b0606197-7612-4a1b-9cd9-23710cc6c0a9,2021-07-27T08:29:52.813Z,Bulahton,Idaho,Taiwan,-86.9766,-68.4192,reiciendis,neque,blandior,cupiditas,admitto,tantum,amissio,52,72.90943406400316,66,virgo,5,0,5,false,0.1574564170721275,2023-07-10T03:59:10.676Z,"Buckridge, West and Rolfson",false
95feef63-83f9-4cc3-ade9-3621f1100d06,2018-11-23T10:45:13.596Z,Surprise,North Carolina,Turkmenistan,76.0453,-48.4106,adimpleo,cotidie,volubilis,vilis,decimus,utrum,vesco,77,36.76592418813408,36,corpus,3,1,2,false,0.24953617526538752,2025-04-07T06:19:55.830Z,"McCullough, Lakin and Ondricka",false
06d12819-f7d7-458b-8163-1ec07eee5dd6,2019-10-30T08:11:01.143Z,Savanahchester,Kansas,Tuvalu,-37.6729,-2.6348,officia,cruentus,admoveo,uterque,charisma,perferendis,vix,49,84.48681260324236,23,eveniet,2,2,5,true,0.038157595929503185,2025-10-06T00:07:22.342Z,"Pagac, Douglas and Donnelly",false
36d254d7-4cf3-4356-8d31-06c54536a773,2025-02-05T00:07:16.201Z,South Zanefurt,New Hampshire,Egypt,3.5545,-39.4147,vitiosus,cohibeo,crux,cedo,substantia,delinquo,curtus,30,132.84861743776113,46,concedo,4,0,3,true,0.1528854713400091,2020-08-17T16:12:15.415Z,Nienow - Mante,true
5ac6637b-04a1-440c-b76b-15b93ec23fa0,2021-08-12T20:40:52.877Z,New Johnsonmouth,Rhode Island,Suriname,82.9206,-159.7066,ulterius,amitto,volubilis,terra,pecus,statua,tempora,75,125.22003663677147,85,tametsi,6,1,3,false,0.16882096811362932,2024-04-09T23:18:09.840Z,"Funk, Jerde and Gutkowski",true
540cd4e2-12fb-4262-9a14-fcd30d0ea1a8,2020-02-15T13:39:10.697Z,Mariacester,Wyoming,India,79.5356,95.995,fugit,quisquam,autus,vulticulus,capto,angelus,verus,33,182.17899323581847,28,desparatus,5,2,2,true,0.09895643767241208,2020-08-09T02:05:46.757Z,Jacobs - Franey,true
722395bc-8fb7-4afa-abab-e4cdc310b883,2021-07-26T09:59:03.485Z,Generalville,Tennessee,Republic of Korea,-11.8563,124.8454,aperio,delectus,congregatio,crebro,aeternus,cur,vester,101,151.0582939661182,82,decimus,0,1,3,true,0.14072861722541857,2020-08-23T15:23:03.682Z,Bogan - Grady,true
cbfe45d9-db92-45f6-8db4-fc9e4e0543da,2025-04-11T17:33:12.118Z,Collinsmouth,Wisconsin,Namibia,71.2936,-164.2787,coniecto,tam,vitium,soleo,demergo,cubo,ulciscor,70,76.60031423631509,85,somnus,3,0,2,true,0.18697328604132898,2021-08-16T00:29:03.385Z,Reichert - Kertzmann,false
f582f65c-0bcc-45bf-a0e1-f5af9c32d7eb,2019-03-19T12:56:00.446Z,Chesapeake,New York,Venezuela,6.5304,25.5472,aliquam,tabella,unde,urbanus,vitae,sono,decens,99,176.36098257261045,91,esse,4,2,2,true,0.07482887669559057,2022-12-16T09:24:41.045Z,Hilpert and Sons,false
319b8084-7998-45ab-8c5d-a2496c27b298,2020-12-16T14:14:03.862Z,Ericville,Texas,Jersey,24.0804,126.0136,viscus,antea,accendo,viscus,abstergo,aequitas,vergo,20,208.57961224927888,21,thalassinus,3,2,5,false,0.0983710766300401,2019-12-09T22:06:06.986Z,"Kris, Champlin and Glover",true
f928f741-4ca8-43ee-ae40-b58801febbe2,2018-08-13T17:45:28.136Z,Beerberg,Montana,Portugal,-52.6558,-9.8312,corpus,avarus,denuncio,suffragium,facilis,tardus,depulso,129,218.5412133818465,26,crepusculum,5,0,2,true,0.14912345584611875,2018-07-27T09:27:10.939Z,"Considine, Bashirian and Kerluke",false
08f7cf88-2f41-46de-8e3d-41b51ed3c016,2021-02-01T10:28:06.644Z,South Gabriellaton,Georgia,Estonia,-70.8979,-133.4742,tricesimus,amplitudo,arguo,tantillus,esse,illum,aranea,44,43.53288096192472,71,tum,5,0,3,true,0.18214156221190644,2019-06-11T07:56:17.781Z,Barrows Inc,true