accident_id,incident_datetime,city,state,country,latitude,longitude,road_name,road_type,intersection_type,accident_type,weather_condition,road_condition,light_condition,speed_limit,actual_speed_kph,driver_age,driver_gender,casualties,fatalities,vehicles_involved,alcohol_influence,blood_alcohol_level,weather_reported_at,reporting_department,pedestrian_involved
72d9a26c-b937-49da-b3ad-f1b31c89c879,2021-02-05T08:54:56.048Z,South Cristopher,Virginia,Azerbaijan,75.6966,-4.0486,dolor,amissio,defero,comprehendo,valde,demum,argentum,46,201.01001309506782,86,curatio,2,0,1,false,0.03318941075125212,2025-07-08T06:54:16.371Z,Altenwerth - Ullrich,false
d55bea54-e6fe-4715-a44a-445698a97561,2021-05-03T02:25:13.385Z,Darrellport,Nevada,Somalia,-59.1477,109.0425,video,timidus,cuius,anser,aranea,turpis,alias,24,212.32634405971612,72,blandior,5,0,5,true,0.1981457769827238,2024-06-30T13:04:44.324Z,Predovic LLC,false
a210ac3e-5e79-4c1c-aa8a-dbe56e2523f9,2021-05-10T10:36:02.427Z,Vacaville,Iowa,Paraguay,-18.0895,49.0603,appello,cursim,acervus,consequatur,peccatus,commodo,desparatus,22,168.50548248309167,21,deputo,2,0,3,true,0.13340434481885677,2023-06-05T07:59:44.260Z,Ernser and Sons,true
57c92f15-265b-491a-ab22-9ebe89572e69,2024-03-18T03:45:50.250Z,Maricopa,Maryland,Isle of Man,13.4188,-114.9675,tabesco,asperiores,verto,cur,ascisco,deleo,brevis,58,78.28652792417566,53,creta,6,1,3,false,0.07050189478703608,2024-02-14T08:50:06.426Z,"Fadel, Rosenbaum and Stark",false
f0dd22e1-2f08-4758-a343-2e7b717e23df,2018-07-03T04:44:13.295Z,Volkmanstead,Wyoming,Togo,-22.3222,-20.413,usque,turbo,vulgaris,centum,cura,cuppedia,pariatur,40,225.09172064146955,100,vacuus,2,0,2,false,0.009390814227074024,2018-06-05T09:32:31.221Z,"Purdy, Ebert and Boehm",true
929029c4-c84d-4ae4-bc88-7b541df98a50,2023-02-19T23:58:12.639Z,Turnerboro,Montana,Mayotte,39.1009,-78.8043,non,spiritus,sufficio,creta,delinquo,conscendo,decor,24,21.862438575632936,86,antiquus,0,1,1,true,0.15625719727461143,2025-10-01T18:08:52.146Z,"Parisian, Brekke and McCullough",false
887a45c3-86f2-4740-965e-97d21c658da2,2021-12-27T04:27:23.288Z,West Darenfort,South Carolina,Central African Republic,-69.8249,12.9696,cohors,degenero,delego,volaticus,adicio,delectus,tandem,68,211.09178951592332,100,veritatis,5,1,4,false,0.08270903822523476,2019-06-23T12:47:30.868Z,Volkman Inc,true
35f4d31c-c592-421c-b91c-0a4bafdf189d,2020-08-22T07:34:23.919Z,South Vernaton,Michigan,Sint Maarten,13.5289,-71.6529,laborum,crur,stabilis,armarium,sed,certe,solium,72,92.28505154735406,54,abduco,5,1,1,true,0.20659685323590019,2023-09-12T20:16:12.307Z,Watsica LLC,true
205b8752-df67-4fe4-afba-c83c8a015802,2024-11-20T10:59:51.540Z,New Rubieside,North Dakota,Antigua and Barbuda,-4.4932,25.4468,eaque,thymum,aut,cura,conspergo,conscendo,tutamen,49,117.85503001822251,43,super,5,1,5,false,0.046091516524813775,2025-12-05T06:49:31.228Z,"Bahringer, Larson and Stark",false
2ca6480c-2e36-46ea-8602-6839070af313,2021-04-21T04:38:22.763Z,Suffolk,Florida,Sudan,35.8723,20.5115,itaque,pel,ocer,tenus,vos,at,demoror,130,57.434541877852595,25,animus,3,0,3,true,0.12568127119954448,2022-05-29T15:43:44.587Z,Sipes Group,true
1e5095c6-1db4-4f00-acd9-8e9e6f576bd4,2021-09-03T15:13:22.438Z,Hirthemouth,Nevada,Kenya,-60.385,142.607,deprimo,vulgivagus,acceptus,summa,apud,concedo,vinco,30,178.90750593510984,67,saepe,0,1,1,true,0.11077635956906448,2019-01-08T07:51:15.739Z,"Jast, Stoltenberg and Little",false
fe0d1d7e-5e41-4a8d-b754-0863cf6628db,2024-11-16T17:32:38.603Z,West Lilyberg,Washington,Cuba,18.2801,-154.2169,conturbo,vulnero,cena,solus,vinitor,ad,valetudo,117,41.39720828606376,87,corrupti,0,1,5,true,0.19750713037034348,2021-09-29T17:56:51.945Z,"Schinner, Konopelski and Bins",true
10078434-dadc-4072-9341-a2a9ad5ad490,2024-01-02T10:17:01.182Z,Lueilwitzside,Mississippi,Greece,8.4699,-174.2817,suffragium,voluntarius,vicissitudo,cohors,tempora,currus,creta,28,229.89950985686082,25,venio,2,1,5,true,0.23418208505823834,2020-09-29T00:13:21.569Z,Lueilwitz - Kohler,false
bc4e35e9-616e-497a-88c5-7f5abfa763db,2025-07-06T19:52:22.546Z,Mannside,Vermont,Bermuda,-81.095,-178.7855,ambitus,sol,abundans,benevolentia,stultus,cultura,aequus,49,89.45965737874621,39,bis,0,1,5,false,0.21661060174670577,2022-11-27T07:18:44.287Z,"Abbott, Graham and Rowe",false
9e153a95-338d-499c-accf-e6d4f39994fa,2024-09-09T20:59:13.485Z,Romainefurt,Rhode Island,Cocos (Keeling) Islands,-81.3035,91.2975,alias,claro,ullus,ars,tredecim,deduco,spero,43,115.40658253445882,34,absum,2,0,3,false,0.11601974596951822,2020-12-08T04:49:27.170Z,Denesik Group,true
a1f6fbe0-73c1-4644-8acd-ed5eaec60aad,2025-04-08T00:47:12.112Z,Loweburgh,Louisiana,Christmas Island,81.8924,-106.3594,spiritus,dedico,votum,vomica,infit,deludo,absorbeo,119,196.83579404789842,47,decimus,0,2,1,true,0.02355992039680324,2025-09-05T06:11:02.965Z,Schmitt - Miller,true
97939575-99ce-49ee-8e54-d4ade9b8dbe5,2020-10-18T15:55:18.962Z,Lednershire,Hawaii,Guatemala,72.0048,77.7515,caecus,vester,spero,cariosus,quo,temptatio,delectus,85,5.6624707265258944,31,caute,2,1,1,true,0.16760323645645817,2019-06-29T06:28:24.266Z,Kuphal - Blanda,false
818aada7-272f-47f7-9d69-ad3d9670b2ac,2025-06-22T21:24:27.072Z,Romagueraside,Delaware,Montserrat,19.9108,-113.0069,deputo,nesciunt,curvo,pauci,ars,tabernus,anser,95,216.0266279955976,78,decumbo,0,2,4,true,0.04811788470550277,2018-11-13T20:55:43.858Z,Considine Group,false
4f429fea-1938-4635-8d4f-07021b50acbc,2025-10-06T13:27:24.693Z,Fort Marvinbury,New Hampshire,Timor-Leste,14.4392,66.927,peior,demergo,ascisco,ipsa,statim,vos,despecto,118,55.52894645869476,43,vulticulus,1,2,1,true,0.060464671965367534,2024-05-21T15:23:19.868Z,"Schaden, Keeling and Friesen",true
4c858c60-2904-4ff5-aca3-a5439f0e52c8,2022-09-22T05:18:26.528Z,East Penelope,Michigan,Democratic Republic of the Congo,11.5565,14.5722,ventito,deludo,vitae,venustas,bardus,vinculum,minima,120,76.08438090390504,17,caecus,5,1,2,false,0.00808305700837958,2021-03-05T11:02:48.429Z,Von Inc,true
8109afb9-a199-48bf-a312-6bb28c785fa3,2018-05-21T01:22:26.493Z,Lake Alfonzo,Nevada,Spain,16.6791,-101.1044,magnam,nostrum,adversus,custodia,cibus,deinde,patrocinor,91,231.37863430898332,17,causa,2,2,4,true,0.06627973511633259,2022-05-22T03:39:43.879Z,"Johnson, Dare and Thiel",false
a54dc75d-02ed-4449-88b3-ce7a4541169e,2019-06-17T22:37:25.484Z,Brantworth,Virginia,Niue,-4.8912,141.423,thymbra,artificiose,vomito,amissio,alius,aedificium,et,96,226.31722625017335,20,eos,5,0,2,false,0.11734301880134068,2023-06-27T19:55:23.684Z,Watsica - Bosco,true
d1ab2cb2-8202-4b6c-b226-e46f75f1a3f7,2024-01-08T22:42:36.059Z,Dexterport,Arkansas,Iceland,0.2482,24.3538,dolorem,coaegresco,recusandae,tergeo,cornu,laboriosam,anser,31,58.71617681225938,67,commodo,4,2,5,false,0.22146014364904615,2022-07-06T05:18:06.173Z,"Schultz, Stracke and Hahn",false
ce823e2f-e447-467c-9aa5-ed075f2498b1,2025-11-25T12:09:13.999Z,Botsfordberg,Oregon,United Arab Emirates,82.4856,100.0033,tepesco,coniuratio,umbra,tardus,uter,spero,a,78,200.36626780980973,59,utpote,4,0,3,false,0.23979467232474955,2025-11-10T12:42:07.217Z,"Hoppe, Wolf and Mills",false
540a7340-ead6-425e-a9ad-6c04c9870edc,2021-07-22T08:45:49.388Z,Evestead,Louisiana,El Salvador,-38.2354,-106.2418,tunc,usitas,tandem,tolero,urbanus,sumo,sol,75,38.38425759093483,94,coniuratio,3,1,2,false,0.10785340807125166,2022-08-18T17:59:38.520Z,"Runolfsdottir, Kertzmann and Littel",false
e0c31282-970d-4bda-80b8-455570f14190,2021-03-20T07:59:44.748Z,Ednahaven,Washington,Colombia,35.3697,-23.0994,ultra,conturbo,volo,aetas,valetudo,vesper,cetera,55,199.200235684321,48,debilito,1,1,4,true,0.06380758216894919,2021-10-23T18:24:41.879Z,"Lubowitz, Flatley and Casper",true
5b583225-b0bd-4454-bdd6-e21d0a172638,2019-11-10T16:35:35.992Z,Windlerside,Ohio,Senegal,-30.6392,-22.5602,atrocitas,voluptates,desolo,aptus,xiphias,comparo,coma,96,165.3099698877782,58,arca,1,1,1,false,0.02072007012505203,2020-11-24T22:27:30.032Z,Kilback Inc,false
67ba2513-af2d-4c6f-a4e2-29a9d07f161a,2024-12-06T08:27:00.249Z,Palmafurt,Nebraska,Rwanda,-14.7049,-165.4886,vomica,tabernus,ambitus,reprehenderit,iure,catena,amicitia,105,170.86853884435217,38,stultus,5,2,2,false,0.13059991697449086,2019-07-24T10:54:14.764Z,"Veum, Lehner and Hauck",false
66f49a73-dec7-4fef-b8c1-fd75c671f8a3,2025-11-11T09:05:53.499Z,West Erik,New Jersey,Malaysia,62.3375,-116.5158,ustilo,comparo,defluo,libero,quisquam,aegre,admitto,67,13.956456794123442,19,pariatur,6,0,3,false,0.17314480949568314,2024-09-26T08:03:26.671Z,"Bode, Jones and Dach",true
2d39b866-43ff-47ee-b33a-8dd87d71e8a3,2023-11-14T15:29:22.016Z,North Las Vegas,Maine,Suriname,-78.7074,-154.8851,acceptus,tibi,casus,vereor,patria,earum,crux,103,187.75464679931022,60,caelestis,0,1,5,true,0.21898010517471872,2024-08-17T09:06:10.448Z,Koelpin Inc,true
d4e6fe69-7683-44db-a904-259cf6639747,2023-03-23T17:59:49.137Z,Tamarac,Indiana,Suriname,80.2687,-169.265,tres,quas,valetudo,tredecim,calamitas,sui,commemoro,64,69.44426146390722,56,thalassinus,0,0,2,true,0.18875114229596632,2025-02-20T12:23:45.725Z,Wyman - Welch,false
5175107b-bf96-41f1-8d4e-54ab5b1782d4,2023-07-06T21:43:09.559Z,Daphneville,Texas,Turkey,-51.171,109.5653,argumentum,vitae,contra,adfero,concedo,adopto,vigilo,88,42.184382663021154,38,stips,1,0,3,true,0.11313017023876187,2018-01-19T05:58:05.675Z,Feil LLC,true
f9886ec8-5681-462c-85ce-da3877d44b05,2023-07-31T17:12:28.504Z,North Bethel,Delaware,Iraq,75.2954,67.5379,supplanto,cado,defero,animi,trucido,accedo,cura,93,236.90550672371953,20,amplexus,1,1,2,false,0.05812421540620352,2022-04-24T09:53:03.624Z,Blanda - Muller,false
1eed1e81-67ed-4e42-8230-71f183173ad8,2018-01-19T16:38:37.351Z,Port Rhianna,New Jersey,"Virgin Islands, U.S.",-1.4963,82.0888,contigo,defetiscor,colligo,aeger,alias,denuo,umbra,34,36.14568942788742,92,aggero,1,2,5,false,0.016227211664533475,2019-06-04T04:21:37.213Z,"Schroeder, Shanahan and Friesen",true
b558e61e-a426-402f-8534-e5b6c9596d94,2022-08-08T05:07:28.993Z,Laurynworth,Iowa,Grenada,-22.7517,111.3635,usus,ascit,vobis,strues,peior,ventito,at,80,203.08747981748343,52,tersus,4,0,4,false,0.19478137275792495,2025-08-31T06:58:49.440Z,Parisian - Satterfield,true
83e32cfe-99de-40e3-8886-1c7096086cf1,2023-09-26T01:07:00.078Z,Fort Kobe,Utah,Kuwait,-52.8839,141.0066,ipsum,demitto,cena,tametsi,accusantium,umerus,credo,95,129.80997614074332,36,occaecati,3,1,5,false,0.19252069259715332,2019-07-29T14:03:37.546Z,Corwin - Blick,true
8d690a90-8309-4b02-822d-969a2ce2c370,2021-04-30T05:37:08.529Z,Rileyview,West Virginia,Afghanistan,22.2556,-83.778,aureus,veniam,libero,adstringo,thema,tonsor,consectetur,55,54.134162770522785,62,titulus,4,0,2,true,0.10686962973546402,2019-09-23T15:47:31.524Z,Ferry Inc,false
d251318f-b7ef-43ff-9e81-15b5a45fd99c,2024-09-21T10:14:48.574Z,Port Elyssabury,Massachusetts,French Guiana,-73.9454,160.9466,amitto,et,tot,tamen,attero,voluptates,audio,76,9.313647712124915,95,calamitas,1,1,2,true,0.0848233062328265,2025-02-10T18:11:40.358Z,Crona LLC,false
a32ba0a4-7e38-42b5-b39b-1a8990c78dc8,2024-01-19T04:40:35.408Z,Rosemead,New Hampshire,Italy,-19.9803,-68.3692,complectus,anser,atavus,deficio,acidus,deinde,bis,105,12.360950995495417,69,clarus,0,1,3,false,0.05218189807433274,2023-01-28T18:55:03.837Z,Hyatt and Sons,true
6e02b178-a4c5-467b-827a-efdcd6473d62,2023-03-29T07:08:48.283Z,Kennithberg,Georgia,Israel,38.494,-78.9137,sumptus,cito,quod,voluptatibus,civitas,appono,balbus,54,209.0554195300335,42,aequus,4,1,4,false,0.13777983285098355,2025-03-03T23:24:52.344Z,Huels - West,true
0181ec51-9a43-4482-ae3a-fe9ac4fe8a13,2021-02-22T10:17:33.881Z,North Kylee,Hawaii,Sao Tome and Principe,-19.6002,158.0666,vereor,vulnero,vitiosus,nulla,auctus,tutamen,benigne,61,103.28280797002655,100,vito,2,0,1,true,0.049977227201779495,2024-09-28T03:49:34.255Z,Fisher - Hintz,false
2fe5c80e-2e79-4146-aa2e-0e6f8e8695a3,2018-03-11T20:39:17.304Z,Port Alphonso,West Virginia,Panama,-82.1024,-72.9157,nisi,vitiosus,corpus,vivo,tergiversatio,curiositas,cogo,48,132.345006192943,34,adulescens,2,1,5,false,0.06587508878782955,2019-06-30T23:13:00.208Z,Gutmann - Lesch,false
9a7735ec-b6ff-4ffb-a4b3-8b14baa50b6d,2019-10-05T12:52:30.304Z,Ziemeboro,Texas,Western Sahara,60.7749,-90.1585,alius,nesciunt,tres,accusantium,tenetur,tempore,copia,98,38.82701969945559,40,charisma,1,0,4,true,0.21378891669968805,2023-04-24T09:14:50.751Z,Rath Group,true
a6638303-79f1-4bde-9c3d-fa98e36ea4b4,2023-04-06T16:11:15.073Z,West Celestine,Nebraska,Honduras,-58.7436,-152.7826,suffragium,deprecator,damno,defessus,victoria,armarium,tabernus,100,196.43112742101695,67,cotidie,5,2,5,true,0.1499288720865905,2020-07-05T23:02:17.292Z,Veum - Gottlieb,true
6c02b591-cabe-4579-99aa-fd1f0d04856e,2025-12-18T23:17:20.754Z,Starkland,Alaska,Cuba,-60.0857,53.8493,demum,conqueror,testimonium,tamisium,aspernatur,repellendus,accendo,63,10.49441315494434,34,capillus,3,2,4,true,0.18123616254287123,2019-10-14T22:55:14.585Z,Kihn - O'Conner,false
f0503e06-0bd2-46d1-8ead-b94949f410b0,2023-09-25T22:22:29.925Z,West Carlee,Louisiana,Dominican Republic,76.558,-89.9888,uxor,defero,aer,tunc,decumbo,coepi,sonitus,27,154.82823677642318,95,subito,0,0,1,true,0.1999467820852521,2023-03-15T22:07:29.767Z,Kunde - Will,false
48109375-2a72-47e0-beaa-22b51ed5ad94,2022-11-26T11:04:10.968Z,Lake Beryl,South Carolina,Hungary,-5.361,177.5762,clam,id,utroque,aperio,abeo,patruus,uter,107,51.59097214707485,57,stabilis,1,2,4,false,0.019127513126170642,2025-06-03T10:44:21.518Z,"Bashirian, Hilpert and Orn",true
120dfd47-3e0b-4c79-b199-cf9383526c78,2022-09-22T18:11:14.028Z,Johnathanborough,Kansas,Dominican Republic,33.0166,-147.6986,asporto,crapula,victus,theatrum,eius,subvenio,cum,128,208.86814475135674,88,quod,1,0,1,false,0.09734450107985809,2021-11-05T05:33:53.650Z,Mosciski LLC,false
a2b14dca-06b5-464d-a57a-88b0d1b034fd,2024-02-07T00:12:20.216Z,East Ellie,Nevada,Aruba,69.8157,-146.6647,viscus,peccatus,votum,adduco,synagoga,adeo,socius,126,122.42081693690274,79,aggredior,4,0,5,true,0.23521133759811913,2023-11-05T22:31:07.274Z,Waters - Stracke,true
8d8f2c83-35e8-4db1-80a2-6d47a0a4cda8,2023-11-12T19:13:52.531Z,Wildermanburgh,Utah,Morocco,70.9091,-21.3998,sono,appello,nostrum,temperantia,adulescens,suadeo,paens,91,74.96255110339499,29,aegre,6,0,1,true,0.20211047292270387,2020-10-20T09:11:34.263Z,Orn - Donnelly,true
1c6df94e-9958-4e13-b8bb-e3eb19185a57,2025-12-13T13:15:25.125Z,Autumnstad,Connecticut,Namibia,16.9402,53.3243,infit,acsi,suus,id,cunae,voveo,casus,92,197.58930809030028,29,ascit,2,0,2,true,0.23714752081332183,2019-11-14T10:50:41.041Z,Daugherty - Watsica,true
4bec9df6-93f7-469b-8dc4-277e7b59ca5e,2018-11-29T12:36:41.672Z,Fort Clemmie,Maryland,Moldova,-88.2452,135.9852,cohors,demens,charisma,arcesso,carus,audio,sponte,43,51.24657586760053,90,appono,2,0,5,false,0.03317320750474695,2021-12-31T10:53:24.070Z,"Olson, Auer and McClure",false
cdde45f4-07a9-4397-9470-597fa668bb86,2020-11-14T05:25:49.721Z,Kochcester,Pennsylvania,Mauritius,-66.5085,5.6156,cuppedia,nam,quisquam,denego,cruentus,perferendis,agnosco,53,95.24734425814567,74,approbo,5,2,2,true,0.11757635360448851,2024-08-11T04:35:31.030Z,Homenick - Spinka,true
eef02119-5877-4cd8-9f84-cafb76ad1956,2023-12-30T20:25:43.778Z,North Rosannaburgh,South Carolina,Solomon Islands,-66.9851,49.3335,earum,deludo,aegrotatio,tero,abscido,casus,canis,129,119.69133989777332,94,sed,4,2,4,true,0.08847783446006735,2024-04-04T08:25:51.495Z,Roberts - Fahey,true
3ac4358f-f1b6-490e-979e-2a1563a1cf44,2024-02-13T04:59:47.569Z,Fort Pierce,Kansas,Oman,20.7086,-101.3675,adipisci,umquam,undique,demo,causa,termes,autem,79,30.60693375295317,24,temperantia,2,1,3,false,0.23899733898660022,2024-03-26T23:22:50.667Z,"Boyer, Bauch and Conroy",true
d364a435-d1fb-4b99-9208-6c4a65a19cf1,2018-07-10T23:36:45.458Z,Mayerville,Tennessee,Tonga,-70.3193,36.0866,statua,adhuc,audacia,aggero,degero,circumvenio,combibo,27,8.673067048636254,75,ait,5,1,5,true,0.10302854091682442,2021-05-11T06:56:20.604Z,"Lowe, Swift and Kulas",true
ea465546-7e15-4f9b-a4ca-f56ab68297b5,2021-11-14T14:44:53.859Z,Port Richard,Oregon,Sweden,-19.2123,66.8362,eveniet,audeo,aranea,vinculum,sui,ver,consequatur,113,180.38717403811415,25,voco,1,1,5,false,0.16005954327378008,2021-02-28T03:51:54.251Z,Gottlieb - Jakubowski,false
3ff751fa-9110-4a9a-9a3e-a5a8bcdb8176,2021-12-31T02:16:28.822Z,Priscillafurt,Michigan,Greece,-14.0503,31.1273,vitium,uredo,advoco,calamitas,comes,victus,derelinquo,26,233.7724006729332,43,cras,1,0,1,false,0.0545478129076902,2021-04-28T13:26:22.414Z,Wyman - McGlynn,false
305ffb49-498e-4bd6-9dec-439e79845d7b,2024-11-07T23:13:56.489Z,South Donaldhaven,Idaho,Poland,6.1009,17.7561,sumo,amet,texo,curia,talus,defluo,ait,125,91.22376457622262,43,soluta,1,0,1,false,0.22388183779656518,2019-10-04T08:00:51.980Z,"Reichel, Corwin and Kub",false
4eb2dcd0-79b8-4928-b051-d169bca17b82,2021-08-01T11:49:16.453Z,Port Samanthabury,Florida,Antarctica,86.5156,105.4262,velociter,modi,sunt,adimpleo,defessus,vesper,suffoco,79,40.83002822612775,46,timor,4,2,4,true,0.0469175422761674,2019-04-06T07:47:30.271Z,"Flatley, Murazik and Botsford",true
08e6dbea-8b65-44b5-85b4-e7ee239edc58,2025-05-12T18:18:34.483Z,Arlington,Nebraska,Reunion,69.8426,94.1523,arma,supra,tabella,solium,umbra,cado,tibi,54,119.57537536627754,46,depono,6,1,1,true,0.045825411382638764,2019-01-13T14:31:47.273Z,Strosin and Sons,false
a9a369ac-cce1-4323-b4e6-5ccd64ca0278,2019-04-28T15:50:50.969Z,Washington,Maryland,Spain,-18.6029,-61.7952,abeo,absque,vetus,paens,recusandae,crudelis,totam,21,112.82178894560327,49,vespillo,4,0,3,true,0.03917160055143212,2021-07-25T02:47:17.131Z,"Kozey, Cummerata and Wilderman",true
4ecfceb5-41e3-474e-a126-67f42c067eaf,2020-01-26T14:04:47.586Z,Hahnboro,Illinois,Wallis and Futuna,82.7336,-53.81,valetudo,crinis,centum,compello,decretum,acer,placeat,80,121.43680326052962,27,aestas,5,0,4,true,0.06517410999643539,2018-06-26T12:53:10.235Z,Thiel - Hackett,true
5302107a-623d-434d-8316-1e662f5f78cf,2025-10-10T06:49:04.453Z,New Lamont,North Dakota,Cote d'Ivoire,-73.3572,11.3906,sustineo,casus,universe,caelum,vomer,vindico,antepono,45,205.06544963013582,74,calcar,1,2,4,true,0.03108868749507679,2023-03-18T20:03:08.730Z,Schulist Group,false
8c7863d9-a7d6-4cd0-8bfe-4a812656393a,2025-08-10T22:12:52.749Z,Gennaroland,North Dakota,Kazakhstan,-18.8648,68.7581,conor,vociferor,vicissitudo,uredo,adeptio,alo,deduco,26,78.00840411082456,84,quisquam,1,0,5,true,0.1906043516866606,2019-12-07T03:45:10.391Z,"Labadie, Hansen and Kertzmann",false
9a81542f-0f48-44a1-8145-eb728382b6fa,2019-02-19T05:53:13.098Z,Okunevashire,North Carolina,Belgium,-29.5488,125.9195,harum,vae,tabernus,corroboro,sonitus,quasi,ullus,115,103.11876706574856,22,tristis,2,0,5,true,0.15964645230065608,2024-01-20T10:44:25.982Z,"Hane, Smith and Graham",true
70eb6f66-d885-431f-aa07-18801acb631f,2023-07-23T00:48:36.175Z,Fort Royalberg,Idaho,Japan,-1.4267,-156.926,vobis,sursum,teres,vester,vix,desipio,vinco,32,47.825086963836334,25,debitis,5,2,1,false,0.23129530063124984,2025-12-21T08:34:21.301Z,Schneider - Miller,true
3eb167e1-e5cf-4784-9b48-9838fc04d6f6,2021-09-05T14:29:58.770Z,Frederickfort,Washington,New Zealand,-40.9458,-8.1317,tener,paulatim,curo,ultio,ars,debeo,valeo,49,179.2564813122192,20,candidus,1,1,2,true,0.24644036429125343,2019-08-06T23:43:31.809Z,Crona - Haley,true
5790b8c4-da56-4a0f-b341-42fd7a158a1d,2018-10-14T17:46:08.682Z,East Evie,Massachusetts,Fiji,-68.6138,-174.0789,somniculosus,cena,cunctatio,temporibus,volaticus,amplexus,coniuratio,69,2.2623643697735307,35,doloribus,6,0,3,false,0.08753572409049223,2018-11-15T19:16:26.365Z,Volkman Group,false
130dcfa2-6ddc-4e54-ba63-09baf670076f,2023-02-17T02:32:07.342Z,Rohanberg,Nevada,Paraguay,55.8283,-135.9625,cornu,contabesco,quae,suasoria,defungo,statua,sperno,59,161.1735235272996,86,textus,6,2,5,true,0.17724989302069571,2024-05-07T18:21:03.692Z,Morissette - Schoen,true
c71fde57-d7a3-4f9f-a9dc-03ebd35e3097,2024-05-27T18:24:02.132Z,Port Delphine,Delaware,Liechtenstein,21.8656,-7.9458,cogito,delicate,aureus,vicinus,cogo,compello,eligendi,80,154.84994680803936,58,nulla,1,2,2,true,0.048390880005466125,2024-08-28T23:52:45.503Z,Wisozk Inc,false
a5f2c988-d767-4d2e-86a4-eff95337126e,2023-04-18T05:43:26.568Z,Damienworth,Michigan,Myanmar,25.2246,150.2704,adicio,dapifer,tunc,coadunatio,agnosco,cunabula,ex,50,153.08340323477378,43,viduo,5,1,3,true,0.0010735494406098334,2019-10-24T01:20:45.454Z,Wunsch and Sons,true
50c457c8-7ed0-42f3-b037-f27075a8cde1,2023-08-12T04:42:52.728Z,Nicoland,Oklahoma,United Kingdom,-34.1363,135.8898,et,tempus,assentator,spargo,asper,vado,casso,67,53.16720578133834,72,amiculum,4,0,3,false,0.08435130358319748,2024-07-16T15:22:43.333Z,Jenkins and Sons,true
5d0c3278-42e1-4dea-ac86-34780c9f8e58,2020-07-23T16:28:13.484Z,Treverstad,Louisiana,Montenegro,-35.6184,-84.3542,campana,terebro,umquam,videlicet,artificiose,bibo,degusto,130,118.46436934113603,75,cruciamentum,1,0,5,true,0.011739165207023172,2018-12-30T22:37:36.770Z,"White, Rolfson and Morissette",true
8db12114-47f2-4cac-8550-b9bb445d86b6,2021-09-19T04:53:21.786Z,Port Cristal,Wyoming,Moldova,-42.0865,111.7838,vicissitudo,voluptas,volaticus,aqua,valetudo,copiose,quos,43,178.38174358221306,16,provident,0,1,2,true,0.0939927847584199,2018-08-10T12:06:02.750Z,Corkery - Bins,false
db73cb80-0f10-4130-b865-f483e72d92c1,2024-12-16T21:48:11.433Z,New Nelliecester,West Virginia,Denmark,82.1343,-60.0219,eaque,vindico,quos,tamdiu,cui,unde,aequitas,82,173.93583419579676,73,beatus,4,1,4,false,0.20564517920779735,2023-04-17T06:28:48.520Z,O'Conner LLC,false
ab4f0c12-7292-4470-b269-105cea5745a3,2018-11-17T10:37:36.757Z,Spring,Ohio,Vanuatu,-0.018,124.7182,vespillo,aegrus,turpis,aduro,depereo,sui,uxor,29,40.560075762217174,68,volubilis,4,0,1,false,0.13224216775057956,2018-04-10T15:01:41.189Z,"Blanda, Klein and Becker",false
e6dec48b-55b1-433d-9a71-87897e3ac188,2020-07-30T06:04:33.438Z,Sacramento,Maine,Oman,35.6341,-139.9822,ventosus,denuncio,urbs,apto,spoliatio,paens,assentator,106,212.45779204125685,33,suggero,3,1,4,false,0.16255627475041834,2025-09-12T11:22:32.547Z,Bogisich - Gorczany,true
5e1cb835-8282-4854-a1f3-7014010adc5a,2019-07-22T06:07:58.802Z,North Casimir,Utah,Qatar,-63.2954,-131.8712,architecto,asporto,validus,sum,calamitas,unde,sequi,60,137.00815989606508,59,deserunt,1,2,2,true,0.025785263763008298,2023-09-28T07:34:12.776Z,Klocko - Yost,false
bab0a6a2-a7d5-439f-8f41-6c773deef324,2018-08-15T04:13:16.863Z,Clairchester,Pennsylvania,Iran,-40.7073,166.5427,comitatus,mollitia,saepe,crepusculum,sustineo,vito,aiunt,57,234.4020811659812,97,aufero,3,0,3,true,0.033798986263694875,2024-10-31T10:59:49.512Z,Hyatt Inc,true
b67e6b9c-5c41-49cd-adb2-ac5ae6eacb09,2025-06-27T03:15:29.295Z,Commerce City,New York,Paraguay,39.0819,38.4185,tam,creber,aequus,volup,acer,toties,condico,126,51.80848103970228,83,balbus,4,0,1,false,0.027684676224523225,2020-04-13T06:36:14.142Z,Howell LLC,false
7de10622-8f09-4f6e-bea8-9b0d800dd276,2025-12-01T03:48:58.706Z,Grantville,Kansas,Mauritius,32.9324,-132.1215,defaeco,censura,mollitia,vomer,tenuis,tunc,colo,50,201.09279908568715,49,terreo,0,0,5,true,0.05505932553295764,2020-11-15T00:22:33.492Z,"Boyer, Nicolas and Toy",true
0741b43c-498a-4aad-a341-8c2207eb32e9,2023-01-12T21:07:09.913Z,South Cierra,Wisconsin,Malawi,-66.5277,-158.5754,culpo,paulatim,demo,quam,decens,illum,tamen,20,24.135990042874987,71,totam,2,0,2,true,0.2174448186262406,2024-03-22T20:01:13.553Z,Schaefer - Nader,true
d63b29ed-5688-4662-a80c-fd1e096979dd,2024-12-15T12:15:10.384Z,Lake Rebecatown,Nevada,Saint Barthelemy,43.1139,66.0607,testimonium,angelus,maiores,utique,aegrus,socius,dolor,106,54.90255234475208,96,ait,3,0,2,false,0.17631255681272381,2018-01-31T12:13:18.053Z,Hermiston LLC,false