accident_id,incident_datetime,city,state,country,latitude,longitude,road_name,road_type,intersection_type,accident_type,weather_condition,road_condition,light_condition,speed_limit,actual_speed_kph,driver_age,driver_gender,casualties,fatalities,vehicles_involved,alcohol_influence,blood_alcohol_level,weather_reported_at,reporting_department,pedestrian_involved
09d30978-d93c-453b-b4ba-1b05ef3fd30f,2023-10-21T19:51:59.085Z,Fayshire,Nebraska,Slovakia,79.7746,-38.3639,bos,demonstro,deleo,coepi,tutamen,tempora,bis,115,160.27179380957062,43,carmen,0,0,1,false,0.14559850007620337,2019-03-18T03:27:31.381Z,Gorczany - Hackett,false
938d17e5-dfe5-4fd9-9e9d-11ff770233c3,2023-06-01T12:10:56.704Z,West Todfield,Minnesota,Burundi,52.9324,84.5789,vinculum,voluptatum,decens,talis,curia,truculenter,voluptatum,65,171.04700341833106,33,amissio,1,1,2,false,0.24167664061864116,2021-03-18T08:49:29.735Z,Dare - Conn,false
b33970d1-9328-4b7c-bfba-b87778bf8738,2020-06-08T07:20:13.802Z,Conroe,Minnesota,Lesotho,84.2094,-171.394,acer,sub,id,claro,vulariter,aequitas,viscus,127,137.23450763988384,84,tabernus,1,0,5,true,0.22632164622352952,2021-10-21T15:55:07.579Z,"Runolfsdottir, Wehner and Kessler",true
76717f4c-e7e8-4a43-9022-8ea1437e3e91,2025-12-06T00:48:00.197Z,Adellemouth,Maryland,Wallis and Futuna,-78.1035,15.2955,caries,carmen,sumo,vesco,cum,vere,aeger,22,139.13064830992496,20,curatio,1,2,4,false,0.20199799179340397,2020-06-26T10:05:56.037Z,Kshlerin - Homenick,false
7da5c0d1-e6fd-436c-8299-bb210e530a5f,2018-10-30T15:24:59.701Z,New Danyka,Minnesota,Benin,-51.8337,-57.6096,ante,benigne,clamo,ait,somniculosus,corrigo,sustineo,122,39.83026638973301,40,cohibeo,2,1,2,true,0.17759256704199264,2022-01-21T06:32:52.833Z,"Morar, Lind and McClure",false
b31ae879-8a00-456c-9a34-f2de004f71ab,2025-09-19T09:42:29.554Z,South Joeybury,Mississippi,Greece,64.9918,-122.5621,utpote,coma,comptus,certe,dignissimos,viriliter,ut,71,0.1790008629489126,25,ratione,0,0,2,false,0.1620832141774094,2018-08-05T15:15:35.320Z,"Walter, Bradtke and Halvorson",true
c8949fe9-4443-4f87-8b20-54b7cfe42aed,2024-02-09T23:42:03.987Z,Murrieta,Minnesota,Ukraine,-83.7027,4.2862,ratione,umbra,blanditiis,aegrotatio,aliquid,talio,balbus,101,12.1001316209325,46,termes,2,1,5,true,0.06985222814941461,2022-12-09T03:56:13.211Z,Robel Inc,false
f2ebc894-3d9b-491a-9c7d-e2210366bdd3,2021-05-24T19:18:50.151Z,Wehnerfurt,Kansas,Tunisia,-48.2859,-4.7157,ocer,aut,aequus,deludo,quidem,numquam,peior,49,128.7022347464494,65,uter,1,2,5,false,0.05196117405549319,2023-10-21T13:33:07.398Z,Donnelly LLC,false
0713d39f-2834-4869-93ae-33d3d94191a0,2018-01-18T13:01:38.798Z,Fort Lavonne,Ohio,Belize,52.0897,-31.4577,vergo,capitulus,tripudio,totus,aspicio,est,veritatis,27,209.01282078254346,88,arguo,2,2,3,false,0.11122784134225258,2023-10-28T02:37:12.598Z,"Brakus, Herman and Rempel",true
ee738039-1c3a-4908-a913-be906c5ccba5,2025-08-02T06:35:30.739Z,Taunton,New Mexico,Brunei Darussalam,-69.4783,-4.7492,aeneus,pecto,complectus,benigne,praesentium,cum,solvo,123,111.51740342656856,91,admiratio,2,0,4,false,0.21197827734224906,2021-08-19T23:23:42.716Z,Casper - Sanford,true
78df8c79-f02b-4865-af0a-8a6d6d484568,2022-11-10T10:23:14.655Z,High Point,Illinois,Guyana,-49.7256,-58.1483,subseco,conitor,tam,porro,viriliter,consequuntur,vorago,66,182.75192317594272,77,apto,3,0,5,false,0.18672169680733194,2023-05-23T17:29:15.156Z,Jaskolski - McLaughlin,true
e102ef60-ff8f-4ba8-8e4a-cd7b9e1bf9c9,2022-06-26T22:30:19.164Z,East Judd,Washington,Liechtenstein,-10.3734,-75.4905,trucido,vulariter,verus,vulgaris,torqueo,coma,arbitro,93,75.66204549024282,66,tribuo,6,1,4,false,0.20783183508017433,2019-03-21T07:27:00.952Z,Jacobson - Wisozk,false
c1579a18-5f6e-4290-a2fd-7134ab86bc4e,2021-10-28T21:48:10.696Z,New Tristonhaven,Delaware,Trinidad and Tobago,-55.6732,168.0113,vox,cubo,canto,cognatus,cohibeo,debitis,copia,20,144.45211254133565,76,argumentum,2,2,2,true,0.1278533204965293,2021-04-30T18:33:55.770Z,Denesik Group,true
f2deaae1-775f-4bd6-8d25-057c7090e1ee,2022-01-14T02:24:08.682Z,East Caraborough,Kansas,Cape Verde,-11.6499,69.4883,quaerat,adstringo,pax,adulescens,approbo,causa,audeo,54,110.00644147947378,45,varius,2,2,1,true,0.18863625154192698,2018-12-28T16:12:26.196Z,Gibson Group,false
60fa72bf-cd2e-43f6-bd66-169fbdf6a334,2024-08-16T18:52:20.282Z,North Jaquelinebury,Oregon,Venezuela,5.0824,-138.3068,quas,celo,audentia,coruscus,terreo,vereor,bibo,48,8.626933356894435,28,vulticulus,2,2,2,true,0.14990176738530028,2024-03-31T15:07:49.601Z,Roberts Inc,false
8254c28e-3bbe-4392-97af-5f45a9d7de43,2018-12-12T16:13:55.683Z,North Vincentton,Louisiana,Dominican Republic,-82.9749,-54.2473,verecundia,aveho,unus,theatrum,dolorem,amet,ullus,62,29.523731813601337,18,eos,1,1,4,false,0.06924355950166214,2018-10-01T21:02:09.745Z,Bruen Inc,true
36889b34-d19a-4618-bb11-cf51e70139f8,2021-09-14T18:43:42.888Z,West Hazelworth,South Dakota,Netherlands,-18.5041,8.0311,aedificium,deinde,vomica,velociter,suasoria,solus,umbra,66,95.67122948372915,54,totam,2,0,2,false,0.24556852699721274,2018-09-22T19:02:07.554Z,Johns and Sons,true
0f32dbe4-4908-4d60-88c2-3fb04560c6fe,2022-11-16T15:52:07.345Z,South Amariville,Oregon,Martinique,65.2379,-38.4109,vetus,aestivus,coerceo,contra,vae,certus,delectus,82,135.28167368706184,75,curvo,5,1,5,true,0.033271041554294584,2025-04-19T01:54:55.614Z,Okuneva Group,false
a769852e-72ce-431a-a14c-0a492922bb23,2025-08-26T07:46:21.860Z,Cicero,Montana,Bulgaria,-75.79,152.0565,tamisium,capto,theologus,creo,bestia,auxilium,vestrum,103,171.52146640316084,30,cultura,2,0,3,false,0.09732530519408092,2025-11-29T05:39:47.894Z,Schultz and Sons,true
ec40cb69-7510-407d-ae4c-421f07e3ad5e,2024-12-15T00:52:47.132Z,Americoview,Montana,Vanuatu,-31.2806,148.6847,concido,comedo,nobis,umerus,quasi,sordeo,benigne,101,41.96909640911602,51,stella,0,1,5,false,0.19616133023872495,2021-01-15T03:32:24.677Z,Hayes Group,true
d5b26879-b36d-4ad8-a8d2-700f050c8745,2022-02-03T23:12:03.136Z,New Orleans,New Jersey,New Caledonia,50.1795,-144.4968,vitiosus,trepide,venio,speculum,claustrum,callide,vomito,124,145.51881471579614,28,sit,0,0,4,false,0.07094945369584973,2020-09-24T21:14:52.216Z,Kshlerin - Kuphal,true
861c3412-2302-41a3-89ad-461f72977c39,2020-07-28T02:27:48.651Z,West Colleen,Tennessee,Norfolk Island,-3.151,-146.8362,denuncio,ab,copia,curatio,sit,accusantium,patria,80,92.31805222100368,72,admoneo,2,1,1,false,0.1303474970521228,2020-12-17T09:18:28.121Z,O'Hara - Senger,false
9c5898c9-cf3f-4f2b-b323-14fb1f98da49,2019-10-27T19:31:03.051Z,New Everett,Mississippi,Falkland Islands (Malvinas),-32.7681,151.1989,canis,vinum,tametsi,minus,commodo,atrocitas,adnuo,31,76.61163767425742,24,carpo,2,0,2,true,0.16053126532884401,2018-12-07T00:23:47.340Z,Ward Group,true
b9ef9184-b202-4202-a1ee-aa41782ce140,2019-08-01T03:32:18.247Z,Lednerborough,Texas,Slovakia,-40.5888,-92.887,caterva,delibero,cogito,delibero,theatrum,tripudio,clementia,98,27.5384858059242,94,beatae,1,2,3,true,0.1809002407015284,2025-10-19T23:07:55.300Z,"Little, Wyman and Kshlerin",true
4b474098-67e8-4f6b-81d5-e9644105876a,2022-05-30T16:10:58.195Z,Hillsstead,Kentucky,Mongolia,22.5269,-69.337,addo,curo,vespillo,deputo,adsum,curis,curriculum,46,117.68096038946612,40,volva,1,2,5,false,0.09513784188691346,2020-12-12T00:00:52.045Z,Dare Group,false
60f21447-f2b4-458e-881d-af0401c4a280,2022-06-19T03:35:24.098Z,Lake Ivyland,Florida,Belarus,-56.6585,177.8819,somniculosus,tergeo,abeo,super,magnam,contego,delibero,48,188.88475756899027,27,combibo,1,2,4,false,0.24571497936849843,2018-12-17T00:42:23.332Z,Ruecker - Schamberger,false
e34e5cba-642b-494e-b24e-b7891d65261e,2019-01-12T04:41:58.822Z,Port Ivahville,Iowa,Bouvet Island,-26.6105,-128.8243,caelestis,aestas,utrimque,atrocitas,vir,patrocinor,ustulo,108,161.77729452657803,50,curso,2,2,2,false,0.05082179607560963,2025-12-04T03:38:18.836Z,Nicolas Inc,false
406a905b-3b38-4a16-b7f1-7afc119c188b,2024-03-11T22:45:41.018Z,Alberttown,Ohio,South Sudan,-65.996,-12.3635,vulgus,deficio,valens,caput,amicitia,pel,verumtamen,25,30.53497961682897,18,aestus,3,0,1,true,0.12643538209726432,2023-06-10T14:02:01.237Z,Rowe - Welch,true
98d07cf1-8313-4e75-ba33-ae60d565cbd3,2021-05-01T16:19:18.454Z,Marianstead,Vermont,Slovakia,12.4846,-54.7534,alveus,dolorum,deduco,ullus,admiratio,stabilis,theatrum,111,120.04334782561747,100,circumvenio,4,1,2,true,0.1851215346012905,2024-07-11T23:41:25.795Z,"Hudson, Ernser and Quigley",false
07540419-5fce-4fbf-8b47-13f9a3856660,2022-10-28T20:10:18.133Z,Stromancester,Delaware,Cocos (Keeling) Islands,65.1821,-38.6801,aegre,crebro,denuncio,demitto,arguo,cibus,articulus,52,84.00812538239643,68,sustineo,0,0,2,true,0.014457608989591031,2023-02-15T20:45:25.616Z,"Morar, Dooley and Harris",false
d5914a62-ecea-4ac9-a317-8159b0026af3,2021-05-09T13:16:52.983Z,Einarberg,Nevada,Greenland,-85.3207,-39.2005,vomer,derideo,cursim,textus,cornu,tremo,suffoco,45,175.93603327866035,84,ex,0,1,1,true,0.2444212079261278,2025-02-17T13:10:56.687Z,Franecki LLC,false
4bceef24-4e3a-4d4e-aedb-3234e999eec2,2020-08-31T20:51:22.829Z,North Stellacester,North Carolina,Cape Verde,47.7032,67.1067,autem,ago,spoliatio,sollicito,tres,cito,summisse,129,102.97346130521849,35,tyrannus,1,2,3,true,0.12115802026284311,2022-06-29T03:01:58.236Z,Ryan - Hudson,false
9b4100c9-9a76-4418-b74d-2ad6d5ca7d70,2019-11-25T18:50:48.298Z,New Barton,Kansas,Cuba,16.6334,-166.3918,spes,canonicus,alii,cupio,itaque,turbo,aeger,74,219.68157008264444,98,spectaculum,5,0,4,true,0.18043381605741068,2018-05-09T07:09:52.688Z,Bergnaum Inc,false
8036a98c-1b21-4e2a-817d-bbc3d8c53350,2023-03-04T00:14:27.068Z,Ankundingmouth,North Dakota,Falkland Islands (Malvinas),80.2511,-169.7,angustus,debeo,dolore,territo,asporto,vivo,titulus,84,140.22394144317462,73,comminor,0,1,3,true,0.18854633196887935,2022-05-16T04:36:54.085Z,"Upton, Kozey and Jacobi",false
534c35ab-fab8-4a39-8900-68377cfe3d1b,2021-03-18T23:43:20.727Z,Schaeferberg,Idaho,Seychelles,84.1396,87.6962,adstringo,ipsum,ullam,averto,venia,acidus,sunt,71,106.26748244269416,33,sonitus,2,0,4,true,0.011316413743857195,2023-05-22T05:28:45.305Z,Runte - Little,false
a7a75383-7e76-4348-9623-d8e16211a9fd,2022-04-20T10:38:44.949Z,West Vladimir,New York,Guam,44.3507,-92.8248,thorax,compello,asperiores,voveo,allatus,nostrum,hic,60,83.97947418370613,43,solitudo,1,0,1,true,0.22848076852905766,2021-03-18T16:04:38.651Z,Vandervort Inc,true
4dd79b5d-3d1f-43ec-9868-aa6ca56c5040,2020-02-17T01:19:50.841Z,South Jordy,Texas,Saint Lucia,82.7688,-130.7845,curto,amplexus,vorax,tener,sub,casus,voro,68,24.678558627210798,65,sapiente,5,2,1,false,0.17579422000958742,2024-11-19T02:35:04.536Z,O'Hara and Sons,false
64e65479-b18b-4033-800f-6eb4f1e6960b,2024-08-04T01:57:02.353Z,West Jennifer,Kentucky,Faroe Islands,-28.594,-86.7347,speciosus,ratione,carus,absum,tamdiu,et,bibo,53,18.627378664708676,97,abutor,5,1,3,false,0.02611884710780804,2025-10-18T18:27:55.274Z,"Adams, Wehner and Dickens",true
7e738751-43a5-4a3c-b97d-5755c9e7c002,2018-07-03T15:14:34.521Z,Bednarfurt,Tennessee,Somalia,-33.9271,28.0675,utor,corporis,ancilla,capio,cur,tribuo,corroboro,40,158.207822465962,83,aspicio,0,1,1,false,0.07345910653590418,2019-09-07T02:50:18.100Z,"Jones, Bruen and Klein",true
db58438d-ec6b-4454-adce-e90a81b0d14f,2018-06-08T12:20:24.703Z,Buffalo,Michigan,Netherlands,46.0033,24.3163,velut,urbs,ducimus,nisi,argumentum,vapulus,contego,121,100.80905768103146,76,aranea,4,0,3,true,0.016239940469093855,2025-06-06T20:45:36.919Z,"Johnston, Block and Schaden",true
65644e91-e2c2-42c2-9e42-73fdf53e4f79,2022-08-16T08:18:23.228Z,Port Derek,New York,Guadeloupe,-84.8929,-157.4512,canis,clarus,collum,utrimque,vobis,attollo,est,86,60.427841957712296,54,pecco,6,0,5,true,0.20331375293536003,2024-10-28T16:50:17.964Z,Franecki - O'Kon,true
71641971-8f40-4be5-bad6-d76fe6a62d0d,2025-10-09T04:11:07.837Z,Jazminfield,Delaware,Micronesia,21.5394,59.1387,demens,caput,adamo,vomito,coma,aptus,civis,75,163.96948139528243,38,ultio,5,0,4,true,0.0880058220888486,2023-06-19T05:19:02.244Z,Rath and Sons,false
96ac96b7-29b5-4c57-a497-8957359b2168,2025-11-10T20:56:16.419Z,North Sarinafield,North Carolina,Sri Lanka,-41.1481,177.2813,contabesco,tersus,sperno,amita,canto,appono,spectaculum,43,69.99972905874517,50,conor,1,0,5,true,0.05062744510265002,2023-06-03T18:58:02.121Z,"Mann, Haag and O'Kon",false
d2d334e7-795b-47d5-ba28-dc0f36693576,2021-10-09T23:53:23.836Z,St. Paul,Utah,Sri Lanka,-64.22,-44.9283,confugo,decens,volutabrum,tempore,vestigium,tunc,error,74,86.57592585734692,59,uxor,4,0,3,false,0.1690002677532415,2019-10-31T02:04:22.388Z,"Halvorson, Schmitt and Buckridge",false
4d902e57-5f88-4791-8ec9-46d14674ea24,2024-10-24T09:33:59.584Z,Fort Austenburgh,Delaware,Fiji,47.2009,-171.6809,conculco,caput,arx,abduco,damno,decipio,provident,71,98.11897023525893,46,curatio,3,0,3,true,0.07355382988767972,2018-03-14T16:29:10.956Z,"O'Conner, Schuppe and Nitzsche",true
a48b7e5d-a3c7-495a-88a3-e7e8394a2c44,2025-12-26T05:53:36.212Z,Fort Solonhaven,Virginia,Taiwan,27.3173,10.2064,combibo,benevolentia,ciminatio,tepidus,vere,ademptio,libero,89,88.44227907288085,29,supplanto,5,2,2,false,0.07712307088016729,2022-02-26T22:53:57.527Z,Gottlieb - Kilback,true
38f871ce-a655-44ed-96bc-4a49eb905fe7,2018-08-03T19:05:08.184Z,Port Connor,Georgia,Hungary,-40.2908,17.9866,ambulo,solus,calco,tamen,adimpleo,suscipit,inflammatio,79,147.40538779622315,77,praesentium,6,2,5,true,0.17875290699335333,2023-04-21T01:28:02.656Z,Ondricka Inc,true
53b8a0f3-8c7b-48bc-bb6b-2cb1378cfb20,2020-12-02T13:26:41.105Z,Blickhaven,New York,Czechia,10.2161,-164.9264,testimonium,caterva,cras,acies,utroque,articulus,vitae,37,98.81997377879684,80,utilis,3,2,4,true,0.21094366482906152,2018-12-02T20:58:53.319Z,Stokes and Sons,true
d6878d2a-0c20-4b3c-b885-49fe196010b4,2025-11-27T14:57:35.138Z,West Marcel,Utah,Lesotho,74.2009,2.5109,corpus,terreo,carus,sursum,sonitus,combibo,degusto,41,228.9158992453836,56,possimus,2,1,1,false,0.08445830547865935,2018-09-10T02:08:19.246Z,Towne Group,false
437374dc-1adc-4efe-ad8c-da8625ebf9d8,2019-03-09T21:22:43.372Z,Kunzestead,South Carolina,Hong Kong,26.1533,129.6828,tempora,tum,carcer,doloribus,decor,attonbitus,denuo,104,1.9103055127279323,42,demo,3,1,1,true,0.03579980580401931,2025-06-02T09:33:56.311Z,"Turner, Wisozk and Witting",false
873387f8-371b-485b-a911-41c91c1df6dd,2018-11-24T22:35:08.042Z,Lake Elsinore,Maryland,Cape Verde,-9.9916,158.2205,ipsam,alo,volup,ventus,alioqui,celo,vobis,126,161.74418510785725,43,cattus,0,1,3,false,0.16860390595663763,2022-08-22T21:37:12.528Z,Waters Group,false
211c2465-34ea-4bcd-939c-0032d18a8d5b,2019-09-18T06:42:00.320Z,Martineland,Idaho,Malawi,-73.6191,-31.8941,voro,temporibus,accusator,traho,sono,infit,communis,67,161.37976486328074,24,clam,6,2,3,true,0.1389782378862192,2018-05-30T04:57:33.785Z,Stracke and Sons,false
fb286654-59d6-4bf9-9291-e7b1fab81f49,2024-01-23T14:34:56.721Z,Lake Stefan,North Dakota,India,-41.2718,75.9011,mollitia,solutio,facilis,ea,admitto,ab,tondeo,55,2.9353171423799207,87,vigor,1,0,3,false,0.1772470031841905,2020-05-31T13:07:49.901Z,Dickens Inc,false
320b1cc7-070b-4ff2-8583-a0b3e4e75cb5,2022-04-16T06:03:29.157Z,Port Hester,Wyoming,Slovakia,32.2405,53.3361,pauper,officiis,tamen,suadeo,autem,tonsor,tego,106,83.81034592595452,70,adeptio,2,2,3,false,0.21356820895684195,2018-09-18T16:03:55.542Z,"Jacobson, Haley and Paucek",false
0986b679-3c94-4d96-84a0-3c3ab1fb14a6,2019-01-18T07:46:47.224Z,West Katherynland,Oregon,Cambodia,-35.5763,-62.7512,commodi,decet,tenax,bene,sequi,testimonium,currus,46,105.7147798968273,94,bos,2,2,1,false,0.19186694207414393,2021-04-14T00:23:49.558Z,Wisozk and Sons,false
938a1aa8-25f1-40a0-8c9b-7c009093ca9e,2024-10-21T05:04:45.737Z,Port Carmella,Idaho,Uganda,-61.7617,-105.7608,crinis,thorax,censura,valeo,abstergo,culpa,peior,81,163.9905727069421,65,demo,0,2,5,false,0.0053741466447250474,2024-01-22T07:26:12.191Z,O'Hara - Jast,false
c6e23352-d9a9-45b8-bf2a-bd7831486c76,2019-05-01T15:10:29.028Z,Redondo Beach,Connecticut,Guinea,69.2342,-7.0066,somnus,vilitas,aeternus,baiulus,venia,caste,totus,35,56.78947017261962,96,aestas,0,2,1,false,0.008675774295074545,2024-01-22T22:13:12.415Z,Cassin - Muller,true
d5d83a37-19d2-461d-b650-e6da54facc27,2021-07-27T02:11:29.943Z,Sanfordland,South Carolina,Wallis and Futuna,33.652,-8.6636,caveo,casso,vinum,quasi,neque,distinctio,laborum,20,99.76098330143304,41,reprehenderit,6,1,1,false,0.18396561750862503,2020-04-21T03:19:08.797Z,Kuhlman - Christiansen,false
f44d8da5-19ab-4d23-8cf7-14488b991eea,2019-10-29T11:11:27.350Z,Davis,Wyoming,Angola,25.3075,-37.6806,utrimque,approbo,bellicus,tutis,curatio,astrum,minus,110,47.51425291756257,98,teneo,4,2,5,false,0.23233049738862005,2021-06-27T17:08:40.118Z,"Leffler, Medhurst and Gibson",false
4a15ce11-1196-4b9c-bf7c-1dc4376c7509,2024-07-21T08:44:19.419Z,Bednartown,Kentucky,Pakistan,46.1527,90.2742,id,apostolus,theca,conscendo,sumo,voluptatum,tamquam,129,62.679464676450934,53,cupio,5,2,4,true,0.14269033913755796,2024-01-24T04:22:26.017Z,Deckow LLC,true
8807a49e-1af5-4592-9f75-dbb7c888ec3d,2025-12-09T05:57:53.214Z,Millsberg,Illinois,Venezuela,37.9836,-8.9696,aeneus,cunabula,abutor,usitas,vilicus,cerno,vallum,105,200.02319824338127,41,adulescens,1,2,4,false,0.15076509992930892,2024-05-31T19:30:27.160Z,"Lueilwitz, Abernathy and Ledner",false
6469fb29-a60d-4a02-bbca-2074c9dc1e41,2022-05-01T12:50:38.631Z,Sunrise Manor,South Dakota,Panama,12.1531,66.7069,cado,modi,cotidie,tepidus,tero,timor,cruciamentum,100,173.36231642969477,82,summopere,3,1,3,true,0.10759925138099291,2022-02-12T18:57:30.609Z,"Simonis, Legros and Lind",true
18212072-6d1d-469a-816a-254c78b5a065,2022-02-24T18:53:51.494Z,Marisolland,Rhode Island,Norfolk Island,-17.6347,168.2853,utroque,tabella,tristis,deorsum,tardus,statim,alo,38,34.49625057390292,99,supplanto,6,0,1,true,0.20664618544391253,2023-11-04T09:48:57.103Z,"Stanton, Becker and Kuvalis",false
451e906d-099a-44d8-80d8-bf739904c94f,2022-11-24T08:39:43.110Z,Cormierfurt,Washington,American Samoa,-58.4537,-118.4619,colo,cunae,arceo,tantum,voluptates,despecto,aperiam,31,90.85738591935934,97,creo,5,2,1,true,0.06876378512504874,2024-12-19T10:30:13.506Z,"Blanda, Rohan and Keebler",false
546053d1-75cc-4f5f-bfc7-0493fd6934c6,2018-12-23T22:13:55.916Z,Eleanoreton,Oklahoma,Guinea-Bissau,0.8708,73.6955,cunabula,curto,speculum,confero,calcar,depereo,casso,84,117.72989560058056,62,volutabrum,2,2,2,true,0.21003647584759497,2023-07-24T08:34:56.775Z,"Lind, Volkman and Mohr",false
7bcac366-bb22-446c-a51f-3c3364e34996,2018-03-18T04:51:08.825Z,East Candidaworth,Wisconsin,Netherlands,39.3504,-172.6628,cervus,curo,arma,usus,adicio,auctor,adversus,42,212.13442785814505,76,animi,4,2,2,false,0.0988043635613042,2025-01-08T02:47:33.161Z,"Johnston, Cronin and Wunsch",true
c57f4ead-663e-413d-b94a-988333e8f108,2025-10-01T20:38:56.594Z,Raufurt,Nevada,Qatar,-45.1639,25.9136,quis,enim,caries,voluptatum,bestia,eveniet,vulnus,26,136.2799343086264,40,ocer,4,0,2,true,0.007078818919838692,2020-08-04T19:43:25.094Z,Padberg - Waters,false
63b7d875-c9b7-4359-a487-2d162aac2af6,2018-04-08T14:05:42.289Z,Lowellchester,Alabama,Bahamas,0.5268,128.9683,amet,adhuc,amitto,magni,perferendis,adopto,thymbra,84,95.09699085126171,25,capio,4,2,3,false,0.06649975387183796,2019-08-04T11:01:49.822Z,"Lindgren, Koepp and Douglas",true
816100e8-9930-4c8d-8e04-3821ab3a3887,2019-04-11T03:19:53.493Z,Matteoview,South Carolina,Armenia,15.9327,-160.4213,volva,admoneo,verecundia,substantia,velut,cunabula,beatus,130,130.945554868964,84,deprecator,1,1,3,true,0.15859764408474233,2020-02-01T13:58:33.061Z,Fay - Dickinson,false
b5ea834f-e099-45ad-b0fc-7fe984a26955,2018-07-26T19:27:55.879Z,Corpus Christi,Rhode Island,Malta,-19.6477,87.707,vallum,cena,debeo,ab,termes,laboriosam,deficio,115,129.6059930177836,54,decerno,3,2,1,true,0.1603902094905768,2018-11-27T07:37:25.571Z,Jerde - Schamberger,false
3ade3fa2-59fb-4efe-8267-8311d1e8c4b2,2018-09-28T09:20:07.054Z,South Anibal,Texas,Guinea-Bissau,-39.4029,-2.9718,quis,terror,apostolus,ter,debeo,cornu,deprecator,58,163.55371915871902,67,defluo,2,1,5,false,0.17078115390934315,2025-04-12T11:48:52.183Z,"Pollich, Ortiz and Glover",true
19d6727c-08b9-4467-b720-a2f85b8ac4d2,2020-02-02T13:39:20.478Z,Buckridgeworth,Nebraska,Bahrain,50.1307,-86.9366,contabesco,alo,excepturi,vesper,incidunt,comes,corrigo,23,179.73432693264522,50,adeo,2,0,4,false,0.14625223423769607,2019-03-14T02:33:37.880Z,"Aufderhar, Heller and Beahan",true
9e77730d-60b4-4847-a91f-510d389c5aee,2022-11-14T09:38:23.809Z,South Alfredhaven,Wisconsin,Zimbabwe,-2.818,138.5739,carus,ambitus,calcar,temporibus,claustrum,tergum,cohaero,107,94.35072984572302,80,enim,2,1,5,true,0.13022262479258348,2025-07-24T14:38:03.947Z,Cassin - Renner,true
d533ce1d-366f-4256-a627-3c8ba19d39e1,2019-02-06T05:21:03.592Z,New Bulah,Texas,Monaco,-36.3405,138.7348,aufero,deripio,facere,repellat,comes,talio,angustus,27,182.3421491483884,98,vorago,3,0,4,false,0.11095072254106089,2020-06-10T21:44:25.912Z,"Ritchie, Kris and Johnston",true
53ba7289-8109-407c-99e4-f640759aade9,2023-06-28T21:50:03.184Z,Harberville,Mississippi,Suriname,74.9664,118.858,corona,tyrannus,cruciamentum,comitatus,conqueror,adimpleo,deprecator,40,177.9413050779526,31,cur,1,2,2,false,0.09956925607179457,2024-03-02T17:18:45.829Z,Schneider - Hettinger,false
701ea6da-41ed-4624-aafe-edb5119fdf15,2021-09-25T07:46:35.736Z,Fort Lucio,Utah,Cote d'Ivoire,72.2698,61.6943,succurro,non,collum,curiositas,auditor,consuasor,sollicito,54,180.18032822621012,37,apparatus,4,2,4,false,0.06760927421546173,2020-12-24T21:46:59.602Z,Mraz LLC,false
9a027ea5-b3c7-42e9-b953-1cddf3abe8c3,2018-12-13T17:19:46.856Z,Arlington,North Carolina,Tajikistan,34.3719,44.5962,caecus,recusandae,subito,debilito,utique,pecto,spes,62,71.14691115660256,86,ceno,0,2,3,true,0.10963893976997396,2022-12-08T15:42:08.284Z,Harvey - Connelly,true
ad5ef49b-5508-49b0-8075-dd61ba7b8aa2,2019-05-29T14:53:54.635Z,Roderickfield,Nebraska,Australia,-66.4736,-49.6132,conspergo,cometes,soleo,vulnero,amita,reprehenderit,amplitudo,92,92.28031931413373,74,cruciamentum,4,0,1,true,0.24226070973928546,2020-05-15T05:01:57.069Z,"Johns, Bahringer and Morissette",true
4083897b-3556-4432-a98c-3d97cd0cd518,2024-11-07T18:45:36.979Z,West Craig,Pennsylvania,Saint Lucia,19.5978,-26.1011,eligendi,aeger,altus,tondeo,cattus,volo,debeo,125,211.7666893943294,94,contra,4,0,1,true,0.10045292229570793,2021-08-19T20:00:14.384Z,Hills and Sons,false
cbb4026d-8141-432b-a1a4-04099b15032b,2020-04-01T06:45:32.964Z,Trantowworth,Utah,Iran,-45.6481,14.6027,comprehendo,vulgo,tero,textor,paens,ad,tracto,96,182.64551282278302,84,debitis,6,1,4,false,0.06700009023547401,2022-08-12T12:07:36.751Z,Sawayn - Friesen,false
7cd4deb3-9dbe-46ed-837f-13d84ce3a7fe,2020-03-10T15:44:37.007Z,North Flo,Georgia,Paraguay,-66.301,10.871,terminatio,amo,curiositas,amiculum,officiis,subseco,aurum,82,173.78247467587212,82,vetus,0,2,4,true,0.08501895225742967,2020-10-09T23:12:45.278Z,Schowalter - Baumbach,false
fc968b3d-4d42-47f3-a2ab-a092864480d6,2022-02-17T21:20:07.402Z,Lake Aaliyah,Nebraska,Pakistan,56.878,-137.4762,vicissitudo,callide,capitulus,accendo,blandior,deludo,verbum,94,95.88890402172854,87,corrupti,4,1,2,false,0.21992901087144331,2018-05-13T10:14:06.539Z,Buckridge Inc,true
a92a0dbc-18cb-4295-9d2a-ae766671d91b,2022-02-13T07:54:06.429Z,North Delphine,Alaska,Ireland,4.0232,178.2527,stultus,cunae,viriliter,valens,cunctatio,tumultus,caries,53,112.5083441566334,81,apto,6,0,3,false,0.2369556131730325,2023-01-11T22:36:42.314Z,Hahn Inc,true
d69ff264-4b74-448f-bc10-fe8e36b84402,2025-12-30T14:55:07.918Z,Vandervortfurt,North Dakota,Mexico,-12.7569,45.1365,convoco,aggredior,cavus,claustrum,stultus,amicitia,vitium,107,70.09055599745881,48,comburo,1,1,1,false,0.07596858776358245,2019-08-13T15:16:04.386Z,"Schamberger, Bashirian and Ferry",false