accident_id,incident_datetime,city,state,country,latitude,longitude,road_name,road_type,intersection_type,accident_type,weather_condition,road_condition,light_condition,speed_limit,actual_speed_kph,driver_age,driver_gender,casualties,fatalities,vehicles_involved,alcohol_influence,blood_alcohol_level,weather_reported_at,reporting_department,pedestrian_involved
85bc079e-e2fc-45c9-a70c-6da64c46de58,2018-07-13T21:00:49.047Z,South Lisandro,South Dakota,United Kingdom,51.3025,-149.7487,solium,versus,cotidie,cui,a,ante,admoneo,72,17.637076669005502,31,eum,1,0,4,false,0.047896215984193025,2024-09-24T17:42:19.635Z,"Bechtelar, Sporer and Lind",true
e5b703c3-8f31-4fd6-a508-76b911867d25,2018-07-19T07:50:21.270Z,Macejkovicport,Rhode Island,Singapore,-14.3484,65.6176,cometes,uter,iusto,adinventitias,repellat,aut,decumbo,76,107.62688829436468,21,summisse,6,2,5,true,0.09788618295225998,2022-06-13T08:08:22.337Z,"Dare, Dooley and Bartoletti",false
9778190e-b617-4b61-b85e-b2671ae847e0,2020-11-23T04:24:09.545Z,East Fabiolaberg,Ohio,Paraguay,-36.8319,-53.516,ipsam,cedo,amo,tam,creator,cur,vulnus,95,170.8213172134929,40,suggero,1,2,3,false,0.061329912275719406,2018-11-11T23:57:50.626Z,Gottlieb - Bernhard,false
dd882bcd-45e1-438f-a6e7-739a79bfaefe,2019-08-10T13:08:07.186Z,Kimberlyfield,Arkansas,Palestine,-81.2578,-128.5562,comitatus,vociferor,ad,aperiam,auctor,vox,chirographum,121,200.14425085072367,35,conservo,3,1,1,true,0.11382975338684162,2019-05-06T20:49:12.245Z,Predovic and Sons,true
44569ff5-518f-4f94-b2cc-9b9a447158c2,2023-08-08T18:01:54.785Z,Ann Arbor,Louisiana,Niger,-53.998,-153.6644,cerno,adeo,decretum,vulticulus,aqua,animi,enim,96,213.52359001469688,56,thymum,6,2,2,false,0.015678033540510533,2025-03-04T02:14:16.849Z,"Herman, Koepp and Goodwin",true
e0966d92-7d1a-480e-9229-b5a48608732a,2018-07-25T13:42:38.654Z,East Julian,Utah,Curacao,33.3818,-67.3357,ver,nulla,in,deleo,vociferor,cinis,tres,51,157.60328298442803,84,capto,6,1,3,false,0.24405481176687746,2018-08-18T00:44:40.030Z,Heathcote and Sons,false
dfbdd941-4b98-4466-8ae1-236d1c275110,2021-07-12T17:56:44.258Z,Malikaland,West Virginia,Niger,-16.1963,121.0196,arbor,consequatur,aeternus,cotidie,undique,aranea,sortitus,122,174.0863089456077,71,deinde,5,2,5,true,0.03259908647199228,2025-09-22T19:41:47.513Z,"Cole, Spinka and Pagac",false
6b0b636e-90be-4919-a44c-3d1533a4a188,2021-03-28T18:18:27.656Z,West Alexandretown,Indiana,Uruguay,42.9787,-171.637,cavus,uterque,argumentum,utique,minus,curia,appello,25,148.52324057682173,44,debitis,5,2,5,true,0.014974827484846992,2023-07-31T13:25:41.648Z,Kirlin Inc,false
08cff502-78ae-414a-acf0-759ddadcc204,2022-09-15T00:57:39.964Z,East Lourdes,Arizona,Pakistan,-68.0899,152.6312,atrocitas,dapifer,spectaculum,vivo,inflammatio,verbera,substantia,57,18.232835012821702,86,cohors,4,2,3,false,0.2374754513020195,2018-08-13T03:56:24.282Z,"Marvin, Larkin and Lehner",false
5ab085e9-5b7e-40ef-b660-339c8a50ec0a,2020-05-21T03:28:42.512Z,Ernserchester,Kentucky,El Salvador,57.8019,-105.4513,odio,conicio,carcer,suspendo,traho,officia,eaque,40,237.96838298462032,91,defluo,6,1,5,false,0.11593427728492386,2021-11-04T12:12:14.733Z,"Adams, Hintz and Okuneva",true
01ba9db0-d9e6-4734-a155-abe0b587473e,2024-02-03T23:01:36.191Z,West Autumnside,Indiana,Burkina Faso,-48.3396,-169.5718,arto,usitas,cumque,cedo,quisquam,delibero,crur,128,125.12795308858466,90,curiositas,6,2,2,false,0.06062852912654412,2018-10-26T04:47:52.312Z,"Grimes, Rogahn and Lockman",true
5dbfe810-624e-4437-9d3a-cc69aab24125,2024-02-20T00:39:05.526Z,Pembroke Pines,Iowa,Czechia,35.1311,-11.7462,aspicio,volva,patrocinor,aestivus,cubitum,credo,tabula,82,9.080746652445084,88,cicuta,3,1,3,false,0.047937934526666504,2023-01-05T01:16:45.142Z,Schuppe - Bartoletti,true
efd9b542-7f62-40d8-8a19-4c2d6840e918,2022-12-03T22:37:13.087Z,Rowland Heights,Alabama,Antigua and Barbuda,-70.4951,95.6251,peccatus,desolo,utpote,quidem,pax,pariatur,aranea,28,3.8487961709557794,45,speculum,5,0,4,false,0.11438717866447012,2025-09-04T01:24:13.258Z,Schmidt and Sons,false
218e1515-c0ec-4cc4-8d95-6ff228d32989,2023-12-10T15:46:56.983Z,Lake Forest,South Dakota,Kazakhstan,3.2828,-10.9108,conforto,terga,caries,titulus,numquam,sto,volva,82,104.84292036707659,89,utrimque,3,0,5,true,0.07143170497890339,2018-08-12T18:25:08.236Z,"Klocko, Roberts and Schuster",false
2b16563f-882d-4878-8fa0-28418033ab3e,2024-03-21T11:32:15.961Z,West Kristyland,Montana,Mauritania,64.2923,177.3938,video,corpus,ademptio,aestivus,laboriosam,tutamen,quibusdam,63,81.3961831888653,39,vestrum,0,0,2,false,0.16152085755183718,2021-08-27T21:41:55.662Z,Stark and Sons,true
6229dc07-b2a2-4766-8ef9-42db15852f7a,2018-10-07T14:09:37.171Z,Hayeston,Missouri,Pitcairn Islands,59.6642,48.7888,usus,cui,damno,laborum,ceno,adsuesco,capitulus,85,113.6572503169402,89,peior,4,0,2,false,0.05460644835050618,2025-07-17T04:46:01.457Z,Gislason and Sons,true
fe041aaa-3e6c-4c52-83e8-9ff5a3c94b30,2019-11-09T12:30:36.635Z,Daughertyworth,Mississippi,Saint Pierre and Miquelon,49.2415,156.5785,omnis,conitor,adimpleo,eum,caste,suscipit,succedo,75,147.00071603207445,24,copiose,4,0,1,false,0.2096285181600164,2025-01-05T22:22:13.766Z,Nienow and Sons,false
5a35c7fe-ce92-4155-b76d-2ee09501a066,2022-11-14T13:09:04.462Z,Swiftfurt,Maine,Liechtenstein,59.178,3.4061,tempora,terebro,arto,accendo,cursim,vae,ait,49,220.96394511538023,82,tabgo,0,0,5,false,0.12245108671631985,2022-08-01T14:09:15.717Z,Hartmann Inc,true
caf15d78-6e11-4715-a623-ef891381bbab,2025-02-26T10:17:12.174Z,Rossmouth,North Carolina,Mexico,83.9983,-88.1181,adsuesco,delinquo,comburo,censura,ulciscor,comburo,aggero,95,136.9543373703974,74,comptus,0,1,4,true,0.23326112245562947,2019-06-16T15:31:40.611Z,Gleichner Group,true
48abea0b-2100-4690-abd8-0404d8c2013e,2025-09-04T18:34:39.101Z,East Gussie,New Jersey,Liberia,-0.6616,-30.4084,uterque,varius,caute,deprecator,sto,succurro,crudelis,92,37.504617197393884,78,vester,1,0,3,false,0.028902833756396795,2022-11-14T03:14:06.561Z,Thiel - Turner,false
96cb23b9-41d0-4821-99be-b9da9d99920d,2025-05-07T23:07:40.494Z,Tuckahoe,Alaska,Egypt,-73.0391,167.3756,acerbitas,adimpleo,conduco,suppellex,commemoro,minima,vir,87,65.316386390432,73,ocer,0,2,1,true,0.1810230384023982,2024-06-13T21:09:32.800Z,Wehner - Dickens,false
b792ba93-db27-4756-b569-333a59e6320b,2025-11-12T15:56:35.634Z,Mrazton,Indiana,Cyprus,-65.0766,-164.0111,tabula,admitto,corporis,fugit,conturbo,delego,vesper,90,126.95058564975804,76,thorax,5,1,3,true,0.1575799747220552,2024-07-13T09:30:39.535Z,"Thompson, Hayes and Metz",true
00978fbf-2e3d-4fb1-8488-e55cf77652e1,2021-12-16T12:00:30.914Z,Quentinbury,Minnesota,Venezuela,52.6328,-28.0918,ante,toties,totidem,turbo,accusantium,pel,ulterius,57,46.12241890990311,73,libero,1,1,2,true,0.07672752020404908,2025-12-13T18:33:33.572Z,Mertz - Predovic,false
8e419be2-3a8f-413c-8753-2ff2ec4ea76a,2019-05-29T18:52:45.191Z,East Viva,North Carolina,Cape Verde,55.3948,-31.409,voluptatum,voluptatum,assentator,copiose,spargo,admoveo,capillus,30,170.9130434895175,89,quae,6,0,5,false,0.08199086367049938,2023-06-25T11:17:47.177Z,Haley - Herman,false
a16989fe-dad2-4fbb-8074-04c9fb864723,2025-10-13T18:39:45.324Z,Desireechester,Minnesota,Togo,34.2169,-81.766,vere,appello,socius,tener,arx,vobis,quisquam,82,213.09060722585966,28,paens,3,1,5,true,0.07691699474940747,2025-03-04T13:54:19.116Z,Beahan - Rowe,true
5c8142a1-1188-4833-bbba-17fc39c919e3,2019-12-21T10:18:18.413Z,Fort Theodora,Wyoming,Iceland,-39.0054,152.279,adfectus,comes,minus,alii,voluntarius,adopto,carcer,42,184.49340798254423,37,tertius,3,0,1,false,0.02140132911675055,2023-08-03T15:52:27.028Z,Huels - Sanford,false
a93b009f-bdea-411c-983b-84018b3d7b06,2024-11-14T07:21:37.435Z,East Aric,Indiana,Somalia,-83.7427,148.9887,tam,caveo,delibero,comminor,campana,vae,ter,80,204.61913117594932,69,molestiae,4,2,4,false,0.07745240002931295,2024-03-06T13:30:35.841Z,Hudson Group,true
61253c70-447c-4c87-8598-3122aace0894,2021-04-24T04:42:59.285Z,West Montanaville,Ohio,Antarctica,28.6223,163.7269,teres,creta,consuasor,atavus,depopulo,soluta,amissio,49,103.63398836313664,22,videlicet,6,1,4,false,0.12234895728565065,2024-11-17T22:56:26.572Z,"Heidenreich, Franecki and Jenkins",true
1e04d2f7-431c-402f-b0ea-65962cf0ae39,2019-04-09T06:11:29.305Z,Julietton,Oklahoma,Singapore,-38.7323,-59.6018,aperte,tergeo,verbum,debeo,ulterius,veniam,credo,28,32.85391877009215,48,ascisco,1,2,5,true,0.12536198071006,2018-06-09T16:15:11.885Z,"Johnson, O'Connell and Harber",true
23095cdc-697d-4eee-9881-9f0c2f7e5d58,2024-09-11T11:16:59.085Z,East Reginaldchester,Oregon,Jersey,-41.1456,-174.6959,amplexus,temptatio,nisi,caelum,conspergo,cognomen,caelum,76,100.22250026440031,97,caterva,0,0,1,true,0.2338011912050341,2019-04-27T22:12:54.175Z,Ritchie - Barton,true
cb966d46-a36e-4e89-844b-a3d5dbbc5027,2024-08-26T22:06:13.223Z,Elysetown,Montana,Kazakhstan,-22.0332,-63.9474,decerno,communis,sol,altus,magnam,ter,sumo,112,116.70419418755247,65,curto,2,2,2,true,0.15456651147399447,2023-07-14T06:32:36.608Z,Fay - Johnston,true
95a3019e-0370-4680-9a1f-2ed81245d8de,2024-04-13T17:07:33.752Z,Clarksville,Maryland,Azerbaijan,65.1005,41.9719,solio,acceptus,pariatur,cibus,demonstro,truculenter,dolorem,47,81.94506806239342,22,vulnero,5,2,1,true,0.041750795673550334,2022-07-16T02:05:32.592Z,Becker Group,true
c8948ace-a28e-4907-be1d-e47b91902a03,2022-06-06T14:40:35.659Z,Fort Ben,Hawaii,Rwanda,17.7306,30.9188,tondeo,suscipit,argumentum,agnitio,tersus,trans,cinis,40,7.128446022838331,88,coepi,3,0,5,true,0.1966006477256671,2018-11-12T05:39:49.295Z,"Zemlak, Wiegand and Rutherford",false
220c1a38-4380-4f4a-9dcb-c325581b9565,2025-10-23T02:46:52.355Z,Port Jarenfort,Louisiana,Czechia,8.7323,52.9295,voluptate,demo,avaritia,sonitus,consequuntur,peccatus,caterva,114,106.49502677105667,34,terror,3,1,4,false,0.21895761322485585,2024-01-23T08:11:41.731Z,Ernser Group,true
0bdbf885-5908-43e2-b37a-607119d803ce,2019-10-17T16:42:52.604Z,Evalynworth,Minnesota,Latvia,13.1888,143.7768,audax,quibusdam,ulterius,conatus,concido,cavus,substantia,104,101.6918213377094,51,congregatio,1,2,5,true,0.01421414313885025,2019-11-21T22:13:45.203Z,Kris - Hodkiewicz,false
05650be1-c2f4-40ac-9553-ad2e05beea24,2020-06-14T13:44:49.166Z,South Sidshire,Wisconsin,Equatorial Guinea,12.034,82.8264,nesciunt,turbo,condico,concedo,adipisci,casus,benevolentia,75,237.4540830355477,77,creber,1,0,5,false,0.20779516250218003,2018-12-28T09:04:52.982Z,Schuppe - Kerluke,true
af544b1e-c8a1-4915-ad7e-1896607f20e5,2025-08-15T03:35:10.049Z,Port Eugenemouth,Montana,Wallis and Futuna,-64.5711,-51.177,arto,apud,animi,officiis,somnus,thymbra,clam,110,113.3388086664418,41,acies,4,2,5,false,0.2435978705108237,2024-04-19T11:19:21.524Z,Hackett and Sons,true
4146eadf-8ea7-48df-8d48-a402176254ab,2025-05-29T20:25:57.758Z,Johnsbury,Maryland,Slovakia,73.8518,98.761,appositus,vitae,abutor,peccatus,volo,vinculum,termes,60,36.9425563691476,67,averto,1,1,1,false,0.013057888231243708,2023-06-01T23:24:28.680Z,Wintheiser - Metz,false
69aef1d2-8046-48f0-848d-1fff5524fe54,2022-07-08T20:14:58.497Z,Fort Angelton,Mississippi,Dominican Republic,3.3939,120.4296,necessitatibus,bonus,at,calcar,spiculum,turba,ipsum,97,217.04364071603084,93,demens,4,2,2,false,0.0041881494382474405,2018-03-16T14:07:29.507Z,"Bode, Luettgen and Orn",true
32d12445-51b6-44b6-a58e-d8c4e49ac040,2018-10-15T23:29:10.072Z,North Little Rock,Utah,Taiwan,43.3313,48.8154,spoliatio,virgo,acceptus,ventito,arguo,conturbo,accedo,119,239.4369408612192,42,subnecto,6,0,3,true,0.023805022273875737,2025-04-27T15:15:32.439Z,Ward and Sons,true
59cc2274-7a35-48d8-839c-277671edf164,2025-11-19T17:20:46.584Z,Batzborough,New York,Guam,86.0182,-16.4409,vaco,cribro,sto,culpo,deleniti,argumentum,tutis,98,172.94923984021074,94,auctor,5,2,4,false,0.22209574268307605,2024-05-08T01:51:32.208Z,"Hauck, Orn and Franey",true
12cdc382-d09b-418d-b2b4-561cf95e5c24,2021-11-27T20:44:56.630Z,Upland,Alabama,Solomon Islands,55.5625,145.137,cilicium,peccatus,caput,speciosus,canto,volaticus,conscendo,35,140.0345498604079,97,vereor,3,1,1,false,0.13612483983569382,2021-08-29T02:26:00.602Z,"Moen, Wintheiser and Moen",false
695dc9bf-fb5c-460a-9d14-02e80d4b4a09,2021-12-30T08:20:57.460Z,Kshlerinchester,Rhode Island,Papua New Guinea,33.5014,-172.3414,conscendo,aveho,abduco,urbanus,vita,bonus,tabesco,116,130.34056958294778,51,arbitro,6,1,4,true,0.11511804733165684,2024-08-13T15:18:33.247Z,Mohr Inc,true
3a5b269c-db7b-400e-be9d-9eae5ce71c8e,2023-10-13T01:24:53.594Z,Rocklin,South Carolina,Niue,73.8467,-68.3368,alius,venustas,cito,adsuesco,ustilo,dapifer,sono,56,215.57098200685502,24,tum,2,0,3,false,0.017460444404590547,2024-11-11T08:42:08.159Z,"Reichert, Kutch and Anderson",false
28078756-3603-40fe-ba3c-946e4c89a87a,2019-09-22T12:00:30.408Z,Cartershire,Connecticut,Germany,-78.3223,-104.7302,vox,audax,desolo,villa,desino,aperio,repudiandae,31,180.97345598218544,98,tersus,4,2,2,true,0.20325440983071827,2020-08-08T05:27:39.758Z,Kerluke - Bashirian,false
450f42b9-eff9-4ead-8bf2-8b8ab0aeb68d,2019-05-01T06:00:20.139Z,Fort Myrtis,Kansas,French Southern Territories,88.2576,7.2478,non,barba,theologus,cattus,curvo,bis,avarus,37,95.47314636590522,65,tui,4,2,1,false,0.1060157885151492,2024-12-15T05:55:40.707Z,"Kuhic, Parisian and Kulas",false
70ee4a14-88a4-4a2c-9876-2b727c5a69ba,2018-10-03T12:22:51.615Z,Jolieport,Arizona,Nicaragua,14.9329,-178.5777,bestia,deinde,deleniti,surgo,rerum,patruus,suus,129,168.87402568006092,55,vox,3,1,4,false,0.0024942958951306438,2018-02-09T03:53:04.591Z,Kub LLC,true
48175af5-c8c3-4f10-8e9e-fb855ac9191a,2024-12-29T08:46:37.134Z,New Mary,Michigan,Guatemala,80.1959,-127.3049,praesentium,soluta,approbo,tabella,ipsa,spiculum,illo,124,217.75359904240815,62,absens,2,2,5,false,0.20018444257914617,2020-02-16T20:12:49.092Z,Mueller LLC,false
55f5739e-9075-4454-8a2b-a92aba5db118,2020-09-09T21:02:32.254Z,Gaithersburg,Arizona,Bahamas,-20.0786,102.5911,vulgo,dicta,deorsum,succurro,sunt,exercitationem,accedo,32,30.951991952450683,56,tamdiu,3,1,1,true,0.13242017111978516,2025-01-28T15:31:01.005Z,Kris LLC,false
1032e003-3b4d-4620-94b3-83384a3b232e,2020-01-20T07:37:15.098Z,New Estrella,South Carolina,Bolivia,17.378,-59.8999,patruus,villa,tutis,sonitus,cicuta,ipsum,qui,64,233.01084264304336,66,solus,3,2,4,true,0.21827070156682596,2020-02-08T10:41:45.124Z,"Terry, Lockman and Bauch",false
73c2a55d-ad6f-4641-baec-17967cd91c6f,2018-04-04T04:19:37.099Z,Spencerton,Washington,Chad,-0.5891,-30.9936,canonicus,sodalitas,sopor,cinis,amoveo,asper,caries,105,169.73443111928302,53,perspiciatis,5,2,1,true,0.12735680919937514,2018-09-15T21:55:15.229Z,"Stroman, Bins and Ortiz",false
e1a4d430-b13e-42ff-95c7-128366724953,2020-01-29T21:33:52.249Z,East Patriciafurt,Florida,Namibia,-83.5169,139.0377,cauda,desolo,reprehenderit,spoliatio,pariatur,acervus,tersus,103,204.25325785993525,64,aeternus,6,1,2,true,0.025447602354889742,2022-08-31T04:12:47.043Z,Krajcik and Sons,false
dc45e0d4-7316-46bc-a7e2-f038a14733e5,2020-04-19T22:27:03.939Z,Fort Benton,Arizona,Singapore,32.3502,-163.9804,vespillo,aurum,amplitudo,copiose,utor,repellendus,terminatio,62,201.08066091474956,91,totidem,2,1,5,true,0.015796961423218375,2021-08-31T15:04:57.123Z,Koepp - Bruen,false
1c32f3c4-f7e9-4a26-a5f9-8129ca7169f0,2020-05-30T06:35:49.449Z,Boyleland,Kentucky,Vanuatu,88.1971,-95.986,corrupti,appono,cito,amor,textor,depromo,volva,39,0.49370570637859323,84,tenax,4,2,2,false,0.1285200691794191,2023-07-23T20:19:39.956Z,"Wolff, Baumbach and Wintheiser",false
2133ab02-133a-4b0c-a9b3-ba485de68f75,2023-05-04T18:45:24.353Z,Rohanhaven,Rhode Island,Montserrat,33.6518,12.0391,tenus,tenuis,thalassinus,comprehendo,atrox,accommodo,ultio,60,100.39543563532247,37,coma,5,1,1,false,0.2359159721271947,2022-01-24T00:14:24.074Z,Morar LLC,true
4cb7cb49-af84-412b-a6d5-12fcd748718f,2022-08-26T02:45:06.200Z,Round Rock,West Virginia,Indonesia,-71.7342,75.3439,expedita,voro,valens,vir,aggredior,acceptus,spes,80,205.8261055837961,45,thalassinus,1,0,4,true,0.13318159204993887,2025-06-09T10:37:53.387Z,"McGlynn, Kutch and Schneider",false
1c2ac501-c509-4887-a456-ef8fd83675a7,2025-02-15T06:19:05.831Z,Bethesda,South Dakota,Cyprus,-41.6273,30.9881,vicinus,fugit,vicinus,cubicularis,laboriosam,ratione,tactus,118,209.54301623291815,29,thymbra,0,2,3,true,0.14981138982466768,2022-11-04T03:14:12.382Z,"Braun, Brakus and Wisoky",false
038f7dc8-6651-4821-9eda-d76ca474403a,2018-06-08T13:50:27.726Z,New Hoyt,Vermont,Namibia,13.6782,25.8824,suus,ocer,verbum,sulum,vicissitudo,cura,accusantium,42,76.02555989392536,87,patruus,4,0,5,true,0.24677655794245779,2024-01-08T15:08:41.071Z,Nolan and Sons,true
4841994d-4459-4ba9-906f-c9a9c4221971,2018-06-30T16:30:34.783Z,Salt Lake City,Virginia,New Zealand,-56.5615,-28.9663,creator,succedo,adnuo,cubo,deprecator,infit,clarus,24,95.08423111551097,66,careo,3,1,4,true,0.24691223909437485,2020-07-12T07:07:15.497Z,Grant Inc,true
9577f74e-29a8-4828-8aa9-fc6aadd3a0fe,2020-06-28T07:53:35.142Z,Brandon,Kansas,Uzbekistan,-75.5375,-167.1788,utilis,textilis,carpo,cibus,suasoria,turbo,ullus,93,114.5177181184267,32,casus,0,2,4,false,0.10895214816839582,2023-04-18T12:42:05.023Z,Romaguera - Stokes,false
e31963fa-aed1-48e5-99cf-1ce3e4f5a743,2020-11-01T02:04:32.923Z,Rockwall,Rhode Island,Martinique,31.7013,158.4629,attero,dicta,arguo,adstringo,tabella,summopere,adficio,105,221.57607571354814,89,crustulum,4,1,4,false,0.020715818530042646,2019-03-17T22:05:43.325Z,"Christiansen, Hudson and Rosenbaum",true
0baec031-8dd8-498a-8d34-82333348352c,2023-09-20T20:30:21.858Z,Delaneyton,Montana,Micronesia,24.4398,-33.7161,aggredior,curto,derelinquo,ait,cognatus,venia,adflicto,73,204.26156085077864,31,bos,0,2,5,false,0.13510763659214575,2021-12-16T15:52:23.620Z,"White, Kozey and Kuvalis",false
e2329e0f-0205-494a-8254-e7e88eea0a48,2023-11-12T08:51:23.690Z,Electashire,Illinois,Czechia,6.2139,-67.5356,torrens,infit,votum,caput,neque,demonstro,cauda,95,73.21704507244166,97,subito,0,0,2,false,0.0580394447746754,2020-05-09T15:00:00.956Z,Runolfsson - Nader,true
aa016628-294d-4eb3-b0e7-f8694916984a,2021-09-13T04:59:06.696Z,North Rhiannon,Delaware,Puerto Rico,-4.5149,125.5433,celebrer,ademptio,vesco,condico,cetera,delinquo,turpis,115,133.86627644296922,77,sapiente,2,1,1,false,0.0872427074299664,2019-05-04T10:38:41.521Z,Huel - Bode,false
8e97e8a6-3635-4964-a0ff-8cbcba8f87a7,2020-10-26T21:17:11.633Z,Bauchville,Arizona,South Georgia and the South Sandwich Islands,-80.7182,-178.5989,debitis,suadeo,reprehenderit,vigor,suffoco,aliquam,tot,117,201.83964588219573,54,cuius,2,2,1,true,0.058565503772785854,2021-06-27T06:15:19.389Z,"White, Schroeder and Lindgren",false
51bc8d2f-7f76-435e-a937-07d9593b812c,2024-11-28T19:12:54.841Z,Cummerataview,Ohio,Central African Republic,61.8266,-31.1428,coepi,conscendo,stipes,corrupti,solus,desolo,ulciscor,31,175.97121662524097,32,summopere,0,0,3,false,0.24481733897182642,2022-03-24T01:17:36.843Z,Hermann - Kreiger,false
958e13ad-558d-436a-8b14-f9676fd5d79a,2024-01-11T23:43:26.924Z,Nathanfield,Nebraska,Montserrat,-67.3847,-111.889,curvo,cohibeo,thorax,verus,pariatur,soleo,venio,93,106.00320707598341,73,ara,3,0,5,false,0.04931782623712472,2024-02-26T00:37:03.729Z,Reichert and Sons,false
2eca48c9-d873-42cd-ba09-5d9423dbdd4a,2019-09-12T22:06:49.157Z,Lake Jeanne,Connecticut,Peru,-74.0967,-165.2026,turpis,asperiores,suscipit,amita,apostolus,triduana,placeat,77,0.3412298647756895,55,tutis,1,1,3,true,0.11002048152237315,2018-09-26T23:46:50.765Z,Mohr LLC,false
c3c8add1-f85b-4d20-99e5-2b7efb036e91,2024-01-09T13:18:44.272Z,Laurieport,Arizona,Timor-Leste,4.3481,179.1037,terror,cresco,demoror,vestrum,vomer,currus,ultra,76,182.30894455844597,93,veritatis,4,0,3,false,0.18889192774573346,2018-01-05T03:51:43.123Z,Reichel - Ebert,true
366b2f93-08c6-4366-a045-7e9450f0225e,2020-11-25T05:46:15.727Z,Willtown,South Dakota,Cameroon,-49.5717,-157.872,ullus,rem,praesentium,stips,in,quisquam,deinde,51,102.05571067421049,31,vobis,1,0,5,false,0.1553733962274244,2023-05-11T11:04:57.115Z,Hickle - Schaefer,false
d0fc8620-6c94-4f1e-859c-d2d73ed8ffb6,2018-08-16T22:58:10.277Z,Emmamouth,Arkansas,Panama,71.0756,-138.7211,alii,suppono,ea,amor,carpo,decipio,acquiro,29,9.012082278037044,62,sublime,2,1,5,false,0.1906810617281891,2022-11-21T10:09:49.729Z,Nicolas - Leffler,true
4c10ed67-aaa3-4614-8737-a77fcfa3c74b,2021-06-18T01:00:24.466Z,New Lynnberg,Michigan,Peru,-51.2352,-19.3769,voluptates,campana,cado,aliquam,trans,adeptio,varietas,47,105.28496214145011,87,admiratio,4,0,2,true,0.12304682367233391,2025-04-12T09:33:36.401Z,Kohler and Sons,true
33f14fa2-5d55-499f-a1d9-a80314bb21dd,2025-01-16T04:25:12.720Z,Lucyborough,New Mexico,Timor-Leste,12.0759,31.7282,unde,viridis,sodalitas,sono,utilis,tam,autus,28,56.27954766196541,27,assentator,6,2,2,false,0.13485056481706117,2025-01-03T22:31:17.766Z,"Walsh, Leannon and Huels",true
987f962e-f2a9-4c16-b89f-422c132505f0,2022-11-21T02:12:10.756Z,Yundttown,Virginia,Thailand,-7.9941,-104.9964,cohaero,desino,arceo,ut,tremo,crustulum,copia,111,211.98493308236323,44,cimentarius,2,2,5,false,0.05158889159107202,2023-07-01T02:38:26.863Z,"Balistreri, Kuvalis and Cassin",true
6de91ddf-4b1b-4e79-ae1d-c22714844526,2024-08-22T15:13:57.761Z,Pierreside,New York,Democratic People's Republic of Korea,-7.0579,-121.915,attollo,assumenda,aggredior,creta,cognomen,laboriosam,pax,57,126.58028855946549,63,architecto,2,1,3,true,0.009756740932311131,2020-07-13T06:02:33.801Z,"Gutkowski, Bartell and Pagac",true
7de34f2d-c337-499e-81d8-2a3d823e82c0,2023-04-09T08:06:42.744Z,Euclid,Maryland,Philippines,-31.7206,46.9084,adhaero,voluptatibus,comprehendo,caste,vorax,voro,amor,52,48.228745719246184,40,substantia,1,2,4,false,0.24745790346069368,2018-10-09T13:09:50.125Z,Hauck Group,true
4112935b-b845-4bca-862b-cc7618fcec9d,2021-02-07T04:46:58.335Z,Gerholdview,Nebraska,Russian Federation,41.2851,-18.5474,fugiat,varietas,viduo,campana,cupressus,versus,theatrum,95,209.26594821806933,24,denique,4,0,1,false,0.13514390645020977,2024-03-11T05:15:44.471Z,"Beahan, Powlowski and Friesen",true
f5418728-ec06-449e-8027-0c532b259503,2024-02-29T23:37:21.806Z,Dickensfort,North Dakota,Sint Maarten,1.071,91.5174,crinis,aro,aperio,suggero,asporto,quasi,thalassinus,86,76.36783784533397,38,anser,0,1,3,true,0.11228028753920744,2020-11-23T18:25:16.575Z,MacGyver Group,true
728dd304-1a45-4bd7-ac21-be33e04a6330,2022-05-24T15:40:39.503Z,Davisborough,New York,Angola,-36.4564,57.5331,accedo,civis,optio,supra,qui,aer,asper,24,91.76458362897016,25,clamo,1,0,1,false,0.03595460446130616,2022-05-10T07:37:30.565Z,Kemmer - Hammes,true
bc71ab12-ea3f-4d7d-b77a-35ae1219b85f,2025-07-30T11:40:01.449Z,Allanborough,West Virginia,Singapore,-24.87,-135.8267,ulciscor,avaritia,numquam,ait,crinis,chirographum,vaco,30,154.63142393113253,76,condico,6,0,2,true,0.1744453246175234,2024-12-08T00:37:47.703Z,Lynch and Sons,false
36bd5174-0a6e-42f6-aa33-35d174eefcb1,2021-10-30T13:12:08.747Z,Otilialand,Oklahoma,Equatorial Guinea,-73.499,-103.055,vulgus,aqua,vigor,absorbeo,caveo,solitudo,sursum,51,134.96642530837795,73,civitas,4,0,4,false,0.17151992912369016,2024-03-30T03:49:26.618Z,"Tremblay, Stroman and Ward",true
09472a47-0819-4c11-b4a2-332997c2be01,2024-08-27T01:12:15.919Z,La Mesa,Indiana,Switzerland,-83.5013,6.8199,doloribus,vaco,turpis,theca,bis,utroque,sublime,114,40.111994720991945,45,cultura,2,2,3,false,0.17630759451090583,2018-02-05T20:14:38.614Z,"Stamm, Weber and Heathcote",true