accident_id,incident_datetime,city,state,country,latitude,longitude,road_name,road_type,intersection_type,accident_type,weather_condition,road_condition,light_condition,speed_limit,actual_speed_kph,driver_age,driver_gender,casualties,fatalities,vehicles_involved,alcohol_influence,blood_alcohol_level,weather_reported_at,reporting_department,pedestrian_involved
8e03043f-63d6-4749-b164-07c5ccd6d46d,2025-09-07T21:08:14.574Z,Fort Samir,Ohio,Brunei Darussalam,80.3021,34.2643,vilis,tamisium,audacia,amicitia,suffoco,expedita,sunt,62,145.6975123542458,96,animi,4,1,3,false,0.11448653850851698,2018-05-04T09:07:30.800Z,Kutch - Simonis,false
18324e18-180f-4b4f-ad0a-e845ce832ade,2023-03-10T18:09:04.839Z,Colorado Springs,Alabama,Equatorial Guinea,35.5618,-43.974,defessus,apud,demens,stillicidium,atrocitas,astrum,asporto,96,131.61683207173547,73,ocer,4,2,1,false,0.09594887594494284,2021-06-21T04:15:37.236Z,Roob - Hickle,true
b33ed4bc-e1fe-4f64-ba78-0eb1a105a3cb,2025-01-20T13:37:55.365Z,North Nathanialmouth,Pennsylvania,Malta,45.6737,-57.5929,delectus,ago,demum,officiis,aveho,thesaurus,accedo,37,194.3711046230762,95,trucido,3,0,3,false,0.1011749559458664,2021-06-26T01:01:14.663Z,"Okuneva, Moen and Stamm",false
0f7ffc42-9ff8-4e00-87d8-860e4caea3ea,2021-09-04T11:52:06.908Z,New Zander,Missouri,Fiji,-85.4241,148.0854,ait,tumultus,turba,speciosus,itaque,contego,adicio,29,239.98822494828894,22,concido,0,2,5,true,0.1902853935160562,2019-06-09T12:12:06.756Z,"Robel, Conn and Schimmel",true
a031ce23-2e66-4da5-b95e-aa75f321aa09,2020-03-22T21:25:10.130Z,Barrowsside,Alabama,Honduras,57.7685,-42.4089,calculus,nostrum,comitatus,ullam,canis,cohors,benevolentia,130,129.2598696713647,74,depulso,6,0,5,false,0.0994006756350132,2023-06-03T23:53:32.357Z,"Miller, Reynolds and Conn",false
d7581333-b16d-4756-8cf4-fe1fd5c01ae7,2023-10-11T08:30:20.211Z,Fort Lunaview,Iowa,Serbia,16.9706,129.4294,aiunt,angustus,terga,accusantium,culpo,utor,contego,102,198.06407819819933,61,thalassinus,3,2,1,false,0.1833064938296709,2021-02-14T06:17:45.794Z,Ullrich Group,false
301ba476-c16c-49ed-92dd-9a056d7b5be6,2022-02-17T09:12:06.741Z,East Bernice,Kentucky,Latvia,82.1209,-89.3245,aliquam,cursus,necessitatibus,tardus,amaritudo,tripudio,suffoco,43,86.25514588307496,67,tero,0,1,3,false,0.02847636011081056,2023-09-27T18:08:12.893Z,"Crooks, Tromp and Walter",false
d4aec38d-1c63-4101-85c9-1231d32a71ba,2019-06-15T01:54:41.660Z,Lake Connorfort,New Hampshire,Greenland,-43.3689,94.1875,sperno,textus,comedo,cotidie,vitae,suasoria,avarus,115,148.82815657621086,77,vaco,3,1,2,false,0.17873464147692372,2022-10-02T09:37:23.368Z,"Schneider, Bode and Koelpin",false
221a353c-6679-4d92-8991-b283fa1cd192,2021-01-09T05:18:12.260Z,Hoover,Oklahoma,Qatar,-72.6886,-157.9064,sumptus,atqui,urbanus,colligo,modi,tribuo,truculenter,93,122.25380084415814,31,amplexus,3,0,4,false,0.13834729520542513,2018-11-01T11:21:51.258Z,Stanton LLC,true
36b27693-a236-4f3c-b9dd-3e4c21c55e7b,2025-04-07T10:42:19.914Z,Port Freemanberg,Wyoming,Bangladesh,-12.8225,-139.5798,cubicularis,tactus,speculum,uredo,quos,tamquam,vinitor,22,37.42287008612421,34,constans,2,0,4,false,0.025494570137588685,2018-09-05T18:18:52.858Z,Stamm - Jacobson,true
2798f3ce-21d4-4b9e-9bd2-dadeb3f8720a,2018-07-31T01:37:24.175Z,West Jessycastad,Wyoming,Greece,65.4685,-100.1718,vinitor,amo,maxime,cras,adfero,aggero,apud,95,120.9814314745916,43,confido,3,1,3,true,0.19349832380436144,2020-06-24T20:40:01.637Z,"Rau, Ruecker and Rohan",true
b9e691b1-5a72-4207-be13-487ec878fdb7,2025-04-07T17:47:56.681Z,Favianside,Virginia,Cameroon,40.8959,156.847,aeneus,appello,tribuo,animadverto,arto,vomito,amissio,124,24.33213909601104,65,bonus,3,1,3,true,0.22884641800133254,2020-03-30T10:13:59.054Z,"Grant, Armstrong and Hickle",true
6923d84b-3199-4b91-9583-f39a82a9889b,2024-05-17T11:04:40.117Z,South Brandyn,Massachusetts,Niger,39.8955,-175.7271,titulus,carpo,sui,vis,decipio,tendo,auctus,77,30.555004177375444,16,taceo,4,1,1,false,0.15391590685682782,2025-11-14T22:35:01.149Z,Davis - Wuckert,true
c8277f4c-05da-47f1-b19f-170a97a337a4,2025-11-29T00:02:01.137Z,Sammamish,Mississippi,Malta,-88.367,175.3477,uxor,amplitudo,testimonium,virtus,textilis,amita,degero,117,155.3006815843529,41,delectatio,3,1,1,false,0.17205438320984098,2023-02-27T16:38:03.752Z,"Hoppe, Kshlerin and Little",true
ddc09ba2-ea2c-4213-babc-dd993bd80fd1,2025-09-14T02:28:14.880Z,South Marlen,Illinois,Philippines,75.5447,-67.1581,corroboro,amplitudo,cultura,molestias,nisi,cogito,tot,30,32.15673719042873,24,officia,4,0,2,false,0.2019138422643386,2024-01-16T17:32:08.189Z,Becker LLC,false
97322c72-c44a-4091-a76d-077bf9274450,2020-12-23T14:50:29.767Z,East Pattie,Nebraska,Madagascar,-57.584,79.6797,beatae,viriliter,demoror,caput,fuga,delinquo,valetudo,84,108.21223971209412,31,communis,6,1,5,true,0.24552203210736837,2022-11-06T09:17:43.498Z,Torphy - Grady,false
90964b60-0c53-4b07-bb1b-32815b057711,2018-01-04T03:13:54.421Z,North Helen,Mississippi,New Zealand,19.5687,94.1222,arguo,creta,explicabo,dedecor,vorago,tres,decor,53,19.761717628517744,90,torrens,1,2,2,false,0.19276352485165363,2021-03-31T02:36:53.834Z,"Cruickshank, Hyatt and Hoppe",true
6b02a9f2-40a9-457b-86b5-e9b0aec9ce66,2025-06-26T16:00:56.983Z,Schillermouth,Rhode Island,Gabon,45.6039,-131.7933,tergeo,sollicito,ratione,decet,defluo,consequuntur,apto,89,2.3299255121760076,32,quis,2,1,1,true,0.24644839566850582,2023-02-03T04:49:17.158Z,Beier - Yost,true
3af48f8f-67ae-46a6-8f8b-b71322c91ba5,2019-08-20T12:06:33.125Z,Kennewick,Wisconsin,South Georgia and the South Sandwich Islands,-43.444,88.1862,numquam,autus,tergiversatio,ustulo,tantillus,traho,atque,70,3.911081211544838,90,validus,4,0,1,true,0.13574211373828665,2020-12-16T09:15:15.642Z,Fisher - Ward,true
8fdf8f77-7f81-4308-b617-704d0ccd5559,2025-04-08T05:17:37.782Z,Tustin,Delaware,Lebanon,52.8989,105.3261,cattus,bellicus,libero,clarus,abduco,spes,voluntarius,113,183.30447953986373,78,cras,2,1,2,false,0.07858052750341182,2020-01-26T00:24:14.613Z,"Price, Heathcote and Wiza",true
410d9567-2b3e-4bc0-8555-dc3df166cc57,2018-12-23T23:50:17.532Z,Volkmanville,Oklahoma,Madagascar,-17.5498,-171.0183,dignissimos,carus,cilicium,uredo,strues,arma,usus,63,56.28314405006545,42,attonbitus,3,1,5,true,0.23603348708463828,2021-01-26T06:27:05.670Z,"Prosacco, Braun and Beier",false
e5e03657-9ff7-4c6c-9f7c-15dec699b6fb,2023-09-03T05:55:10.618Z,West Bernitafurt,Maryland,Tonga,58.6169,108.846,tantum,bestia,copia,tamen,subnecto,demulceo,amplexus,68,225.07955101826042,45,coma,2,1,5,true,0.01544663174268307,2025-07-22T09:59:00.892Z,Stiedemann Inc,false
11929c30-2113-4f96-a9c2-f7df84f8db5d,2018-11-06T03:11:01.971Z,East Lupeberg,West Virginia,Cayman Islands,-70.337,56.6794,speciosus,vox,corona,deleniti,curtus,spiculum,sol,36,51.69821670085285,59,uredo,3,2,5,true,0.04466222564886463,2020-11-05T11:35:57.448Z,Hartmann Inc,true
b09df2a9-02f4-47e8-9b20-c80030f4e139,2019-02-17T15:33:47.404Z,West Gardnerview,Pennsylvania,Guadeloupe,30.1032,168.08,talus,verto,cariosus,exercitationem,maiores,conduco,sono,114,157.59989039799524,40,vergo,6,0,5,true,0.19779550729598283,2020-01-13T20:04:39.879Z,Ledner and Sons,false
4011a6ff-1c66-4127-8ac9-62ca65f428d4,2024-09-27T22:06:20.508Z,Ludiestead,Delaware,Ukraine,42.9259,88.4189,terreo,umquam,dolore,sufficio,solio,capitulus,stabilis,66,157.8105706188413,27,angulus,1,2,1,true,0.18766063975312328,2018-07-24T23:05:46.384Z,Balistreri Inc,false
fd615e2c-eec6-41c5-801e-d1ac3e929037,2024-05-26T16:06:07.717Z,Jurupa Valley,New Mexico,Northern Mariana Islands,32.7832,175.3725,textus,synagoga,adsum,caritas,culpo,surculus,sono,46,210.85250368980905,27,cursim,0,0,3,true,0.11458646794877808,2020-12-28T18:33:21.685Z,Ward and Sons,false
f3326733-6419-4b87-b814-aa77732d656c,2024-08-12T20:58:09.068Z,Lake Briastad,Arizona,Uganda,-35.0249,-128.2802,atavus,omnis,venio,cubitum,creptio,pauper,cupiditas,23,32.14367568265756,62,demo,0,2,1,true,0.06717606293254713,2021-03-31T12:24:58.866Z,Price Group,false
4995f02d-c434-4a6c-a3d6-fa9d5819ba34,2019-07-22T00:51:02.340Z,Vista,Michigan,India,-21.1551,-80.1839,quia,atrox,vitium,caelestis,ullus,tergiversatio,vulnero,32,177.2357880292755,20,laudantium,6,0,5,true,0.009286533284360493,2018-03-17T18:04:10.060Z,"Kohler, Green and Runolfsdottir",false
27800d97-6a35-4411-b6e8-2518ade62223,2024-09-22T19:10:20.880Z,West Palm Beach,Oregon,Greece,-60.7103,-114.7147,delicate,comis,tribuo,nihil,voveo,subvenio,via,79,87.92074731779785,22,angustus,4,2,3,false,0.19039799432132568,2023-05-27T12:11:45.989Z,"Greenholt, D'Amore and Williamson",false
2ccfdcc8-a58b-4efd-82be-7c4eeaf38f23,2021-05-12T11:58:15.025Z,Brekkestead,Tennessee,Heard Island and McDonald Islands,70.5608,51.2291,temeritas,possimus,collum,alias,adfectus,summopere,turpis,59,174.3422770802468,79,carpo,1,0,3,false,0.025243975023375387,2022-11-05T20:04:17.927Z,Altenwerth - Schowalter,true
4be82823-ab97-4e3e-b4ba-81518c03b022,2025-04-08T05:09:54.291Z,Reynoldsborough,New Mexico,United Arab Emirates,87.8144,-101.8163,thalassinus,vigor,creptio,tres,supra,tametsi,combibo,121,113.9751591747475,21,caste,4,2,5,true,0.02966100900484997,2023-05-30T08:53:17.732Z,Casper - Stracke,true
e9cc891a-2b95-4dd3-9775-1e770c120d9e,2021-09-26T10:46:26.221Z,Prohaskashire,South Dakota,Samoa,33.6283,76.5109,stultus,demoror,adsidue,aestus,vaco,ventus,spoliatio,97,54.71932004162391,54,patria,5,2,5,true,0.113210714831563,2020-07-04T20:51:29.367Z,Schmitt Inc,true
2281a9d3-cd63-4a11-b410-b5abec549d7f,2020-01-06T22:01:43.193Z,Waldocester,Alabama,Aland Islands,39.6945,-129.0448,ea,victoria,trucido,concido,cornu,tricesimus,cenaculum,94,6.502954617251158,79,sollers,0,2,4,true,0.14986605443111198,2023-12-15T02:40:23.876Z,"Monahan, Corwin and Metz",false
713feff4-366f-4173-9a32-907944ca4594,2020-06-21T03:46:55.166Z,Riverside,Minnesota,Israel,7.1069,144.0099,somniculosus,hic,derideo,cruentus,antepono,ab,alias,58,116.7305351919386,33,uxor,2,0,4,true,0.23265321445009668,2018-08-18T03:12:08.033Z,Tillman - Kuhic,false
04031f12-a573-4b50-a07a-9835eec095ec,2018-09-04T14:01:01.859Z,Port Pearlie,South Carolina,Netherlands,82.8502,96.0217,officia,tyrannus,chirographum,valeo,patrocinor,infit,vaco,45,99.18024745053708,85,fugit,4,1,1,false,0.028638161102917448,2020-05-08T12:18:45.597Z,"Koepp, Ferry and Veum",false
753dbc6b-13fd-4b58-a165-8f525f359a5c,2025-05-01T18:47:27.687Z,Dickenston,Rhode Island,Taiwan,-47.8755,-60.2446,amplitudo,vereor,acsi,conforto,degenero,laudantium,quaerat,57,174.76700864611863,24,repellat,1,1,4,false,0.04486684903053592,2020-04-19T10:53:38.504Z,"O'Hara, Pouros and Bednar",false
3a1e0c97-970c-4c34-8f6a-100aa9bbb9e4,2025-01-10T08:07:52.638Z,Fort Josefort,Montana,Armenia,-42.0563,-129.278,desparatus,repellendus,tendo,quibusdam,video,appositus,bene,96,221.65725922267424,32,contra,5,2,1,true,0.028080097522530267,2022-07-22T08:52:22.880Z,Durgan Inc,false
c77619b5-9571-461d-bbfa-bd10ef018e17,2024-06-29T06:36:34.281Z,Minneapolis,Rhode Island,French Polynesia,-68.8582,162.3496,illum,tot,demulceo,accusantium,conforto,earum,villa,82,204.42632021809936,74,somnus,2,2,3,false,0.18184248045632984,2019-11-08T04:52:33.386Z,"Muller, Roberts and Blanda",false
6543a3ca-ba33-4837-afcb-1a11b76e5796,2019-12-21T11:53:13.806Z,North Nash,North Carolina,Rwanda,26.2625,-39.0786,spero,adimpleo,recusandae,arguo,vulnero,terreo,acies,34,72.65316369516968,37,quibusdam,0,2,3,true,0.13017448875006077,2025-01-19T05:20:16.118Z,"Hoeger, Hamill and Rutherford",true
9908a669-4773-48cb-ada8-e4153ab9e305,2019-11-01T01:04:08.065Z,North Tyshawnville,Arkansas,Costa Rica,-24.9628,34.1042,impedit,commodi,artificiose,una,aliquam,neque,tener,78,125.60376720653741,51,cilicium,3,0,2,false,0.12856726849380853,2023-07-25T02:39:43.975Z,"Toy, Doyle and Dietrich",false
3839ddb3-710b-4089-bfc7-7c5b42aa32a9,2023-04-17T18:55:09.155Z,Natbury,South Dakota,Cote d'Ivoire,40.4617,30.3567,triduana,voluptatem,curia,benigne,tamisium,callide,artificiose,49,161.38543307694152,80,vix,3,1,4,false,0.2133314284745198,2021-05-20T17:34:40.513Z,Greenfelder Inc,false
f43a9b95-e57b-4627-a16f-feb0a45e4084,2018-04-21T08:40:24.343Z,Dareton,Ohio,Lao People's Democratic Republic,68.342,178.0944,damnatio,conventus,dolorem,umerus,vito,utilis,deserunt,96,112.18650144850271,75,bos,0,0,2,false,0.08189627812940894,2019-04-10T16:23:04.226Z,Schmeler - Daniel,true
cd41f6b6-9949-451d-8062-7e2233d2afd7,2024-06-10T12:40:53.889Z,Bergnaumhaven,Montana,Western Sahara,-29.7778,-164.8001,cervus,solitudo,anser,socius,via,acceptus,amaritudo,74,126.45143430211441,71,cribro,1,1,2,false,0.10188564477358211,2024-08-23T15:09:56.257Z,Cartwright - Ratke,false
90f873b1-dd7c-491f-b75d-c35e2973a70a,2024-09-18T03:26:35.454Z,Abernathyshire,Utah,Mongolia,3.5446,-11.1778,vociferor,utilis,trado,defleo,demergo,defendo,assumenda,128,227.72760366647586,37,nihil,4,1,1,true,0.18400759520565468,2022-09-04T14:21:23.922Z,Weimann Inc,true
5a628978-5d08-46df-b632-3db8dbca8daf,2023-09-09T13:36:00.942Z,Chesterfield,Colorado,Peru,13.9066,115.3474,coma,aqua,tamdiu,capio,coma,accusamus,corroboro,48,52.559686549014295,36,umquam,4,0,5,false,0.21682968058776209,2024-05-24T00:39:19.111Z,"Hills, Berge and Kunze",true
7d717ca7-324d-484d-bae3-314ec6030313,2024-06-02T16:01:31.346Z,Ortizboro,Pennsylvania,Poland,69.6803,74.854,pax,vobis,dolorem,apud,arx,atque,stultus,61,197.431755747814,52,confugo,1,2,5,true,0.110901896990511,2025-12-22T07:21:03.099Z,Lynch - Gislason,true
78c871d4-aa0d-4944-8d67-200da251c415,2024-10-24T06:13:20.065Z,Lake Kip,Utah,Malta,-49.5858,143.1262,adicio,clarus,ambitus,substantia,torqueo,allatus,defaeco,50,155.71886992295677,65,vilitas,3,0,3,false,0.22285603164947054,2024-01-14T18:34:47.349Z,Marquardt Group,false
28d5ecde-9123-400d-acbf-43efe5485edc,2018-11-26T11:53:42.106Z,North Elody,Utah,Belgium,74.3104,-157.563,thymum,quidem,vulgaris,adflicto,absum,sufficio,autus,49,125.01146179779307,52,deduco,2,0,5,true,0.21603553157488622,2020-09-12T12:00:47.376Z,Wuckert and Sons,true
1f73e016-ab3d-4c87-ad8a-165017e10dde,2020-08-27T23:04:58.613Z,Lake Al,Kansas,Yemen,-29.9987,120.4453,error,ex,confido,ocer,astrum,quae,modi,42,75.84041043073088,29,auxilium,5,2,3,true,0.03894594635210405,2020-02-12T13:08:58.658Z,O'Conner and Sons,false
3a2fa4fd-a3d0-42c3-9520-066f8ccfb987,2021-08-10T08:34:56.138Z,Monicafield,Mississippi,Liechtenstein,73.9612,-32.5666,uredo,temporibus,creta,possimus,tutamen,reiciendis,verus,119,62.66111234244938,86,adsuesco,5,2,3,true,0.23224807566119302,2023-06-09T16:10:16.360Z,"Beer, Crona and O'Conner",false
31d57d80-7dbe-47bc-bbcf-6dcd134c2f78,2019-12-13T13:32:57.772Z,Colechester,Arkansas,Mayotte,-34.1833,101.2602,terror,assumenda,vulnus,aeternus,ventito,blanditiis,usitas,66,123.23473317108987,69,adhaero,3,2,1,false,0.2450975241237507,2024-03-09T05:07:28.457Z,"Kiehn, O'Hara and Conroy",false
6f7a0805-fa52-434a-9d51-ff44b79a4bda,2022-01-20T15:08:22.909Z,Janellecester,Mississippi,American Samoa,33.5941,93.1441,advenio,voluntarius,sollicito,vespillo,officiis,curso,timidus,122,0.7945749151753123,23,cotidie,1,0,5,true,0.14575622966167212,2025-07-13T15:28:57.825Z,"Schuster, Paucek and Feil",true
da36ea7a-bd88-4d96-a4ea-aa5fdfb145b6,2023-12-14T22:14:28.930Z,Warwick,Kentucky,Cape Verde,-50.464,92.3668,adeptio,dolores,crebro,super,cognatus,copia,cognatus,110,85.88432487557876,94,clibanus,1,2,4,false,0.109332435351017,2022-02-19T09:05:20.344Z,"Morar, Koss and Schmeler",true
04e51368-2216-4ae3-b323-5134bf7ce2ee,2020-12-28T01:28:02.165Z,Poinciana,Missouri,Guernsey,-58.2596,49.2713,articulus,modi,curiositas,cura,sono,thesis,conculco,35,147.77790067336045,49,cimentarius,4,0,4,true,0.020313372797998747,2025-11-23T23:23:20.300Z,"Quigley, Waelchi and Hagenes",true
de0c01f6-2533-48b6-babc-61d5162a5e9b,2018-03-15T13:10:24.386Z,Grand Prairie,Nevada,Hong Kong,36.5776,69.7133,cernuus,caelestis,perspiciatis,admoveo,umerus,tutamen,universe,125,81.17625764587783,90,hic,1,1,2,true,0.13171355059435944,2019-08-21T07:13:33.727Z,Walker - Mertz,false
77b34544-d849-41b8-a0dd-2fead01a65f4,2021-12-23T17:15:09.070Z,New Yadira,Arkansas,Bahamas,87.9866,104.9617,vorago,sum,accommodo,dignissimos,deripio,aliquid,quod,110,173.6083737958647,33,sodalitas,0,2,3,false,0.13774963128433634,2020-02-20T17:22:58.852Z,"Mohr, Kertzmann and Waelchi",false
461b0144-45cf-479f-baed-87113940568d,2023-06-27T11:30:42.891Z,Fort Kacieburgh,Wisconsin,Jordan,-88.963,157.47,argumentum,denego,acquiro,casus,aspernatur,cotidie,beatae,71,187.600950286867,92,decerno,2,2,5,true,0.19930431943585997,2021-01-07T19:02:03.474Z,"Walker, Quigley and Grady",false
4b41ca68-614a-4725-a8bb-bbed7c6fd378,2025-05-02T07:37:04.718Z,Tellycester,Alaska,Mali,-8.0681,-47.745,curo,vulpes,beatae,aetas,viriliter,speciosus,carcer,27,118.85382197361123,24,vere,5,1,4,false,0.04045778201786274,2025-04-04T14:32:16.198Z,"Ruecker, Corkery and Stoltenberg",true
c1ba8561-678b-4d70-96d9-c60366bbd6d9,2025-08-07T01:37:57.527Z,Port Theo,West Virginia,Marshall Islands,-82.3341,61.604,vesper,beatae,facilis,carbo,administratio,blandior,aro,97,26.024598760755335,61,caput,6,2,1,false,0.23792284000701208,2023-10-02T11:50:44.635Z,"Stiedemann, Leffler and Corwin",false
c35bf890-feab-4cc5-bc2c-e6bedbe26598,2024-09-22T00:31:27.504Z,North Hiram,Ohio,Saint Lucia,-42.1528,162.2935,solvo,dolores,voluptatibus,cubicularis,debeo,adnuo,terga,65,115.52178734933612,84,adamo,4,2,4,false,0.1891444637150472,2023-06-20T04:11:11.884Z,"Bednar, Hessel and Kreiger",false
0570b872-5727-49d3-934f-c6fbe99e4c96,2025-09-23T11:36:10.833Z,New Rhiannatown,Wyoming,Cuba,14.747,-32.0973,corpus,blandior,delectus,suscipio,tollo,cogito,velit,60,191.96926050580154,69,contego,3,0,4,true,0.09074762837034661,2018-10-07T18:59:25.501Z,"Crist, White and Effertz",false
9f3625fd-7f06-4562-b3e6-19e9bc3bd60d,2025-12-26T22:42:51.959Z,Coachella,Ohio,Madagascar,-9.1712,74.9991,cauda,verecundia,sed,sulum,supplanto,trepide,vetus,30,48.44943655786394,98,usitas,1,0,2,false,0.0008299722114042396,2023-07-02T02:29:50.117Z,"Weber, Carter and Flatley",true
25fbbc20-9af0-4c0d-94ee-0ad7f591c152,2020-12-05T02:02:47.210Z,Southaven,West Virginia,Morocco,33.7486,-149.9287,defleo,quisquam,deputo,virga,aperiam,tactus,conitor,68,9.465106940149326,30,soleo,1,1,4,true,0.23653349226056106,2025-01-26T19:08:06.050Z,Klein - Leffler,false
d3e0b0c3-2b31-4d5d-a7ff-5b225d228b65,2025-10-08T11:31:59.409Z,Schowalterfield,Indiana,India,87.7424,-106.4059,averto,clam,comis,amitto,uterque,claudeo,sophismata,34,225.41280727948697,96,cupiditas,4,1,5,true,0.08797666266350879,2022-04-15T16:05:26.692Z,"Schamberger, Shields and Kohler",true
a901ee40-e343-4cf6-80ee-186518623e85,2019-03-08T23:01:17.981Z,Torpbury,Nebraska,South Sudan,-74.9046,83.6747,ullam,spoliatio,valde,avaritia,in,vitae,stultus,75,80.65219550890487,84,sustineo,0,2,1,false,0.060413246268701926,2021-11-06T00:34:32.304Z,Miller Inc,false
4ef97c7f-ed37-468c-ac65-508f0bb5bf1b,2020-05-25T15:09:47.073Z,West Keenan,Wisconsin,Holy See (Vatican City State),73.2337,-21.7126,tabgo,allatus,tendo,decet,trado,pectus,tollo,116,15.222441198330046,24,tepesco,2,1,3,false,0.21661300451414597,2025-11-25T09:39:03.679Z,Stiedemann - Williamson,false
e536b45a-b87d-4927-8efe-43e23041a8ec,2018-01-02T20:21:22.874Z,Sioux City,New York,Afghanistan,-60.1727,31.4622,voluptatibus,est,curso,denuncio,non,adficio,delicate,56,201.21956246007247,52,depereo,4,0,4,true,0.05792114429292913,2025-05-30T23:09:45.725Z,"Lehner, Ullrich and Medhurst",true
61edd492-ff17-42f8-9c53-da3534f13f99,2020-07-28T02:51:08.722Z,Taureanburgh,Mississippi,Ukraine,-14.1604,48.1189,desino,ipsa,reprehenderit,attollo,decretum,depono,totam,52,175.5981306922828,66,maxime,1,2,4,true,0.13118150273429083,2019-02-07T12:34:51.992Z,"Kuvalis, Schneider and Torphy",true
ad98f5b8-6f0f-4eca-8a91-808c86e1e2ac,2019-09-04T01:21:17.012Z,Welchshire,Connecticut,Singapore,-39.7089,50.1129,degenero,sufficio,rem,facilis,volva,spes,terror,29,20.245851665474667,38,cetera,4,0,3,false,0.02302069229497558,2020-11-13T00:35:35.279Z,Okuneva - Jacobi,true
f0fbadb2-d634-4428-a7d5-e567c6b519a6,2019-08-20T07:59:05.752Z,Lake Rolandoland,Kentucky,Belarus,33.6535,48.062,omnis,volutabrum,tandem,annus,sumo,vita,theatrum,72,171.64361405428286,88,volo,2,2,4,true,0.04432607903857866,2022-08-29T17:09:19.111Z,Parisian - Daniel,false
78b08064-8785-45c1-952d-1312e41b50fd,2021-09-29T11:12:27.664Z,Fort Patrickboro,South Dakota,Tunisia,33.8633,-130.2449,bonus,sustineo,clarus,depraedor,delicate,quia,curo,98,48.51897649048799,80,coaegresco,3,0,2,false,0.04622995070947031,2022-09-13T13:44:12.773Z,"Aufderhar, Kunze and Predovic",false
ccc78d5b-0b60-4f03-9389-e0fe8b1fd980,2025-04-13T12:58:18.317Z,Brakuston,Rhode Island,Ghana,-77.7985,164.7232,benigne,cerno,tribuo,aduro,absorbeo,sint,somniculosus,35,184.26660828180192,36,cogo,5,2,3,true,0.09182422206337915,2019-12-21T22:12:50.544Z,McCullough Inc,true
f177e8a9-018d-4fcc-87b8-76412b37c24e,2021-11-09T17:05:29.346Z,Carson,West Virginia,Palau,29.877,148.371,cubo,thymum,baiulus,cariosus,torrens,arceo,contra,95,131.61995619969838,80,depereo,6,2,3,true,0.008126965640562783,2021-06-12T10:57:42.877Z,Reilly Group,false
5afbfa3a-cf02-4d44-966b-12e606517159,2025-03-10T02:21:00.028Z,Nelliebury,Iowa,Turkmenistan,-27.838,144.1188,aperiam,demonstro,abduco,in,vilicus,suus,arcus,96,91.23689897969338,43,amiculum,5,1,5,false,0.1632260089669586,2024-07-24T15:50:15.957Z,McGlynn Group,false
b06489b0-23bf-4c2f-8cee-60425b49eed5,2020-07-01T20:00:10.931Z,Coralietown,Massachusetts,Philippines,-0.9143,-135.4502,angulus,volup,molestiae,debitis,vicissitudo,curvo,tot,47,87.50705245863874,75,terga,0,0,3,true,0.06480991376784265,2019-06-16T02:49:33.291Z,"Olson, Heaney and Smitham",false
e2c330a9-b39a-408a-a8a6-8c9d770733a6,2021-04-29T14:02:23.567Z,Port Asha,Idaho,Tokelau,-30.9632,-78.9482,suggero,curvo,cruentus,demens,minima,somniculosus,virtus,121,88.90360989763101,38,super,3,1,3,false,0.21344647890228896,2023-05-07T20:51:33.810Z,"Bernhard, Romaguera and Kling",true
b9b4c1f2-639b-42b1-8c6c-863f1cdffa23,2022-04-08T08:00:16.988Z,New Kipshire,Maine,Niue,-54.8023,99.2946,uter,earum,umbra,tremo,solutio,custodia,tendo,57,222.29424995117495,49,amo,3,0,1,true,0.2487384252372364,2022-11-23T04:20:13.781Z,"Mills, Kerluke and Lowe",false
78d27cd7-d267-463d-a253-6c2a66e117e7,2020-03-14T23:38:19.603Z,Keyonborough,Kansas,Somalia,-41.9031,161.0985,quae,molestias,demens,earum,debilito,basium,temeritas,110,102.8385901590709,71,tego,5,2,1,true,0.13819927997658613,2021-01-19T07:43:57.406Z,Heller and Sons,true
b6b5e005-52a2-439d-94a4-25514fb21a05,2019-12-09T22:35:11.806Z,Gradyfurt,Vermont,Northern Mariana Islands,39.4745,-79.8195,decens,textor,velum,ars,cupressus,varius,tribuo,86,232.83490156537786,95,curiositas,3,1,4,false,0.10673565144065036,2018-02-24T11:06:03.755Z,"Bernier, O'Kon and Boehm",false
94c0ccb0-e513-4d03-8f3f-5d110ca03aea,2020-08-20T02:45:37.146Z,Savannah,Louisiana,Vanuatu,44.8409,-85.4847,vos,capitulus,absorbeo,sonitus,comedo,convoco,via,110,173.45788214241446,87,usus,0,0,3,false,0.016325320886020955,2020-08-11T04:33:45.842Z,Russel - Fritsch,true
a1a3dee7-c58d-4606-8f20-6a12a509e22c,2024-01-29T21:22:27.993Z,Leuschkeberg,Arizona,Eritrea,2.4716,177.5539,adsum,vito,textus,tener,desolo,crustulum,dignissimos,117,183.93562479568183,85,copiose,6,1,4,false,0.22369884841890444,2023-02-05T14:49:37.269Z,Batz - Mueller,false
c665c6cd-2032-4cb1-8509-3dca6223aad0,2020-04-15T19:30:44.687Z,Lake Malvinaport,Minnesota,Saint Lucia,34.9969,-130.8682,ver,conservo,tergo,venustas,attero,ambulo,cito,78,115.30102294940464,59,ascit,6,2,3,false,0.11952415455414775,2022-06-29T21:42:02.728Z,"Murray, Schuppe and Moen",false