accident_id,incident_datetime,city,state,country,latitude,longitude,road_name,road_type,intersection_type,accident_type,weather_condition,road_condition,light_condition,speed_limit,actual_speed_kph,driver_age,driver_gender,casualties,fatalities,vehicles_involved,alcohol_influence,blood_alcohol_level,weather_reported_at,reporting_department,pedestrian_involved
ab299b7a-e9a3-4a83-8596-342cf25671b8,2018-09-06T09:43:49.345Z,Nealtown,Louisiana,Netherlands,65.2261,-163.9018,velit,advoco,tepesco,vester,contigo,aestas,vallum,126,21.507776683051016,31,cupiditate,4,2,2,false,0.02523311587359303,2023-11-12T21:22:06.209Z,"Brekke, Flatley and Metz",true
658ad0a9-6791-46d2-a83f-fbf28b8a056d,2023-01-26T23:51:32.399Z,Lake Clementina,Texas,Malawi,58.298,133.0862,uredo,alo,copiose,esse,valens,sodalitas,damnatio,78,195.71677507730587,24,vicissitudo,4,1,2,false,0.24777935249597158,2021-03-25T22:41:18.712Z,Ruecker - Wunsch,true
052f1ff9-1ca8-417b-8148-43772299e2a4,2025-06-27T01:55:58.908Z,Fort Tevin,Hawaii,Somalia,45.1119,-55.4742,trucido,caste,nisi,tracto,vulariter,thesaurus,defleo,27,91.18121187047781,67,vergo,6,0,2,true,0.052026281760510634,2021-12-13T08:14:49.869Z,"Heaney, Sporer and Schroeder",true
20f4b3cd-838d-4b5f-8d93-813aff2f4a7e,2025-05-17T09:50:08.699Z,Rooseveltstad,Kentucky,Grenada,-65.3085,12.9377,accusamus,vilitas,suffragium,terror,accusator,teres,concido,79,121.20019390301516,35,ambitus,6,0,1,true,0.16866287104770075,2023-08-24T01:05:37.339Z,Bradtke and Sons,true
38c77acb-243a-447f-b011-4a8cdd292bc4,2024-04-05T14:51:08.344Z,West Williamhaven,New Jersey,Turkey,84.1724,156.6057,desidero,texo,vespillo,arcesso,nihil,tenuis,absque,65,90.53625734345846,91,cunctatio,6,1,3,true,0.2225185645360967,2023-04-16T12:04:41.855Z,Cummings - Herzog,true
499c10d2-0b0a-4508-8355-cb99a8b47c84,2021-10-26T13:40:33.581Z,New Salmaview,Virginia,Democratic People's Republic of Korea,-77.6689,-166.6396,varius,amitto,amplitudo,at,capio,cura,stabilis,34,219.20481482825485,86,beneficium,1,1,5,true,0.10961271722707328,2019-04-30T11:56:43.554Z,Fahey - Paucek,false
09037996-e893-41d2-b6c6-6ab405593342,2023-05-11T23:55:06.883Z,East Rashawnview,Idaho,Papua New Guinea,42.4206,-130.1815,aspicio,aedificium,cognatus,coma,enim,averto,callide,41,127.97634958953569,68,theologus,4,1,4,false,0.08353348319409737,2019-02-10T20:42:26.509Z,"Schuppe, Gislason and Tromp",false
0d0ced3d-6f21-4483-b0fa-08c22180a828,2018-02-18T17:55:22.367Z,Palatine,Texas,Gambia,-43.1129,-20.5447,blandior,nemo,adfectus,conforto,spero,patior,versus,88,157.45998422503285,74,coma,3,0,2,true,0.18111161463069292,2018-08-17T00:29:44.782Z,"Kilback, Upton and Tromp",true
c49ee683-e783-4445-a4ee-eda739241ea0,2019-04-03T08:15:15.435Z,Satterfieldborough,Oklahoma,Costa Rica,40.419,160.8371,crur,voluptatum,conitor,adicio,non,talus,sint,54,105.57310470315682,95,celer,5,2,5,true,0.15180091131987797,2025-07-05T22:49:17.267Z,Jacobson - Kertzmann,false
f39e028c-fc97-4167-a3af-693f9eb396e5,2018-12-18T20:56:36.740Z,North Fabian,Iowa,Nicaragua,77.8493,42.0302,textilis,absens,tolero,speciosus,magnam,ratione,casso,126,111.83660429509273,49,voluntarius,0,2,1,true,0.20306126089423984,2024-06-23T13:39:11.880Z,"Konopelski, Gibson and Jakubowski",false
33894b91-38d1-44e5-ac8c-cb2aa6fc36de,2020-01-25T21:57:29.304Z,Hettingerville,Iowa,Montserrat,3.4873,-37.4447,tamen,nostrum,angulus,vestigium,tui,laudantium,convoco,23,117.93109878289147,23,bis,6,2,2,false,0.2343740817391093,2021-06-01T08:57:05.709Z,"Will, Medhurst and Langworth",true
e41a36c1-a9e2-4dff-84c0-65d0fc185ae6,2021-03-07T06:34:14.360Z,Port Willview,Kansas,Saint Kitts and Nevis,-89.0003,40.1808,carcer,callide,velum,vos,benevolentia,una,labore,79,207.03417024770968,32,caelum,3,0,3,false,0.09354968690163665,2025-09-04T21:28:26.019Z,Johnson LLC,false
76bd7143-4d2e-49eb-8a28-7cbcf89ac112,2025-09-16T22:00:05.955Z,Chula Vista,Mississippi,Uruguay,3.1204,77.5252,contego,averto,virga,excepturi,bellum,celebrer,facere,34,136.0844498158821,52,degenero,3,2,3,true,0.004938381936361369,2019-06-05T23:53:05.865Z,Bode Group,false
2dc725b6-0779-43ea-aac2-4e14201f1703,2019-12-31T22:29:29.288Z,Julienstad,Kentucky,Guinea-Bissau,62.394,-179.1959,turbo,thymbra,utroque,amaritudo,coniecto,coruscus,sponte,33,144.20758599880415,78,vomer,1,2,1,false,0.08243297016038958,2025-12-07T00:27:33.927Z,Gorczany Group,true
c0c51856-2c9a-4eda-8e27-e7c11391acdc,2025-10-14T04:55:26.966Z,Lake Pearlie,Ohio,Uzbekistan,-19.053,17.1517,cicuta,eaque,appositus,constans,aeger,patruus,conatus,65,238.10689011544477,23,similique,3,1,5,true,0.14998392359707413,2025-03-13T06:42:55.259Z,Dickinson and Sons,false
d499e898-e3e2-4302-b3e6-ee641b10d0a7,2025-08-31T13:03:29.545Z,Wiegandcester,Wisconsin,Cote d'Ivoire,15.6546,171.1898,arto,curiositas,aveho,crustulum,angulus,curriculum,aliqua,94,19.332327936956098,67,ater,5,1,4,true,0.02433050121580682,2018-06-22T01:48:14.993Z,Grady Group,false
dc3d2cca-83ea-4ca0-a158-eb5e2f88b981,2020-06-07T01:28:39.764Z,North Gonzalomouth,Texas,Sierra Leone,-35.7965,67.3064,dolorem,quisquam,somnus,patrocinor,deserunt,ea,comminor,65,187.89929133848767,96,alienus,3,2,3,false,0.22155513797382273,2023-01-08T01:31:01.149Z,Mante - Fahey,false
b4a1878e-2963-4226-93e4-882e5ed04626,2022-04-27T20:36:01.194Z,West Pascalechester,Indiana,Hong Kong,9.9746,44.7969,alveus,voluptatem,ait,cruciamentum,volo,contigo,canonicus,92,223.84921226155333,53,nihil,3,0,2,false,0.178346928757985,2020-12-25T15:33:09.141Z,Larkin - Hintz,true
85ec09ad-d93b-4825-8c57-5c95885ebee3,2018-08-30T06:13:21.300Z,West Daishaview,Indiana,Latvia,35.849,156.3424,coma,succedo,voro,curso,agnosco,averto,ullus,26,195.66357745627303,35,suspendo,5,1,3,true,0.06511882163686195,2020-08-09T05:39:59.903Z,Roberts LLC,true
896ba32f-e925-4071-965a-30e745169dd6,2019-12-19T10:06:55.550Z,Pfefferburgh,Texas,United States Minor Outlying Islands,-3.6975,-118.1251,deduco,vomito,corporis,comis,vinum,crapula,culpa,115,98.10620798402323,44,molestias,3,0,2,true,0.19281191808496997,2021-05-18T01:54:37.307Z,Bayer - Steuber,false
a58c2fdb-173f-40c7-9439-7d673fa70866,2024-04-01T05:08:15.675Z,Fort Dominic,Maine,Madagascar,-74.3692,-172.8761,volva,supra,tergo,victoria,talus,tergiversatio,acervus,46,219.16627605416085,27,degero,3,0,3,true,0.09768836939717818,2019-12-25T11:57:14.807Z,Schuster Group,false
506642f1-66e7-41cc-8a4c-7ec250fdfdc6,2024-01-13T06:17:50.788Z,Smithtown,Nebraska,China,35.7882,-28.0881,nulla,apparatus,rerum,sodalitas,asperiores,caveo,casus,48,137.08637253097191,100,depopulo,5,1,1,true,0.11285822489636255,2024-10-12T00:52:25.094Z,"Stracke, Goldner and Jast",true
356776f4-a103-41de-bdb1-4902b4e3dfef,2022-04-08T06:25:12.436Z,New Evelinestead,Arkansas,South Georgia and the South Sandwich Islands,27.9975,-104.9853,confido,decor,alter,crepusculum,ipsa,expedita,suadeo,78,158.1667377862151,89,curatio,0,2,2,true,0.16845850987836308,2023-04-17T15:38:33.209Z,Swaniawski - Heidenreich,false
f67aab2b-2eb4-4cdd-af3b-db88c9669b97,2025-09-19T03:47:13.243Z,Mavishaven,New Hampshire,Tunisia,-79.3557,-112.6774,vilitas,demulceo,caute,uterque,carcer,solio,cruentus,83,127.84053684624294,70,clamo,3,1,3,false,0.21632473245433737,2025-11-11T08:30:40.818Z,Doyle - White,false
085c357f-feac-4b97-8cc1-e0d0c664ec48,2020-10-05T10:22:57.887Z,Agustinboro,Massachusetts,Guam,-74.9382,89.4264,quaerat,stillicidium,tendo,velociter,aptus,tenetur,suppellex,86,90.48287184931625,23,accusator,0,1,5,false,0.07926066955809491,2019-11-15T00:18:35.858Z,Ebert - Mayer,false
e65de6a3-de73-4547-8f01-11e450989006,2025-04-20T17:15:28.170Z,New Gladys,Maine,Christmas Island,-0.3871,-60.0608,amiculum,utrum,verumtamen,sodalitas,corrigo,strues,bos,125,7.7924383339173176,18,curriculum,1,1,1,false,0.11350106142620028,2023-08-28T15:25:30.922Z,Steuber LLC,false
0c83a68c-a9ff-410a-b26a-71a16c64821c,2025-08-14T15:34:12.372Z,Jersey City,Texas,Nigeria,-82.3193,93.1849,decumbo,suffoco,quibusdam,annus,dolor,creber,tamquam,117,121.8963265925071,68,vapulus,4,2,1,false,0.08415583548104696,2023-01-30T13:36:30.991Z,Schiller - Vandervort,false
8ee91ee2-333c-4219-ae8e-007f1411a0b0,2018-07-06T05:48:26.225Z,Faustinoport,Minnesota,Colombia,-53.8373,55.1348,arcus,ubi,usque,cogito,accusator,acidus,utilis,102,126.63656898909487,54,speciosus,1,1,3,true,0.031151023660894533,2022-01-16T23:27:40.441Z,Ferry - Gutmann,false
7a774bee-005a-4919-a74d-b7d5d214f57d,2020-03-31T09:58:23.699Z,Lake Kenyatta,Tennessee,Bangladesh,-82.3542,-149.5915,coaegresco,uberrime,cruentus,voluptatibus,thalassinus,utpote,nam,114,42.680849840332336,58,culpo,0,1,5,false,0.14671522346100993,2018-01-08T22:16:19.231Z,Champlin and Sons,true
f5759b0c-5dc4-4106-9249-f47c0666c435,2018-12-15T23:05:34.119Z,North Francescastead,South Dakota,United Arab Emirates,11.5594,34.176,ipsum,canis,villa,surculus,admoveo,comprehendo,decerno,87,81.14655615687157,82,debeo,6,1,4,false,0.07491666983243228,2021-08-08T02:47:16.913Z,Hoeger - Schultz,false
4ef10f6a-db4c-4576-a88b-3237751f0eee,2019-11-02T01:42:47.565Z,Lake Chloe,Arkansas,Guatemala,-33.0945,82.5981,cicuta,acerbitas,adaugeo,advenio,sub,astrum,vigor,29,35.67797844724096,20,uberrime,5,2,3,false,0.15943722209150932,2018-08-05T09:24:35.475Z,Altenwerth Inc,true
c4a24c39-6c69-4c18-9d46-5079c8e6acbf,2024-12-13T19:25:51.728Z,New Darianworth,New York,Iran,76.5073,51.2563,supplanto,iure,aer,creo,defetiscor,voco,tertius,23,148.93335840542468,85,valeo,1,2,5,true,0.05472213826326233,2021-07-29T07:42:17.340Z,"Maggio, Padberg and Torp",false
eb17defd-eb87-48a8-b37d-5206813e9e3a,2019-09-01T06:49:35.078Z,Port Ellie,New Mexico,Taiwan,8.8646,-72.8759,angelus,decretum,appositus,cervus,supellex,ara,creber,120,220.10198752435966,64,arx,4,1,3,false,0.15935453113098508,2024-03-27T04:21:26.788Z,"Mann, Doyle and Senger",true
0c8051d7-f79a-4177-bc49-f6a10daaf9c1,2019-12-28T03:21:28.913Z,Isacshire,North Carolina,Russian Federation,49.9519,32.9432,delectus,dolorem,ago,quis,cribro,cruciamentum,termes,103,42.11446322492832,19,autus,2,0,1,false,0.2377850504258666,2024-04-17T12:57:43.191Z,"Flatley, Beer and Franecki",false
59265ff3-0161-4ba4-8b13-3e2dd12bdf46,2023-03-09T02:22:31.802Z,Lake Bentonworth,Montana,Liberia,71.3291,-10.7581,barba,tabernus,defungo,patrocinor,adulatio,vulticulus,sperno,38,152.13592638704247,66,victus,2,0,3,false,0.13863895711652716,2021-06-29T15:57:09.223Z,Wolff - Halvorson,false
c4f8e574-f9ee-4858-8334-7d69a0806760,2024-02-06T11:57:35.156Z,Ebertview,Oregon,Rwanda,-24.6913,-55.2425,acsi,conor,tantum,temeritas,totam,molestiae,complectus,95,146.73192468554979,20,video,1,1,1,true,0.21779927103898328,2020-05-04T06:51:27.781Z,Russel - Turcotte,false
44ec1b5a-fd16-4ce4-b38d-0a003dc3a6b4,2018-03-22T14:55:14.256Z,Asheville,New Jersey,Maldives,-8.6874,-75.083,in,decimus,ars,clibanus,vesco,abbas,atrox,67,80.8781471423935,21,turbo,0,1,3,true,0.09189030533032555,2020-03-27T14:51:21.991Z,Pacocha - Stoltenberg,false
5513f2d6-03e2-42ba-b06b-4c9e41db86c8,2019-01-17T17:46:03.484Z,O'Fallon,Nebraska,Bosnia and Herzegovina,-47.9419,-3.3171,torrens,adduco,vinco,delectatio,autem,conturbo,defessus,36,238.67558814553746,85,avaritia,3,1,3,true,0.20476275423637655,2021-01-29T19:23:14.635Z,"Schroeder, Jakubowski and Little",true
1622a57b-2c5f-4828-9239-5bef807770a5,2024-04-24T01:44:26.286Z,Tatumfurt,Tennessee,Mexico,57.8331,-137.4497,cuius,collum,tempora,vallum,una,tabesco,quibusdam,118,222.86866606524234,41,curatio,4,0,4,false,0.238415695050926,2020-01-03T20:00:38.871Z,"Kuhic, Morissette and Ernser",false
0503c1c2-5e32-48c2-b8e7-e42235fe492a,2019-02-12T05:01:45.449Z,Port Octaviahaven,Arkansas,Democratic Republic of the Congo,-69.1534,-2.3711,provident,eos,suasoria,minus,tero,sursum,torrens,53,4.9373022978348935,56,quaerat,5,1,3,true,0.16884788368115894,2024-04-04T16:25:53.269Z,"White, Brekke and Howell",true
95c4dc22-2d44-494b-bf9a-fda01023ebd0,2025-09-29T00:11:24.158Z,West Ernestfurt,Oklahoma,Azerbaijan,65.9523,60.0384,audentia,atavus,blandior,cupio,bonus,sto,advoco,114,120.35089910168644,55,universe,5,0,1,false,0.03169696119339971,2023-11-25T23:13:27.173Z,Davis - McCullough,true
24768e53-80b6-4471-ae85-c4ae79553c54,2022-11-24T05:15:12.214Z,La Crosse,Idaho,Georgia,-32.5851,-42.71,desidero,earum,incidunt,admiratio,artificiose,adeo,credo,35,5.739813602575499,74,arbitro,6,2,2,false,0.05945756012569284,2023-05-02T06:03:03.834Z,"Swaniawski, Padberg and Reinger",false
fa686ca9-23b2-4b3c-8791-723ec9cd920a,2019-09-09T13:19:38.030Z,Vivianeland,Georgia,Bolivia,25.9314,-14.5689,villa,ambitus,adfero,trans,tabesco,videlicet,taceo,109,156.30155007185286,92,repellendus,3,1,5,true,0.07493665738252298,2023-09-13T00:48:10.342Z,Rolfson LLC,false
68b52764-3f66-48ef-81d5-f69bdd51b2a0,2024-10-23T16:04:24.565Z,West Lenna,Arkansas,Sint Maarten,-22.3462,83.6269,inventore,antiquus,veritas,tertius,quas,defluo,absque,55,108.36967956245871,31,adstringo,6,1,2,true,0.02876805668264029,2019-04-05T17:10:57.777Z,Padberg LLC,false
d9c3d16a-4634-488a-af02-5e21bbd668c8,2025-12-19T16:01:40.836Z,North Isadore,New Mexico,Antigua and Barbuda,-23.7552,-155.7953,peccatus,contabesco,cuppedia,cultellus,aveho,damno,corporis,105,229.50186808485734,99,debitis,3,0,5,true,0.022071940863226558,2025-09-21T07:12:14.904Z,Kassulke - Krajcik,false
fbab3e2b-ecbb-4cc4-b38e-d0556f647ab7,2019-02-27T04:47:48.671Z,North Murray,Missouri,Armenia,-10.8554,82.1476,cicuta,stultus,coerceo,super,cinis,crur,facere,109,54.292440979590246,73,vomito,5,0,4,true,0.03252611370629674,2023-09-14T13:07:23.620Z,Mueller - Kilback,true
588f7fca-4846-486f-b9cd-5702e4b6cb31,2018-06-02T04:15:07.955Z,Lake Clemenscester,Georgia,Sierra Leone,26.4241,-103.1144,delego,aut,coaegresco,angulus,solvo,stipes,umquam,109,37.52346503766386,20,adiuvo,6,2,5,true,0.22010034714173451,2025-09-30T21:19:14.201Z,Mante Group,true
6208d3dd-4b5c-477a-8d71-63eb4f57672d,2020-04-07T05:09:15.916Z,Jerdefurt,Michigan,Belgium,-4.2938,56.6302,et,cenaculum,aufero,adamo,aeger,volo,tergiversatio,84,106.24952874786275,85,calamitas,0,1,5,false,0.08512508839075689,2018-04-06T10:59:19.446Z,Reichel and Sons,false
438ef038-d60e-4f66-a1f0-3090dcb8534d,2023-02-23T02:38:34.678Z,Ferryville,Washington,Montenegro,-63.0949,3.3497,suscipio,suffragium,demum,temporibus,adamo,occaecati,comparo,67,161.727423324729,50,eum,0,0,1,true,0.0613637276561034,2020-11-19T19:53:08.287Z,Kemmer - Marvin,true
19380c5b-9257-42de-9e72-321965cecd72,2021-10-22T02:50:20.001Z,Round Rock,South Carolina,New Caledonia,-31.3813,-62.2261,uter,compono,audacia,canis,tam,uter,valens,54,223.8187714298355,86,itaque,4,0,3,false,0.14026882347788922,2024-02-28T17:11:51.268Z,Wilderman - Waters,true
cc7414f1-9022-4d75-a9bf-da3baf85ab1b,2025-05-07T07:48:01.283Z,East Herthaboro,Illinois,Indonesia,76.3897,-56.5088,tertius,patior,apparatus,adhuc,porro,sint,ager,127,139.81621867323736,57,caste,1,2,2,true,0.1673247539296848,2020-01-17T03:06:12.995Z,"Ward, Cummings and Halvorson",true
54fdd147-bce1-4141-b3bf-1caebf372946,2019-12-18T09:01:00.089Z,Fountainebleau,South Dakota,Aland Islands,50.4145,164.177,coniecto,repudiandae,calco,abstergo,statua,demergo,civis,42,208.30433904077336,52,dolore,6,0,4,true,0.006260208715474419,2024-12-21T16:32:51.877Z,"Willms, MacGyver and Botsford",false
3adc5d97-ad44-426e-b94f-877663630690,2024-05-02T02:59:33.060Z,Port Uriah,Idaho,Iraq,64.7114,140.1798,crastinus,crur,circumvenio,benigne,ago,cicuta,asperiores,61,54.82565215861012,32,timor,0,0,3,true,0.04530326614974067,2020-11-05T07:49:41.339Z,Runolfsdottir Inc,true
cbc280bf-3bcb-4034-9f66-f57fbe855313,2025-07-28T18:10:34.166Z,Hettingerton,Washington,El Salvador,78.5173,-2.0766,tamen,cubo,teneo,patrocinor,decens,cinis,curvo,115,97.53818082088456,39,aggero,2,2,4,true,0.03095097342066752,2023-03-21T13:40:55.093Z,"McLaughlin, Turner and McDermott",true
ec731266-7148-44fa-b0cf-e3b71f5f8e5a,2023-03-03T09:51:37.104Z,Tamiamouth,Indiana,Aland Islands,-34.204,114.3688,totus,avarus,virgo,solutio,aperio,conculco,denuo,104,14.747076528877203,92,thymbra,1,2,2,false,0.10828063055137468,2022-04-27T01:12:15.340Z,"Friesen, Shields and Rowe",true
87602c42-b2a4-4880-af15-5319eb13c911,2019-12-07T20:46:32.353Z,Swaniawskiworth,Michigan,Western Sahara,58.4442,-122.9305,sodalitas,utroque,utilis,vinitor,curriculum,cursim,volubilis,41,51.056555950924604,96,aequus,0,0,4,false,0.041453831989687356,2021-05-12T10:38:30.804Z,Connelly Group,true
0c44d975-50c8-4ac1-856b-ec6a14d8828f,2018-02-04T01:58:27.171Z,Murazikberg,Rhode Island,Saint Lucia,23.4596,-64.7499,utor,amissio,consectetur,creo,validus,modi,odit,85,103.70109069513542,33,vereor,4,0,1,true,0.17508686162291845,2021-04-27T20:11:19.170Z,"Russel, Strosin and Hagenes",false
72dcfcb6-4b8b-41fc-8a46-78066a313089,2018-06-30T14:13:44.459Z,Attleboro,Alabama,Ukraine,87.1079,-0.3719,denuo,vergo,thalassinus,quas,dignissimos,compono,circumvenio,95,234.9682585371587,42,voluptate,3,1,3,true,0.03888517584687268,2022-05-10T16:34:30.816Z,Adams - Jacobson,false
57ff3899-ed29-4e65-b086-333c0aa9442b,2019-12-27T17:36:51.555Z,New Edgardo,Pennsylvania,Dominican Republic,3.4354,154.1756,baiulus,sordeo,depono,totidem,somniculosus,dolorum,crudelis,76,84.22540952369692,72,degusto,3,2,1,false,0.21448659135831244,2019-03-02T09:16:02.227Z,Friesen - Schmeler,false
15ec9f05-5fa2-477a-9c7e-bdb0e5150b1e,2018-02-26T00:10:28.223Z,Treutelworth,Delaware,Puerto Rico,59.1384,159.7277,deprecator,absum,clibanus,repudiandae,adulatio,angustus,vulnero,30,200.35411296272653,97,laudantium,5,2,3,false,0.048136869562669465,2021-05-26T13:05:49.468Z,Harvey Inc,true
fe499ca9-4c68-4e43-89d5-55577c99b7bc,2024-07-22T03:58:45.503Z,East Leannatown,Ohio,South Sudan,-72.6185,-75.2986,animadverto,statua,vester,conturbo,clibanus,volutabrum,triumphus,67,12.071009794818979,81,aiunt,5,2,5,false,0.03986104574349972,2023-02-22T20:47:55.366Z,Hermann and Sons,false
b8a6ebbe-4917-4b89-ad0e-7eaea41a07ae,2019-04-17T08:17:17.445Z,Ettieton,Alaska,Sudan,60.3857,132.3089,thalassinus,sui,at,crastinus,aeneus,utrimque,placeat,44,202.2663251404549,97,trado,2,0,5,false,0.045914484419634416,2018-09-14T07:09:47.924Z,"McLaughlin, Oberbrunner and Schmidt",false
9daa0a31-489a-4d6f-9c1c-57cc2392e497,2023-10-12T04:19:32.589Z,Bartolettifort,Arizona,Ukraine,-71.0638,146.4794,spiculum,sollers,textus,calco,sono,cito,quisquam,100,114.04342004768456,74,vinitor,2,2,3,false,0.04821777135968641,2022-09-24T17:41:03.822Z,Ferry and Sons,true
eb0206be-8694-4255-940d-e371788bfef7,2018-09-14T16:17:01.082Z,West Vita,Rhode Island,Palau,68.2583,-144.2239,validus,acies,carcer,alienus,deleo,currus,verto,104,50.05426755494979,43,constans,1,2,4,false,0.2199749584610323,2018-05-26T17:02:30.257Z,Mayert and Sons,false
25bcf49d-e8f2-43ca-b545-7c86bb63aada,2019-08-18T21:07:17.406Z,North Samantha,Montana,Monaco,47.2122,-134.3291,statim,laboriosam,vinculum,adsuesco,quaerat,tempora,dolorem,125,105.81186347007487,64,venia,1,1,2,true,0.023282140323317657,2021-11-03T04:51:53.408Z,Dietrich Group,false
fe442678-afcc-42f5-b077-b7f84c6cdb82,2023-05-19T00:11:08.056Z,Christiansenland,Massachusetts,Togo,-80.3938,-77.9812,perspiciatis,utor,vivo,assumenda,aqua,despecto,tot,32,102.48213303953867,61,pax,5,0,1,false,0.06547539436963992,2025-09-20T23:55:46.183Z,Hauck - Rutherford,true
1f3895e2-d64a-45f0-9d76-c7b031cec9c6,2018-02-19T01:12:45.188Z,Georgeberg,Ohio,Malaysia,-71.8085,177.6677,totam,bestia,sunt,cavus,pecus,corroboro,balbus,21,157.41409534507704,56,cognatus,3,2,3,false,0.1231537915492982,2020-02-04T07:02:18.588Z,McLaughlin and Sons,true
5f233050-c362-4edf-94f7-d51c544894b1,2024-06-15T12:19:49.694Z,Port Jace,Mississippi,Antarctica,-29.6223,-95.4651,truculenter,amita,atque,cruciamentum,capto,usque,custodia,91,12.181450149205082,74,astrum,0,1,1,true,0.1341000947259692,2019-04-11T11:14:12.976Z,VonRueden Group,false
636085e3-d102-4fce-bd02-68df6f4b88c7,2022-11-09T21:14:09.665Z,Jettiefurt,New Mexico,Qatar,5.6596,-11.9879,nesciunt,spoliatio,abeo,ulterius,ventus,adflicto,decipio,43,113.01846441103692,69,advoco,4,0,1,true,0.15640452882565367,2018-07-07T16:15:28.513Z,Buckridge LLC,true
6e381762-40e9-4fe6-b15f-e7bd31a97017,2018-09-11T11:15:56.940Z,Fort Mikeshire,Arizona,Ukraine,52.5687,63.6247,articulus,aequus,tabella,teneo,deorsum,paulatim,vomer,98,120.06646693160762,40,sortitus,3,0,5,false,0.2216063018512783,2024-08-31T13:24:26.759Z,"Lang, Kuhlman and Sipes",true
033e7da4-6a81-4854-95a5-aacc25251eca,2023-07-13T03:54:32.729Z,Port Chandlerworth,Louisiana,British Indian Ocean Territory (Chagos Archipelago),15.3074,-106.3441,vaco,terra,admitto,ascisco,argentum,depraedor,placeat,129,214.5432984417455,69,cognomen,1,2,1,true,0.17071281013819836,2023-07-30T22:33:01.092Z,Gerhold Group,false
e24f3680-2256-44ce-90bd-afe85bf3dc0b,2023-01-03T16:18:02.486Z,Downey,Alaska,Mali,-56.0938,-118.2832,undique,tempus,causa,bis,cruciamentum,substantia,taedium,76,189.40031827899006,29,suscipio,1,2,3,true,0.10017201788190466,2023-10-11T17:49:41.101Z,Ritchie Group,false
bd4ae215-7317-4d71-ab07-0faf0dc3b958,2019-05-22T02:13:37.043Z,Lake Janiya,Hawaii,Nepal,-87.6295,-95.4426,tepidus,censura,desolo,aperte,vomito,urbs,totam,45,143.24254920047315,19,cibus,1,2,2,true,0.1005261645309973,2018-10-09T01:41:08.632Z,Beier - Kautzer,true
1e9f988b-1c32-4ffa-bc5b-adf29778009d,2020-09-05T20:26:31.750Z,Tuckahoe,Georgia,Saint Helena,-69.3094,-175.0995,numquam,ceno,minus,desipio,cavus,ubi,cinis,59,174.30894265865524,21,atqui,4,0,3,true,0.2007501034246825,2020-01-15T04:18:18.179Z,Yundt - Kling,false
af8ae379-6d93-4f49-99af-f57d3c76c53c,2019-02-16T01:46:25.179Z,Port Jarod,Maryland,British Indian Ocean Territory (Chagos Archipelago),-77.8245,8.624,illum,vereor,suffoco,deprimo,adfero,coniecto,coerceo,52,19.529631837843368,94,curis,0,2,4,true,0.14076617838886707,2019-12-21T15:46:34.067Z,Kshlerin - Schumm,true
2a27cf68-fd78-49ba-a9d7-5032a118fb90,2019-04-19T04:03:05.670Z,Sydneeside,Pennsylvania,Switzerland,87.4174,117.4252,considero,adopto,dedecor,distinctio,clibanus,tui,cimentarius,128,65.51074113070624,51,ipsam,5,1,3,false,0.16003411122122865,2025-05-08T07:49:11.672Z,"Wintheiser, Christiansen and Moore",false
1bbebd42-e93f-40e8-88ac-b7a0f475a790,2019-09-21T09:47:33.374Z,East Dextermouth,Iowa,Hong Kong,-54.4965,-129.5631,animus,aperiam,tamen,nulla,ancilla,timidus,stipes,41,87.71720523573123,16,neque,1,2,4,false,0.0998297553169035,2024-09-14T06:29:51.783Z,Emmerich LLC,false
ad17d95b-57e8-4389-9a3c-cfb3499e4e26,2021-04-23T05:01:28.892Z,Ashburn,Hawaii,Central African Republic,-28.1817,-171.4271,utpote,color,vulpes,termes,vulgaris,acervus,cibo,62,83.63447326606801,33,praesentium,4,1,4,false,0.20639278428812294,2018-03-25T08:44:22.490Z,Thiel - Kunze,false
01ce0607-a187-4b5b-8d5b-77dc35cc2a8b,2021-07-09T17:48:57.632Z,Aldenchester,Maryland,Heard Island and McDonald Islands,-68.3872,-28.8834,cado,amplexus,tolero,ars,chirographum,asperiores,tunc,37,68.7197490032986,39,adversus,4,0,5,false,0.037468639724956065,2023-03-16T08:40:46.064Z,O'Connell - Hilll,true
40cde5dc-3695-4840-a7d5-cadcb40020d8,2022-01-27T17:11:12.555Z,Dearborn Heights,Iowa,Uzbekistan,36.8902,74.0255,desino,doloribus,ascit,ullus,tribuo,eveniet,adversus,66,4.355904555238439,47,vilicus,4,1,2,true,0.11159758360208064,2021-10-03T21:42:00.001Z,Rempel - Kozey,true
a5519f37-0401-4dfa-85f5-cbacb679bd5c,2023-04-16T21:15:19.692Z,Meridian,Missouri,Samoa,56.7017,-58.2246,tener,sufficio,abeo,depulso,chirographum,adeptio,viscus,42,127.46757227144991,37,amoveo,4,0,3,false,0.0212289174270599,2022-07-20T07:01:03.426Z,Lindgren - McGlynn,false
d60bc7cc-56b5-4750-9e89-678ebf430af1,2024-04-16T05:31:22.059Z,Port Vidalland,Alabama,Portugal,30.3269,-0.9496,balbus,coma,ab,repudiandae,ubi,defluo,amaritudo,42,186.15279838729765,57,terreo,0,2,2,false,0.20995807952664622,2021-06-21T21:47:00.696Z,"Anderson, Welch and Cummings",true