accident_id,incident_datetime,city,state,country,latitude,longitude,road_name,road_type,intersection_type,accident_type,weather_condition,road_condition,light_condition,speed_limit,actual_speed_kph,driver_age,driver_gender,casualties,fatalities,vehicles_involved,alcohol_influence,blood_alcohol_level,weather_reported_at,reporting_department,pedestrian_involved
98cf0077-57c9-47c6-b012-83fbd7a0616b,2022-02-28T17:11:45.630Z,Fort Macey,Alaska,Israel,-65.3513,32.0512,aequitas,quos,volo,ter,aeger,uter,voluptates,109,100.31520397589908,66,socius,5,0,1,true,0.2093867064443171,2018-09-07T07:42:44.622Z,Crona Inc,true
bfa17a36-56a4-4c39-a4c3-73d2bc7111a4,2019-12-21T11:00:00.289Z,Fort Gunner,Vermont,Bahrain,66.1223,-89.9766,cena,at,volup,sollers,anser,totidem,debitis,32,174.5524729939639,40,tenax,1,0,4,true,0.14598206040975792,2025-12-14T21:56:33.188Z,Altenwerth - Kilback,false
5973d06d-67d1-4789-bdac-808283502be9,2018-04-04T13:32:29.543Z,Shadborough,Nevada,Cyprus,-54.4792,-62.4581,adiuvo,crebro,spoliatio,careo,adsidue,creber,artificiose,127,181.89505119571237,54,desparatus,1,2,4,false,0.21552469641649916,2019-09-07T02:22:57.873Z,Senger Group,true
9db359ce-e81c-46fa-9ad6-5a11db7fd8e3,2024-07-30T15:05:00.137Z,Lake Golda,Kentucky,Martinique,68.2386,30.4117,tergeo,tamisium,dedico,ubi,earum,versus,voluptates,58,0.5594357647068637,60,spectaculum,4,2,2,false,0.0024878312125001523,2024-04-09T17:25:19.906Z,"Moore, Hayes and Kautzer",true
2942a72a-fac5-4e30-9498-3a9cc56cfca8,2019-09-05T05:17:06.558Z,Lake Brittany,New York,South Georgia and the South Sandwich Islands,-28.4989,43.1994,sunt,velociter,aggredior,aut,sunt,velociter,civis,46,41.60403458379359,68,beneficium,6,2,5,false,0.16238208685468636,2018-01-22T15:37:57.194Z,"Hintz, Goldner and Gibson",false
ad2c4636-4575-4d32-aedd-78ab0c89f2a2,2021-09-05T14:12:28.323Z,Roxannechester,Illinois,Liechtenstein,47.2909,-167.7983,curto,alter,qui,acies,esse,temeritas,bene,130,16.41997109167339,19,vergo,1,1,5,true,0.17367344457699574,2025-04-10T10:22:21.172Z,Bosco LLC,true
4635dfc8-2e03-4060-9e83-98b28f8b0734,2022-11-08T12:37:48.944Z,Lilianestead,Louisiana,Mexico,40.2549,-73.9603,tantillus,audax,cruentus,denique,delectus,aufero,depulso,76,16.796603353033657,71,ventus,1,0,3,false,0.1217907405471739,2018-04-04T03:11:16.466Z,"Jakubowski, Goodwin and Bergnaum",false
67cd410a-9233-4071-b15a-c92b5a27893b,2024-04-30T15:09:57.684Z,Tyracester,Arkansas,Vanuatu,69.4521,119.037,ait,ipsum,molestias,tener,attero,claustrum,terreo,114,90.45826591757374,56,pecus,1,1,4,false,0.008216917386477257,2025-07-24T16:35:19.250Z,Kiehn - Tremblay,false
8ce75b55-a0eb-4aaa-9137-d8385fe65f56,2019-08-05T05:51:01.814Z,Port Hilda,Montana,Antarctica,-5.1344,147.5036,blandior,creptio,solutio,vitiosus,clibanus,vinitor,tabernus,23,113.45949571652058,90,at,1,0,5,false,0.04725083226613336,2023-08-25T13:50:38.378Z,Fahey Inc,false
7e1de52c-f2b1-4404-bd7f-8e98990a780c,2021-04-18T20:48:29.911Z,Keelingville,North Dakota,Cambodia,12.0702,-148.8472,ambitus,talis,tamquam,cras,tantum,cumque,talio,50,65.33816724799834,22,vicissitudo,5,1,2,true,0.24073986339951736,2025-01-12T00:54:07.765Z,Walsh - Walsh,true
3f8bc36a-1c63-4511-a66b-89ec88834aed,2020-07-26T01:45:48.271Z,Shayneshire,Hawaii,Bhutan,-85.4897,-161.1369,talio,vitae,spes,adduco,voluptas,vado,statim,78,83.13001273971592,85,deleniti,5,0,5,false,0.17575111028381143,2018-07-10T19:06:51.787Z,Klocko LLC,true
fd9ab4de-53ca-437e-8098-249e18145ede,2020-01-03T03:37:32.118Z,Fort Arvelbury,Ohio,Nigeria,63.7139,-155.7154,volup,villa,annus,recusandae,summopere,vomito,creptio,68,168.75742867605524,47,iste,4,2,2,false,0.08855756358131234,2025-01-08T00:01:48.823Z,Blanda - D'Amore,false
55310067-e209-4664-af7c-cf0a9ad25cf5,2025-04-16T07:05:41.816Z,Loganshire,Mississippi,Cote d'Ivoire,51.4647,-23.3936,arbitro,tui,thymum,caritas,cenaculum,tergo,clarus,31,83.28397177335032,55,pel,4,0,2,false,0.1986844493360707,2024-07-20T01:50:37.173Z,Balistreri and Sons,false
a9b99aea-519b-420f-9454-d14153c6ab0e,2018-03-24T03:14:20.972Z,Harlingen,Maine,Cuba,-15.9299,-105.4802,tutis,tamquam,pectus,aedificium,defluo,vobis,carmen,94,54.17209720904212,43,depereo,6,0,3,true,0.04055873208394695,2020-01-06T05:08:38.460Z,Grimes - Romaguera,false
1d705e10-98ce-4170-80ad-16cff8e0894e,2024-04-11T01:43:26.596Z,North Ursulaburgh,South Carolina,Norway,52.875,-134.1327,sponte,capitulus,acervus,sapiente,sonitus,tero,pariatur,26,35.62299641753806,47,exercitationem,3,0,4,false,0.04204480327215934,2025-11-09T00:16:23.319Z,Sporer and Sons,false
31dfca8c-3ff2-4eee-8e2a-ee3a4093ea35,2022-05-12T03:23:21.486Z,Lake Velmaberg,Alabama,Czechia,37.1669,-142.3143,iure,bardus,utpote,celo,absorbeo,pel,vociferor,81,114.27108045119456,37,cruentus,0,0,5,false,0.14471147991876615,2022-03-14T19:55:23.614Z,Rempel - Nienow,true
055f0cdc-2edc-454d-88f0-fdb6d7afad8b,2023-03-23T16:03:40.038Z,Walterberg,Maryland,South Africa,-52.2467,69.0332,nesciunt,ea,depereo,tergum,delego,constans,triumphus,93,124.57143621252469,97,assentator,1,0,2,true,0.06730207428065715,2024-11-09T03:17:47.033Z,Lang - King,false
33c9d0c5-3e01-4cbb-927d-20dd22fafc2b,2021-09-28T00:37:54.639Z,Kassulkeview,Indiana,Palau,20.8318,-44.3678,cultellus,illo,catena,aliquam,aestas,cogo,convoco,48,170.3404468236526,57,supplanto,6,1,2,true,0.057588427734730996,2019-12-13T23:25:55.593Z,Nicolas - Gislason,true
ae750022-4851-4061-b408-db66ec5264dd,2025-01-18T15:24:20.866Z,Lake Deon,North Dakota,South Africa,-43.7931,152.6419,bardus,minus,cito,nemo,blanditiis,voluptas,eveniet,99,201.32159486244834,43,defungo,2,1,1,false,0.10888704572290314,2024-05-18T15:26:03.465Z,"Hudson, Jast and Gutkowski",true
c6befc20-bad8-4e0d-b97a-e491af0ae976,2020-10-12T04:46:55.716Z,Port Elisefurt,South Carolina,Bolivia,-8.0594,-80.4935,verecundia,thymum,addo,viscus,assumenda,armarium,umbra,75,5.899083217928505,29,usitas,5,1,5,false,0.16720786325171388,2022-03-31T14:12:54.452Z,Tromp - Oberbrunner,false
726d4906-2460-4e7f-bea0-9c1395b8e896,2025-06-30T02:28:19.974Z,Fort Keven,Mississippi,Kenya,21.6414,-72.6675,sunt,ipsam,deprimo,desolo,bellum,alius,absens,42,45.972765352360206,81,video,1,1,3,true,0.07223566597628828,2025-04-07T01:00:34.462Z,Funk - Hackett,false
6e46f284-8e7e-4439-a05d-7a0381ce8d68,2021-04-30T09:59:59.966Z,Lake Alessandrahaven,Alabama,Pitcairn Islands,54.2966,-109.784,decens,ex,caput,vel,tripudio,abduco,corrupti,74,29.479167088532847,99,assumenda,5,2,3,false,0.20208646636371522,2022-12-20T15:43:30.566Z,Shields LLC,true
9ebe788a-be64-42c5-9a18-1ed85f91eabf,2023-01-07T10:10:14.679Z,Newark,Missouri,Niger,84.7208,-2.8989,modi,modi,similique,vapulus,tonsor,delego,umerus,105,227.31853124226745,44,toties,3,1,3,false,0.1289862467267546,2022-08-06T05:47:28.454Z,"Gerlach, Gutkowski and Kshlerin",false
1494d9eb-d7c3-4b9b-93bd-2a08c13ebd5e,2018-02-18T17:27:07.056Z,Brandonborough,Nevada,Madagascar,89.8699,-64.0668,quae,conor,animus,asporto,delectus,angelus,adiuvo,130,6.704858592011416,25,umerus,3,0,2,true,0.0007341527719721685,2018-09-30T02:27:07.977Z,Rolfson Inc,true
6e9a5699-234d-4b75-a72f-7b981faff328,2023-04-30T14:47:35.375Z,Lake Courtneyberg,Wyoming,Anguilla,6.4386,-136.9958,somnus,victoria,decens,xiphias,vilitas,dens,cenaculum,87,115.3011233553407,83,varietas,1,0,5,false,0.1453289594898789,2020-01-28T08:18:38.645Z,Kuhic and Sons,true
be2f1caa-fcd0-4899-bc3c-9421fce51bd0,2022-08-26T09:07:54.504Z,Eliseburgh,New Hampshire,Sint Maarten,63.8114,-83.516,venia,tremo,tutamen,colligo,demens,quisquam,hic,65,152.3169224642683,69,averto,6,1,4,true,0.026693617462635266,2022-11-25T00:03:22.226Z,"VonRueden, Kunde and Schuster",true
134ce535-7720-4ec0-b364-876cc59c35c0,2018-12-22T15:18:10.323Z,Stephenhaven,New Mexico,Uzbekistan,73.4306,-103.0061,trepide,corroboro,aggero,vacuus,admoveo,suppellex,inventore,104,132.20847965396607,84,vulgus,5,2,5,true,0.03057575192872744,2018-12-17T12:22:15.120Z,Hamill - Lynch,false
6f4e67a1-7523-4b5f-b4c2-9a57a224c0d2,2018-09-10T21:10:31.845Z,Compton,New Jersey,Niue,-24.8431,129.8189,ipsum,ademptio,id,adiuvo,canis,tertius,defessus,126,91.55960297867017,27,cilicium,5,0,5,false,0.039730748267920835,2023-05-23T08:32:38.128Z,"Hodkiewicz, Walter and Gulgowski",true
29c9133d-80ff-4513-8e39-b7026284fc08,2020-09-05T05:31:30.830Z,Schroedermouth,Maine,Moldova,4.1551,101.911,totus,solvo,degusto,inventore,uredo,absconditus,aufero,42,227.25756208630187,26,dedico,4,1,3,true,0.19095796347400976,2025-05-29T21:11:26.613Z,"Lockman, Kertzmann and Moore",true
6814fa23-2279-4ec6-bd19-bebdb09adc97,2018-01-14T18:44:39.819Z,North Kobeburgh,Illinois,Liberia,-50.7809,-117.4842,volva,adnuo,correptius,carus,supra,tener,strues,65,132.97729573257934,41,adsidue,5,0,3,true,0.1424658411868452,2018-09-23T11:46:52.557Z,Leuschke Inc,false
1c3f02a8-81ff-43c2-9d97-968f1c559acb,2025-12-09T15:24:08.976Z,West Cierra,Rhode Island,Belize,21.0309,-16.3044,vilis,vere,studio,adeo,tergum,contego,uredo,55,79.03306167105185,36,pecco,0,2,3,false,0.16624229047329256,2024-08-25T20:29:48.981Z,"Prohaska, Kuvalis and Ziemann",true
0efce8e8-c195-41f6-9742-47246854269d,2023-12-28T12:26:22.576Z,East Brice,Alaska,Ecuador,-40.005,-48.7461,amor,fuga,bene,autus,laboriosam,tempora,totus,126,235.42605438088688,35,sublime,6,1,4,false,0.02354120952549732,2019-12-02T09:25:09.685Z,Wolf LLC,true
b0d7aa7c-b9c2-4c03-910b-59791587af54,2025-11-15T23:55:58.579Z,South Keyon,Oklahoma,Armenia,41.9881,160.0023,exercitationem,sumptus,umbra,tristis,ratione,enim,crustulum,113,67.39407757244167,26,aut,2,2,4,false,0.1494912312567036,2024-11-28T00:19:38.458Z,Kirlin LLC,false
b81090b2-f0e4-4c62-ad61-ac2a2ace6e26,2020-04-26T06:02:29.323Z,North Luzhaven,New Mexico,Saint Vincent and the Grenadines,79.4888,60.116,temporibus,vinculum,quaerat,suffragium,arx,alveus,uxor,113,32.93822997979053,43,tutis,5,1,2,true,0.21375239765930332,2022-10-19T10:15:34.501Z,Wilkinson Group,false
9450d181-adf3-4440-8e26-d93f54193285,2022-07-14T10:55:10.938Z,Sporerfield,New Hampshire,Armenia,-14.3407,-42.9665,creator,succedo,nisi,pax,conturbo,beatus,adsuesco,98,71.61857160753127,39,abundans,4,2,2,true,0.01073665387600764,2019-01-17T23:37:49.206Z,"Orn, Renner and Braun",true
2f80c3b2-78e8-42ab-99f8-8a4a494125f8,2019-06-16T10:55:42.504Z,Krisstead,Hawaii,Italy,73.1656,164.3877,caelum,timidus,decretum,sint,supplanto,strues,aperte,61,149.66123762710723,24,clementia,4,1,2,true,0.06739742579676447,2021-11-30T08:26:37.377Z,Hagenes - Jenkins,true
d431e7d8-acff-43b1-a9d9-b4328e39d890,2018-11-03T07:54:07.915Z,Jenningsworth,Mississippi,Moldova,37.6702,51.1211,aeger,considero,catena,vilicus,defaeco,cui,curia,29,57.970059795054695,54,laudantium,5,0,4,true,0.18376063453139108,2022-07-31T11:28:47.726Z,Kautzer - Reilly,true
2f9876a1-4c56-427b-969d-a7d21344d6a5,2021-03-09T01:17:35.413Z,Lake Lennie,Texas,Uganda,-50.7116,2.7356,arbitro,versus,demergo,certe,absorbeo,coniuratio,cohibeo,105,106.07309103902573,24,tubineus,0,2,2,true,0.12851678881546633,2025-05-01T22:26:38.514Z,Walsh and Sons,true
e6059e87-f5c8-475d-bece-42d7344eb0d4,2024-05-30T15:50:48.065Z,Fort Jensenstad,North Carolina,Lithuania,-13.5964,109.0592,tolero,vado,caput,spectaculum,abutor,victoria,pectus,77,54.637523060445076,21,cauda,6,2,3,false,0.2049884436553819,2021-05-12T03:34:21.728Z,Reilly Group,false
516a3c44-f208-4337-b3ed-a3308c0e4450,2021-11-27T20:07:18.948Z,Wiegandhaven,Hawaii,Antarctica,-47.9188,153.8064,video,cimentarius,avaritia,vorax,absorbeo,damno,alienus,124,113.603617390142,66,spoliatio,2,1,2,false,0.17940490026582612,2023-01-17T00:10:28.399Z,Zboncak - Wiza,true
8b0dc968-b60c-4f74-96e6-6126b19f13c3,2018-07-14T12:18:14.804Z,Gwenfurt,New Jersey,Bhutan,-13.8386,81.5768,tandem,strenuus,perspiciatis,triumphus,ocer,cicuta,arceo,88,193.515790346058,92,vitium,3,2,3,true,0.039105300069682575,2025-06-22T16:29:42.635Z,Altenwerth - O'Kon,true
d5028172-fe88-4a59-b95f-5dd379d08732,2021-04-30T18:02:53.106Z,Binghamton,New Jersey,Equatorial Guinea,-47.4107,39.6131,harum,cattus,rerum,infit,ante,accommodo,utique,123,75.19146191089494,46,denego,3,1,5,false,0.00999178239405868,2018-12-16T12:23:16.567Z,D'Amore - Daniel,false
a2e1db36-98ff-41a1-9648-650e90562b08,2022-02-25T21:10:44.627Z,Garryton,Tennessee,Benin,31.0296,-48.5399,censura,benevolentia,coaegresco,volubilis,inventore,cum,solvo,94,2.1823068805896995,34,teneo,0,1,2,true,0.18814278137467713,2021-05-17T20:41:48.173Z,Gleichner and Sons,false
510aaf91-aaee-452c-a120-fef01db2a90c,2023-09-01T23:37:49.079Z,South Sim,Vermont,Ethiopia,-4.7473,-21.2732,doloribus,tracto,tenax,cubitum,cursim,necessitatibus,thymbra,128,78.07101172775099,57,arma,1,2,5,true,0.03315766199382336,2025-05-17T19:30:42.752Z,Durgan Group,true
9d3f1dab-90ac-4c31-a39f-9306416e94e7,2024-11-21T16:05:59.581Z,Legroston,Tennessee,"Virgin Islands, U.S.",-88.3875,165.1296,vis,ducimus,absens,censura,compello,curtus,temptatio,112,145.24150435495022,74,auditor,3,1,3,true,0.15914374381750687,2025-05-30T13:27:28.934Z,Bruen Inc,true
92e1257e-fa8a-49d9-bb85-5256d605e647,2022-02-17T20:16:11.347Z,Erdmanbury,Colorado,Ireland,43.9611,141.0852,decor,uredo,credo,turba,theatrum,quam,beatae,50,89.44482363062716,59,arx,4,1,5,true,0.0669948802271782,2023-05-30T19:54:21.458Z,Weissnat and Sons,false
39957952-6e22-4dbd-aa72-fb6e0ca1e96c,2024-10-26T00:25:33.160Z,East Annabel,Indiana,Senegal,-39.7151,177.7492,adipisci,cur,vero,atque,vehemens,apud,adduco,114,160.35254817721795,27,tantillus,2,0,3,true,0.17980574080968972,2019-10-20T22:22:22.213Z,Huels - Wehner,false
387f773f-b324-48e3-9359-ab6e44dc1ada,2021-05-11T05:21:49.049Z,Fort Abdulcester,Missouri,Uruguay,26.8809,8.6062,verumtamen,arca,voveo,ter,valeo,depereo,arbitro,102,101.72165460095714,23,tricesimus,0,1,2,false,0.1595153608055072,2019-10-02T03:31:53.041Z,"Olson, Stanton and Schinner",false
1d22daa3-9ead-4643-a0fd-25a9de2191ce,2020-10-14T22:09:27.986Z,Lake Else,North Dakota,Guinea,61.3245,-131.1056,maiores,tandem,cultura,villa,ventito,molestias,casso,20,34.96681694806501,84,aveho,3,1,3,true,0.09762589234069455,2022-10-01T00:20:57.510Z,Gerlach Inc,true
fe34b683-59c8-4607-969e-67de8a3122d6,2022-04-10T19:44:25.784Z,Port Simeoncester,New Jersey,Sudan,38.6139,-87.6635,supplanto,sapiente,veritatis,damnatio,absconditus,benevolentia,caste,78,221.16904876753492,63,tenus,0,0,4,false,0.08404899554649337,2023-07-11T10:52:50.044Z,Durgan LLC,false
2dc0a44c-da2c-4245-8ac0-cad3a5d41f66,2025-11-13T12:10:52.328Z,Port Kayleigh,New Jersey,Timor-Leste,-85.5731,124.9669,derelinquo,canonicus,quidem,aetas,depereo,arcesso,volutabrum,128,17.273667702737256,99,antepono,5,2,4,true,0.14462799319271966,2021-09-11T03:35:08.125Z,Pfannerstill and Sons,false
09d89637-c95c-44f6-a938-1bdc25cae2e0,2019-07-21T13:39:39.732Z,Rogahnview,Montana,North Macedonia,-33.9201,126.2569,quos,minus,aegre,aliquam,atqui,virgo,vitae,41,104.56062644623228,50,varius,3,1,4,true,0.19924088142113475,2022-03-22T00:02:01.245Z,"Beatty, McClure and Pouros",false
c65f10b6-70ac-42f0-921b-188a070ce0d6,2020-12-09T06:06:19.506Z,Springdale,Colorado,Benin,-23.9867,89.1851,cicuta,ventus,sumo,adstringo,studio,vester,despecto,67,103.2442709055833,22,utilis,2,0,2,false,0.12130180888591238,2025-08-13T13:37:04.184Z,Walker - Wyman,true
b59e0832-3cb0-42bb-848c-36578825008e,2020-03-08T23:32:59.365Z,West Keaton,New York,Solomon Islands,50.2246,21.2591,quaerat,thesaurus,culpo,vomica,custodia,quibusdam,agnitio,63,120.83214615427643,67,esse,5,0,2,true,0.2161845692868579,2019-11-28T11:44:17.167Z,"Kulas, Crist and Padberg",true
f69c0f93-2d90-4153-a12c-df41da34c92e,2022-12-19T21:39:16.993Z,Lake Demariofurt,Indiana,Afghanistan,58.4742,-166.1836,comedo,aestivus,cibus,soluta,patria,voco,aedificium,67,216.4040142498249,96,peccatus,0,2,3,false,0.06376888282339566,2025-02-13T14:18:20.828Z,Daniel and Sons,false
69c29600-4b8d-4934-85f2-c63425aede77,2022-12-31T03:32:05.675Z,Hermannburgh,Florida,Bosnia and Herzegovina,-80.802,-15.8685,velum,adipisci,expedita,currus,vitiosus,defluo,ipsam,28,200.01661913449487,90,quas,4,1,3,false,0.07947175726893532,2021-12-27T13:15:39.817Z,"Schiller, Dibbert and Lakin",true
f698314a-2986-4806-b1d1-c42c3b197278,2019-03-01T13:52:08.610Z,West Hailieville,Colorado,Argentina,54.094,105.3436,veniam,sopor,repellendus,abutor,conventus,odit,conforto,62,26.887199934170354,39,territo,2,2,3,false,0.05422520391575256,2025-09-09T15:55:30.216Z,Kertzmann Group,false
011f40de-fd0b-4c04-b51c-2bb4ed142973,2022-08-30T02:28:34.625Z,Lake Arloberg,Arizona,Egypt,-89.5003,-176.0649,amoveo,succedo,censura,cetera,audeo,adulatio,patior,34,232.49886614947889,45,cruentus,3,0,2,true,0.21072368028647132,2024-03-26T18:30:22.172Z,Kerluke - Reilly,true
fbdfaba4-fd2b-4524-8f3e-613973f0adac,2025-04-12T23:54:56.781Z,West Carli,South Carolina,Haiti,19.3885,146.9437,causa,aequus,volaticus,animi,aliqua,aeneus,quasi,89,34.91260555332132,82,voluptas,3,0,3,false,0.06482499874136866,2024-02-23T16:26:58.775Z,Harris LLC,true
5c23fa06-de85-4f24-9259-6615bed48735,2018-06-05T04:43:11.762Z,Fort Paytonchester,Indiana,Grenada,-7.8355,-62.7232,vulpes,degero,cupio,defluo,teneo,volutabrum,demonstro,101,24.88406695521194,91,ante,0,1,1,false,0.10418330384491833,2020-07-18T00:35:28.729Z,Marks - Hahn,true
df89e3cb-ae4b-40ce-b8f6-134f2b82a9c4,2024-11-06T08:27:18.241Z,East Henristead,South Dakota,Cayman Islands,82.4012,-90.853,curriculum,tenuis,adeo,congregatio,atque,desino,amissio,111,222.95268940705643,62,terga,6,1,1,false,0.13519948745850904,2020-10-06T21:05:34.952Z,"Sanford, Bogan and Pagac",true
79cbfcde-080d-470a-88ee-a536d1777a26,2019-09-02T13:44:07.909Z,Kesslerstead,Alabama,Egypt,72.8299,173.824,torrens,utroque,decumbo,demum,explicabo,terebro,sublime,42,131.79305573352246,38,vulgaris,3,1,1,false,0.07843340438270827,2025-04-03T12:44:01.446Z,Jast Group,true
55d2f759-7962-4c01-9021-177ca3be86d3,2025-07-26T19:18:57.415Z,Eliasview,New Jersey,Zimbabwe,7.2508,-91.2893,crapula,minima,antea,repellat,valetudo,allatus,adicio,30,13.662327685112672,38,amiculum,6,0,1,false,0.12536286200873076,2021-11-04T16:00:19.634Z,Wilderman Inc,true
7a7ef906-8148-4c19-b9a5-fa208519b453,2019-03-31T18:41:27.461Z,Vonfield,Oregon,Christmas Island,19.9769,38.729,depopulo,ater,vomica,quod,tamisium,accommodo,asper,100,162.23640626186406,18,ventus,5,2,5,true,0.029302630419672127,2019-08-25T11:34:35.265Z,"Wehner, Koch and Ledner",true
dc6971aa-964a-433e-8f42-90cf49c36c19,2023-04-02T19:45:34.725Z,Zboncakfurt,Alabama,Chile,-70.5747,-44.267,unus,verto,terminatio,damno,bellicus,tracto,curiositas,44,33.75191553471349,90,tamisium,5,1,2,true,0.029092548927943745,2025-09-13T00:17:19.862Z,Schumm and Sons,true
be2cbcec-03e9-40db-87c2-f6b57aec49f5,2020-09-11T08:27:20.221Z,Altadena,Missouri,Poland,-46.1124,95.7576,cruciamentum,absens,vinitor,theatrum,certus,tergum,summisse,45,102.03014847319054,46,tibi,1,2,3,false,0.15260715528169977,2023-03-15T16:45:44.455Z,Ziemann - Mertz,true
6785af5b-899d-4bcc-b358-222e2c756520,2024-05-03T11:19:43.687Z,Homestead,North Dakota,Samoa,-0.7205,8.5836,urbanus,aestas,quis,caveo,cohaero,abscido,cetera,130,172.86204470459367,56,acsi,4,1,2,false,0.024071893499753083,2020-02-20T21:00:41.864Z,Ankunding - Bergstrom,false
f664790e-5860-4188-936b-ef3e8068a1ec,2025-01-24T16:55:00.644Z,East Katarina,Alaska,Tonga,-50.9207,-66.8253,culpa,virgo,tum,universe,tamisium,adulatio,aufero,53,6.950294711399145,44,solitudo,6,2,1,true,0.24014505578371192,2025-12-21T16:07:54.645Z,"Hilpert, Erdman and Mertz",true
58610c15-d118-4336-85a7-935eb0431b9c,2019-06-24T19:36:19.912Z,Bergstromstead,Alabama,Dominican Republic,-30.2518,-165.3406,debeo,alveus,theologus,desidero,apparatus,decipio,cuppedia,80,212.53167261599887,29,considero,1,2,3,true,0.21521084119322478,2025-02-05T18:42:59.340Z,Schimmel - Schneider,true
ff2803d8-6222-4154-bbf1-292289549366,2024-12-31T14:20:25.510Z,Geneview,Maryland,Cambodia,-33.6423,-6.0545,aliquam,tremo,curto,ventus,somniculosus,confido,adimpleo,82,80.74617502329225,47,delibero,1,0,4,true,0.2465687824122149,2023-09-03T19:53:41.324Z,Waters Inc,true
cf4e3088-e355-4086-a079-76f4bedafb9a,2018-01-21T02:23:00.533Z,East Jalynchester,Minnesota,Jersey,-37.0535,-82.1874,laborum,curtus,apparatus,cumque,ut,vix,cibo,83,101.17316867334506,48,spoliatio,0,1,3,false,0.1527953056382367,2024-02-20T04:53:39.637Z,Renner - Toy,true
eb4286d3-cd4f-4c14-9390-d84b83c01b20,2022-04-05T14:20:09.335Z,West Emmetcester,Georgia,Greece,-2.0211,-69.0229,antiquus,theatrum,solio,amitto,vester,natus,confido,85,235.6365545605093,16,vereor,6,0,4,true,0.1280320284513758,2021-11-11T15:10:54.035Z,"Jaskolski, Stamm and Harber",true
1555f435-47c2-4e8f-b789-f41a128012ea,2023-08-13T09:19:20.087Z,Franeytown,South Dakota,Iran,24.6883,-81.0822,earum,vesica,compello,creber,adflicto,laudantium,corrumpo,51,194.33030887939645,21,adamo,6,2,2,true,0.2491959988643696,2020-01-13T02:15:14.882Z,Fritsch - Cummerata,false
cc3a97d7-b2e8-4a06-815b-158134873107,2020-04-04T06:58:12.836Z,Danville,Massachusetts,Comoros,-11.8854,-38.9579,cogito,sub,aqua,excepturi,commodo,aspernatur,tamen,50,73.63084123450705,81,tamen,0,2,1,false,0.12046883356004343,2020-07-28T23:16:36.947Z,Stehr - Volkman,true
bb6006f9-925a-44d0-8ab9-442d807eb3ff,2021-10-11T05:03:47.772Z,Hillsland,Missouri,Gambia,-24.138,37.764,vespillo,defluo,ultra,ambitus,valeo,suus,ventosus,107,25.01263588771698,38,uterque,3,1,4,true,0.13584940313157687,2019-03-13T20:50:59.972Z,"Dare, Christiansen and Gleichner",true
d31ad0de-f0a8-426b-894b-c34e4a862516,2022-06-04T02:57:28.560Z,Millcreek,Missouri,Mauritius,49.0327,119.3026,viriliter,vesica,ventosus,adipisci,valens,conicio,decens,85,144.25627013880802,65,error,1,1,5,true,0.07738993224182969,2018-01-17T20:52:28.179Z,"Greenholt, Bergstrom and Koch",true
c63b945b-556a-44d6-ae32-5f33b65157f5,2019-08-16T23:04:00.999Z,Langoshboro,Michigan,Monaco,16.2,-64.3472,volutabrum,vomer,trucido,abeo,eveniet,claustrum,defessus,45,152.71831649772585,39,volva,2,2,2,true,0.10892970097889079,2022-12-14T16:41:25.064Z,"Ondricka, Rutherford and Barrows",false
a7e45653-a71c-4301-b2ae-25bc9efd872a,2022-05-18T08:42:30.274Z,Monterey Park,Pennsylvania,Falkland Islands (Malvinas),-57.9977,-173.225,quod,defleo,timidus,articulus,beatus,venia,odit,50,161.08929361293272,82,vae,0,1,2,true,0.07119855969899955,2020-04-05T19:24:46.512Z,Heaney and Sons,true
1c873ed5-2ea2-4b30-9961-772341708c90,2022-03-30T19:00:14.941Z,New Taylorworth,New Mexico,Western Sahara,73.1622,-88.5867,unde,dedecor,campana,delectus,amoveo,constans,cuppedia,110,194.22057078731933,23,demo,5,2,5,false,0.06645465007704848,2021-09-14T11:37:01.255Z,"McCullough, Hyatt and Moen",true
14bf7eb8-8f99-4f34-9cf3-0b019f16e12a,2024-01-15T15:55:08.171Z,Steuberboro,Louisiana,Nigeria,64.5105,-144.4994,trepide,absum,credo,peccatus,advenio,demoror,voluntarius,96,158.2256389717358,48,volo,3,0,5,false,0.08408590074242889,2022-09-20T10:32:38.047Z,Bradtke - Wintheiser,false
6a14c1d0-ca62-4a9d-85e3-f45afc41802d,2023-05-04T00:43:33.120Z,Fort Lisa,Illinois,Christmas Island,49.873,-170.579,dolores,casus,commodi,patruus,coniecto,thymum,tergiversatio,53,11.126056233359849,86,nam,3,0,2,true,0.23452537159913353,2022-04-02T08:36:54.108Z,Rosenbaum - Cormier,false
a3bcead7-9c0a-442e-8904-d85653c62a25,2021-05-07T05:27:26.733Z,Hattiefort,Minnesota,Peru,10.1822,-88.4753,vinco,condico,thymbra,hic,auctus,cenaculum,solum,35,5.098050519618846,88,callide,4,1,2,false,0.027070345881792662,2025-10-25T17:19:42.832Z,Langworth - Johns,true
38c539a0-fe5d-493e-8a13-de0e427d4289,2018-02-28T17:05:58.798Z,Madison,Hawaii,Curacao,51.6744,63.8899,terminatio,celer,spes,audacia,censura,vilitas,totidem,76,190.6696000826512,61,ventito,3,0,1,false,0.2228785908562198,2023-10-05T04:01:17.378Z,Beahan and Sons,false
c2e2a325-ca3c-4917-80a8-2d6c8330b46a,2024-08-04T00:56:51.036Z,Hermannborough,Virginia,Sao Tome and Principe,-9.3099,-112.9531,cunae,adficio,sodalitas,stultus,totus,in,aspicio,110,126.95203306056749,81,audax,6,0,2,true,0.12621714735378872,2020-07-07T10:40:49.539Z,"Hilpert, Schowalter and Weber",false