accident_id,incident_datetime,city,state,country,latitude,longitude,road_name,road_type,intersection_type,accident_type,weather_condition,road_condition,light_condition,speed_limit,actual_speed_kph,driver_age,driver_gender,casualties,fatalities,vehicles_involved,alcohol_influence,blood_alcohol_level,weather_reported_at,reporting_department,pedestrian_involved
33cb2c37-4cea-47b0-95a4-2cb090c96cfa,2021-01-19T14:00:31.186Z,Richmond,Vermont,Maldives,-47.206,17.2173,dicta,voluptatem,depulso,curto,absque,usus,celer,21,187.30193398135683,18,suffragium,3,2,2,false,0.05791931965444344,2021-09-20T15:19:37.502Z,Pagac - Zulauf,false
70d12f62-9d4a-4024-99a8-f6135fcbbdc5,2021-05-08T06:19:16.823Z,Kunzechester,Colorado,United States of America,77.2128,-36.857,ait,attonbitus,tracto,cultura,saepe,adinventitias,usus,106,19.417918015905826,61,vado,3,2,3,true,0.12262405274255184,2025-10-03T10:54:12.719Z,"Haley, Paucek and Kuhlman",false
555a911e-8adb-44b2-9f7b-cdf0f199c92c,2023-09-08T23:11:56.051Z,Bedford,West Virginia,Turkmenistan,-72.6421,-11.5839,tergeo,delicate,vigilo,catena,tempore,aureus,anser,88,57.66590700347102,90,alo,5,2,2,true,0.24202927632145288,2025-04-04T00:45:55.515Z,Botsford Inc,true
1dabac7c-1f9a-4880-934a-1409e201f776,2025-09-06T06:31:24.732Z,Schulistshire,Maryland,Dominican Republic,-31.8616,25.7065,tabella,spiritus,voluptas,demum,ter,coma,curtus,98,139.11932702275405,61,voluptate,2,2,2,false,0.08458352353751819,2019-04-16T19:43:41.247Z,Kuhlman LLC,true
f78d49ff-20ef-4f59-b807-4c1e246f8f31,2019-04-02T22:39:17.272Z,Cerritos,Delaware,Holy See (Vatican City State),-27.7715,48.5447,casus,similique,pariatur,tempore,culpa,subiungo,averto,28,107.71459280988961,79,subnecto,2,1,5,true,0.21767014438681742,2025-09-12T00:42:32.771Z,"Windler, Corwin and Botsford",false
3399bfef-9196-4f11-816c-06d0f89945e9,2018-02-20T17:10:07.079Z,North Haskellport,New Mexico,Republic of Korea,17.7564,48.9952,cupressus,sto,occaecati,temptatio,conforto,temporibus,coniuratio,104,11.596256237280835,48,curiositas,3,0,1,true,0.1648384886504345,2022-02-27T01:59:58.359Z,"Durgan, Halvorson and Stehr",true
c04eedbb-378e-4ba4-82cb-97630c00a891,2024-03-08T07:06:11.262Z,West Kaylichester,Idaho,New Caledonia,-29.1944,130.1343,earum,solutio,tenetur,deprecator,demum,vomica,depulso,115,236.19781571409644,87,astrum,4,1,5,true,0.21313643687368672,2021-09-21T19:50:43.839Z,Kilback LLC,true
0d8fe175-65aa-4c68-811b-edbfa279aa1b,2019-12-28T07:47:33.905Z,New Reynold,Rhode Island,China,68.982,63.1233,curvo,utor,acidus,varius,somniculosus,triumphus,subito,118,104.69861491878478,90,dapifer,4,0,5,true,0.13156903460598376,2025-05-14T12:36:12.055Z,"Kris, Nader and Schultz",false
a4957593-70de-475f-a2c3-7451e59c914c,2018-12-31T07:26:15.856Z,Gleichnerboro,Wyoming,Nigeria,-29.7394,-21.6001,eius,theatrum,collum,volaticus,bis,velum,earum,95,204.22622542298595,72,tenuis,2,2,4,true,0.07550292554618504,2019-11-22T21:57:22.317Z,Monahan Inc,false
6b136444-94fd-4dfb-9759-9b4398765063,2024-06-07T00:41:55.224Z,Lake Kaitlynfield,Delaware,Anguilla,-56.8982,68.9163,cruentus,aperte,audio,tamquam,terminatio,amo,certus,49,190.52998232723945,52,adopto,6,0,1,false,0.033084502333936894,2020-06-28T02:44:40.268Z,"Hessel, Williamson and Cormier",true
e29cc559-cb24-4510-830e-43237cfef3c7,2021-03-24T19:39:55.479Z,Kadehaven,Kansas,Afghanistan,37.6619,-16.964,aro,voluptas,dolorum,clamo,aliqua,ulterius,assumenda,45,212.13036812071695,97,tametsi,4,2,3,true,0.11879368960334302,2020-05-22T07:10:32.424Z,"Tremblay, Witting and Armstrong",false
56cea985-d8d7-420d-bd73-6e2acea3ebf2,2020-07-08T05:55:22.450Z,Adrainmouth,Louisiana,Paraguay,2.9406,-20.0389,deinde,pauci,porro,venia,attonbitus,turpis,sublime,61,108.62905753010216,85,attonbitus,1,0,5,false,0.19759899938736653,2019-12-27T09:01:08.634Z,"O'Hara, Hilpert and Greenfelder",true
b2bcf7ab-54d9-4358-96c9-03f7ba8fb32f,2025-07-07T02:38:41.857Z,Toyworth,Minnesota,Palestine,72.2952,9.1728,ultra,cribro,absum,caute,certe,cohibeo,celo,78,47.85649719365849,67,iste,5,0,2,true,0.18307391302860912,2020-09-30T08:00:27.902Z,Gottlieb - Zulauf,true
58195da5-be98-4f3b-981c-391f001c0d95,2020-10-25T20:08:05.324Z,Naderfurt,Wyoming,Niger,-15.0427,-127.5695,suscipit,demo,vulpes,creo,pecto,caste,officia,40,22.56638025932105,94,utrimque,2,2,1,true,0.021016822295587156,2019-03-15T14:00:08.966Z,Glover LLC,false
1091b3a2-8e0e-44d4-a55c-afe0eee95bc2,2021-01-18T20:49:43.382Z,West Brice,Indiana,Barbados,-8.7964,-103.3057,canonicus,sursum,corrupti,currus,repellendus,voluptatum,creptio,30,13.45230948286889,65,solium,1,0,2,true,0.06769763129227294,2019-05-31T23:39:49.217Z,Hodkiewicz and Sons,true
f1d34a42-2ac2-4e2d-b265-1350fe938e47,2022-09-14T06:54:23.888Z,Coral Springs,Connecticut,Saint Lucia,89.0026,29.5674,creator,eos,solum,adversus,consequatur,cum,apostolus,40,5.5947025887519075,76,paens,6,1,5,true,0.19531191484555913,2022-07-13T18:48:51.146Z,Kuhn LLC,true
28b5a200-a941-4cda-a778-9287bc6bb0ea,2024-08-20T20:49:19.476Z,Lehigh Acres,Nevada,Cuba,48.2761,-44.8476,ademptio,cauda,abundans,curiositas,caveo,canis,defaeco,53,17.95062143540597,61,thalassinus,3,2,3,true,0.17255653962584616,2020-02-12T20:04:36.393Z,Erdman Inc,true
192618ea-09da-4a6d-b73a-83a5a70aa54e,2025-10-15T02:26:44.075Z,Alexandriaport,Montana,Kuwait,-80.5987,127.7812,desparatus,viriliter,defessus,denuo,corona,vestrum,subnecto,44,232.56952579017909,54,terror,6,0,2,true,0.003713624937077775,2023-08-05T05:17:47.085Z,"Lowe, Schimmel and Leuschke",true
58c6811d-2be4-4d19-80df-95d0f5624a3b,2020-01-08T19:45:22.917Z,Nevabury,Nevada,Lesotho,-1.8323,19.8016,beneficium,admoveo,absconditus,volva,corpus,causa,fugit,107,154.0654357662571,92,trado,6,1,5,false,0.18387927008808755,2022-05-22T20:23:39.156Z,Ankunding Group,false
0479a7ce-d06b-4bd8-ba2a-a94b11ea0981,2025-05-26T18:30:32.715Z,South Enos,Connecticut,Cocos (Keeling) Islands,31.8571,145.6697,provident,succurro,non,tametsi,verumtamen,utilis,tertius,90,178.9856431757598,30,damnatio,2,1,3,true,0.21655918228680798,2025-04-19T08:07:49.603Z,Lehner - Graham,true
93d6f629-2747-4ed8-86f5-ec636ace81bb,2025-12-24T20:59:43.109Z,Larsonberg,Nebraska,Mauritania,73.4158,80.2293,tergo,pecto,exercitationem,vesco,vester,spero,asporto,95,217.00313958735765,17,umerus,0,0,1,true,0.14752956480287638,2019-01-09T17:17:55.618Z,Fadel LLC,true
d29d3f87-27a0-4a39-bdd0-c4ffd7aa141f,2024-02-18T14:38:03.203Z,North Olaf,New Jersey,Monaco,35.1233,10.5206,officia,adhaero,volubilis,vox,valeo,in,arceo,106,193.0875294409031,49,tero,4,1,5,true,0.1548922176071219,2019-11-10T12:41:34.243Z,Howe - Weber,true
c76047ba-f8c4-40fa-bb35-5e3805deb39e,2018-07-16T06:28:25.492Z,Hintzshire,New Jersey,Romania,-54.1297,28.5121,viridis,caterva,custodia,ea,compono,denego,peior,91,126.85271213626763,79,conatus,4,0,1,true,0.016100583893350867,2023-08-09T21:30:55.275Z,Friesen LLC,true
6944bd3f-00c0-48b9-ac04-ff29c341e3f9,2023-07-10T12:49:18.607Z,Pollyborough,South Carolina,Faroe Islands,-54.3133,-109.2814,commodo,xiphias,coepi,atque,officia,vitium,succurro,104,171.1318409936425,49,crustulum,1,2,4,true,0.07950491672777149,2024-02-19T05:44:56.945Z,Hilll - Rempel,false
bd3b7a68-6d2e-4722-929e-ec778e8fa21f,2018-08-04T17:18:57.993Z,Fort Marceloburgh,Missouri,New Caledonia,15.9555,-178.9769,agnitio,aufero,cum,pariatur,totidem,degero,exercitationem,76,119.12954620615321,43,quasi,3,1,5,true,0.17004784138511567,2022-11-04T01:59:38.587Z,"Hand, Abernathy and Grady",true
5a90cd97-40e6-4ea7-aa9d-17c2191208d5,2020-02-24T12:39:16.119Z,South Retta,Alaska,Brazil,50.0562,-75.7109,temperantia,terga,vehemens,terga,cupiditate,ad,titulus,44,120.5496733708554,90,teres,3,1,1,false,0.2018512138703366,2024-02-20T00:11:30.611Z,Schultz - Herman,false
a3cd9c11-9a3a-45ee-8d46-35ea8d0944fc,2025-06-09T20:29:12.398Z,Lake Aniya,South Carolina,El Salvador,89.1782,6.9158,uredo,colligo,aveho,asperiores,apparatus,coepi,suscipit,123,238.39051239052816,34,conqueror,2,0,2,false,0.02896654917553665,2020-03-31T21:02:35.921Z,"Reinger, Rice and Boyer",false
101af0da-f73a-4b1a-9cb5-5c1a0fdb94c1,2018-07-01T19:18:03.631Z,Bridgeport,Arizona,Moldova,-59.7727,149.1995,adinventitias,vilicus,cotidie,aperio,cupiditate,necessitatibus,depraedor,93,13.063858729784261,48,amplexus,0,2,4,true,0.08516341524393276,2023-04-01T07:58:03.639Z,Beier Inc,false
e1266855-0f34-4bc2-a9d2-2014f404635d,2024-06-04T10:41:30.726Z,New Katharinaworth,New York,Antigua and Barbuda,-10.401,112.2493,arto,cunabula,quae,defluo,ipsam,viridis,aranea,120,236.6207204662495,68,accusator,6,0,5,true,0.2236843978373659,2023-04-27T00:48:58.807Z,Kutch and Sons,false
c885a239-8ad4-4deb-b828-5e3b1ffb7d48,2023-04-07T17:29:53.302Z,Dearborn Heights,Louisiana,Romania,-25.2033,14.9764,vita,bos,comparo,demulceo,cultellus,vomito,absque,119,222.94129983474102,83,vita,2,1,2,true,0.19606811080144657,2024-11-08T13:05:14.972Z,Kutch Inc,false
9c4b4bb1-de7a-46a9-8afe-1c712017d68a,2020-04-02T02:33:02.576Z,Lake Lamar,West Virginia,Palau,45.548,147.0306,capio,quas,adamo,thesaurus,adulatio,suggero,dignissimos,130,31.87823336767928,68,amplexus,2,0,4,false,0.21756169192790448,2022-08-21T04:55:40.810Z,"Legros, Tillman and Maggio",false
61dfdf0c-b16a-47e9-be76-236b7236024b,2023-12-19T17:12:04.099Z,Turcotteton,Michigan,Zambia,-37.4872,-63.1411,vere,tristis,aestus,cohibeo,surgo,infit,illum,66,111.63018794589094,16,tactus,1,0,3,false,0.2050822360547767,2022-11-01T00:53:54.389Z,Hoppe - Bernhard,true
2c9e9d48-92b6-48d9-bda7-d519901b4763,2022-12-19T19:48:30.913Z,North Gennaroton,Alabama,Democratic Republic of the Congo,-15.2562,-84.3188,amita,arbustum,suffoco,capitulus,candidus,uberrime,degenero,98,26.36130586766547,58,adamo,1,2,5,true,0.18797108291052964,2022-07-02T17:49:50.550Z,Gibson and Sons,false
08d291af-1ad4-4ace-8a74-91df695793a3,2019-06-20T14:13:40.334Z,North Linnea,Alabama,"Virgin Islands, U.S.",54.0123,101.9788,causa,campana,capitulus,illum,cubitum,depopulo,adversus,42,218.30807928251284,44,nesciunt,3,2,5,false,0.193091687437227,2022-05-12T01:09:35.635Z,Upton LLC,false
86df7273-fc54-4b40-9143-f2a9ab26fe51,2020-07-13T00:03:27.398Z,Gradytown,Tennessee,Libyan Arab Jamahiriya,-0.6582,-156.537,altus,degusto,veniam,optio,coaegresco,veniam,coaegresco,39,235.51714346183905,100,taceo,5,2,1,false,0.01480785334289969,2024-08-01T05:41:39.107Z,Jacobs - Kuhn,false
a2dff7fa-da2a-4dd5-a1da-ad7e8287885a,2024-12-30T20:10:37.733Z,Fort Hallehaven,Florida,Moldova,-62.1975,-19.7731,tepesco,nihil,casus,approbo,conscendo,suppono,vado,30,9.581867175083492,24,error,3,1,5,false,0.18943740501599987,2018-11-19T09:19:14.505Z,Weimann LLC,true
8ced4d79-4f32-4053-8912-9181580be9af,2023-06-02T18:30:05.512Z,Eldoraburgh,Oklahoma,Mozambique,23.1928,-58.8612,ultra,quisquam,repellat,voluptatum,totus,arx,conculco,32,173.78057184443256,55,decor,2,2,4,false,0.004568510968441547,2023-08-29T09:47:40.228Z,Mayert - Hoppe,false
86308538-e522-4d78-98a7-8b87c93d67ec,2020-06-21T23:22:24.424Z,West Connie,Kentucky,Sao Tome and Principe,30.9278,103.7917,officiis,cunabula,vesica,vesper,animi,corona,surculus,60,4.252342493069596,32,tremo,6,1,4,false,0.005692241546097182,2018-04-20T02:10:13.181Z,Zboncak Group,true
8356b8a3-e958-4956-a083-9c4cad0553f4,2021-09-15T17:21:40.199Z,Jaimeboro,Arkansas,Germany,-39.187,-35.3434,delicate,vulnus,thymbra,inventore,atque,tepidus,ulterius,52,206.2463428123267,82,tenax,1,1,4,false,0.15388460606229937,2024-11-02T06:26:08.343Z,"Bradtke, Hills and Rippin",false
a304f764-f05d-4177-9e24-6c0141aa6b9b,2018-10-06T06:09:02.971Z,West Arvidfurt,Wisconsin,Bangladesh,-75.9218,139.8709,thermae,ustilo,claustrum,animus,caelum,tunc,placeat,40,178.49143367028137,97,corpus,3,1,5,false,0.048756765700278565,2018-05-27T04:38:25.772Z,"Rice, Baumbach and Wyman",false
c2a58a7f-7ae0-4c24-9615-643ea18a0ae0,2025-07-31T03:41:25.920Z,Redwood City,South Dakota,Slovenia,0.2954,-107.9968,aggero,adipiscor,sperno,crastinus,conduco,cupiditas,thermae,84,48.93557463361545,46,thymum,2,1,5,true,0.20204848374228676,2019-07-23T03:19:15.679Z,"Schuppe, Ryan and Bergstrom",true
4f2efe5d-a441-4cbc-a276-5d8c7c5d5d43,2025-03-30T22:17:01.141Z,Tanyaberg,Georgia,Malawi,-7.3689,95.1745,deporto,cur,quia,solutio,ubi,coniuratio,aggero,86,46.95178807184671,46,celer,5,0,2,false,0.11240859545397294,2024-12-08T02:02:06.281Z,Williamson - Stehr,true
c732e4b4-ac23-49c8-903c-7ea03ada67e4,2018-09-09T11:02:46.728Z,West Vivianefort,Georgia,Iceland,77.849,-30.3926,talis,curtus,tempora,eaque,tenax,aequitas,aegre,128,96.6861665953027,26,id,4,0,2,true,0.2490145484900354,2024-08-07T19:57:47.270Z,Ritchie - Gleichner,false
8518f7be-6920-446d-8315-abff962f597d,2023-03-07T16:57:32.243Z,East Lester,Connecticut,Malta,-7.6223,-110.9685,vulnero,cenaculum,vilis,stultus,tristis,carmen,thorax,81,26.837736201851385,22,aer,5,2,2,false,0.1813495254134445,2020-11-07T08:25:08.387Z,"Denesik, Breitenberg and Cronin",false
768d5c0a-bf95-4a82-8a7a-6a7ea2c3caa2,2024-04-03T17:17:53.455Z,Wiegandville,Virginia,Saudi Arabia,69.0187,84.0288,sub,voluptate,vilicus,textor,circumvenio,solio,accusamus,46,196.9463250839729,29,candidus,2,2,3,false,0.07701315513868773,2022-06-30T20:40:43.479Z,"Sauer, Christiansen and Hettinger",false
81180f4a-8d1f-465e-a047-c5cdf542d34a,2019-07-14T04:21:38.292Z,Gleichnerstad,Wyoming,Cuba,42.677,23.8772,tersus,communis,patrocinor,repellat,utpote,calco,alienus,85,227.8157327658214,87,villa,0,2,5,true,0.13881162992978213,2024-05-09T02:21:16.459Z,Homenick - Greenholt,true
a76754ac-c0c0-44aa-88fb-fce3828334a0,2025-10-31T13:04:33.714Z,Willowland,Missouri,Tanzania,33.2416,-13.5894,tego,tego,cupressus,color,volaticus,urbs,balbus,92,155.68554170243127,97,culpo,0,2,1,false,0.23730954343931696,2025-11-10T20:56:05.033Z,Kuhlman Inc,false
23d5ae07-a06c-4381-808d-9031d4cb87ba,2021-05-30T13:52:10.512Z,Whittier,South Dakota,New Zealand,23.7833,-178.7582,solio,beneficium,complectus,cubicularis,auctor,dolor,vulnero,119,145.91946167560403,23,conicio,0,0,4,true,0.10382448996098387,2023-02-17T05:30:42.602Z,"Halvorson, Smitham and Auer",false
404a1889-f812-44cf-aab1-099ed79c4977,2024-04-16T04:59:40.104Z,South Naomi,Wisconsin,North Macedonia,-85.63,-82.0451,currus,a,damnatio,solus,aeneus,cursim,vulariter,122,174.64668059028827,93,ascisco,2,2,1,true,0.12319937229777828,2018-09-06T23:46:31.498Z,Ritchie - Stracke,false
c26b798f-2f86-4ba6-99b9-9000fd584876,2025-08-04T05:10:13.423Z,Overland Park,Idaho,Kuwait,-35.4469,-53.0173,neque,velum,xiphias,solus,votum,subseco,excepturi,32,164.0952228076429,58,voluptatem,2,0,5,true,0.06024229981163784,2024-01-13T19:51:19.825Z,Conroy Group,false
76ab8b68-5b13-4640-a3d3-bc71e0b2626d,2018-04-05T01:57:08.506Z,Memphis,Colorado,Equatorial Guinea,6.3987,-151.503,coruscus,cariosus,aegrotatio,thalassinus,congregatio,audentia,benigne,49,119.08525163575733,85,calco,1,2,1,true,0.07667433659342615,2018-04-14T06:57:24.554Z,Rath - Mosciski,false
91712559-1b42-4dde-b65e-a35af0b06846,2021-07-21T21:33:26.735Z,East Dave,Indiana,Chile,-33.6484,-0.8491,curo,aveho,contego,quod,trans,auctor,turbo,89,15.611532008202724,32,tui,6,1,4,true,0.16275041373582663,2021-08-18T23:58:31.928Z,"Stehr, Runte and Miller",false
b6ada9c8-366f-4b6e-8e8f-43c373b5e7b0,2025-10-17T07:54:03.166Z,Cummingsfort,Rhode Island,Eswatini,-87.8351,-123.8947,arbor,debilito,tempus,dedecor,campana,soluta,cras,27,48.07141873171288,68,ocer,1,0,4,false,0.2295912858625302,2020-04-18T09:57:49.194Z,Krajcik - Cummerata,false
ccc57378-b269-4288-8f14-5a3256cf7f22,2023-12-06T03:03:26.079Z,Federicotown,New Mexico,Madagascar,-31.0751,30.8763,defleo,argentum,sopor,conitor,subseco,tepidus,arx,29,170.25950630766613,94,nihil,3,1,1,false,0.02090416436596823,2024-07-07T05:06:12.691Z,Lemke - Weissnat,true
ad74671e-5944-43c4-b622-84ef1507b471,2022-07-11T02:05:54.916Z,South Janick,Wisconsin,Argentina,-67.7994,-24.3256,approbo,derelinquo,adopto,sophismata,admiratio,caute,ater,91,24.27445852558039,78,summa,0,1,3,true,0.23876982287977566,2023-03-03T12:49:47.823Z,Zieme and Sons,true
6e76f01a-1829-49a8-8645-139525fdf5f2,2018-12-20T12:16:24.992Z,McCulloughhaven,Maryland,Lesotho,-84.0283,35.2004,repellat,acidus,subiungo,absque,ustilo,aliquid,ocer,59,160.29836087894736,60,corporis,0,2,3,false,0.1747574722240409,2020-07-07T19:20:56.735Z,Zieme - Sawayn,false
649df5af-4688-4701-93c4-ab2dbd224667,2022-09-16T14:48:59.605Z,Kaelashire,South Carolina,Bosnia and Herzegovina,74.7268,-128.6113,amissio,timidus,absconditus,facere,appello,tremo,at,23,161.82665543793888,42,valeo,6,2,3,false,0.0361058757298435,2023-05-01T14:36:29.612Z,Kuhic Group,false
b90420b2-54ed-4d18-b6dd-9cf0aef9c6bf,2022-09-05T05:05:07.120Z,East Emerald,Missouri,Andorra,-8.1073,-22.548,aeger,suus,eius,deprecator,sponte,adsum,vestigium,61,65.8379060711025,55,officiis,2,2,3,false,0.08661850330136026,2022-07-19T18:20:09.163Z,"Emard, Hoppe and Koss",true
c787fbb8-f0df-4108-89a5-05207398050c,2019-01-03T14:33:55.706Z,Hyattburgh,Arkansas,Curacao,69.1414,61.8697,angustus,correptius,solum,admitto,vilitas,derideo,benevolentia,123,171.7130570778271,32,adnuo,1,1,4,true,0.15171529846546053,2021-05-14T15:07:03.691Z,Dibbert Group,false
c07000e7-f13e-44a5-8ecd-0fdbf88412f6,2023-03-13T10:37:27.377Z,East Jailynview,Illinois,Zambia,-73.3407,173.2066,cado,aveho,conventus,censura,atavus,cras,demum,40,160.44477844040213,38,adsidue,0,0,2,true,0.17767793664902243,2019-11-20T21:11:45.504Z,"Bergstrom, Wolf and Leffler",false
86e47e22-75bf-4565-97ce-f77695cc319f,2022-08-25T07:29:09.339Z,Sunrise,Louisiana,South Georgia and the South Sandwich Islands,-48.5087,178.1305,studio,crudelis,beneficium,casso,aeternus,tot,altus,33,164.63599528508584,44,totidem,5,0,1,true,0.1491549714565927,2025-10-24T03:33:40.349Z,Sipes - Rowe,false
a827d1f7-7f59-4712-b84f-fb03313fe55e,2023-01-25T14:48:40.282Z,North Dario,New York,San Marino,76.2083,-171.6565,enim,pauci,viriliter,speciosus,copia,arbor,depono,46,149.18372408315196,31,tego,5,0,5,true,0.11819932870553401,2018-02-28T01:30:23.575Z,"Turner, White and Boyer",false
199c4025-1d44-4ebd-a578-c7db610bf89b,2024-01-19T06:40:14.362Z,Dameonbury,Maine,Eswatini,-75.6991,-82.6515,conitor,sequi,aer,adsuesco,solutio,cogito,tabella,49,175.5837641539699,47,utrum,2,0,4,true,0.0354442651846687,2018-07-02T09:22:29.702Z,Friesen - Sauer,false
09691080-e7c9-4fe3-9d2e-b8f455724af0,2018-06-26T21:17:45.470Z,Port Fae,Michigan,Kuwait,87.2762,93.3135,amor,occaecati,coniecto,degenero,sortitus,sperno,unde,118,147.2670144628046,21,attonbitus,4,1,3,false,0.02510124039968678,2023-09-06T17:32:01.226Z,"Bartell, Jenkins and Osinski",false
06798051-d5e4-4473-9146-40d80725a3f5,2024-03-23T12:02:14.422Z,Bochester,Texas,Bangladesh,-84.9095,27.4527,demens,communis,ubi,deludo,porro,tendo,conservo,32,132.61623645469138,33,demoror,3,0,5,true,0.16010961332398302,2025-09-28T16:10:14.747Z,Schaden Group,false
b6a116f6-bf89-4e5e-b361-a6bec0e4d30a,2025-01-08T03:59:50.095Z,Kutchchester,South Carolina,American Samoa,-76.0261,85.963,cunabula,vacuus,verumtamen,casus,tristis,tantillus,solium,55,124.37572730202147,77,placeat,4,1,4,true,0.06109554292640873,2019-03-30T11:46:08.773Z,Walsh LLC,false
6cd3495d-f4c1-49d2-bd7c-f56a674d6c91,2021-12-02T07:11:30.303Z,Fort Landenmouth,Idaho,Uganda,31.6945,18.9816,beatus,voco,capio,paens,subnecto,suus,cogo,94,45.43305053955562,22,sui,5,2,5,false,0.04798756299878712,2021-04-21T11:23:42.246Z,"Terry, O'Keefe and Powlowski",false
bb5554a1-143e-48de-8c3d-250851d8f3fd,2025-12-01T13:06:57.645Z,Jettville,West Virginia,Kyrgyz Republic,-62.7496,-6.7249,desino,versus,cetera,architecto,sollicito,volaticus,volutabrum,49,230.51637179586726,27,cernuus,6,1,3,true,0.24200041834738434,2020-01-15T09:46:23.567Z,Sipes Inc,false
f6c32e35-6fa3-47ce-8e08-f5cb026eb023,2022-03-26T15:14:40.647Z,Oswaldohaven,Idaho,Turkmenistan,5.2226,21.5711,volva,architecto,aveho,dolorem,contra,repellat,conculco,32,70.19496222092138,50,absconditus,6,2,3,false,0.12295723891323973,2018-01-05T11:30:46.449Z,"Bruen, Cremin and Heaney",false
3944078a-ca35-4420-a47e-cfda7286e484,2025-08-03T09:32:49.072Z,North Randallview,Arizona,Malaysia,-68.8352,140.3555,vigor,corona,comes,trado,tendo,tametsi,alii,61,221.09518878855744,30,consequatur,0,1,4,false,0.2316598265636658,2025-09-26T13:57:28.438Z,Goyette - Lehner,true
c0e1c258-b54d-456c-ac2d-4668776a1eb1,2019-03-22T05:40:27.536Z,Keeganside,Texas,Eritrea,9.3522,-43.6734,ratione,cruentus,sui,vulpes,a,comitatus,illo,100,173.71946073307674,26,crudelis,0,1,3,false,0.04788916838420593,2019-09-13T23:25:51.308Z,"Schuppe, Hackett and Schinner",true
64279e0d-2453-46ab-bbef-147781cfbae8,2018-08-30T06:23:11.033Z,Huntersville,Florida,Greece,51.328,-81.8285,iste,clementia,tardus,cur,vigilo,alius,dicta,50,91.57754709181725,83,adamo,4,1,3,true,0.1467312484327635,2018-12-27T22:17:28.575Z,Pagac and Sons,true
dd343f5d-edfe-4c94-a7b5-a8efa22a082b,2025-12-01T07:21:36.072Z,Port Jarrellfort,West Virginia,Iraq,-57.1284,-110.157,tenetur,nulla,aiunt,conicio,accusamus,suppellex,sordeo,66,9.256793057711148,30,omnis,4,2,5,true,0.05258427284932776,2023-07-13T22:13:15.343Z,Bartoletti - Glover,false
1359d3aa-381c-4c04-9600-ad1334b21e21,2019-10-13T23:41:19.352Z,Dothan,Tennessee,Colombia,82.78,89.9126,deinde,vinum,totidem,umquam,tantillus,abeo,umquam,72,188.02268424499565,22,avarus,1,2,3,true,0.030098921369121817,2020-01-30T10:24:58.728Z,Fisher - Wunsch,false
355a7728-4a5a-4ce0-9048-17258e77fe83,2020-08-05T10:40:15.737Z,Elnorashire,Massachusetts,Falkland Islands (Malvinas),-82.6621,137.9316,clarus,pectus,coruscus,decor,solitudo,statim,conspergo,108,51.498253758371135,82,pax,4,0,2,true,0.21565199605420654,2019-04-11T08:32:35.354Z,Casper and Sons,false
c150036a-93a3-4c47-b79d-c9a07cd8df05,2022-12-06T14:01:38.052Z,Fort Aglae,Mississippi,Tajikistan,51.6143,-19.6601,aufero,laudantium,comparo,quibusdam,perferendis,animi,cibus,106,50.84833623527152,47,conicio,3,2,2,true,0.1690223365243972,2023-12-18T21:24:22.269Z,Ondricka Inc,true
a1b2e90c-563f-4318-83ff-790f277d19b5,2021-07-17T01:42:36.808Z,Lake Orantown,Michigan,Costa Rica,48.3209,34.8273,timidus,amet,ago,ars,ambitus,corrigo,substantia,122,194.1718544419936,89,ait,2,1,4,true,0.14225022078494934,2019-02-04T17:21:35.214Z,Greenholt Inc,false
62754c83-fef2-477c-b72d-8bc1f2921cea,2020-02-05T17:29:27.829Z,Glen Burnie,Ohio,Greenland,-71.2357,122.7433,deficio,conforto,qui,accusantium,celebrer,ceno,comburo,36,179.91035250932953,42,termes,5,0,1,false,0.18362814763564553,2021-03-31T19:26:05.086Z,Kozey - Bahringer,true
a68a9a52-39de-4538-a2d7-68de831c8221,2019-06-22T03:59:36.612Z,North Immanuel,Wisconsin,Iraq,23.9644,-21.4822,clibanus,atrox,atavus,repellat,subito,assumenda,thymbra,115,98.28915687226717,89,suadeo,6,2,4,true,0.01573009260336536,2021-08-01T14:40:52.910Z,Fahey Inc,false
cba1916f-0eb9-4c7c-958c-326328106a8a,2022-02-19T00:49:37.011Z,East Riley,Wisconsin,Martinique,-7.7576,-170.3122,amplexus,utpote,benigne,ultra,torqueo,aestivus,vicissitudo,41,5.716658859377706,92,cupio,1,0,2,true,0.10440974546147036,2024-10-21T06:33:30.267Z,Homenick LLC,false
39d51591-aa3c-4445-8035-9492862d27b1,2019-10-05T08:19:54.817Z,Overland Park,Idaho,Iceland,-19.9466,-151.4826,magni,theatrum,nemo,assentator,sublime,voluptas,apostolus,76,65.55918164247721,19,supellex,1,2,1,true,0.0340612235399646,2018-01-14T05:44:20.451Z,Wisoky Inc,false
2ff77821-80b1-4071-a6cc-41bb51360e40,2022-09-14T13:10:30.259Z,Kohlermouth,Idaho,Saudi Arabia,88.8627,-35.4323,deleo,suspendo,causa,vigor,arbustum,titulus,cibus,69,137.0989196183354,25,abutor,2,0,3,false,0.15089086143897312,2025-03-24T03:11:01.532Z,Raynor - Gusikowski,false