accident_id,incident_datetime,city,state,country,latitude,longitude,road_name,road_type,intersection_type,accident_type,weather_condition,road_condition,light_condition,speed_limit,actual_speed_kph,driver_age,driver_gender,casualties,fatalities,vehicles_involved,alcohol_influence,blood_alcohol_level,weather_reported_at,reporting_department,pedestrian_involved
adabb6db-10b8-4e2e-9777-f6240fbe4688,2021-08-21T19:53:39.357Z,Lake Greg,Washington,Bermuda,16.9987,169.2077,vilis,thermae,quis,odit,stillicidium,officiis,umerus,129,227.4654303905804,39,pel,4,1,3,true,0.038699038810931286,2024-06-02T13:55:11.006Z,Heathcote and Sons,false
4ef3e355-a7dd-4f0c-a0f3-25f3131c5669,2018-03-07T08:42:34.261Z,Madysonfurt,Missouri,India,1.8056,170.4919,volutabrum,aestus,bellicus,vitium,sordeo,attonbitus,sumptus,59,177.5353944309598,41,uredo,6,2,1,true,0.03020440386167811,2020-07-14T00:03:13.828Z,Kuvalis and Sons,true
70a1eb9a-5c6a-4183-8fbd-890f0bcc5184,2020-03-07T21:31:01.347Z,Ashtonfurt,Hawaii,Turkey,-77.2885,9.0922,conventus,conspergo,adeptio,delectus,aegrotatio,charisma,cupressus,35,214.27900309450246,20,cubo,4,2,5,true,0.18892706490725494,2022-05-19T00:38:18.098Z,O'Hara LLC,true
246c900c-b2fc-4e8f-8880-d1486f3d68c4,2019-05-07T12:00:36.439Z,Fort Ernestine,Georgia,Liechtenstein,-84.3315,-140.7091,suppellex,earum,commodi,clibanus,cultura,deduco,decumbo,39,131.282857388956,63,defleo,5,0,5,true,0.11018663816870192,2019-01-28T08:30:32.068Z,Wisozk LLC,false
aa83c146-6770-4f36-ba39-009ca93e4a8f,2021-09-26T13:17:44.132Z,Quitzonburgh,Hawaii,Aland Islands,-38.3246,162.1886,conor,vesco,censura,amplus,adulescens,degero,textor,82,194.03377201041008,74,vindico,0,0,3,true,0.12036922263161959,2022-05-13T16:17:40.851Z,Dare - Dietrich,false
7b7c64fa-b918-4804-a570-e7bb222b5f00,2024-12-01T23:57:00.283Z,West Veronaburgh,Missouri,Greece,-67.514,30.5365,temporibus,cetera,vulnero,territo,turba,tertius,amita,79,176.3516441270288,81,tubineus,3,2,4,false,0.1937824987715996,2022-10-11T23:54:12.517Z,Strosin - Rempel,true
6553cc62-0af8-4b65-938d-a8befd60982e,2024-10-02T10:50:57.520Z,East Kaci,Oregon,Chad,-24.6043,-8.0081,verus,velut,corporis,modi,debeo,defungo,traho,84,186.21581007851452,87,confero,4,2,5,true,0.05321984932700066,2025-10-25T09:48:15.506Z,Abernathy - Dickens,false
19affdfb-92e1-499f-b66d-87f13fe0797e,2020-07-12T14:39:50.610Z,East Janiya,Indiana,Peru,-25.2452,25.9607,spiritus,asperiores,tabula,decor,advenio,turbo,vapulus,120,18.319273182808907,23,socius,3,0,1,true,0.10858077397750279,2021-02-24T20:25:35.262Z,"Wilderman, Baumbach and Berge",true
8a0ccc18-8cb8-47a3-b0d8-1b9f1c94d0d4,2025-07-25T10:20:16.165Z,McDermottport,Hawaii,Congo,-44.0064,-126.5389,aspicio,voro,aspicio,iste,arma,voluptate,anser,71,236.80684519662267,73,aedificium,0,1,1,false,0.19942263379955164,2021-08-31T21:00:30.674Z,Ebert LLC,false
cd0ede03-6b11-4d8e-b9dd-5f7e1b25a41a,2025-06-05T20:40:10.206Z,South Abigail,Alaska,Belgium,-33.0096,-98.6321,suggero,tendo,voro,calculus,administratio,cauda,considero,50,24.289732040836718,70,delinquo,6,2,3,true,0.18891416217917567,2024-11-06T01:39:51.117Z,Runolfsdottir - Braun,true
7bd869f3-a2bc-44aa-8873-6ddb79e2580e,2022-07-03T11:15:13.868Z,North Jose,Montana,Syrian Arab Republic,54.956,127.6393,autus,adnuo,vulgaris,contra,consequatur,crapula,sustineo,38,222.14706393763697,20,universe,4,0,5,false,0.07138507287972803,2025-07-31T12:42:38.141Z,Dietrich Group,false
5480f9a1-51af-4619-8a49-2c3dac267f65,2021-07-11T12:36:30.992Z,McGlynnville,Rhode Island,Sao Tome and Principe,89.0876,101.7232,vinculum,teres,autem,et,adflicto,dignissimos,campana,20,24.656451738890112,79,clam,2,2,3,false,0.07754862822116923,2018-05-21T07:26:49.038Z,"Durgan, Stanton and Flatley",true
5fc84366-d128-42bb-94c4-2c285ae1e7d9,2024-06-30T09:27:05.964Z,Goyettemouth,Vermont,Democratic Republic of the Congo,70.9881,-31.7707,clarus,unus,tumultus,urbs,tersus,debitis,blandior,82,14.141067840314934,85,adhaero,2,2,1,true,0.2260110982432081,2019-08-01T19:41:20.234Z,Hettinger Inc,false
726b9c68-98b8-4b44-bb5f-71eec2737cc1,2018-10-04T07:22:20.080Z,Wardtown,Mississippi,Western Sahara,-86.9323,37.8384,tolero,aggredior,vorax,facere,deduco,cuius,calculus,119,47.8921057603204,41,sub,1,2,1,true,0.0018877820026971248,2024-03-15T01:31:17.786Z,"Abernathy, Abbott and Ritchie",false
ca089144-0229-49f0-87df-47dd4422f2f9,2023-08-18T12:18:14.419Z,Colton,Maryland,Wallis and Futuna,81.4652,109.3755,consequatur,xiphias,pecus,ancilla,sperno,terga,spoliatio,68,210.75017256941513,22,accendo,0,2,2,false,0.10359398058682287,2021-02-28T11:35:07.413Z,"Renner, Friesen and Steuber",true
a320ecc2-8e89-4152-b225-f98e99df5694,2019-05-21T18:22:15.809Z,Ortizstad,Wisconsin,Sweden,-77.2214,75.8306,est,tempus,abeo,decumbo,molestias,accusamus,titulus,108,60.147038439824044,68,comes,6,2,2,true,0.008169119474784603,2019-07-10T15:03:40.132Z,Bergnaum and Sons,false
46e8b780-cb7d-4ff5-b2f2-167db188f053,2019-07-16T05:08:31.748Z,New Cindyshire,Alabama,Puerto Rico,-1.7972,66.6798,aut,adficio,acidus,vivo,aut,cuppedia,expedita,97,173.23938621084505,38,audacia,3,0,1,false,0.0023908655692842784,2024-07-15T05:59:36.793Z,"Lueilwitz, Schumm and Lynch",true
0fc20ba7-f0dc-4733-879b-4d83c2e8c0b0,2024-12-13T20:16:19.150Z,North Avery,Georgia,Equatorial Guinea,61.9109,-164.8505,defaeco,taedium,templum,conculco,tantillus,arma,denique,69,202.80839772614706,43,despecto,6,2,2,false,0.06382141465789024,2019-09-07T17:14:16.186Z,"Hills, Boehm and Dickens",false
28bdc2be-2174-47c9-8490-2c3054f25c7b,2019-12-27T02:54:05.983Z,West Princesscester,Maryland,Tuvalu,-59.6111,162.6344,vitiosus,voco,conscendo,caterva,corrupti,verto,subnecto,45,191.62069842749213,52,alienus,4,2,4,false,0.010196307913147545,2018-05-23T15:21:54.049Z,Goldner - Hirthe,true
76271670-8bb1-485a-87fa-3e40a5b368eb,2024-09-28T22:28:29.711Z,Aureliachester,Vermont,Mongolia,-5.4028,-160.1588,ait,decimus,defaeco,tenax,advenio,comburo,tollo,127,112.40975389861521,39,clarus,6,1,5,true,0.10276133394714423,2024-01-25T16:35:19.974Z,Emard Group,true
bdb29c3f-6308-4259-a794-3795a7842888,2018-10-10T20:22:18.622Z,Rashadfurt,Virginia,Holy See (Vatican City State),-72.7726,167.6145,eius,desidero,caries,perferendis,statim,patria,viridis,42,166.85800948915602,29,deripio,0,1,5,true,0.22116537709274312,2020-04-19T22:51:35.120Z,O'Hara Inc,true
750353e9-3e4f-42cc-882f-caf7e8dba737,2023-03-07T02:52:22.808Z,Millshaven,New York,Congo,-89.4798,73.507,suscipio,timidus,considero,vivo,umbra,validus,velociter,45,219.04038094680578,98,ulterius,0,2,3,true,0.15003138676685968,2025-03-15T01:44:44.260Z,Gutmann Group,true
028124d0-f4cf-4b3a-a5ba-c4b464063ea7,2021-12-10T18:39:07.305Z,Julianaboro,Wisconsin,Uzbekistan,19.4193,69.3304,cauda,quod,cohaero,ambitus,cavus,taedium,veritas,61,59.00917887454452,28,deripio,2,1,2,false,0.2203341594638188,2022-03-25T19:22:53.302Z,"Lemke, Rolfson and Cronin",true
d75f1269-2fd1-41a4-98aa-df5702709afd,2025-05-23T04:31:43.508Z,Fort Fletcherworth,Utah,Mali,46.7644,-53.2501,depono,crux,aspicio,stips,confido,denuo,approbo,81,31.158871537846924,45,soluta,1,1,4,true,0.0818631953877483,2022-04-17T20:23:07.141Z,"Kreiger, Corkery and Jacobs",false
75c211ae-ad6b-4f06-ac9c-6043d25b6c54,2025-09-27T21:05:44.343Z,New Haroldhaven,Ohio,Cook Islands,7.7709,-76.5489,terreo,cattus,tres,absum,ustilo,vobis,deripio,70,56.38464451271133,73,mollitia,0,1,1,true,0.10934105516891482,2021-03-13T09:24:03.489Z,Brakus Group,false
5ac7478c-4303-4f5b-b059-f23dacdf264d,2018-01-07T00:40:50.163Z,Kyleeside,Missouri,Slovenia,12.3351,-60.0776,alo,deleniti,depraedor,atrocitas,recusandae,placeat,ulciscor,30,16.50246234669014,87,cattus,3,0,5,false,0.028336803776618652,2018-08-10T05:10:43.870Z,King and Sons,true
3826e5c6-080b-4167-b1a5-076c357c0936,2021-11-26T03:38:29.539Z,Merced,Tennessee,Gibraltar,-18.4422,-32.6558,quod,defetiscor,agnitio,cubitum,comis,tabernus,adsuesco,33,187.3380222711119,36,tenuis,6,1,3,true,0.13305364674995485,2020-11-03T15:41:05.734Z,"Kovacek, Quigley and Fisher",true
4cfe8f1c-3cae-4e82-b33f-ff9570301b54,2023-04-03T15:09:09.674Z,New Jaren,Rhode Island,Republic of Korea,40.9636,63.4971,totidem,decretum,suggero,charisma,pax,alius,careo,101,214.69452628957316,94,concido,6,2,2,true,0.22105825826834616,2024-10-24T22:28:14.896Z,"Walsh, Dickens and Wisozk",false
b80a45ff-03a8-4452-a775-09c26fed53f0,2022-08-04T08:34:51.682Z,East Anais,Utah,"Bonaire, Sint Eustatius and Saba",-79.2649,76.98,trucido,solium,tepesco,adiuvo,caterva,voluptas,annus,65,198.57688939437608,25,vinco,1,1,2,true,0.043046617601005394,2023-07-28T12:55:08.364Z,"Mayer, Hodkiewicz and Buckridge",true
1cf2d9e4-22de-42c5-a209-c582f8262d49,2020-11-23T22:18:13.254Z,Spring Hill,Washington,France,-34.873,-146.2974,arceo,ago,subseco,aliquam,soleo,terreo,pauper,39,38.12108102611437,78,vulgaris,2,0,4,false,0.051122534051501134,2018-11-08T06:51:15.953Z,Kuhn Inc,true
c1189c55-7706-4bc2-8d92-05d6d065a97f,2018-06-01T00:25:09.230Z,Rociostead,Idaho,Australia,75.4152,-117.3677,cuius,bellum,sapiente,vigilo,arceo,peior,adiuvo,108,59.283350913056154,86,bene,6,1,1,true,0.010925570620829272,2018-07-06T02:08:39.087Z,Huel - Koss,false
001f1561-324f-422f-8515-2f5d3c36910b,2021-02-20T08:30:24.767Z,New Patriciastad,Louisiana,Tanzania,25.6427,155.2729,complectus,adfero,totidem,comptus,impedit,coma,vergo,100,207.99726652907108,39,congregatio,5,0,2,false,0.20005500797033926,2018-07-18T23:39:34.835Z,"Watsica, Price and Rodriguez",true
9fcc3d3d-afc7-4dbf-8b46-1ba15c774945,2022-09-06T00:36:21.149Z,West Tyshawn,Michigan,Afghanistan,22.3047,-49.2845,somnus,victoria,dens,thymbra,tenus,decumbo,voluntarius,68,50.59866381387447,23,debilito,0,1,2,false,0.07618997581150647,2020-10-13T19:37:37.111Z,Cole - McGlynn,true
7c0c31dd-44b7-417e-ba29-14d85056033f,2024-09-02T01:17:57.191Z,Hamillboro,Oregon,Tonga,55.5585,18.6631,deserunt,audax,caritas,demoror,tepidus,neque,quos,84,41.47796973910056,62,cognomen,4,1,3,false,0.10801607714796482,2022-04-04T13:50:42.893Z,Heaney - Thiel,false
c65841b9-9514-4666-9ee9-f3239786cef6,2024-01-10T20:08:40.068Z,Victorboro,Hawaii,Bangladesh,-70.5899,175.2255,votum,defetiscor,chirographum,aegre,adulatio,dolorem,temeritas,42,204.30798866659785,46,adfectus,5,2,2,true,0.12329919911299608,2024-12-28T03:14:02.733Z,Koepp Group,true
bb1d0809-bfa3-4d75-8f4d-aeb83d0a045e,2022-04-14T03:29:21.077Z,Bartellside,West Virginia,Faroe Islands,-0.3878,-168.321,caterva,appono,calcar,ulterius,hic,vicissitudo,absconditus,26,189.61693962833883,83,clam,0,2,2,false,0.06190661651977089,2025-02-17T11:45:41.740Z,Marvin - Ledner,false
94f7adff-f036-4d0e-b2c2-aef18caf9abc,2025-01-20T04:01:27.811Z,Eliezerville,Wisconsin,Mozambique,81.7812,-83.8337,spiculum,conculco,ipsa,allatus,absorbeo,aedificium,arx,129,19.092256839250908,41,barba,6,1,2,false,0.0012259476641983402,2018-09-03T20:46:50.941Z,Yundt - Kovacek,true
73a913c4-469b-47c7-ae30-d5be4063b301,2020-11-01T18:23:16.374Z,Davisbury,Minnesota,Costa Rica,55.6297,-152.4003,barba,defungo,necessitatibus,tui,urbanus,acquiro,testimonium,49,201.55783999415019,38,ut,5,0,2,false,0.06446399404718006,2020-04-11T13:19:13.444Z,Metz LLC,true
2764edf5-6f32-4bd0-9fd5-4c21558995e0,2021-03-17T05:14:27.129Z,Tatumstad,Colorado,Kazakhstan,-28.8429,67.8631,voluptate,expedita,aperio,delinquo,ipsa,ullus,sublime,84,19.657881060896052,52,curriculum,1,1,2,true,0.18684659407219553,2020-11-23T21:16:37.926Z,Grant and Sons,true
05e855bb-999d-4a96-b586-54cc4a44c7ee,2020-04-04T16:40:06.768Z,West Aronport,Texas,"Virgin Islands, U.S.",-4.6961,-110.3306,creptio,vereor,depopulo,ambulo,deprimo,tardus,teneo,99,53.167104623847905,47,minima,3,0,5,true,0.24975445346642194,2020-02-13T18:35:45.818Z,Ebert - D'Amore,true
3bf6abfb-208b-4117-91b4-e5548d118ab1,2022-02-15T07:36:10.176Z,West Erickfurt,Texas,Paraguay,-59.731,24.5506,verus,vigor,tollo,totidem,aequitas,antiquus,ara,60,57.551234235821426,75,consectetur,2,1,2,true,0.014719507315134661,2021-12-19T08:59:52.485Z,Auer Inc,true
6e1825c5-083e-44e6-8d5b-c6682dbbb0ee,2024-08-10T08:56:28.071Z,Isabelland,Nebraska,Cambodia,6.0931,-172.8941,omnis,candidus,modi,cumque,cinis,sollicito,celebrer,100,64.54964959344122,21,sollers,0,2,3,false,0.1511176923250903,2021-06-20T12:39:29.329Z,Upton - Purdy,false
082449d6-bfad-4811-a57b-088d63cc7308,2018-03-30T20:48:41.711Z,New Barney,Tennessee,United States of America,20.4541,-113.6731,deficio,vicissitudo,alioqui,adsuesco,cilicium,stillicidium,cimentarius,100,89.09226956010029,40,adipiscor,1,0,5,false,0.03159855605565243,2018-06-11T02:13:52.780Z,Erdman - Nader,false
c7413d0c-4633-4a0b-80e4-eb154997e0df,2021-04-20T13:54:04.304Z,Mission,New Hampshire,France,10.9511,55.0839,subvenio,consuasor,colligo,coaegresco,teres,somnus,universe,97,111.87739983957664,45,corroboro,5,2,2,false,0.12677542052419238,2018-12-10T14:12:28.208Z,Deckow Group,false
97c139aa-e36b-4bb1-9863-aedbef709424,2023-03-14T21:35:40.885Z,East Meghanview,Oregon,Singapore,-36.55,-156.6222,carus,corpus,vespillo,cursus,sed,desidero,alii,46,92.73982580150437,45,adulescens,0,1,4,false,0.09151262724542777,2023-01-13T05:41:52.885Z,"Hintz, Dietrich and Simonis",false
f0f58b4d-5643-44e6-83fa-0593452bebbe,2018-01-02T08:40:14.848Z,Fort Marcel,Oklahoma,Yemen,59.7145,12.0921,vergo,teneo,curis,possimus,nihil,appello,speciosus,60,35.301757665774794,99,caput,1,2,5,true,0.19757433693181392,2019-12-15T02:16:21.448Z,Stehr - Yost,true
3cefe6e8-8127-446e-8675-64884d0340a7,2019-06-03T23:23:25.578Z,Mosesfield,Virginia,Democratic People's Republic of Korea,-27.1575,112.554,deserunt,provident,cotidie,cunctatio,magni,aggredior,dapifer,117,191.41613870048633,23,certus,1,0,1,true,0.20763629571248993,2023-05-25T06:24:57.396Z,Little Group,true
86130f90-12d1-4787-9877-5c088f134c7d,2018-03-22T06:12:50.298Z,Port Alanworth,Ohio,Montserrat,34.4697,-70.4593,derelinquo,libero,cur,terra,comptus,volo,tenuis,63,188.1571483676541,56,suppellex,5,0,1,false,0.021094042053001277,2023-09-13T07:32:07.845Z,Hermann - Kunde,false
88ab70d9-b832-4701-8e31-d6c5144fdf0a,2024-12-27T16:52:43.018Z,New Velma,Wyoming,Costa Rica,45.9242,62.8708,vinum,dignissimos,tametsi,agnosco,solio,claustrum,subseco,129,149.1249278626071,82,abscido,0,2,1,false,0.12224746356989663,2022-05-24T03:07:02.497Z,Hahn Group,true
2dfb1ea3-3941-468b-825c-1e68e9fdd2e9,2018-10-11T06:44:21.919Z,Herzogside,Kentucky,United States Minor Outlying Islands,59.4729,-98.8069,cerno,succedo,sit,conatus,deludo,perferendis,communis,115,169.36989459877245,21,tergiversatio,4,1,2,true,0.10930111023485883,2018-11-07T16:16:02.917Z,Gorczany - Buckridge,false
ea5cc544-5b46-4768-93b2-c2c544fb3980,2020-12-25T14:34:23.437Z,Rosellaburgh,Indiana,Niue,86.5782,86.1977,fuga,tergeo,ager,succedo,videlicet,animus,dolorum,23,70.60488602071021,87,aperiam,1,0,5,false,0.17882533171859696,2025-04-25T13:53:06.795Z,Zulauf Group,true
addc7731-dd5f-4d55-a448-aff3585a981d,2024-11-04T09:48:10.608Z,West Wilfordstad,New Jersey,Turkey,59.1181,13.2236,suffoco,nulla,apud,amaritudo,cado,combibo,ait,61,209.43899911483837,47,concido,3,2,3,true,0.02292297627345441,2022-08-24T07:06:14.073Z,Berge - Bailey,true
dfd9b29c-d569-4352-b49c-eceeac8db4ad,2025-12-03T10:04:03.936Z,Arecibo,Iowa,El Salvador,-75.0328,-9.8002,colo,aer,pariatur,caute,agnitio,compono,cuppedia,26,136.99959485959423,50,defaeco,0,0,3,false,0.23029555447317845,2022-07-28T17:41:24.589Z,Zulauf and Sons,false
280e310d-a002-4600-8d38-151d055aa456,2020-04-02T18:14:59.717Z,Fort Lauderdale,Maine,Bouvet Island,15.327,172.2559,verbera,doloremque,sto,cupiditate,appono,carmen,accusantium,46,131.00800558561122,68,tergo,4,0,4,false,0.024323408461744883,2019-05-26T23:03:27.408Z,Dickens Inc,true
0dc124dd-e541-4c80-94b4-48761050862b,2023-08-22T17:20:11.398Z,Herzogview,Arizona,Iran,10.4836,-94.3215,dolores,capto,careo,balbus,dolor,constans,consequatur,118,119.28146318552093,57,aegrus,1,0,4,false,0.0403213841636994,2019-02-25T15:32:43.955Z,Padberg Group,true
c86e01af-b548-4a65-94d8-77278565a83b,2025-03-02T20:07:52.824Z,East Tyshawn,New Mexico,Botswana,68.291,-120.3413,quaerat,curo,cruentus,a,in,alo,aureus,27,103.00059913264603,47,eaque,4,2,1,false,0.23368195836087413,2019-07-05T17:25:41.669Z,"Upton, Spinka and MacGyver",true
b9b4607b-f018-48aa-8b3e-a0e4dee3f224,2020-07-20T04:08:19.754Z,West Shane,Alaska,Christmas Island,-35.0919,109.4407,demulceo,urbs,volutabrum,ambulo,taedium,suffoco,video,66,100.28250340373847,71,enim,4,0,5,true,0.1001485330103005,2022-12-03T12:37:27.903Z,Von - MacGyver,false
bb50558e-8d7e-403d-bb21-6500d1555694,2025-11-04T02:01:03.714Z,Lake Andresburgh,Mississippi,Anguilla,25.6991,-130.2217,magni,vobis,soluta,speciosus,tolero,adamo,adduco,33,149.65927600370327,34,vere,6,1,3,false,0.17168476387744153,2019-07-02T01:54:46.838Z,"Wolff, Hermiston and Corkery",true
94551f93-5c28-4b92-a629-9339107a8bff,2023-05-11T11:53:53.116Z,East Bayleeland,Arkansas,Zambia,33.7039,119.475,beneficium,aperio,recusandae,dolorum,tempus,temeritas,calamitas,52,121.73533389392658,81,talio,0,2,4,true,0.13380035609380278,2019-02-01T02:08:52.990Z,"Upton, Boehm and Koch",false
fd0a1f90-606f-4548-99c1-0ee99f92d342,2023-10-30T08:13:21.108Z,Port Dana,Tennessee,Djibouti,12.537,91.0065,thymbra,repellat,in,coniuratio,thymum,constans,talio,71,218.65758374147913,21,animus,6,1,3,false,0.14843809073822234,2023-07-07T11:45:38.884Z,Nitzsche - Powlowski,false
47113d57-a33e-4a9d-9579-302339a87ad9,2020-06-14T08:43:21.029Z,North Hoyt,North Carolina,United States Minor Outlying Islands,46.3201,-168.4286,velum,arbustum,ait,absum,vulticulus,cruciamentum,balbus,70,122.01776242592801,95,paulatim,6,2,1,false,0.23970942776576293,2023-01-26T05:23:23.309Z,"Bayer, Bernier and Murray",true
2d456d07-a5b6-4923-a05d-7befbe01e2dd,2022-08-14T02:33:30.356Z,New Ismael,Delaware,Uzbekistan,-62.1589,-41.9041,pectus,animadverto,quae,cohibeo,bene,quae,vicinus,26,46.785169325519604,37,amissio,0,2,2,false,0.14262304989839902,2024-12-05T03:43:05.123Z,"Altenwerth, Labadie and Monahan",true
27ce8dc1-e3af-4a7e-837f-a4dc54f8c1ee,2022-11-16T14:49:24.767Z,Avondale,Rhode Island,Monaco,24.2953,-15.8493,adulescens,tres,pauper,rerum,decens,substantia,vobis,80,73.24819914201838,48,praesentium,2,1,2,true,0.15188610640634032,2024-12-28T04:01:19.479Z,"Kuhlman, Gibson and Streich",false
10351110-2b32-4ad5-a07f-0c6f662e0fd1,2022-08-27T19:46:52.351Z,Jerdeborough,Missouri,Montenegro,22.4388,-125.6356,soluta,temptatio,numquam,tenus,non,subseco,calco,52,58.98844551466625,70,vomer,5,2,1,true,0.2489950677685973,2022-09-21T17:05:56.673Z,"Schaden, Legros and VonRueden",true
ec4a5211-fffb-4706-a482-58c2e93e9a2e,2024-03-13T06:10:29.226Z,Jenkinshaven,Kentucky,Malta,-78.9536,23.0809,damnatio,vilis,virtus,angustus,inflammatio,numquam,tabella,36,189.59606871961122,77,pel,1,2,4,true,0.13726963721246485,2021-12-30T16:52:22.478Z,White Inc,false
e1c850f7-d670-467f-b666-df802e6b6e5c,2025-12-21T17:35:59.297Z,Torpstad,Missouri,New Zealand,84.8921,-17.1259,delibero,auditor,tergo,stillicidium,chirographum,comminor,sint,46,139.00721455147527,47,adsuesco,6,2,3,true,0.08169908383851027,2023-09-21T04:47:18.788Z,Huel Group,true
c30faea6-db69-42fd-b35c-8a08b5469c41,2025-11-28T14:49:58.610Z,Green Bay,Massachusetts,Malawi,18.5608,-7.3686,explicabo,asper,aperio,at,harum,aurum,cicuta,24,85.9596585114449,71,quis,3,0,3,false,0.04043413144531122,2019-05-07T18:53:34.978Z,Moore LLC,false
bb379fef-5c9c-4112-9c56-73e974300b18,2023-07-03T23:10:38.003Z,Demariotown,New Jersey,Nepal,10.4779,-46.7986,agnosco,denique,acquiro,adicio,cursim,iste,voco,58,4.536083834128659,99,amissio,5,2,2,false,0.1819027146121705,2018-01-30T16:55:24.076Z,Cole - Ritchie,true
edc150fb-9bf4-4dd8-b16e-fbc4d02995e5,2022-05-19T09:02:04.996Z,Blanchemouth,Vermont,Central African Republic,9.4483,140.6349,vulticulus,spiculum,theca,veritas,alter,admoveo,curtus,73,116.69857396444387,90,varius,5,0,1,true,0.11431929095890508,2020-11-26T11:58:58.182Z,"Kassulke, Pfeffer and Gleichner",true
4177d146-428c-4a35-b0f6-394f9cad52f9,2024-10-11T04:59:09.226Z,Alvinamouth,Missouri,Tonga,-41.7124,-4.4098,solio,consuasor,crur,triumphus,tametsi,itaque,adversus,44,191.85731587591442,33,cruentus,5,1,1,false,0.07135340112177238,2021-05-04T13:56:57.055Z,Monahan Group,false
b52690ea-9f6d-4dab-a4b5-b54464233cc4,2020-12-31T14:19:46.095Z,Schmidttown,Kentucky,Brunei Darussalam,-36.3893,155.1509,thermae,conqueror,vesica,caveo,stipes,bene,autem,35,21.721378444761463,34,cohibeo,5,2,4,false,0.0020954374415212973,2019-08-24T08:08:53.226Z,Welch and Sons,false
bb75a8d6-2af3-4051-b19f-391e62e37faf,2018-09-09T16:19:36.465Z,Coon Rapids,Mississippi,Curacao,33.9318,52.1646,sustineo,delinquo,accedo,totam,ulciscor,correptius,virga,75,217.55098057219374,38,vita,0,2,5,true,0.08843204588967088,2021-12-29T21:45:23.325Z,Hodkiewicz Inc,true
e9df48cd-ca17-47d0-933e-5bc0147cead6,2021-07-12T17:35:37.114Z,Lake Joanie,Connecticut,Philippines,-77.9353,4.2627,caterva,compono,amplexus,abeo,cito,callide,ubi,43,59.39610107397688,37,adsum,6,1,5,true,0.07248651434865441,2022-11-02T15:05:31.323Z,Rohan - Schimmel,true
1dfce951-7917-4bde-b2a4-fd011479ebab,2021-04-01T18:28:36.511Z,Cindyborough,Minnesota,Aland Islands,87.4903,-153.6917,earum,anser,bene,succedo,temeritas,aeneus,antepono,89,89.90145770638294,83,vesper,6,0,1,false,0.04575486271979887,2020-03-02T05:24:08.614Z,Anderson - Welch,true
e21da12c-b3eb-487e-8420-729143cb9527,2021-09-01T12:59:38.082Z,Huntington Beach,South Dakota,Costa Rica,28.2501,-107.2139,cotidie,civitas,coaegresco,decretum,aliquam,admitto,canto,125,68.73164457743395,16,socius,6,0,1,false,0.11384442453646576,2021-09-10T09:30:44.202Z,"Paucek, Friesen and Paucek",false
4ae2444b-79b1-4247-bb14-d1014ec8a979,2020-07-21T03:20:24.855Z,Kansas City,Michigan,Antigua and Barbuda,-62.0098,0.571,sequi,animadverto,cur,coepi,nemo,votum,aegre,127,28.55119816581098,83,sub,4,2,4,false,0.21034833369817527,2024-05-07T08:34:37.940Z,Hoeger - Funk,false
05a13e9b-eb89-47e1-8175-f52bb112a55a,2023-02-05T06:44:18.045Z,Farrellville,Mississippi,Armenia,-72.383,-1.6363,uxor,trado,iusto,apparatus,timidus,talus,reprehenderit,117,69.59503196653262,24,repellat,6,1,1,false,0.16310835729918102,2022-04-23T12:14:27.365Z,Friesen - Hansen,false
eedfcac4-7db9-4a0f-a8e8-3d280d16eeb9,2025-05-02T19:44:06.676Z,Brandistead,Pennsylvania,Ecuador,-50.0574,-44.5927,tego,suppono,communis,appositus,cupiditate,sono,altus,80,224.78447331598034,65,suscipio,5,0,1,false,0.16106650040138215,2023-06-06T16:34:09.468Z,Emard - Pfeffer,true
6ded922e-e3e5-4e34-bf4d-d6b10ece6036,2018-05-27T07:51:59.375Z,Roanoke,North Dakota,British Indian Ocean Territory (Chagos Archipelago),-27.5391,-84.1069,synagoga,volubilis,calculus,curatio,video,bonus,harum,40,131.13251592448663,72,thermae,2,2,2,true,0.019219885745577425,2024-07-11T19:50:47.652Z,Fritsch - Kling,false
694227b5-2b7f-4b58-99b8-e6842f1b8c6d,2020-11-21T09:14:25.137Z,Augustbury,Pennsylvania,Samoa,-72.2124,161.5069,canonicus,itaque,colligo,architecto,aliquid,attero,vicinus,26,84.13898318055611,88,super,0,2,2,false,0.0038312157008667524,2018-12-16T13:08:06.419Z,Frami - Breitenberg,false
658770c9-ff68-44c6-94c5-1ee849eee8f7,2021-11-12T11:29:58.340Z,Toyborough,Arkansas,Martinique,-36.6724,140.1712,video,numquam,somniculosus,comis,molestias,volo,verecundia,119,111.92789380765896,59,vinco,0,0,1,true,0.06571518028604459,2018-09-07T13:02:26.759Z,Gusikowski LLC,false
f4899a11-aaf3-4d04-8c20-39d686369f3e,2021-04-10T04:00:14.113Z,San Juan,Missouri,Aruba,-75.6897,36.3478,copia,templum,est,expedita,umquam,caelum,cariosus,21,154.05471108601887,91,quibusdam,2,0,4,false,0.10544823422465849,2022-05-18T22:38:52.446Z,"Bins, Gislason and Larkin",false
401db65f-756a-4aa8-b6c0-49a087b91912,2018-06-21T02:07:13.712Z,Monroeshire,Illinois,Saint Lucia,-42.3112,-28.3221,administratio,casus,mollitia,armarium,confero,arcesso,nisi,110,223.47095347358064,40,suscipit,4,1,2,false,0.0044269936048694225,2021-05-16T21:54:20.913Z,"Ortiz, Parisian and Doyle",false