accident_id,incident_datetime,city,state,country,latitude,longitude,road_name,road_type,intersection_type,accident_type,weather_condition,road_condition,light_condition,speed_limit,actual_speed_kph,driver_age,driver_gender,casualties,fatalities,vehicles_involved,alcohol_influence,blood_alcohol_level,weather_reported_at,reporting_department,pedestrian_involved
7172ca71-9462-404d-a98d-27116b04958c,2018-10-03T02:12:42.070Z,Reichelport,Indiana,Montserrat,-31.9325,-34.4157,derideo,aqua,subvenio,apto,ullam,apostolus,victoria,67,115.48097069536746,66,verbera,1,0,2,true,0.03350943792851549,2023-08-07T04:49:02.244Z,Leuschke LLC,false
c3212fd2-ef75-42da-9ffa-da0e2ba5ed4b,2024-02-14T20:57:10.571Z,Lacey,Maryland,Niue,31.9019,-30.3941,valeo,pax,explicabo,autem,aqua,laborum,averto,79,41.31919798928361,47,sto,6,1,1,false,0.24618032370700668,2018-11-14T02:29:41.654Z,"Simonis, Braun and Lubowitz",false
7b4cb94c-1d66-48bd-b77f-63a7fe996501,2024-09-27T07:07:48.176Z,Alpharetta,Florida,Latvia,-51.6595,17.9269,villa,caritas,stabilis,ars,comburo,coniuratio,spiritus,125,167.78652269717523,92,alii,3,0,2,false,0.07990393116386607,2025-10-10T11:55:45.056Z,Conroy Group,true
06c1027c-f65f-4733-8348-0f63042065ac,2024-07-13T01:05:17.386Z,Pittsburgh,New Mexico,Kiribati,59.8123,-72.6864,omnis,despecto,vir,tenax,arbor,laborum,celer,49,173.06020682809717,68,suadeo,2,0,4,true,0.039554438327791736,2018-06-11T02:56:32.939Z,Koss LLC,true
067025f9-c2df-460c-9a1e-dba3f703fee3,2022-11-22T09:45:27.439Z,Lake Ryleyworth,Virginia,Switzerland,71.4162,107.6019,absque,valens,terebro,bis,audacia,viscus,defaeco,23,60.58286408917595,72,paens,6,2,3,false,0.05836127137616867,2022-02-15T01:52:57.820Z,"Funk, Hauck and Franecki",false
7455b7da-1469-478b-b333-90fc35e60b4f,2021-02-24T06:30:36.669Z,North Isaiasstad,New Jersey,Lithuania,-15.2793,122.3744,solutio,sollicito,cupressus,adhaero,asporto,conduco,cogito,43,24.966163724545957,62,tego,5,2,1,true,0.1949868540938202,2021-12-25T09:33:15.877Z,"Lemke, Dibbert and Thompson",true
26fa7bca-f045-441c-a88d-62c0f254a141,2024-02-11T16:09:51.516Z,Monahanboro,Florida,United Kingdom,-14.2541,177.2367,tantum,correptius,illo,contigo,deprecator,tot,virtus,122,230.33742314618883,70,cur,3,0,3,false,0.2205008615017998,2025-03-25T15:10:26.128Z,Orn - Bauch,false
2d749578-b20e-46dd-b2c9-d2009a25206f,2020-04-15T08:48:24.912Z,Tarabury,Florida,Jordan,65.0154,-106.0816,viduo,deprecator,velut,cibo,arcesso,tactus,totus,45,120.4070590878064,69,amo,6,2,2,true,0.11200935590352357,2019-07-03T17:07:31.723Z,Jenkins Group,false
6139727f-e296-4bb6-916a-a32a7ecdd4f3,2018-08-25T09:17:12.427Z,San Luis Obispo,Missouri,Congo,25.1431,165.1248,desparatus,quasi,cur,trado,concido,bene,absorbeo,121,120.72958799326337,20,solutio,6,0,5,false,0.026399744416314985,2019-01-01T06:37:26.453Z,"Stiedemann, Dickinson and Schaefer",true
f46966b6-e019-42bf-92dc-33d0234391e5,2025-05-17T12:33:20.619Z,West Jermeyhaven,North Dakota,Faroe Islands,67.8588,7.3207,cruciamentum,congregatio,solitudo,curia,beneficium,amicitia,atavus,102,17.305108748298572,41,deleniti,3,1,3,false,0.08395956003276295,2019-10-29T16:53:30.499Z,"Balistreri, Emmerich and Kutch",true
b35ba1bb-efd4-43b8-9e93-024b959fb1df,2022-12-26T17:31:29.985Z,Johnstonbury,Oklahoma,El Salvador,-41.311,-29.0038,cui,sint,dicta,comprehendo,arx,cogito,agnitio,122,18.150540857288064,94,armarium,0,2,5,false,0.0005857501164455714,2019-09-14T21:26:45.119Z,"Wiza, Gusikowski and Stokes",false
5a271763-0fc1-49b3-9c64-9c704996c40a,2024-06-27T17:57:09.327Z,Wyoming,Vermont,United States Minor Outlying Islands,83.9536,-139.299,illum,absconditus,officia,ciminatio,vix,depereo,temperantia,62,217.3064268019731,44,teneo,5,0,3,false,0.23426043391289691,2024-09-26T07:34:33.053Z,Rohan - Sipes,false
63c7bacc-66b7-4c38-82a5-1454deefd33e,2023-10-09T08:41:29.056Z,Pleasanton,Wyoming,Mali,-87.3368,123.502,alii,adversus,caecus,tribuo,tenus,xiphias,attero,74,90.25849453285497,39,necessitatibus,1,0,1,true,0.16364277284386405,2025-03-12T07:06:58.206Z,"Pfeffer, Jerde and Cassin",false
a2bc7cf2-8982-475c-bf22-7c6364eeb9d3,2025-12-22T07:21:00.942Z,Morarburgh,Oregon,Madagascar,59.1824,-169.5637,correptius,colligo,cultellus,bos,summopere,dignissimos,coepi,36,77.27606557264275,71,articulus,0,2,3,true,0.05160099031055035,2018-04-06T02:41:17.781Z,Predovic - Huels,true
1aea5bdf-e4f2-4d1b-8f86-12da6ef96473,2019-09-10T15:09:39.889Z,Volkmanport,Delaware,Marshall Islands,-64.8456,-172.6729,suffragium,vulariter,abduco,sursum,vulnero,comprehendo,vitae,129,210.46345374396836,60,alo,0,2,1,false,0.13442506021027062,2025-09-04T18:39:43.037Z,"Rempel, Zulauf and Denesik",false
885635fb-9eef-4955-9f68-d8f2563caa78,2020-03-06T13:28:12.816Z,Bellafield,South Dakota,Luxembourg,67.701,-15.6326,vacuus,utpote,vilis,stipes,antepono,vinum,comis,47,24.212387212356123,25,admoneo,3,2,5,true,0.05580742493963792,2018-02-01T13:47:39.179Z,"Quitzon, Satterfield and Metz",true
0d3a5df1-abb7-4aef-af63-830498d72162,2025-11-07T03:43:33.772Z,Lake Orrinton,West Virginia,Barbados,5.2914,172.4126,confido,cenaculum,acceptus,minus,degero,conspergo,aperte,98,148.76218203816578,98,crapula,0,2,2,true,0.12958269196170363,2018-11-18T08:42:02.544Z,"Feest, Quigley and White",true
9e242327-e976-4e55-a821-8573ebf12518,2021-07-06T00:23:04.727Z,Country Club,Wisconsin,Tuvalu,-81.9009,-128.8859,magni,aut,et,repellat,traho,sumo,vinum,117,174.99627993478776,59,error,4,2,4,true,0.18863309376188797,2019-12-28T13:34:28.607Z,Tremblay LLC,true
a25e8be4-8bea-464b-8d79-17a9e8f668c9,2024-02-19T06:04:10.406Z,Dachworth,Maine,Turks and Caicos Islands,11.588,-159.986,villa,damnatio,coepi,approbo,cotidie,vaco,strues,73,100.82943207225892,70,villa,0,1,3,false,0.035816478582126,2021-11-23T02:22:15.287Z,Hills Inc,true
cd821c7b-a02d-4f61-9f71-dbaf9595765b,2024-03-18T08:58:37.438Z,Port Terrill,Iowa,Western Sahara,49.7125,-35.2207,coruscus,ver,aequitas,brevis,bibo,cogo,delectus,61,25.161518962651527,28,voluptas,6,0,3,true,0.16155761215308437,2021-08-19T00:10:36.488Z,Jast - Bergstrom,true
abeaaf5a-4f2a-4fd7-bf59-31ce7162ac23,2024-05-15T21:39:48.081Z,New Samsonside,Wyoming,Trinidad and Tobago,45.3806,170.4806,trepide,canis,clarus,sui,vilis,paens,hic,120,131.20654844757658,28,voluptas,0,2,4,true,0.10117766571112571,2023-04-11T15:20:03.047Z,Bayer - Hammes,true
4c7c3dd4-f2a2-45ce-a71b-f48e746119ec,2024-02-19T06:34:19.428Z,Fort Jarod,Nebraska,Guatemala,33.6565,31.2653,subnecto,cupio,calamitas,crinis,conduco,velit,cultellus,67,38.778565663103535,46,cavus,0,1,4,false,0.07492767066251352,2024-03-09T14:03:57.714Z,"Jenkins, Kreiger and Cronin",false
96fa0cfb-9ab3-4f1a-8e3a-582760c34f32,2025-09-11T09:46:41.204Z,North Josh,South Carolina,Japan,-78.5892,-87.5946,summopere,speciosus,suscipit,ars,auditor,placeat,cognomen,70,40.31666825731896,48,balbus,2,0,3,true,0.18233349020367315,2019-05-16T00:18:55.736Z,Gusikowski Inc,false
42b2da26-3a33-43ec-8be4-f31384e8a380,2018-12-24T14:32:54.919Z,West Bridiebury,New York,Belgium,-53.0777,36.943,campana,decet,hic,ipsam,complectus,comedo,blanditiis,96,64.74857710619963,100,speculum,2,2,3,true,0.1133592432270589,2019-10-05T08:17:23.969Z,Schaefer - Koch,false
360c9284-1cd8-4dd9-9aa2-6c8a140ca9ce,2024-02-08T17:08:59.537Z,Funkshire,Oregon,Saint Helena,17.221,-175.5488,compello,cupressus,acerbitas,balbus,desipio,vorax,quas,124,13.628570161308078,21,harum,4,2,1,true,0.15836739962821755,2024-09-15T19:32:39.433Z,"Herman, Nicolas and Boyer",true
60838f7a-c245-4a2d-b132-aed4bafe55e5,2023-12-03T10:13:25.943Z,Haleymouth,Oklahoma,Philippines,79.6906,51.4767,agnitio,tenus,centum,vito,paens,appono,validus,101,169.18013197032997,28,cogito,5,1,5,true,0.15478893205985766,2020-01-25T18:25:07.219Z,Kerluke Inc,false
7fd402d6-f408-47a0-9f4e-68d5e79a5212,2018-04-28T22:18:15.496Z,Port Romaborough,Utah,Jamaica,-33.0967,160.6781,labore,alioqui,arto,thymbra,theatrum,solio,cuius,109,86.48972008565454,94,ventus,6,2,5,true,0.02102539223897676,2023-10-07T07:29:36.328Z,Ratke LLC,true
8b4c0c6e-6404-48e7-91d0-d39f5554cc98,2020-10-16T03:35:05.972Z,Fort Petercester,Wyoming,South Africa,-61.568,-152.8742,cubicularis,dicta,testimonium,terror,canonicus,somniculosus,temptatio,23,193.62558848781956,39,trans,5,2,2,false,0.08681476320535145,2020-10-10T02:44:13.329Z,"Lubowitz, Torphy and Ziemann",false
1cdcf23e-6b26-4dd8-b5ef-d1892ac411cf,2024-05-14T15:37:32.214Z,Fort Sibyl,Louisiana,United Arab Emirates,-15.2479,-122.3275,aeternus,cotidie,vomica,vae,vapulus,civis,et,33,48.826282368325884,20,trucido,1,0,1,true,0.018308081245052288,2018-05-13T17:55:24.036Z,Beatty Inc,false
8d5a12b3-8f65-4d45-946b-d78aa8fc9607,2020-04-21T01:47:26.872Z,Ryderland,Hawaii,Kyrgyz Republic,-9.0288,-18.4978,beneficium,aveho,apto,peccatus,adaugeo,compono,deprimo,68,144.28078199855116,79,vicinus,3,0,3,true,0.07826940950824127,2025-12-18T02:52:17.522Z,Collins Group,false
d2b0046e-cfd6-4dc6-98b4-9e732eb80b73,2023-07-07T04:41:35.076Z,Fort Dariusstead,North Dakota,Norway,31.5897,-69.0842,defessus,titulus,vulgivagus,acerbitas,omnis,suasoria,utique,47,229.08652672452354,87,vivo,6,2,5,false,0.0481188877748662,2018-06-12T04:42:09.360Z,Ryan - Graham,false
41a3bfe6-3abc-4a16-840a-3707ee7930d8,2021-08-16T18:12:37.584Z,Tuscaloosa,Florida,Singapore,-84.319,129.1304,paulatim,beatae,arca,administratio,dapifer,denuo,caelestis,23,53.57310753786018,53,vigor,6,1,2,false,0.05297358064300062,2021-05-03T07:43:00.270Z,Gleichner Inc,true
17a53164-81b3-4ad1-8e86-c82efa604964,2022-03-30T17:23:09.825Z,Myahstead,South Dakota,Philippines,65.3993,94.1036,tutamen,volva,contabesco,arbitro,ver,thesaurus,terra,73,208.27112494225307,39,carbo,6,2,1,false,0.09132491690155711,2021-01-23T18:18:58.543Z,Marks - Wisozk,true
1286c05c-dbcf-4136-b0de-b870ad380470,2025-11-14T19:39:24.843Z,Lake Jadyn,Mississippi,French Polynesia,-60.2573,-33.7136,cubo,amissio,bellicus,cunctatio,comminor,amo,vespillo,117,117.22141696911729,81,laudantium,1,1,3,true,0.19563915510251725,2018-11-10T10:49:34.823Z,Boyle - Jacobson,false
ea6540a9-09ba-44c8-9fcc-902db6ece9c3,2019-11-03T14:06:56.708Z,Camrynstad,Colorado,Saint Lucia,43.9096,-170.9647,terminatio,corroboro,delectus,textilis,defessus,acerbitas,summa,27,118.45191077516233,18,vehemens,6,0,2,false,0.19184749899604403,2023-06-03T08:07:10.765Z,"Witting, Treutel and Trantow",true
a33ba6fb-ed46-4e63-afe1-3ab869b1b133,2019-07-22T21:02:35.439Z,South Mariano,New Mexico,Honduras,14.1319,-39.009,talis,utilis,aedificium,audio,sono,cursim,causa,114,82.54539560704734,50,ante,4,1,3,true,0.1765149690430857,2021-05-03T14:12:10.028Z,Roberts Group,false
f21ed914-bc8f-40be-8500-7f3dd6ee2025,2023-03-31T21:34:13.033Z,Canton,Oregon,Marshall Islands,-46.7867,153.7868,adficio,ipsum,cattus,tendo,comprehendo,compono,quis,102,209.27260748764178,73,conspergo,5,2,5,false,0.2448997644276322,2021-11-15T06:01:59.740Z,Zulauf Group,true
02454fdd-814c-41a6-8967-606a92eff759,2025-09-14T09:14:31.228Z,Lafayette,Hawaii,Canada,37.5607,106.5658,curtus,tabernus,totus,corrupti,ustulo,delectus,aggredior,75,161.78481365141744,81,facere,5,2,1,true,0.06303628777324632,2021-02-22T08:23:07.015Z,"Considine, Jaskolski and Simonis",true
d1600508-6253-4877-a8ac-d8a76e759909,2025-08-10T14:21:23.440Z,Flint,Pennsylvania,Sweden,19.9436,106.4277,pecco,sequi,capillus,truculenter,cilicium,solitudo,arma,108,228.11157785033797,80,tredecim,0,0,4,false,0.23646807868993358,2018-02-11T20:23:06.643Z,Emard Inc,true
c094034e-f03f-42c4-8e27-c1e2bbf1a874,2025-04-16T12:19:10.225Z,New Jarodstead,Michigan,Dominican Republic,-50.7886,83.8682,mollitia,vigilo,aegrotatio,viriliter,vesica,atrox,minus,88,100.70172756532787,90,thymum,5,1,1,true,0.1463365937466198,2023-02-11T01:11:05.803Z,"Kertzmann, Herzog and Lind",false
b0d80d66-b6c8-4217-bc75-5a4b5db9515f,2024-05-07T02:41:46.741Z,Jonesshire,Arizona,Kazakhstan,42.4644,112.2224,suggero,tantillus,vinitor,sollers,abeo,solium,patior,26,162.6949956509716,74,animi,0,2,1,true,0.13903434124936542,2022-10-04T19:20:03.795Z,Walker LLC,true
827515d6-4987-4120-b92b-e2d8d0cc523a,2018-03-19T04:10:51.542Z,Renton,Hawaii,Oman,-1.3689,86.4486,temporibus,verecundia,comes,beatae,timor,tenax,minima,124,195.71296225647342,98,natus,1,1,5,false,0.11915225166214638,2020-08-05T11:06:31.265Z,"Fay, Schumm and Simonis",false
a1cd550d-2040-461a-ac01-94f4ed3b9739,2020-11-11T20:30:15.135Z,Jovanyboro,New Jersey,Gibraltar,47.2984,-122.0107,cum,calamitas,temperantia,corrupti,magnam,accusantium,minus,108,231.51542562269657,42,quibusdam,1,2,4,false,0.010320469581769492,2023-04-24T07:42:53.050Z,Tromp - Rohan,true
06456197-a3bc-4911-9498-fa398942c468,2019-02-18T22:36:06.325Z,Beauhaven,Kansas,Japan,-8.5543,61.0224,tracto,ipsum,sunt,ulterius,porro,thalassinus,acervus,61,121.4728806580402,34,praesentium,6,1,1,true,0.1515340588710567,2020-11-25T22:16:16.150Z,Quigley - Rosenbaum,false
9b7913dd-715c-4e7d-82a6-0d08b557c5a9,2019-04-21T23:09:22.590Z,La Crosse,Illinois,Greece,76.5477,38.4349,vilis,ait,texo,vitium,dignissimos,odio,chirographum,35,124.14374096393311,30,vorax,2,1,4,false,0.2199346990386945,2019-08-05T08:23:26.660Z,Kuhlman - Okuneva,false
de7083e0-0b76-4dd1-ac04-bc26c293fa4c,2022-04-17T13:39:32.063Z,East Tad,Virginia,Guadeloupe,-26.9893,-158.2257,iusto,carcer,curto,somnus,cogito,tot,dicta,117,33.26606262421152,32,cattus,6,2,2,false,0.04911186569884746,2022-11-27T23:56:32.313Z,Mayer - Yost,true
9333c8d8-0e80-47ea-ae23-36fef435d4cb,2021-10-12T07:20:27.219Z,Rancho Cordova,New Hampshire,France,35.237,-99.8277,armarium,peccatus,caelestis,spiculum,velit,vester,subiungo,31,83.43056124521776,40,viduo,4,2,1,true,0.20601375062147528,2024-04-05T09:53:16.670Z,Zulauf - Murazik,true
ee796e87-2397-42e1-9841-4afae692a00d,2019-10-21T23:30:15.008Z,Boise City,Vermont,Brunei Darussalam,81.4731,29.7031,viridis,sollers,cupiditate,villa,barba,aveho,cognomen,103,208.58624051254913,54,ventosus,6,1,5,true,0.02582761152030974,2022-04-14T07:08:47.230Z,Barton Inc,false
7f331968-57c4-436c-989b-808d3e9d1d3d,2021-07-04T00:59:53.535Z,South Hubert,Hawaii,Jersey,-50.1727,128.2037,tot,tersus,tui,amaritudo,tertius,cibus,deprecator,81,145.45538911825503,88,dignissimos,3,2,5,false,0.19169336621568908,2023-05-02T12:01:29.887Z,"Schoen, Schuster and Watsica",false
d4a89b58-f907-4fa5-b9eb-086c33dfd183,2022-03-27T05:15:44.427Z,Chandler,Maryland,Guatemala,47.2524,-138.2919,sordeo,cernuus,sufficio,caste,coerceo,volup,crur,78,235.55677757463087,73,vobis,4,0,5,true,0.24356041218685465,2020-11-14T21:19:27.671Z,"Mills, Casper and Herzog",false
3f7a5a91-ed8e-4667-9009-46c7d286b4a3,2023-07-26T15:18:09.470Z,Baileymouth,Wyoming,Iraq,31.289,170.5788,amet,uberrime,validus,capitulus,eveniet,officia,tracto,88,67.31250335062403,21,volutabrum,0,1,3,true,0.2455258616826751,2020-05-03T21:48:03.604Z,Huels Inc,false
e9cb42dc-a0fc-4949-896f-efcb3f6e8555,2022-02-11T08:30:40.139Z,Jaydeworth,West Virginia,Turkmenistan,33.3481,7.9814,ipsum,velut,thema,impedit,decet,vomito,delectatio,107,149.27543103782222,82,vox,2,2,2,false,0.0703812869546829,2018-03-14T08:35:00.051Z,"Kuphal, Hayes and Weber",false
f22f2d85-6bad-4aa2-af51-7f44f382b5b0,2021-01-03T08:47:08.601Z,Redwood City,Tennessee,Nepal,-76.4014,142.6889,attero,tamquam,atque,tenus,soluta,aetas,caecus,113,227.2571689275385,49,suffoco,6,0,4,true,0.03584858904810104,2019-07-24T03:26:12.665Z,"McCullough, Trantow and Bosco",false
5e3322e9-8af1-411d-b3a3-724b1ffb6d0b,2024-06-14T11:41:01.030Z,East Stewartberg,Washington,British Indian Ocean Territory (Chagos Archipelago),73.6505,165.5668,confero,tremo,adhaero,comes,defessus,abstergo,creptio,44,2.922937557993759,93,tres,3,0,4,false,0.12709873590024762,2018-07-07T00:47:33.615Z,Jenkins - Langworth,false
1cd1ce22-1896-4b33-8f6f-dcd279b65a04,2018-01-03T01:10:52.731Z,Bayleeborough,South Carolina,Bermuda,-15.9793,-116.6651,inflammatio,deporto,odio,ago,cognomen,abstergo,degusto,21,10.404985911271956,86,nam,3,2,4,false,0.021546742450354844,2019-09-10T15:19:29.471Z,Beier - Runolfsdottir,false
2109298f-9990-424e-8743-2ec5678b7a43,2018-09-24T05:14:27.540Z,Fort Britneyside,Texas,Micronesia,53.1668,123.0844,stella,suffragium,peccatus,tondeo,aduro,modi,tactus,64,139.9483474621015,56,celer,3,1,1,false,0.1938734068201193,2020-08-06T09:34:50.798Z,Hand Group,false
66d5cc5d-ea3b-4bb5-832d-4ecc69b3428a,2022-04-01T00:21:33.322Z,Arvidville,Florida,Bolivia,-18.9682,-71.7611,advenio,suppono,vicissitudo,thorax,barba,vorax,ullus,80,111.48969045441267,90,utor,0,1,5,false,0.13030738115548102,2024-06-16T15:56:53.180Z,Lind - Roberts,true
f68e19f4-bb04-499e-8bd4-19a29e99f545,2018-12-01T02:56:20.571Z,Hermistonshire,Montana,Cook Islands,-64.4136,-163.255,tenus,fugit,accedo,cupiditas,vestigium,tantillus,vomito,109,149.9683621686939,84,eligendi,6,2,5,true,0.1636480932843206,2019-04-19T15:18:43.083Z,Hickle - Pfeffer,false
4d568bfe-4249-40e8-929c-ad4dccbd07ca,2024-01-28T00:01:43.416Z,East Urban,New Hampshire,Albania,21.7937,102.8367,bene,aeger,currus,corpus,comedo,aqua,voluptate,85,221.60932429327104,47,compono,0,0,5,true,0.1607869001011456,2018-06-17T14:55:14.700Z,Murray - Ferry,false
c4c4a759-e565-4db8-8cca-309a1a54363e,2025-07-17T08:48:54.354Z,Georgianafurt,Florida,Algeria,-36.9825,130.8914,theca,cognomen,vinculum,cruentus,solutio,thermae,totam,122,217.005895738407,74,admoveo,2,2,2,false,0.22052141321707514,2018-10-27T22:05:44.954Z,Hirthe - Strosin,true
7cb078fb-3c5f-4b15-a60a-0ca6f6b5d07e,2019-02-22T15:27:40.435Z,Newark,Louisiana,Switzerland,-42.0867,58.0958,civitas,vulnero,voluptatem,conventus,attollo,agnosco,deserunt,44,57.22588042224638,94,annus,2,2,1,true,0.187749689504094,2024-05-31T12:57:14.805Z,Ebert Group,true
e73b7171-7b28-4911-b5ea-2eb678072623,2025-12-24T03:52:52.173Z,Ambroseville,South Carolina,Republic of Korea,60.8005,-120.1218,vis,adhuc,cupiditas,ullus,spoliatio,amor,neque,29,157.66850813062638,51,vicinus,1,2,5,false,0.1678774527448636,2022-04-03T12:20:06.526Z,Casper Inc,true
db3ffc3a-5edd-4e3d-8866-bf676768f88d,2022-09-03T10:56:37.035Z,Sandy,Alaska,Taiwan,-16.4269,-29.382,ventito,cupiditate,quisquam,mollitia,arguo,bos,aedificium,118,122.08314171963315,49,abutor,5,2,2,false,0.20398256142656293,2019-11-28T01:13:18.547Z,Becker - Luettgen,false
a457b977-4a9f-471e-a021-a2b9fba62737,2023-10-27T10:57:30.151Z,Lake Gianni,Illinois,Djibouti,-17.8431,-68.1353,civitas,exercitationem,crux,ipsa,ademptio,degusto,deleo,39,13.332386407726986,47,aetas,5,2,3,false,0.14009486905157284,2022-11-03T01:43:10.874Z,Shanahan Inc,false
65379684-7566-4279-b7e3-1739d9245bf7,2021-09-15T03:50:19.707Z,West Cletusmouth,North Dakota,Malaysia,75.668,-72.968,universe,volutabrum,quas,depulso,trepide,compono,adficio,77,94.92453168862794,73,suasoria,2,0,2,false,0.14472519030285494,2018-04-18T18:29:14.008Z,Walsh Group,true
ef4d7bb8-c951-482a-ba08-3d94c3d7333c,2019-06-28T15:04:53.399Z,East Benedict,Connecticut,Jersey,-27.2646,0.406,curatio,ara,communis,distinctio,vomica,sono,accusator,52,193.951294214466,36,dignissimos,0,1,3,false,0.1846197939571863,2022-09-02T14:11:28.846Z,Yost - Cronin,true
9443a655-50b8-4627-b923-3d3c1ce1a4a6,2020-03-11T01:05:13.338Z,West Cristinaburgh,Maine,Slovakia,28.211,136.658,sordeo,delectus,vitium,angelus,amplitudo,recusandae,capio,115,3.9209801377967857,74,somniculosus,5,2,4,true,0.03128982853196269,2020-10-04T15:10:12.884Z,Purdy - Murazik,true
1d57b215-229a-4671-88e6-6b6c2e3ca8e6,2023-05-13T02:16:52.872Z,Lake Hermannburgh,Hawaii,Suriname,-45.7464,-154.0801,spargo,quaerat,balbus,audentia,iusto,antiquus,cras,94,202.43697858127504,56,denuncio,5,1,3,false,0.08930454836572504,2018-01-08T17:32:16.249Z,Mohr LLC,false
1bfa97be-3f1e-4476-ad89-a57191e606fb,2019-05-24T12:51:07.241Z,West Horacio,New Hampshire,Singapore,-44.0565,-51.7361,solium,admoveo,ubi,spes,annus,cedo,magnam,83,196.10675995236414,30,uredo,6,1,5,true,0.009642509869235233,2018-03-31T14:16:57.485Z,"Bradtke, Collier and Nienow",true
3780a5e6-2942-4326-b46d-619196a79bc8,2018-02-20T10:14:10.254Z,East Anastacioville,Florida,Anguilla,-14.7799,137.1635,surculus,cubitum,cervus,cimentarius,utrimque,creta,vulgus,89,219.76186419371567,66,succedo,0,1,2,false,0.24159457588817926,2025-12-18T08:33:11.511Z,Spencer - Quigley,false
b0c207ce-5ab7-4543-8ebe-32aa3920e622,2023-01-09T08:02:25.961Z,Fort Lilyan,Washington,Syrian Arab Republic,-30.9728,-59.2389,quisquam,curia,maiores,crebro,sit,aranea,aliquam,130,169.4070419145667,23,uxor,1,1,4,false,0.2248915349336182,2024-09-24T02:55:30.111Z,Bradtke Inc,true
f015a404-0739-4c29-8120-c641d39cf263,2024-05-22T09:56:58.068Z,Palm Coast,New Jersey,Latvia,-83.4681,-124.0147,stips,verbera,condico,occaecati,confugo,calcar,vomito,108,167.68508683478802,17,velut,4,2,2,true,0.07865916880814916,2020-09-15T06:30:14.672Z,"White, Fay and Jacobi",true
4e6b7a09-6610-4818-a963-3f7f3aa3212e,2025-02-14T11:13:51.182Z,South Anneshire,Illinois,Niger,54.7948,-173.9725,summopere,tolero,terror,aequus,sum,carpo,vinum,114,192.76764001474976,56,amor,0,2,4,false,0.03897819516574616,2021-12-24T13:59:33.613Z,"Bins, Spencer and Dietrich",false
055d6d39-3110-4f09-af82-ae882e5831fc,2023-06-17T17:36:52.431Z,Bend,South Carolina,Lebanon,7.5414,38.391,correptius,acsi,ut,cariosus,stabilis,usitas,corporis,114,174.49401375005004,78,sunt,0,0,5,false,0.0368619346481627,2019-06-30T08:55:29.569Z,Jenkins LLC,true
d8a03dab-47bf-489a-b6ee-3f6ccdb95261,2018-10-31T12:02:58.276Z,North Kyleighville,Kentucky,Republic of Korea,16.4817,178.5873,talis,thymbra,thesaurus,impedit,timor,dolorem,desparatus,125,20.557100618289546,73,ullus,2,1,3,true,0.15587836621554274,2025-03-19T01:27:52.882Z,"Pfannerstill, Reichert and Labadie",false
7034717a-d3ab-4b58-85d9-b59947b907f7,2025-10-07T02:12:35.648Z,Buckridgechester,Tennessee,Mayotte,56.0539,-75.1236,adstringo,clamo,tondeo,spectaculum,civis,pecco,summopere,116,155.39672375013328,69,callide,0,1,3,false,0.125998198840051,2020-02-26T03:22:23.186Z,Feil and Sons,true
dfdd9b38-c482-4a90-9f9a-118258d1032f,2021-05-15T12:42:15.567Z,Adalbertochester,North Dakota,Cocos (Keeling) Islands,-6.9796,-75.5907,valde,subnecto,ver,viridis,thorax,saepe,cumque,85,104.99651809451308,80,cubicularis,4,1,2,false,0.11480916194198362,2019-07-29T06:17:10.772Z,Hamill - Schiller,true
21ddbf04-4415-4307-8707-7732b338dc9f,2022-03-03T09:59:06.629Z,Kendall,Connecticut,Hungary,53.5334,20.0183,victoria,umbra,templum,nostrum,canonicus,verbum,urbanus,71,44.451091201342635,86,curriculum,5,0,3,true,0.20317391631831272,2020-07-04T18:07:52.859Z,"Bayer, Robel and Zieme",true
17229440-55dd-4fe3-8473-02582921304b,2025-05-12T07:16:08.019Z,New Alainafield,Rhode Island,New Caledonia,-30.2983,13.2014,dignissimos,velut,sint,arto,quis,defleo,cuius,50,111.72189629348894,32,vulgo,6,2,2,true,0.050128173067811144,2023-05-23T22:09:34.366Z,Cummings Group,false
fc9d361e-795b-42b2-8ce5-07032ba6bc69,2024-02-21T16:35:05.172Z,Korbinburgh,Minnesota,Eritrea,62.245,52.3961,coma,crapula,audeo,crinis,vis,tardus,hic,113,55.54331543274894,37,quisquam,5,0,4,true,0.21265858417155575,2022-09-29T07:52:29.956Z,"Reichel, Upton and Bartell",false
7b93b21a-cd21-4341-b14e-9f2e291420ac,2021-09-17T12:23:25.915Z,Riverton,Florida,Kyrgyz Republic,7.7379,49.7807,sui,calcar,verus,solio,despecto,arma,color,128,137.123151757524,77,adsuesco,1,0,5,true,0.15517396193893349,2022-10-28T13:59:55.241Z,Langworth - Walter,true
4f62d3dc-5f10-4b70-b6fa-4baf15f9db00,2023-04-22T01:23:20.768Z,Fort Bryonhaven,Kansas,Equatorial Guinea,63.1941,108.7698,vinum,tertius,undique,titulus,arguo,tandem,valens,26,37.2305446507838,31,ars,2,0,1,false,0.06647753455053429,2024-05-03T21:20:05.387Z,"Hermiston, Larkin and Wolff",false