accident_id,incident_datetime,city,state,country,latitude,longitude,road_name,road_type,intersection_type,accident_type,weather_condition,road_condition,light_condition,speed_limit,actual_speed_kph,driver_age,driver_gender,casualties,fatalities,vehicles_involved,alcohol_influence,blood_alcohol_level,weather_reported_at,reporting_department,pedestrian_involved
ecde3012-6937-48ca-9bcb-cb008335b725,2023-11-25T20:35:10.698Z,Swaniawskiport,Arkansas,French Polynesia,89.7745,-96.8155,vulgo,aveho,aliquid,condico,video,tego,vis,121,178.92507185706293,17,debilito,4,1,4,true,0.10916120151703781,2025-12-12T00:49:14.802Z,"Kirlin, Boyle and Green",false
8cf19565-ab65-4396-8525-ebb06b681b73,2021-04-28T20:52:24.346Z,Binsfield,Vermont,China,50.9187,-141.0978,provident,vado,clarus,ademptio,cubo,certus,tui,23,183.668169292367,64,pax,3,1,4,false,0.15695565468480355,2022-04-29T14:56:45.099Z,Treutel Group,false
c86c4bf6-ef4f-475b-a198-2d0657da0e88,2024-10-28T20:23:42.440Z,Carterfort,South Carolina,Belgium,-64.5472,-101.1684,coruscus,ipsum,alveus,delego,alius,ventito,deripio,48,36.81444747532062,64,sodalitas,4,1,4,false,0.2359872124714055,2025-01-25T17:15:36.685Z,"Purdy, Franey and Schumm",false
d2047419-9a8b-4171-a960-68a5c23076db,2022-01-03T14:21:41.609Z,Fort Omer,North Carolina,Burkina Faso,34.3519,-59.8241,tabella,denuncio,conduco,pecus,vestrum,conor,dicta,50,206.76338415515028,66,collum,5,1,4,false,0.013925084724598857,2018-10-01T22:33:31.021Z,Witting - Hane,true
f5009607-63ad-4c22-992f-f00071ba9c9c,2022-04-08T17:43:02.526Z,Waco,Delaware,Cayman Islands,-77.4141,124.65,calamitas,surgo,adipiscor,vigilo,coerceo,copia,vox,39,96.03600626475861,99,suggero,6,0,1,true,0.07556412546375527,2025-08-17T01:28:48.407Z,Batz - Erdman,false
343b2afc-312c-4d14-91a8-edea180557b1,2020-06-30T05:53:10.130Z,South Arely,New Jersey,Benin,57.9754,27.8463,cupressus,conturbo,volubilis,deludo,benevolentia,trado,vicissitudo,58,108.62426225374813,63,paulatim,1,1,1,true,0.13866534569257047,2023-09-01T01:51:20.995Z,Casper - Labadie,true
3c989345-4398-420f-b49a-726da7e6bc80,2024-12-24T20:54:18.766Z,North Gerson,Oregon,Dominican Republic,-8.9214,-24.7595,aestus,mollitia,error,ulciscor,et,vicissitudo,error,112,40.181163395939585,44,adulatio,4,2,2,true,0.007675884641372477,2021-05-22T04:24:26.056Z,"Roberts, Kihn and Veum",false
bf53b931-b8c4-4444-b74d-43fe55557c79,2023-09-06T01:36:59.878Z,East Chesterview,Kentucky,Saint Martin,58.5835,14.3955,vomito,tendo,vel,cunabula,aperiam,adaugeo,autem,107,48.97624581503543,72,amiculum,0,0,3,true,0.15672273324234742,2018-01-26T09:48:10.090Z,Kilback LLC,false
eb92547e-a5ab-496b-b207-d5c4e2812906,2018-12-19T13:41:06.575Z,Jackelineborough,Florida,Bahrain,-64.1131,-175.4415,debitis,tenus,bibo,acies,varietas,cenaculum,suggero,22,31.449018987353963,64,constans,6,0,1,false,0.07490913795766055,2022-05-16T07:04:35.444Z,Abbott - Buckridge,true
bfa8b0e8-f938-4001-a9c5-55ad5c392b9d,2025-01-16T23:51:54.955Z,Conway,New Hampshire,Monaco,-22.3977,150.5844,dolorum,ancilla,paulatim,veritatis,confero,conspergo,velociter,113,51.592584180634795,27,asperiores,6,0,5,true,0.2260995708233199,2024-09-09T19:13:18.960Z,"Schneider, Hayes and Hermann",true
7d6d178b-ae7d-4e48-ad7c-c1a0e67416f3,2021-03-01T19:35:00.522Z,Bend,Massachusetts,Guatemala,66.2582,-29.2009,supra,aegre,acervus,defaeco,accusamus,subnecto,auctor,42,146.53158404268382,94,comis,6,1,2,false,0.23570940111818806,2020-10-05T07:17:21.713Z,Block - Wilderman,true
57d6fc71-f86a-4c6b-8a82-772d2d965905,2024-12-25T19:11:28.563Z,Brentwood,New Mexico,Falkland Islands (Malvinas),44.9695,-53.0399,paulatim,currus,sperno,audentia,clarus,dedico,amicitia,104,130.87559733788703,23,repellendus,4,2,2,true,0.06912069164558363,2023-08-25T13:11:35.958Z,Halvorson - Cartwright,false
271573fc-304f-47ed-ac65-bc1cfb620350,2021-05-21T03:19:22.193Z,Kadinview,Delaware,Bolivia,-42.79,-45.6661,deputo,tamquam,vitiosus,cognomen,omnis,torrens,depraedor,50,72.02217890478016,55,dolorem,0,1,3,false,0.03232440118156746,2020-01-22T13:07:49.101Z,"Trantow, Schneider and Cummerata",false
5576e00f-3f5c-42f4-9079-29fa53587a22,2021-07-09T20:40:58.752Z,Marielleworth,Indiana,Philippines,35.4356,172.1654,damnatio,verus,inflammatio,tum,agnosco,conventus,cupiditate,82,4.59861853203182,61,tabgo,4,2,2,false,0.1594595136159686,2021-12-08T14:32:24.936Z,"Greenholt, Little and Nolan",false
a7616877-ac5e-4ece-92d7-5c4c496f27b2,2020-03-21T17:38:25.109Z,Nashua,South Dakota,Greece,78.2902,-27.2972,trado,vicinus,umerus,sequi,spes,astrum,animus,23,220.33899690233355,41,contra,5,2,5,true,0.10055620811722135,2023-08-02T05:14:02.954Z,Stokes and Sons,false
0456f917-e65b-40c3-86e8-1518379a947f,2024-02-06T05:08:29.807Z,Bergstromton,Maryland,Vietnam,-53.5568,30.1315,bene,fugit,suspendo,caelestis,deludo,abutor,adsidue,45,131.15348030176395,71,acerbitas,0,2,1,false,0.11313617643621618,2019-05-12T19:07:40.864Z,"Moen, Metz and Armstrong",true
287b1d7c-a5cb-4656-a3b1-89200cac6325,2023-06-01T21:35:15.023Z,McLean,Louisiana,Bouvet Island,-79.6391,124.3835,verbera,vox,magni,solutio,talis,tres,compello,67,8.152813976813,89,tempus,3,0,3,true,0.060366591742127246,2022-06-09T07:18:30.095Z,Armstrong - Schuster,false
540deed2-f8dd-4737-a13f-42f5c2bd61e5,2025-05-27T00:12:26.644Z,Erynmouth,Minnesota,Puerto Rico,49.0342,-100.8773,crepusculum,solus,chirographum,atqui,contego,arbustum,a,79,98.43646956483664,30,atrocitas,5,1,4,true,0.11620580408820258,2020-08-20T15:17:57.991Z,Cormier Inc,false
9c37b444-3e9e-4708-aa0c-5f3df27083ad,2024-07-14T11:37:10.982Z,Samarachester,Arizona,Saint Martin,-83.787,143.2008,aureus,casso,sonitus,perferendis,careo,caecus,spero,62,33.58317803582107,69,amplitudo,2,2,4,true,0.19790458980757503,2021-09-06T19:47:42.156Z,"Prohaska, Lockman and Wilderman",false
5f324384-8011-4d4d-b12a-db0a2d0d0585,2024-02-04T13:02:33.690Z,Adelleburgh,Nevada,Bahamas,-16.0858,60.6158,exercitationem,somnus,umquam,amo,torrens,nam,cado,104,123.8115915662333,22,non,5,0,2,true,0.07470749848563454,2024-02-12T03:36:16.814Z,"Conroy, Rau and Metz",false
53e026e8-3c77-423e-bdb4-8653d6ea98d9,2025-05-19T03:01:31.230Z,North Estell,North Carolina,Cape Verde,-66.7049,-81.3931,deorsum,complectus,quod,adeptio,ter,terebro,bestia,26,165.41125416644118,71,thorax,6,2,3,true,0.038132794357020494,2018-05-07T01:52:58.155Z,"Bogan, Watsica and Hane",false
8607a570-4a16-4563-88ff-2e0d4c030409,2024-07-11T11:02:20.560Z,Magnuston,Montana,Vanuatu,56.7463,-41.6293,tergiversatio,cum,praesentium,ait,synagoga,cruciamentum,tametsi,41,37.75572396234175,16,agnitio,0,0,3,true,0.15735468083709647,2023-08-09T19:25:10.606Z,Vandervort Group,false
a0bfa5cf-515f-40be-946b-303aef9f021a,2019-11-16T18:29:38.705Z,Rethafort,Maryland,Bermuda,-23.0246,-142.3115,balbus,acceptus,facilis,confero,demulceo,quasi,alienus,85,189.36755901104038,25,autus,4,0,1,true,0.1736548220749025,2023-07-04T08:00:34.544Z,Koss Inc,false
2b18dc29-c923-4ac1-a751-cb2d7515d7af,2023-07-21T14:29:00.447Z,East Lucileville,Maine,Reunion,-50.9464,-128.3443,bibo,utilis,aranea,tener,alienus,cavus,admoveo,110,183.97493429712804,31,constans,5,2,1,false,0.05219299628469573,2025-09-13T20:15:47.164Z,Wilkinson Inc,false
2e9b012a-4eee-4648-8f1d-c3c537bde6f8,2024-04-04T16:52:21.621Z,Marlenview,Tennessee,Russian Federation,27.5801,-28.3754,bardus,voluptatum,vomer,sortitus,velociter,audentia,urbanus,104,61.88565178998826,16,fugiat,1,0,2,false,0.11378336163844177,2020-06-08T06:02:26.107Z,Konopelski LLC,true
3f0f822b-b77c-4391-a6e9-c0edf809ab46,2021-10-05T17:59:44.462Z,Stantonfort,New Mexico,Haiti,-5.408,5.0003,antiquus,nemo,tener,doloribus,super,thesis,timidus,102,85.12506678973021,57,viridis,3,2,5,false,0.1499330653424733,2023-03-14T17:59:28.896Z,Batz - Friesen,false
8c92aaa5-9d35-4289-9225-8d27e4973bb8,2021-02-24T21:05:44.120Z,Emardborough,Connecticut,North Macedonia,-13.7029,76.5179,thermae,aranea,curis,abduco,cohaero,cras,fuga,109,183.78859961465568,21,sodalitas,0,1,2,true,0.04920487318207897,2025-11-11T01:25:13.258Z,"Dicki, Cronin and Christiansen",true
cf0383e7-71b4-4e6c-a680-a80f2289d282,2024-03-04T08:35:06.489Z,New Cleora,Arkansas,Myanmar,81.7821,99.6282,sol,toties,coepi,reprehenderit,cohibeo,quia,totidem,41,135.58995330423105,31,viriliter,4,1,4,false,0.009974154050816836,2023-01-13T07:17:49.812Z,Luettgen and Sons,false
36cc4f64-b2a5-45da-ac87-c7b82baa4ce8,2020-09-04T09:53:02.150Z,West Chadd,Texas,Lebanon,41.8511,-76.8532,autem,caries,sursum,calculus,paulatim,templum,demens,90,206.52437852672438,37,torrens,6,1,3,true,0.09507107964804756,2018-08-19T20:22:12.184Z,Gleason Group,false
13f79c8a-2cb4-46d2-a556-8a4ce4b67246,2019-06-01T01:46:35.720Z,Fort Chris,Ohio,Palau,10.2827,-133.0242,cuius,sumptus,titulus,urbs,cupiditate,velum,aliqua,74,214.49958492726452,25,bos,5,1,2,false,0.22421248538395597,2020-02-05T01:36:00.843Z,"Cremin, West and Will",false
aea215d5-a32b-4cef-b243-749aa6e13847,2019-08-02T22:15:00.064Z,North Dovie,Pennsylvania,Seychelles,45.1754,-142.1537,allatus,turpis,sustineo,circumvenio,cunae,tersus,truculenter,92,188.80104651216493,20,dedico,4,0,4,true,0.1436580818075504,2019-05-14T10:44:29.079Z,"Parker, Heaney and Torphy",true
613719e1-54d5-4b8b-b137-4c7c515006e3,2024-09-22T20:40:48.137Z,Port Noe,Ohio,Togo,23.1016,-168.6635,sollicito,ventosus,callide,videlicet,fugit,summa,cicuta,93,8.485631483687532,70,optio,1,0,2,true,0.058424503145272394,2025-12-29T04:30:01.048Z,Ritchie - Sporer,false
868593fe-a483-47c6-83cc-4be3d85805a9,2019-01-30T21:18:14.170Z,Nanniefort,Vermont,Bulgaria,74.795,-36.5376,sunt,deserunt,spargo,defetiscor,tonsor,creta,vobis,118,70.07892362465182,86,fugiat,4,2,2,false,0.009890440006302126,2023-08-02T12:01:08.273Z,Reichel LLC,true
7e24ddb7-451a-47ae-ba01-27dc0e6316d2,2023-09-06T07:07:32.640Z,Stehrtown,Washington,Serbia,-85.5719,-5.405,coniuratio,armarium,qui,auctus,utpote,caelum,defluo,68,43.28088720464354,92,curto,1,1,2,true,0.14254323110125916,2019-10-25T07:50:41.684Z,Smith - Morar,true
bc984e26-1b26-43ff-93c2-bfc46c6e0a0e,2020-01-04T17:03:46.294Z,South Amystead,Iowa,Greece,-6.6529,174.8933,admoneo,benevolentia,conatus,vae,tergo,amet,demitto,67,114.74634207922324,99,vomica,0,1,1,false,0.06446496405056323,2022-04-10T00:05:03.371Z,Muller LLC,true
d6889f57-40df-4667-abe6-dd320192f525,2021-07-10T04:54:07.445Z,Wilkinsonborough,North Dakota,Austria,61.179,59.4219,maxime,terror,voluptatibus,barba,auditor,textus,adipiscor,116,107.93351648249113,79,delibero,4,0,3,false,0.08694991608857486,2018-10-01T09:58:26.255Z,Mann - Nitzsche,true
b0b33973-6167-4e27-ae29-ba4d640b1e0d,2018-03-25T08:24:56.448Z,Fort Giaburgh,Vermont,Mayotte,-19.5009,-9.1544,vis,defetiscor,aestivus,avaritia,administratio,ubi,sit,51,88.89226181593071,93,ascit,3,0,4,true,0.017234564410313014,2023-02-17T00:04:27.961Z,"Gulgowski, Wintheiser and Reilly",true
b1d7b243-1b47-4d3b-9916-5e42d527513d,2024-09-11T18:58:46.356Z,San Francisco,West Virginia,Belarus,-3.0406,-45.1607,vaco,amissio,vester,aliquid,curiositas,arca,ad,29,80.77539986951653,34,cursus,0,0,1,true,0.143992476550689,2019-07-03T14:03:36.703Z,"Rosenbaum, Altenwerth and Gerlach",true
4def7567-8b82-4583-9ca0-eccf2b954781,2022-03-13T08:15:21.858Z,Gutkowskiboro,Pennsylvania,Spain,20.0696,143.8083,vaco,rerum,aiunt,omnis,possimus,suadeo,tubineus,51,236.1024801928396,23,vilicus,2,0,2,true,0.09652904558748912,2024-02-22T00:02:33.336Z,King and Sons,false
3c590ec0-0e1b-4c59-b941-fe8484314a7e,2022-03-31T11:53:29.687Z,West New York,Louisiana,Iran,39.5502,117.6267,coadunatio,blandior,canto,alioqui,sint,adipiscor,tres,38,201.22875733090052,94,sollicito,6,2,1,false,0.024036140817039475,2019-08-24T19:36:38.282Z,Gutkowski - Koch,false
a278eb92-f883-4a90-aa2b-06df0387b8ea,2025-11-02T04:03:10.742Z,Kaleighberg,Kansas,Papua New Guinea,-46.6609,121.3069,vitae,cupiditas,ago,creo,at,decimus,tertius,112,96.99040860734011,37,derelinquo,5,2,4,false,0.19996517017332086,2025-05-14T02:29:37.602Z,Bartoletti - Schumm,false
e2731157-7678-40f8-a678-cdce5e956223,2022-09-11T20:27:15.367Z,West Sacramento,Texas,French Polynesia,-10.9861,119.3859,coadunatio,cubitum,civitas,utique,defaeco,vestrum,varius,33,140.64790727678306,88,iusto,3,1,3,true,0.14180174827842298,2023-09-11T23:55:36.411Z,"O'Kon, Altenwerth and Hettinger",true
e18e6e3f-e515-4726-b8ea-7c1b76aaba9d,2021-09-19T21:05:11.411Z,Manuelafield,Tennessee,Solomon Islands,27.3508,-38.7515,tolero,caries,tabula,deripio,arguo,uter,omnis,66,207.02992872564027,57,solum,5,1,2,false,0.0499799867180486,2019-05-09T15:58:04.909Z,Hyatt and Sons,false
891e3489-ec91-4d1d-9f3d-171db4a42248,2025-03-21T04:43:15.415Z,Samsonstad,Pennsylvania,Canada,-12.1157,-118.2042,uxor,cui,vomer,ager,custodia,acidus,arbor,80,142.5282933383805,69,deserunt,4,0,1,false,0.15963820852031058,2020-11-23T11:04:55.845Z,Witting Group,true
4fc4f4d8-c0a0-4b7f-947c-aef03141cacd,2025-05-25T13:21:32.217Z,Nellabury,Washington,China,11.1406,155.2182,temperantia,maxime,tam,cado,doloribus,amplexus,civitas,119,70.87022306555991,88,averto,6,0,2,true,0.03225857459655651,2024-07-10T16:08:31.441Z,Dickinson Group,true
9f598190-1787-42de-9641-e88be12446b2,2025-12-22T22:19:41.170Z,Aloha,Utah,Sudan,20.8807,-68.0914,commemoro,coepi,ubi,illo,cunctatio,dignissimos,praesentium,55,32.47522436707109,29,avaritia,2,0,4,false,0.12857771499440035,2021-04-28T01:28:35.177Z,"Nader, Leffler and Kshlerin",false
9acebaec-4440-402c-af08-7e7cbed03cd7,2019-09-21T10:55:21.402Z,Hallieport,Alaska,Algeria,63.2045,-37.1714,comes,teres,villa,vita,caveo,admoveo,vester,29,42.68657470913343,66,aranea,3,0,1,false,0.06678339092469807,2020-11-27T07:46:57.347Z,Waters - Walsh,false
f96d5213-a54f-4bd8-95bf-2eedadfc91e0,2023-11-15T20:43:16.396Z,Madelynntown,New Hampshire,Saint Vincent and the Grenadines,85.74,91.4322,ipsam,addo,bardus,caterva,deficio,sub,aduro,70,122.42371615893812,34,sumptus,6,2,5,false,0.02716966251679412,2023-11-07T08:48:32.647Z,Muller - Boyle,false
d1ff3efb-cef2-421c-9243-977c519c9e95,2025-11-17T19:31:23.556Z,Newark,New Hampshire,Sierra Leone,-11.6819,-12.7907,denuncio,apto,statim,vobis,allatus,excepturi,articulus,73,158.4275066694504,31,thalassinus,0,1,5,true,0.09302429070236604,2024-08-26T08:28:58.308Z,Hintz Group,false
d8c4326d-7577-4be4-b0d9-7a230013056f,2019-06-06T21:36:25.536Z,Schimmelcester,Iowa,Puerto Rico,82.3079,-159.3296,subseco,ipsum,textilis,adulescens,delicate,balbus,atrox,99,153.15118326172794,62,contra,1,1,3,false,0.07487001225324272,2020-06-08T15:19:03.327Z,"Armstrong, Grant and Ondricka",false
808d89b4-78b6-4514-ab3b-98225587e8a4,2018-08-28T03:09:30.680Z,New Claude,Illinois,Bouvet Island,-70.8058,-89.4051,taedium,decretum,tabesco,quibusdam,esse,abundans,suspendo,96,235.1403213549099,36,capto,2,0,2,true,0.01981352425234717,2020-10-01T08:04:32.085Z,"Deckow, Johns and Skiles",true
8ed019c2-abd8-4061-be03-d0b7c61409d9,2020-02-20T05:27:24.201Z,South Cordia,South Carolina,Eritrea,30.7947,48.4094,ex,maiores,cogito,cubitum,vitium,aureus,victoria,84,3.671651600322514,97,succurro,0,1,4,false,0.19553757617602555,2021-02-25T11:35:23.916Z,Leuschke - Olson,true
765fd1fb-c506-4c89-82a1-43c65cd67112,2024-01-04T18:19:18.363Z,Martaland,Colorado,Mexico,49.3047,53.2347,demergo,pecco,sit,uxor,caries,cibus,amicitia,83,101.33605453592573,97,crudelis,0,1,2,false,0.18536159659688262,2022-07-26T23:58:18.511Z,Becker LLC,false
109e1825-76e2-4145-8b46-5710dd34996f,2018-03-22T03:42:34.001Z,Connfort,Massachusetts,Romania,5.8143,74.0467,veritatis,absconditus,deserunt,adimpleo,tracto,cornu,exercitationem,108,24.15766438071813,70,voluntarius,0,0,1,false,0.08271240884090525,2022-04-28T07:11:32.225Z,Friesen - Auer,false
97fbd9ac-914c-4448-8d7d-cfb5fe834544,2024-09-14T13:32:41.408Z,New Keeleyfield,Oklahoma,Benin,-39.3977,-76.7342,contra,aurum,creptio,vesica,desidero,virtus,vomica,32,70.80760215691134,68,repellendus,4,0,5,true,0.20198543328043497,2025-05-15T11:45:08.756Z,O'Connell Group,false
9006e1ff-9710-45d9-99e6-ffb345097483,2023-06-04T23:49:18.863Z,Tillmanborough,Maine,Bhutan,-29.9529,-137.4214,stips,suspendo,solitudo,vulgus,arma,certe,curatio,78,187.5326362558831,57,cervus,5,0,4,false,0.06681362080497513,2025-12-25T12:45:43.533Z,Klocko - Lebsack,true
9b3eeaf2-bfd6-40cd-8f4f-20e08f7a832e,2023-07-26T00:54:14.448Z,New Jamar,Vermont,Spain,2.4218,179.8485,denego,attero,aveho,audeo,sollers,tantum,thesis,130,133.49377217813688,61,conculco,1,1,2,false,0.19804062132657416,2022-01-02T10:02:11.886Z,"Mitchell, Bosco and Stamm",true
2d13f16c-8346-41f7-8855-13b44230686a,2023-06-19T07:49:18.628Z,North Vicentabury,Kentucky,Canada,79.5733,88.9084,nemo,audeo,blanditiis,impedit,exercitationem,bellicus,autus,59,106.14841610742636,45,tempus,1,2,5,true,0.19306727745414565,2025-11-18T05:34:21.021Z,Wunsch - Hauck,true
7db697a8-ad2f-4d96-bb21-21c309a57a6d,2025-09-15T11:03:07.121Z,Sipesborough,Ohio,Cyprus,-82.745,-36.6554,comburo,bene,canonicus,statim,aurum,tergum,aestivus,61,139.10044105071768,68,surculus,3,1,4,false,0.02301531025382475,2024-04-01T06:59:52.128Z,"Huel, Rath and Nikolaus",false
3ab5724a-83e3-4938-a2ac-f771b181a382,2022-01-10T21:37:16.480Z,Pfeffershire,Oregon,Gabon,68.7421,105.0151,desipio,videlicet,sapiente,comis,convoco,sperno,adhaero,72,184.10488018449334,56,tersus,2,1,3,false,0.039633320726298105,2022-02-17T15:09:54.420Z,"Ferry, Gorczany and Conn",false
864e3eea-c70c-44dc-a5b9-0b26dfcbd83a,2022-05-06T03:24:11.299Z,Dannystead,Minnesota,Curacao,86.1843,0.916,aeternus,sperno,aliquam,crepusculum,volup,confero,spargo,61,172.86258183788325,38,victus,0,0,4,true,0.12490200423779413,2022-08-18T00:58:38.931Z,"Schoen, Schuster and Durgan",true
c0355f08-0b68-4adc-ac70-f693046bc587,2025-01-10T16:31:22.687Z,Thompsoncester,Ohio,Bolivia,-73.4947,-34.8941,tyrannus,commodo,taedium,animadverto,curto,solutio,pecus,102,9.163170120172532,66,cometes,1,2,5,false,0.01305573058083831,2021-02-28T09:24:47.581Z,Hahn - Goyette,true
1cc8bf6a-cf19-4b8e-b61c-75988a4486f8,2025-09-09T16:23:50.986Z,Farrellborough,Virginia,Singapore,-48.8889,-139.0586,fugit,ago,turbo,vix,vilitas,catena,caute,80,82.87968867898998,23,amplus,5,2,2,false,0.22013163048635595,2020-03-06T01:10:15.767Z,"McClure, Mills and Lebsack",false
1e8af0f2-5ee1-4795-b4e0-16791f141263,2020-04-06T06:22:23.251Z,Angelitaworth,North Dakota,Nepal,50.2232,63.0675,valeo,catena,vociferor,rem,thymum,autem,ipsum,85,0.5396281134884351,88,nisi,4,0,4,true,0.1835038503568375,2020-12-30T17:31:29.790Z,Schmitt - Kozey,true
04f09301-d4f4-427e-bb11-00be305b04fa,2025-05-24T09:33:33.151Z,South Emilio,Arkansas,Jersey,73.0404,20.3187,optio,clibanus,creta,occaecati,caterva,supellex,accusantium,46,237.3517578100795,66,venia,4,1,3,true,0.07683408757789897,2025-05-23T15:10:42.710Z,Herman Inc,true
63935cc7-2ff9-4b14-ad8c-2233e48103e9,2021-10-14T20:44:14.428Z,Darrenstead,Rhode Island,Cape Verde,55.6453,129.3628,undique,paens,libero,somniculosus,usitas,vere,tandem,25,213.98836863558623,31,tolero,6,2,2,false,0.22680227198427916,2022-04-30T11:50:09.800Z,Sporer Group,false
c9ebdc54-d4e5-47e2-a43e-eb16725cbef0,2018-01-02T21:35:34.881Z,Fort Jadyn,Michigan,Aruba,82.4863,-77.8287,deludo,fugit,denuncio,campana,tardus,fugiat,nobis,99,199.70112646804597,54,saepe,4,1,3,false,0.2442072477976127,2021-11-19T06:02:06.039Z,"Ryan, Ryan and Cummings",true
acbc73e6-9ef2-4ff5-846d-e726f5dabf8e,2022-08-26T07:30:45.826Z,North Carmine,Kansas,Colombia,-89.1336,47.406,iure,textor,vero,similique,votum,cohors,quaerat,110,187.18819488194484,64,pax,4,2,1,false,0.16709958103528041,2021-12-28T16:14:49.144Z,"Reilly, Rempel and Greenholt",false
1a839034-aac0-48d6-941c-8ddc039850c9,2018-07-14T18:31:14.138Z,East Clemens,Massachusetts,Netherlands,16.7285,39.104,bene,autus,aperiam,teneo,circumvenio,amita,vetus,102,212.0463973798346,36,infit,4,1,1,false,0.08346054670920058,2025-12-20T22:58:54.726Z,Sanford LLC,true
70a19930-c0ec-486d-8cd0-c0a72e063682,2019-12-28T22:17:55.430Z,Janesville,Nebraska,Luxembourg,-68.6507,20.5339,quasi,temptatio,teres,velit,sufficio,non,necessitatibus,115,126.00584443384437,46,delicate,3,2,1,false,0.1713064743413759,2018-04-23T14:46:48.500Z,Barrows - Sawayn,true
8dbdb8cc-806c-49ea-94ce-d019c71ad2ac,2022-12-05T09:34:03.579Z,Cranston,Illinois,Peru,-48.1826,-100.7629,dolore,optio,surculus,crustulum,strenuus,thymbra,utor,127,14.916886282572914,73,bellum,5,2,1,true,0.07292368533945315,2025-08-16T12:17:03.801Z,Robel LLC,true
9faabf2c-f9f3-4ca6-af56-7b08d3a627ac,2018-10-10T10:13:42.752Z,Maximilliafurt,Arizona,Egypt,-89.3947,80.7285,basium,brevis,velit,certus,mollitia,tenetur,succurro,21,88.24431263998532,28,praesentium,6,0,1,true,0.15928811316074146,2025-08-24T09:57:19.759Z,Wiza - Smitham,false
09764c1e-92ca-4c58-8a51-9e9114130079,2024-05-19T02:03:05.783Z,Robinworth,Michigan,Vanuatu,-70.3376,5.453,decretum,a,commodi,absum,texo,inventore,absum,106,175.8181563680194,62,brevis,3,1,5,false,0.0037959755471491663,2024-05-03T07:47:16.071Z,Zulauf - Blanda,true
55bfebb2-b340-4596-ab9a-46ceb96fda52,2020-06-26T12:15:34.173Z,Annaberg,Washington,Kiribati,46.9913,-162.1739,censura,alii,catena,pax,bardus,acerbitas,cur,70,72.24004433666984,39,concedo,0,1,5,false,0.10899896429079955,2020-06-18T18:56:39.476Z,Schimmel - McGlynn,false
8cc72487-2a6e-4438-97af-86e87aac9550,2018-04-15T16:34:08.162Z,Alannaborough,Indiana,Mexico,68.9335,148.4674,delicate,cariosus,civis,soleo,accendo,verbum,tumultus,38,112.32718270214752,74,succurro,1,1,3,true,0.08534783073831467,2020-09-21T00:26:18.498Z,Feil Inc,false
69d971bf-f9cc-4180-956a-e1c811385531,2018-05-16T00:40:53.290Z,New Linnie,New Hampshire,Curacao,38.8375,67.5716,repellat,dolorum,trado,synagoga,corrumpo,iure,adflicto,89,159.17712394916117,43,tantillus,5,2,3,true,0.05715973529744092,2024-10-15T04:05:15.295Z,"Maggio, Lemke and Mann",true
8fb6472e-04ac-4e73-9b38-5c39637f1ec4,2024-10-09T15:59:23.731Z,New Bill,Georgia,Sri Lanka,-1.4687,124.4694,studio,facere,tempore,ad,adstringo,derideo,adsuesco,50,75.79050725725692,16,comedo,0,2,2,true,0.11396693765202234,2024-09-05T09:52:40.896Z,Halvorson - Hoppe,false
65045032-5bff-48db-91a0-2b0f4c8e0f4b,2023-04-08T20:22:34.724Z,Port Mossie,Kentucky,Canada,30.8557,-40.545,curto,sordeo,quasi,tutis,depraedor,vulpes,vestigium,52,153.54560407180895,71,canonicus,2,1,3,false,0.03308786921175222,2024-06-28T07:58:09.874Z,"Dickinson, Gorczany and O'Keefe",false
5de4986f-7420-421d-9d74-6fd787f05f2c,2024-08-08T15:54:57.706Z,North Leila,Indiana,Northern Mariana Islands,-24.7125,-78.6571,sto,acsi,corporis,agnitio,censura,excepturi,commodi,40,193.233771314961,35,arbor,3,0,1,true,0.11769159105788357,2024-08-08T08:00:10.063Z,"Witting, Mante and Hahn",false
2c224b14-8f80-48cd-bcb6-24a5cb141134,2025-07-19T00:12:40.029Z,East Victoriamouth,Utah,Dominican Republic,23.174,-63.2681,modi,sum,cohibeo,sub,ducimus,crustulum,cedo,23,131.96468633712104,21,campana,1,2,4,false,0.20263040458860865,2019-08-15T13:28:10.963Z,"Hoeger, Sporer and Lowe",false
231dadd8-2c6d-4ccd-ba62-de02dcf36f93,2019-12-30T01:47:54.219Z,New Fletahaven,New Hampshire,Cayman Islands,32.6181,133.8879,et,sulum,voro,civis,debeo,uterque,sit,61,187.29061513173082,22,carus,2,0,1,true,0.05567681886844858,2019-07-24T22:41:42.964Z,"DuBuque, Haley and Baumbach",false
7fb9de8d-a7f4-4b32-9b89-36b54c00c47d,2023-03-02T02:21:34.786Z,Kutchshire,Nevada,Iran,-33.2255,-140.7368,accusantium,ustilo,deludo,asper,synagoga,amoveo,conventus,124,39.39605673834557,85,benigne,3,2,3,true,0.2204123690063765,2022-09-14T19:24:34.163Z,Huel - Berge,true
40f97fe3-ebfb-4af4-8a2d-0b93b857ca25,2018-11-16T22:14:57.523Z,Christiansenfield,Missouri,Saint Lucia,65.0099,-84.9903,cupiditas,natus,caput,ager,curiositas,tolero,dedecor,58,129.7606182807427,20,velum,2,2,2,false,0.00938221863713054,2024-03-07T01:09:38.681Z,Becker - Turcotte,true
d26c457d-4f3a-47e2-b2c0-67b013ac9b78,2024-03-09T03:54:33.993Z,Simi Valley,Oregon,Gibraltar,58.6808,-4.0158,canis,tergo,vespillo,decor,vestigium,suppellex,clementia,57,40.966266189674975,22,approbo,1,2,3,true,0.20282164463271285,2022-03-27T20:30:16.851Z,Gutkowski - Spencer,true