accident_id,incident_datetime,city,state,country,latitude,longitude,road_name,road_type,intersection_type,accident_type,weather_condition,road_condition,light_condition,speed_limit,actual_speed_kph,driver_age,driver_gender,casualties,fatalities,vehicles_involved,alcohol_influence,blood_alcohol_level,weather_reported_at,reporting_department,pedestrian_involved
75ce90c0-4009-491b-9665-0c60bc6bb13b,2022-03-28T09:49:39.121Z,West Tomasa,Arkansas,Afghanistan,-6.4605,-20.3908,tolero,claro,deserunt,somnus,amitto,bos,convoco,100,17.10126522857866,99,volubilis,1,0,1,false,0.04764637425080953,2025-12-22T14:32:07.318Z,"Christiansen, Hintz and Raynor",false
5e0c581a-273f-4e54-8f5c-c18bde9dd562,2025-12-23T06:12:13.728Z,Fort Wilfredo,New Mexico,Belgium,57.6308,-44.2824,subseco,decet,angulus,charisma,abeo,defungo,carcer,130,18.032615779816325,20,iusto,5,2,2,false,0.24287687979520473,2020-05-13T19:13:54.287Z,Roob - Kirlin,true
647f46a0-620b-49e8-8241-205ff9de1dd9,2018-04-12T09:52:39.793Z,Ricefort,Pennsylvania,Armenia,37.6711,-8.8411,voluptatem,catena,adsum,tantum,cubicularis,vester,videlicet,45,120.08002234817683,47,angulus,3,0,2,true,0.0031358464692305965,2021-03-19T12:12:28.358Z,Thompson Group,false
1a2fa2e8-10b6-4f2f-947c-b33fc6970d8c,2020-07-15T04:46:39.212Z,South Briana,Arkansas,Albania,32.845,76.7137,tenax,minima,tabesco,verus,solum,provident,tertius,77,17.044627683552854,23,vicinus,5,0,1,true,0.005654516684274136,2020-03-28T10:44:16.777Z,Lehner - Buckridge,false
d771e692-dbf6-4aed-a174-ceedb8d6f374,2025-02-06T19:36:30.728Z,South Chadrick,Indiana,Portugal,-22.664,177.9098,vulnus,ducimus,utrum,somnus,conscendo,curtus,earum,29,79.30001779587643,61,adversus,0,2,1,false,0.13569475392374872,2022-07-13T17:39:39.771Z,Kunde and Sons,true
707cfda4-035a-4e8d-8ac3-7891b32d7161,2024-07-22T03:11:53.560Z,Port Jocelyn,Washington,Greenland,-84.7071,43.431,accedo,damnatio,volaticus,certus,vel,tertius,cupiditate,102,27.29388012295655,82,facere,2,2,5,false,0.11736798331250983,2018-08-27T06:00:59.400Z,"Schaefer, Zboncak and Yundt",true
68dbabe5-ff68-48ee-8666-e4ee3f03101a,2022-06-24T10:24:55.200Z,Lorenatown,Tennessee,Brazil,-70.2036,-72.4174,sit,absconditus,tenus,explicabo,eveniet,utpote,cohaero,126,140.59096840639347,64,sumo,5,0,4,true,0.09705305503796777,2019-12-24T10:37:12.530Z,Kassulke and Sons,true
dfe4c47a-9711-4b26-bc43-ae00685f9eb0,2020-01-30T00:22:18.588Z,Greenport,Wisconsin,Hong Kong,-41.9409,-56.245,exercitationem,eum,sequi,accusantium,ullam,corrumpo,tantum,27,84.07728910905725,99,virga,3,0,1,false,0.035409860212002875,2020-12-12T00:02:13.550Z,Abernathy - Willms,false
d397c240-a9f8-407d-90e4-4668fe22f2ad,2023-10-08T05:05:43.513Z,North Lelahside,Kentucky,Norway,4.1681,0.7443,totus,subiungo,vestigium,solium,curvo,voluptatem,custodia,98,32.15481405656726,19,advenio,2,0,1,true,0.047577691617305684,2024-09-17T13:13:48.110Z,Jones Inc,true
59a6b749-470a-4bfd-a2dd-563e81ff98db,2020-07-25T22:44:03.752Z,Cydneyhaven,Arizona,Western Sahara,-74.7367,-68.6719,vox,constans,ciminatio,texo,verus,voluptates,delicate,77,213.24483963044537,23,alo,3,1,4,false,0.07071561907921523,2024-11-20T11:47:58.679Z,Kuhlman - Hickle,true
85613286-68fb-4e09-9ad0-3ab1e92e935d,2020-04-12T06:05:58.203Z,East Myaland,Alabama,Trinidad and Tobago,58.2623,2.3152,vulpes,carcer,vulariter,caecus,color,spargo,thalassinus,125,191.56803721824045,72,provident,2,2,2,true,0.17677594420055334,2024-02-02T04:56:55.818Z,Price and Sons,true
bd02ee55-d621-4eda-8b61-101d7dd61ea5,2019-09-21T03:21:11.926Z,North Rickybury,Colorado,Albania,45.3377,-92.0801,doloremque,sortitus,stabilis,vicinus,deserunt,saepe,caecus,114,130.2826147796443,16,amo,3,1,1,true,0.08952452489649879,2020-11-15T17:22:48.248Z,"Reinger, Wilderman and Jacobi",true
c932ab3d-f7f3-4be8-8e95-60a46e8a74ae,2020-12-13T18:55:10.975Z,Shieldston,New Mexico,Cambodia,-56.7989,-53.4388,vaco,adipisci,verecundia,suppellex,sum,viscus,trans,33,18.84519033652716,38,annus,5,0,1,false,0.06917740249117219,2023-12-03T00:44:53.364Z,"Schumm, Leffler and Conn",false
b9af682e-81e5-46e7-b8de-6f742994a5f9,2025-08-20T17:13:23.388Z,New Garfield,North Carolina,Antarctica,-17.2753,-15.9102,tui,aptus,aestivus,demulceo,aestas,absque,teneo,63,115.3846924824157,93,tracto,4,0,1,true,0.24469379293310478,2025-01-24T01:42:44.860Z,Cremin - Effertz,false
5743f938-3331-4592-84ff-4a2c92041c7b,2024-11-21T00:06:28.856Z,Hyattberg,Oklahoma,Fiji,-48.8089,-109.8673,voco,compello,tergiversatio,tametsi,amissio,animus,aperte,128,55.458758042133496,35,dolores,0,1,4,false,0.10799885787290725,2018-10-10T12:00:51.513Z,"Russel, Mosciski and Herzog",true
a78dd7c4-dc10-49cb-b7d5-a7fc60381ae6,2022-06-04T05:48:26.332Z,Port Jarretton,Nebraska,French Southern Territories,-29.51,-157.8128,vinum,amo,facilis,titulus,capio,pecco,amo,129,145.52650636022162,24,defero,2,1,4,false,0.20212034972811865,2025-06-26T10:25:59.912Z,Dickens Inc,false
4c609b72-d7f7-4a60-b1f4-97f69b5f0a7e,2025-10-01T06:19:39.481Z,Deckowstead,Georgia,Chad,-31.1159,7.0263,audentia,vicissitudo,arx,amplitudo,aveho,teres,annus,31,43.386746619566416,29,crux,1,0,1,false,0.17189347096143268,2019-09-20T22:50:57.032Z,Corkery - Fahey,false
68118228-01a4-41d9-bb24-cb2d3b1d62e1,2024-06-28T15:41:57.026Z,Leschboro,Kansas,India,-48.746,172.4644,sumo,doloribus,defessus,concedo,acidus,placeat,caveo,129,12.453409066968852,61,ambulo,5,1,4,true,0.0851367226522258,2022-03-23T06:24:09.075Z,Kuvalis - Reilly,true
11c52f68-68eb-4efb-a098-564a269602c2,2024-05-27T08:00:41.535Z,Champaign,Kansas,Tunisia,85.3611,-83.5509,decumbo,velut,absum,depereo,at,vulticulus,curo,41,162.3148684003976,60,cedo,6,2,2,false,0.06361013786990624,2025-05-05T08:23:47.747Z,Kunde LLC,true
20fde65c-9f4b-4e47-8b5a-a9326d3eaa1f,2018-10-08T12:02:39.487Z,Lake Bryana,Alaska,Macao,-2.6781,27.8405,admoveo,cruentus,vester,cilicium,depereo,viridis,viriliter,22,235.08324708012273,70,comptus,5,1,1,false,0.24442536071789694,2018-04-19T21:40:46.593Z,Walsh - Pollich,false
f0da5b77-ec2c-4be7-a804-4cef0e585d1c,2024-11-03T23:51:42.369Z,Ahmadview,Wyoming,Cote d'Ivoire,-51.3669,-57.4918,recusandae,corona,tantum,pariatur,deorsum,claro,quaerat,95,33.200353676867174,26,soleo,5,1,2,false,0.17194382225266255,2023-09-06T19:40:19.195Z,Schimmel - Spinka,false
4a2fea11-7ff3-478c-86e2-04f4e50b4c8d,2021-12-26T05:52:11.327Z,West Cecilia,Montana,Paraguay,-52.9436,136.6468,apostolus,nobis,texo,validus,collum,aspernatur,vinum,52,117.91086251189805,46,ipsum,3,2,5,true,0.2247998978356239,2020-10-05T15:01:00.924Z,Ward - Dickens,false
fb7aa15c-d512-467d-8804-ec39a404d882,2023-05-06T18:34:30.332Z,Danielchester,Indiana,Togo,87.2917,-27.9951,consectetur,currus,apostolus,acidus,alii,certe,alii,114,202.09682244309863,47,supellex,1,2,1,true,0.068388298813504,2024-10-11T09:53:32.606Z,Ortiz and Sons,true
edc47ba4-07bd-4bb8-bf89-4ffb154643d3,2021-12-27T21:21:40.484Z,Gregorioview,Florida,Lebanon,7.3275,-55.7111,substantia,sum,catena,titulus,corpus,asper,clibanus,86,53.511954635941805,62,quam,4,2,4,true,0.010395771868799308,2019-06-02T17:07:26.836Z,"Kohler, Hamill and Boehm",true
f883fc58-5ce8-43e6-a5c3-183c330d7d2f,2022-02-01T10:06:30.521Z,Bergnaumborough,Washington,Guatemala,-45.814,-110.8591,vir,eos,coepi,adopto,turbo,hic,aveho,27,106.41262326466679,97,basium,0,1,1,false,0.1173221459807241,2020-11-20T14:06:55.885Z,Blick and Sons,true
917eb47e-9c41-42c7-8717-71ec8fda4e6c,2018-06-16T09:32:45.461Z,Port Lila,New Jersey,Venezuela,66.8739,165.7164,pectus,corrupti,defleo,cras,conscendo,vespillo,valeo,101,161.49004174007487,87,vita,4,1,5,true,0.04543788333339849,2024-03-31T23:21:12.534Z,"Schneider, Jacobs and Moen",true
055ace8e-cbf3-44eb-8f4b-a1e0bde9597f,2021-10-13T18:27:29.477Z,East Buck,South Carolina,Latvia,41.4925,173.1011,anser,summisse,comprehendo,exercitationem,cerno,allatus,cursus,22,234.83440128408265,55,defendo,0,1,2,false,0.16367499684527742,2023-02-18T02:59:50.513Z,"McKenzie, Bernier and Vandervort",false
cbff616d-103d-4058-a0ff-607ccb2e7af1,2025-05-16T03:26:18.291Z,Boulder,Illinois,Israel,6.8163,137.8037,denuncio,cerno,thalassinus,curiositas,adiuvo,arcesso,vinum,91,199.0916609657772,71,amicitia,0,2,3,false,0.01664370991950284,2022-09-17T16:07:43.288Z,Hermiston - Greenholt,true
ef0cb091-2777-4abf-b0f4-4c0acea7ca02,2024-12-22T18:54:02.590Z,East Randalfurt,Massachusetts,Lithuania,31.5143,31.0024,harum,valeo,vel,cruciamentum,quasi,derideo,arguo,129,134.34448355720383,28,cado,4,1,3,false,0.0037037140394528545,2020-03-07T10:33:38.540Z,Schowalter - Rolfson,false
3c8983b7-ae72-4042-bdff-1aa64e47c8c2,2020-09-13T15:40:07.641Z,Centennial,West Virginia,"Bonaire, Sint Eustatius and Saba",-59.1691,74.8837,ventito,explicabo,vestrum,tricesimus,corrupti,suppellex,curiositas,93,163.1660534203002,75,depopulo,2,1,2,true,0.24773788663575355,2018-08-11T05:43:46.091Z,Bernhard - Bode,true
10c5a2cf-c24c-4204-b9ad-3677ed281858,2023-09-20T23:39:29.755Z,Bradtkeberg,Wisconsin,Bermuda,53.3157,78.1213,tibi,attonbitus,accusamus,statua,earum,cursim,fugiat,41,170.16833676970418,99,depromo,0,0,2,true,0.22238701432753133,2019-11-24T09:13:49.823Z,"Friesen, Lang and Fay",true
86c3a407-6756-47bd-ac62-830630f89f08,2018-04-07T03:21:14.192Z,Ornville,Alabama,Jordan,-41.0174,93.4667,cohibeo,cruciamentum,calamitas,atrox,adipiscor,crinis,canonicus,98,26.20431058246009,97,summisse,4,0,1,true,0.14584145874200005,2022-06-23T23:46:22.301Z,Haag Inc,true
a5647a77-d2e6-4497-bee5-34762ceac0a6,2024-07-16T11:47:08.944Z,Blue Springs,Florida,Papua New Guinea,49.7984,151.1179,mollitia,ver,apud,sint,doloremque,cornu,asperiores,69,219.84296109380432,32,doloribus,4,2,2,false,0.034858146841265064,2022-01-28T14:15:19.258Z,Will Group,false
e353fd38-0682-4eab-8744-05beaf74ca14,2019-02-28T08:29:46.573Z,Port Malvinaboro,New York,Mali,66.4264,174.4038,varietas,studio,defessus,casus,centum,statim,ventito,124,217.79686304271635,32,capitulus,4,1,1,true,0.020214429749190188,2019-12-22T21:01:38.598Z,Wisozk Group,true
5d1f0ea6-d8b3-4912-adc9-9a073833995b,2023-03-25T18:26:07.909Z,Josianeboro,Arizona,Aruba,45.807,68.7991,explicabo,color,aiunt,certus,sperno,caterva,desparatus,87,107.22644035968294,97,coruscus,3,1,3,true,0.24084205134136974,2023-04-04T07:12:18.950Z,Farrell and Sons,false
f2f5049b-b031-48e9-9dcd-0e65522f19fb,2023-06-27T06:31:13.589Z,Daughertyburgh,New Mexico,Guyana,40.4423,-29.5598,debilito,sonitus,arceo,tutamen,tibi,velociter,deprecator,102,37.07988986235864,91,clibanus,6,0,1,false,0.141746972622274,2024-03-05T22:28:22.195Z,Roob - Bradtke,true
0b2f9035-168f-41b2-9528-fdea6c9728a1,2019-02-16T16:59:58.861Z,Westfield,Nevada,Aruba,-86.0388,130.7251,vilis,accommodo,magnam,adipisci,adduco,triduana,velut,60,112.25699037772186,63,decens,6,0,2,true,0.12126768398483115,2023-10-09T01:11:46.716Z,Lemke and Sons,false
52931c64-46a7-45cc-b392-d22f1359f7ef,2023-10-10T12:54:34.714Z,Madera,Maryland,Mongolia,31.3333,-68.3603,cras,amplus,cruentus,subnecto,cubo,verumtamen,ullam,114,162.19376375694173,85,arceo,2,0,4,true,0.10546928639233924,2025-04-12T04:11:11.843Z,"Connelly, Langosh and Gutkowski",false
373c2e06-4241-40a1-88f5-7a13756acfbd,2019-11-10T15:27:25.246Z,Port Elishaburgh,Arizona,United Kingdom,75.9326,-45.8223,ullam,caecus,carpo,patruus,sunt,claudeo,aiunt,50,13.661128187202634,60,colligo,6,0,2,true,0.1610626205359798,2025-08-27T05:51:52.706Z,"Runolfsdottir, Harris and Koss",true
8551f96a-6298-43ef-a133-3b28bc42a557,2022-05-16T16:13:36.041Z,New Brody,Missouri,Costa Rica,-47.9065,-10.9419,acies,talio,avaritia,appono,porro,coma,unde,81,149.3622381780124,93,corroboro,6,2,4,true,0.20295464832126964,2023-10-07T17:59:48.315Z,Rau LLC,false
de339d66-0c7c-4b7b-a53c-f8480995a537,2023-09-04T12:01:36.057Z,Reannastad,Montana,Guyana,14.1376,-105.0171,cenaculum,cuppedia,quis,volubilis,timidus,supplanto,urbanus,29,71.2536878228111,41,vociferor,3,2,4,true,0.024019923560180234,2025-09-08T12:24:44.822Z,Daniel - Kozey,false
e5daf1fa-6389-448f-ae0d-47e4ee96dd95,2022-05-26T02:08:37.218Z,New Toystead,Kansas,Tonga,-76.0841,-167.1849,caecus,quis,cursim,ventito,summisse,virgo,vigor,100,173.03675751074667,97,voluptates,2,1,2,false,0.1128885610004908,2025-02-09T08:52:47.030Z,Russel Inc,false
9e5508c1-8196-4d0a-b92a-ef5b6e317910,2021-10-15T09:13:48.096Z,Fort Maybellfort,Kansas,Rwanda,-48.768,113.9963,maiores,utor,vociferor,viriliter,valeo,administratio,accusantium,38,115.85762702709745,30,uterque,3,1,5,true,0.1017961520742448,2020-05-15T18:36:29.012Z,"Kunde, Donnelly and Runte",false
04344cd3-da09-4019-99f0-acebd6d1f4f4,2020-08-06T06:57:09.530Z,Thompsonbury,North Carolina,Mauritania,3.191,-16.9467,adopto,civis,canonicus,cinis,tabesco,ancilla,viduo,98,66.92180095797559,74,exercitationem,1,2,3,true,0.030017099273559833,2025-10-06T06:59:38.946Z,Marvin LLC,false
cd89ad64-a12b-4190-8130-c6b5510ec417,2018-06-24T09:10:21.850Z,Roxannemouth,Florida,Antigua and Barbuda,-84.3677,-114.014,turpis,adfectus,id,astrum,communis,infit,benevolentia,83,205.12022882541163,93,denuo,2,1,5,true,0.014276677933747345,2025-03-27T12:42:45.741Z,Bosco and Sons,false
eec62e2f-952d-4b9d-88ba-16bc9f69b04a,2024-08-25T07:10:14.290Z,Downers Grove,Colorado,Saint Vincent and the Grenadines,-16.4436,71.5637,solvo,cilicium,deporto,commodi,aspernatur,adsum,quis,33,7.812884432036826,66,audentia,0,1,3,false,0.21404084755649527,2021-12-09T17:17:02.734Z,Lemke - Torp,false
3fcf9c1e-63b0-4043-9267-870f908c2f2d,2020-06-03T06:05:06.630Z,Leaton,Maine,Ukraine,5.0709,53.7902,attero,una,decens,perferendis,ustulo,cuius,eveniet,61,161.76420732467395,59,modi,3,0,4,false,0.1146675033557901,2021-07-19T00:39:54.625Z,Lakin Inc,false
f6086978-f9d3-4ac1-b2d8-e12242a11774,2022-04-18T15:13:21.552Z,Parkerfurt,Wyoming,Democratic Republic of the Congo,-66.9767,-37.3432,solutio,depono,voro,tres,amaritudo,abduco,tunc,99,22.962399956539823,26,claustrum,3,1,2,true,0.0025526565767027,2022-08-06T07:03:18.984Z,Stark Inc,false
1fb984c4-0d22-4e78-877c-02d36188888f,2025-02-22T22:26:10.687Z,Balistrerishire,Connecticut,El Salvador,61.9808,-37.0619,sumo,vulgaris,talus,rerum,truculenter,temeritas,peior,60,216.1210856891956,96,tamquam,0,2,2,true,0.2261929384917659,2021-01-21T20:31:05.533Z,Kuphal - Morar,false
ce00b704-f94c-4e9a-82b3-4d237e37838b,2024-06-19T03:47:42.673Z,East Fredaview,Ohio,Singapore,-80.2844,-62.1649,vomito,suscipit,vinco,minus,absconditus,conventus,artificiose,122,41.74721851114108,88,cibus,2,2,2,false,0.09250932307246881,2025-03-12T22:45:25.405Z,Jacobson - Schmitt,false
8c9b169e-2e15-486c-b0ee-7d7b863ed626,2023-11-06T07:41:44.134Z,Fort Pierce,South Carolina,Bangladesh,-38.6964,74.4306,angustus,soluta,animadverto,clibanus,contra,defaeco,repellat,121,99.16230503530447,75,tricesimus,5,1,4,true,0.10492621519047227,2025-11-13T03:45:00.077Z,Ward - Schiller,false
ebe321a2-c35d-4917-8a65-f7d56b3ba22a,2023-03-09T08:17:59.403Z,Lake Freedahaven,Texas,Gambia,-68.1213,107.8773,bardus,agnitio,callide,bibo,auctor,tribuo,auditor,96,8.470577654543492,31,derideo,5,0,4,false,0.16887769862765928,2023-03-29T03:05:10.792Z,"Baumbach, Reichel and Collier",false
eb77254d-a805-4ec6-aa0f-d2c9d8e10249,2018-11-22T04:41:59.744Z,West Generalton,North Carolina,Bangladesh,49.0581,-161.4903,quos,ustulo,deporto,repudiandae,quas,depulso,spectaculum,76,80.04474501646646,59,tum,2,2,1,true,0.08589016122190585,2023-08-22T09:59:19.230Z,Dickinson - Durgan,false
cc857c67-86da-46ee-be89-4fb15c4107a6,2019-09-11T16:08:24.974Z,Worcester,Arkansas,Greenland,15.9256,79.5718,viridis,nostrum,uter,quaerat,apostolus,studio,amoveo,107,199.45315495159466,81,ascisco,4,1,2,false,0.02467808634827129,2020-02-01T12:18:34.824Z,"Koch, Kerluke and McGlynn",false
63f4b9a1-715c-4388-b6b5-cc454aa34c6e,2018-03-28T04:52:27.148Z,Kesslerberg,Virginia,Zimbabwe,-37.6487,94.2439,subiungo,debilito,atque,aureus,veritatis,urbs,totus,106,162.9412204619438,90,sophismata,0,2,4,false,0.1437158676485009,2023-12-23T15:22:21.343Z,Paucek - Kuhic,false
66eff62b-0a74-48d3-95c5-8bbea90df5f5,2022-09-15T07:00:41.749Z,Bethesda,Missouri,Sudan,-52.0676,51.1225,comes,cribro,deporto,corrumpo,patrocinor,dignissimos,tricesimus,107,166.20636450722674,68,esse,1,0,5,false,0.2044691224550765,2019-10-22T01:56:33.332Z,Willms - Crist,true
0bbdcce1-0a27-4fa2-b56f-71c04fbe678a,2021-02-22T05:56:31.132Z,Chesterborough,Massachusetts,Nicaragua,47.7513,-138.9491,timidus,molestias,carpo,non,vitiosus,certe,supra,24,111.17514958563922,48,sit,1,1,2,false,0.2486585103727723,2021-07-13T01:01:02.931Z,Shanahan - Shields,false
723bcfa9-80ad-4420-8c07-18b82205f53e,2021-06-23T14:42:27.220Z,West Belle,Illinois,Slovenia,-4.6223,131.7025,demonstro,adulatio,utor,vestigium,spiculum,vapulus,tener,90,48.44018424172454,70,via,2,1,2,true,0.10193857201887993,2023-06-13T12:58:23.221Z,"VonRueden, Hyatt and Monahan",false
7909ed75-9e94-4e7a-bdc5-7435637d7220,2021-05-30T00:24:05.384Z,Jeffersonville,Illinois,Benin,-85.3459,-105.5753,vel,arbustum,vulariter,ea,abundans,tribuo,sollicito,108,65.00905097575843,94,vulpes,3,0,1,false,0.10457090507147801,2024-03-18T17:52:36.335Z,"Little, Ritchie and Howe",true
05b06f29-65b3-4306-a39a-04ad72ce6933,2022-11-07T22:05:58.849Z,East Francescafurt,Iowa,Uruguay,-80.4121,128.3995,articulus,sollicito,vobis,aegre,creta,adhaero,certe,58,154.62930464946524,85,allatus,2,1,5,true,0.04870832494343266,2020-05-09T13:01:04.914Z,Muller - Considine,true
80e86856-497d-49ac-ab82-18587735ef85,2020-08-07T13:22:02.433Z,Moniquefield,Nevada,Costa Rica,-48.4874,-53.8665,ultio,accusamus,sursum,praesentium,temperantia,vita,suspendo,38,111.8898904889211,72,color,5,1,1,true,0.18221965173969243,2018-11-05T22:01:43.040Z,"Stiedemann, Hackett and Bailey",false
12478767-811c-458f-8605-35c60b909af9,2019-08-12T12:28:44.017Z,Battle Creek,Alabama,Argentina,-65.8887,-159.5193,colo,acsi,patior,advoco,viridis,vel,asper,68,184.7928226179353,20,rem,6,1,2,true,0.010319878518721348,2024-01-08T04:54:29.587Z,"Berge, Olson and Rowe",false
dd826c9c-c1d5-465d-98a5-57c42625093a,2018-07-06T16:32:39.524Z,Wolffville,Washington,Nauru,-25.3646,-71.0848,thymbra,combibo,defaeco,congregatio,aurum,commodi,aro,88,61.11737685460373,91,curso,5,1,2,true,0.08131738585506365,2024-08-25T06:26:03.493Z,Bartell - Wilkinson,true
b55e0751-1c04-426a-b733-3a054993a872,2021-11-25T08:09:14.110Z,Reading,New Jersey,Cayman Islands,82.3649,77.2715,armarium,minima,veritas,cubo,abscido,cuius,vulnero,69,171.20549316916,94,depereo,2,0,4,true,0.0059963687387374065,2019-10-22T01:34:17.942Z,Anderson - Ortiz,true
3a3f2580-f53c-4a87-a21f-b6f08c967277,2023-04-17T22:11:32.510Z,Tressieview,Nevada,Brazil,72.5721,-124.0309,carpo,combibo,tergo,cernuus,amita,demulceo,aiunt,73,78.64721979608606,18,debilito,4,2,5,false,0.2439797879836174,2020-01-20T03:56:22.186Z,"Kessler, Cartwright and Sporer",true
901cbe89-25e6-4f7b-897e-4482414c244e,2025-11-23T21:53:39.675Z,Fort Josefacester,Massachusetts,Grenada,85.6354,-139.507,tyrannus,cibus,bibo,terminatio,atqui,alo,alveus,69,42.81193609620156,26,accendo,4,0,3,true,0.05618827743974081,2024-10-30T01:06:36.954Z,Wilderman - Homenick,true
c3101fdf-3297-4957-acb3-b8531a4ad80a,2024-09-28T14:21:42.044Z,Isabellton,Florida,Myanmar,75.2418,-147.7069,aeneus,accusamus,eaque,viridis,derelinquo,tracto,voluntarius,67,215.3345832045247,65,sollicito,4,1,3,true,0.08601365370995742,2021-04-16T12:33:04.142Z,"Wuckert, Reichert and Witting",false
aa0370ba-fd5d-44e3-80d2-2cb9ea56d4e9,2024-08-02T02:38:20.360Z,Janesville,New York,Bulgaria,52.2816,-162.5434,calcar,brevis,tricesimus,vigor,est,quo,conor,37,187.39515064129182,62,labore,6,1,3,false,0.0836796346092144,2019-12-20T19:44:37.404Z,"Mitchell, Carroll and O'Hara",true
744b8395-ccf5-4fa9-92b5-38b309396a94,2025-01-22T21:58:51.421Z,Meaganfield,Utah,Taiwan,87.6723,34.7985,defaeco,qui,eos,alioqui,canis,audacia,tibi,83,38.59019189278233,38,textus,4,2,3,true,0.12663401416298473,2022-07-27T18:01:31.506Z,Kessler - Hand,false
811203cc-e004-4b23-b7c9-7d4ab9159c89,2018-10-24T19:18:29.491Z,Adolphusborough,Maryland,Tokelau,-40.1818,127.6826,saepe,attonbitus,vel,statua,ars,coerceo,conicio,79,204.74751889370103,33,synagoga,4,0,5,false,0.07011645922110624,2024-12-09T14:20:18.555Z,Crist LLC,false
a8c97bf1-d2b0-4212-8827-d9e731fb207f,2021-05-14T05:31:04.346Z,New Libbyfield,Oregon,Svalbard & Jan Mayen Islands,-0.9335,-40.6183,adinventitias,teneo,iusto,tenuis,derelinquo,amicitia,auxilium,64,197.20241968846966,82,vobis,3,1,5,true,0.19764930074034406,2024-01-21T05:11:21.065Z,Effertz LLC,true
eb7230f6-5bdc-480d-b3b5-27c40b1a515c,2018-08-07T10:16:26.156Z,La Mirada,Montana,Latvia,-81.5204,100.2006,atrox,valde,adeptio,temptatio,dignissimos,calamitas,desolo,83,193.39855292489474,61,vigor,3,0,1,false,0.22074398452286545,2020-10-10T08:40:12.602Z,"Zboncak, Kuhlman and Ward",false
21e4554d-8a6e-4ac4-a201-a2ef3d450d8c,2019-01-02T12:30:16.827Z,Lake Andy,Nevada,Guinea-Bissau,-39.6927,140.1965,dolorum,velut,desipio,condico,sed,necessitatibus,audio,110,184.68326164849745,46,ambulo,3,0,2,false,0.23230549761050553,2024-06-20T02:49:29.906Z,Koch Group,false
9e737dc3-99fd-4ec9-8955-371bc861b84e,2019-05-16T21:47:42.925Z,Presleyland,New Mexico,Belgium,-20.5427,155.0727,cattus,cibus,colo,ab,cresco,provident,adversus,126,199.01640588974897,84,creptio,5,1,4,true,0.08532294456879286,2025-12-18T17:14:34.639Z,Jerde - Lang,true
dc3c16ce-057c-48fe-bfc6-3d5fd7b73fbd,2019-08-27T14:43:28.450Z,North Larissa,Florida,Ukraine,-35.4751,34.7856,spero,ipsum,accusamus,desparatus,volaticus,aureus,audacia,31,135.6129683624134,20,curia,6,0,2,true,0.02193434663922536,2020-03-12T17:32:11.683Z,Reinger - Treutel,false
8d210c55-af1a-4365-b557-72a835d16d64,2024-09-15T12:13:59.909Z,Methuen Town,Wisconsin,Dominican Republic,-42.0303,-174.7796,vinum,utrimque,conforto,venustas,apostolus,inventore,tredecim,69,120.58382165536864,71,totus,4,2,2,true,0.21165070658743343,2019-01-16T20:41:43.482Z,"Roberts, Murray and Senger",true
10949ed5-157f-476e-93fd-7d59f8b693a3,2019-03-14T22:41:01.091Z,Honolulu,New Mexico,Pitcairn Islands,38.303,146.7894,anser,caute,appono,aqua,quae,dolore,dens,24,43.00711157760193,75,tempora,6,0,3,true,0.0001626837764578115,2025-12-24T02:41:50.437Z,"Lynch, Larson and Kuhic",false
f5c179a6-efe0-44b4-b26b-44b6905b700c,2019-05-24T14:41:25.957Z,Lynchbury,Maine,"Virgin Islands, U.S.",1.4067,-137.7762,volo,dicta,cupressus,deprimo,cum,curis,vere,119,211.92229899755293,39,tener,4,0,1,true,0.10716129263782734,2022-08-02T08:07:25.854Z,Kshlerin - Morissette,true
23e9b46a-4707-4a8b-b6ca-5bfe7f649917,2023-09-23T20:38:05.584Z,North Kristofferberg,Hawaii,Mauritius,-88.0538,-52.8117,quidem,tumultus,voluptates,volup,video,adopto,crur,81,213.19618834577204,26,alienus,1,0,4,true,0.1484668337381092,2018-04-11T19:09:16.534Z,"Hodkiewicz, Price and Bailey",true
e55530bf-cda5-4044-872f-a181f3704827,2019-09-21T16:00:37.639Z,Bogisichview,Pennsylvania,Israel,32.9656,-58.2343,acceptus,caecus,vinculum,voluptate,quos,quam,verto,86,100.44944519714156,17,velut,1,2,3,false,0.008285276707662131,2019-09-09T11:13:29.422Z,Kshlerin LLC,true
2eb4049b-f7ee-41ef-a365-c69365594c6f,2025-08-16T04:14:06.309Z,Lake Jocelyn,Oregon,French Guiana,-48.6687,6.8817,solio,asporto,conqueror,tantillus,corrupti,curvo,cultura,107,61.3375124653559,60,sortitus,5,2,5,false,0.040620041139096424,2021-05-04T03:01:17.578Z,Heller - Hirthe,false
579077c0-2521-48dc-86b4-f90dee0ab707,2019-01-15T03:59:01.660Z,East Nyasiaboro,Kansas,Democratic People's Republic of Korea,-34.609,144.1369,cupressus,celer,vado,tandem,aurum,quisquam,caterva,99,30.599213864686583,44,curso,3,1,2,false,0.1287539050093161,2019-04-27T05:14:13.089Z,"Konopelski, Swaniawski and Carroll",true