accident_id,incident_datetime,city,state,country,latitude,longitude,road_name,road_type,intersection_type,accident_type,weather_condition,road_condition,light_condition,speed_limit,actual_speed_kph,driver_age,driver_gender,casualties,fatalities,vehicles_involved,alcohol_influence,blood_alcohol_level,weather_reported_at,reporting_department,pedestrian_involved
f116df2b-d906-422b-b976-62cfae8ad3e3,2024-09-05T06:20:40.768Z,Lake Seanfort,Maryland,Solomon Islands,45.1939,103.789,pecus,ex,caput,aveho,thema,vinculum,amo,97,23.224910638634206,59,apparatus,2,0,3,true,0.24430639912896238,2022-05-24T09:06:23.785Z,Dibbert - Schneider,false
25a1b7f3-2527-4c23-b600-be33dce0f503,2025-12-11T01:47:33.294Z,Summerstad,South Dakota,Guatemala,65.4803,178.5391,coepi,vesica,animi,aspicio,veritatis,blandior,ventito,103,107.69643781435127,99,attonbitus,2,1,5,true,0.2143176076226546,2021-01-06T09:27:16.224Z,Schneider LLC,false
4169c468-1cf0-439a-8bd1-bea04fe4e492,2019-12-16T21:57:02.728Z,Port Jimmy,Indiana,Monaco,-41.3345,82.0426,tergum,tunc,corrigo,amitto,tabesco,contego,tenuis,120,48.43420011811598,42,cresco,3,2,5,false,0.10461146932833115,2020-08-18T08:55:47.098Z,Moen and Sons,true
09d13f18-1c3d-431a-b4f7-d7ccd3735518,2025-09-26T11:31:47.960Z,Fort Camillastad,Kentucky,"Virgin Islands, British",68.6546,-71.0122,laudantium,avaritia,coniuratio,iusto,minus,cinis,sperno,33,20.112659981041467,29,verbera,0,2,4,true,0.2271430665434552,2022-10-19T13:48:24.889Z,Jacobson and Sons,true
1199ea7e-514d-4601-b9ae-762ab6371435,2018-12-08T11:24:51.974Z,Philadelphia,Florida,Austria,-87.5397,94.8631,subseco,urbanus,magni,urbanus,laudantium,suspendo,ocer,89,102.1800029721028,73,depraedor,6,0,4,false,0.15286682775715227,2021-03-30T03:56:32.114Z,Hackett Inc,false
eeda0870-6f35-451d-b94c-53e438d22543,2021-03-12T17:09:14.468Z,Port Rosannaport,New Mexico,Guinea-Bissau,55.3897,-137.5933,venio,patrocinor,peior,cibo,vicinus,cum,verbera,95,188.71756179145018,48,arx,2,0,3,false,0.2251912139370988,2020-05-03T03:55:14.890Z,Gutmann - Cartwright,true
6b08057c-6b66-4988-9a22-af814c9f64e6,2024-10-16T07:15:08.729Z,New Wardton,Georgia,Monaco,-31.2715,-49.1245,verto,suscipio,caveo,cerno,deleo,itaque,circumvenio,103,225.91716303283323,77,cavus,3,0,5,true,0.16171493320150082,2023-02-17T23:04:29.296Z,"Bergstrom, Cassin and Weimann",true
faf44398-e7c2-43ad-b4c4-e1d597559df5,2019-02-14T14:28:09.051Z,East Evangelinestad,Hawaii,Georgia,-0.0522,-112.8373,suppellex,tero,nobis,utilis,cohors,stillicidium,sapiente,27,117.52345348041584,31,coadunatio,2,2,2,false,0.07696937746384558,2018-02-06T14:39:43.794Z,Hudson - Boehm,false
c0d33235-d2fb-4095-b205-ca876992cd58,2020-03-14T16:37:25.704Z,North Amelie,Idaho,"Bonaire, Sint Eustatius and Saba",-30.7494,-58.9971,tam,sapiente,tristis,campana,appositus,crur,quas,75,23.00678661970973,31,incidunt,3,0,1,false,0.20484326830073016,2025-10-03T17:29:10.410Z,"Hickle, West and Schulist",true
65ef994d-4a21-42c2-8170-7f55c5a81b31,2023-07-13T19:36:09.991Z,West Amarabury,Kentucky,Martinique,57.8097,80.0474,curatio,verus,denuo,cunae,xiphias,celer,aliquam,102,84.38338478098132,23,capitulus,5,2,4,false,0.15747222391101362,2018-06-27T19:38:50.574Z,"Hahn, Tillman and Powlowski",true
8464edae-c9a4-47d8-a569-d5dddbc827ba,2021-06-16T05:51:56.038Z,West Willy,Nevada,Guernsey,-39.9258,-60.4823,attero,victus,commodo,eius,tenus,numquam,advenio,130,194.70521412733595,53,auctus,5,0,2,true,0.24767361244945893,2022-07-09T12:45:45.043Z,Stark Inc,true
4159dafd-c1c7-43c6-8339-0a96a611bf96,2018-04-18T01:32:42.843Z,Carlieton,Louisiana,Saudi Arabia,-68.4991,-176.0526,cibus,reprehenderit,cibus,tantum,nesciunt,minus,tabula,69,174.80859682392622,56,denuncio,2,1,3,true,0.1950154574099157,2022-12-19T22:34:06.121Z,Senger and Sons,true
4b4ec15a-8b23-46e3-85d7-59cb8af34530,2018-05-28T20:31:34.772Z,Port Bettyestad,New Mexico,Haiti,29.0755,-93.0117,cibo,statua,peccatus,corrumpo,ad,alii,aestivus,109,47.543616319374344,57,adipisci,0,0,2,false,0.19058755740568317,2024-06-15T04:48:40.563Z,Gerhold - Deckow,false
a2859b69-3002-459e-be9b-b0994ccf869d,2021-08-10T03:48:32.418Z,St. Peters,South Carolina,Bahamas,-21.8823,45.7045,provident,triumphus,ventito,cupiditas,apostolus,dolor,confero,100,188.70361706097876,87,ter,0,0,1,true,0.023719924742178822,2024-09-14T07:15:30.060Z,Haley LLC,false
808dcde4-4553-4898-8fc6-279e6a47adfa,2024-06-04T18:52:49.133Z,Alexstead,Nevada,Turkmenistan,40.3317,-157.6014,architecto,fuga,absque,aiunt,laboriosam,utrimque,trepide,84,108.84210721714324,81,desparatus,6,2,5,false,0.09503518823110649,2018-06-30T14:14:15.457Z,Hermann Group,true
7eb1c2cc-e351-4763-a1e2-1f002d3b6e59,2023-03-06T10:05:36.987Z,Abshireport,Alaska,Slovenia,-84.7935,61.5209,copiose,blanditiis,atqui,statim,videlicet,temperantia,tergum,120,79.57962286628548,72,depereo,1,1,3,true,0.015277412372872251,2020-03-30T12:35:34.551Z,"Terry, Cartwright and Gorczany",false
83a3b65b-6057-45ae-a9ea-33f2bd7b9460,2019-01-26T12:33:49.665Z,East Kirstin,Rhode Island,Tuvalu,43.253,82.0677,artificiose,vox,tardus,curatio,coniecto,contigo,cubicularis,93,168.87655857888333,56,uterque,6,0,5,true,0.14341730294354657,2025-03-28T19:20:18.902Z,"Jenkins, Maggio and Marquardt",true
138eafd5-a97b-4318-b796-353b6242c6a6,2024-09-17T21:42:27.961Z,East Fredville,Illinois,Jordan,29.0384,138.2649,aeternus,adhuc,similique,autus,volup,tardus,spero,48,169.85808797065772,51,umbra,0,2,5,true,0.043706247555984096,2025-01-25T00:01:04.334Z,O'Reilly and Sons,false
b3972343-9a2e-48c1-8d96-be1f8814f3a8,2023-12-04T02:43:42.661Z,Rogahnbury,New Hampshire,Monaco,-43.3216,-18.9308,eum,crastinus,censura,facere,beneficium,cilicium,consequatur,86,43.35420828284245,90,adnuo,3,1,1,false,0.030893592809824094,2023-06-01T10:50:39.041Z,Collins - Glover,true
92eb9eed-a2b7-4841-ba51-815ec8408427,2023-09-21T03:44:29.425Z,Seanside,Texas,Italy,-5.4856,67.0533,nemo,damnatio,explicabo,pax,temperantia,certe,copiose,123,14.668531051317917,21,cultellus,2,1,3,true,0.22234874263980337,2020-12-05T17:55:46.714Z,"Collier, Farrell and Veum",false
1961f965-4f02-4e42-b835-153bcffb5a34,2022-09-01T15:06:41.183Z,East Jorgeboro,Delaware,Kazakhstan,48.4258,-154.5033,vorago,causa,maiores,denique,deripio,sumptus,circumvenio,113,157.62509047219731,37,defendo,2,2,3,false,0.0044647894076603745,2024-12-20T10:43:50.366Z,"Zboncak, Kerluke and Greenholt",false
f8dc2572-aa27-4f0a-9757-7a2a6dac836b,2020-08-02T03:08:10.792Z,Victorville,Minnesota,Eswatini,65.1454,-20.7206,ultio,sint,ultio,audentia,corpus,vulticulus,averto,85,84.82922410787774,45,advenio,3,0,2,false,0.024815724304701026,2023-01-18T15:41:56.080Z,Lesch - Paucek,true
a3aa6844-c428-4ff8-965b-862d87262e6b,2023-06-08T17:47:14.637Z,New Gregfort,Delaware,Palestine,86.8619,-138.2166,adaugeo,atrocitas,chirographum,distinctio,urbanus,defetiscor,candidus,102,140.71789788167618,66,clibanus,2,1,4,true,0.17106839849324068,2020-03-14T21:49:18.881Z,Effertz and Sons,false
88dbbe71-d993-4aac-a930-efc010b6104f,2018-05-23T22:40:32.628Z,Port Sammyfield,Arizona,Montenegro,-5.4722,137.1964,talis,quidem,crur,aegre,vere,aiunt,calco,57,92.09868786635886,57,vetus,2,0,2,true,0.19445961824329908,2024-12-16T02:55:27.313Z,Volkman Group,false
8af160c4-9a23-4b8f-97d1-60c8eb7fc156,2025-10-22T23:41:20.124Z,Doylebury,North Dakota,Nepal,80.6883,-127.2132,speculum,cum,stips,cohaero,desino,certe,suppellex,87,92.52228651734215,22,paens,6,1,1,true,0.1129469799254395,2018-12-27T20:06:25.940Z,Wunsch Group,true
334c564d-63fa-4688-a8b7-81ca09f85eee,2019-03-09T21:41:28.464Z,Karleemouth,Maine,Zimbabwe,-66.92,-95.2112,voluptatem,viscus,claudeo,succedo,theca,demum,vetus,121,170.01877240430508,83,facere,4,2,3,false,0.1280865614079478,2023-06-03T05:53:41.764Z,Larkin Inc,true
403b9d4f-db30-4cb7-8aef-94589b832515,2025-06-07T13:44:28.924Z,Hammesfort,New Mexico,"Virgin Islands, British",-66.7503,6.6538,bardus,sto,similique,una,supellex,circumvenio,armarium,121,95.43315367292641,76,solus,1,2,4,true,0.18726475124629724,2019-06-16T22:44:21.101Z,Osinski - Langosh,true
76fd37dc-2650-4a82-8bf3-52f8b962ed89,2023-03-11T00:46:22.062Z,Fort Anika,Kentucky,Faroe Islands,67.9455,36.8259,ante,depopulo,cenaculum,neque,adstringo,audeo,deduco,51,1.712509956206194,99,audentia,6,1,2,true,0.1615583254136512,2019-09-12T00:02:01.996Z,Hessel - Murazik,true
fcfa0750-4b37-4bf3-ae3f-f9106caebe28,2022-10-09T16:36:39.246Z,North Cassie,Alaska,Saint Lucia,-41.0682,-95.899,vis,substantia,substantia,vorago,valde,arbitro,astrum,27,99.41521299321037,71,socius,6,1,3,false,0.18974099081171633,2024-05-28T09:12:39.176Z,"O'Kon, Goodwin and Muller",false
3995dcf3-e708-459c-9dfd-18fbbb968dd6,2021-01-06T21:24:33.813Z,Fort Winnifred,Massachusetts,Malawi,-44.1977,164.6558,tergo,aduro,curriculum,verumtamen,rerum,decet,verumtamen,84,73.37545102394708,56,credo,0,1,2,false,0.02589046198248446,2023-01-18T02:47:22.316Z,Fahey - Raynor,true
93a7a957-51c6-46db-8f4d-184359de65f6,2025-04-07T07:18:31.040Z,West Abnerville,Iowa,Antigua and Barbuda,71.1619,66.194,vilis,sumptus,curo,aperiam,occaecati,ventosus,est,63,18.505118124921943,85,aestus,3,0,5,false,0.2363218595244231,2019-01-19T04:07:01.658Z,"Sauer, Zieme and Gleason",true
351bcab1-7d2d-49b3-92c3-f931c944a21c,2019-05-22T02:01:03.886Z,North Oliverland,Pennsylvania,United Kingdom,-14.637,68.74,vetus,suppono,odit,charisma,voluptas,catena,peccatus,82,132.5383210502283,65,bos,6,2,2,true,0.20255558842241297,2022-11-10T21:46:41.001Z,"Hegmann, Schaefer and Crist",false
02c781f0-d175-4588-bf35-ef1f36c14b76,2023-05-04T16:32:32.881Z,Fort Savannah,Alabama,Vietnam,-17.9234,0.4948,tabgo,vestigium,cupio,tui,summopere,quas,sponte,47,148.9086698155857,96,sui,4,0,3,false,0.0470826569963928,2025-07-20T00:49:45.378Z,Labadie and Sons,false
f89be916-8ea6-4903-8d04-ab745c1653a8,2020-08-04T18:57:18.677Z,Oklahoma City,Alaska,Slovenia,-84.5828,75.7469,arguo,votum,agnitio,apparatus,pecco,bis,ullus,119,37.73144723404158,29,tardus,0,2,1,true,0.051121042836372504,2024-05-23T03:28:02.084Z,Bashirian - Sawayn,false
8bf10662-07ac-4ee5-8660-ed1d0232faf6,2018-12-31T14:22:09.028Z,Haagcester,New Hampshire,Saint Martin,20.528,-68.0426,pauci,amissio,deficio,arcus,arca,ab,odit,24,226.6153108633472,86,praesentium,2,1,4,true,0.06897690359770087,2019-12-08T03:54:19.526Z,Sauer Group,false
28f00436-bb4b-484d-9e12-dce942bb4b53,2020-11-04T19:45:48.826Z,South Lessie,Oklahoma,Oman,-45.5197,27.3095,dapifer,verecundia,dignissimos,corpus,voluptas,patior,vinculum,85,10.921378545210993,46,consequuntur,4,0,4,false,0.1677416330017141,2022-07-05T13:12:59.753Z,Zemlak - Wolf,true
24094d46-afc6-4d48-a314-6fbcb848a6b2,2021-01-29T08:31:25.050Z,Denesikview,South Carolina,Oman,-73.8886,32.0393,canonicus,maxime,capitulus,curiositas,blandior,vomito,cornu,40,105.89956258909456,59,uterque,1,2,3,true,0.116108085392497,2022-11-19T23:05:41.776Z,"Ryan, Effertz and Wilkinson",false
ef00b1d0-36d2-483b-be92-041b77e426fe,2021-10-26T03:36:26.609Z,Bozeman,Indiana,Malawi,-25.3384,135.7775,cunctatio,sunt,thymum,terminatio,cupiditas,ultra,valeo,83,12.448978830902613,65,theatrum,1,1,2,false,0.002268803726998808,2020-01-22T01:12:51.641Z,"Davis, Kuphal and Parker",false
a61d0921-d250-4e67-8a69-49b7f33d7e99,2019-05-02T07:55:45.799Z,Lake Althea,Connecticut,Nepal,80.2559,97.9224,somniculosus,creber,ante,ascit,summisse,solutio,decerno,33,72.80442951011071,30,beatus,1,1,4,true,0.031350973676876115,2025-12-20T04:23:36.800Z,"Harris, Rice and Willms",true
a6e45944-be2e-4561-be9e-8cb1e3803a79,2019-05-21T12:39:18.364Z,South Kameronboro,Colorado,Serbia,-32.6141,74.5982,blanditiis,conor,cupio,venustas,adfectus,assentator,atrox,122,109.22874448215269,68,tergo,3,1,4,false,0.2223046256324302,2022-08-19T07:24:52.548Z,"Jacobson, Hyatt and Ziemann",true
f3a081b1-f892-400c-96e5-c1747561d6a2,2023-02-14T22:34:17.509Z,Jenniferberg,Nevada,Tanzania,-9.5232,131.3239,viriliter,altus,vaco,alii,quia,creo,valde,114,195.6789030145301,92,aegrus,2,1,1,true,0.006239751860699194,2022-02-12T09:01:15.810Z,Rohan Group,false
9cf9e31e-20f6-4d69-a37f-45d7d9e48e99,2022-06-07T18:50:53.359Z,Port Dawnmouth,Wyoming,British Indian Ocean Territory (Chagos Archipelago),10.3978,-17.1623,cubo,dolore,pariatur,angulus,nisi,abutor,dapifer,116,168.01699494180917,33,spoliatio,6,2,3,false,0.02224641918242773,2022-06-07T17:06:06.542Z,Kris - Yost,true
e1be751f-8e32-471e-bdaa-5e03a7d24358,2025-01-15T12:09:16.584Z,Abelardoland,Georgia,Cambodia,-43.4883,116.8831,varius,vivo,cui,terminatio,spiritus,stipes,vinco,124,234.97266936084216,48,arguo,3,1,4,false,0.042210271233714375,2018-08-06T05:50:44.960Z,Bogisich - Wisoky,false
f99ab92a-500f-4bc4-ae8b-6aff7517c8a3,2025-07-30T21:40:28.973Z,Fort Danny,Louisiana,Trinidad and Tobago,27.109,122.5731,voro,caveo,nemo,tempore,abduco,peior,conicio,123,184.78516617995703,81,tepidus,0,1,2,true,0.09974251865671516,2023-09-13T17:21:35.076Z,Kovacek LLC,true
38c71274-6079-4874-8a16-8d4727971080,2023-04-20T23:09:27.688Z,Rossstad,Iowa,Iran,9.1806,-14.8075,cena,turbo,tactus,praesentium,speculum,debilito,cunctatio,104,161.66723288027268,19,admiratio,6,1,5,false,0.036479557155688264,2021-09-09T14:02:43.321Z,"Gusikowski, Green and Waters",false
b84da187-7b53-423e-95d9-1340a2dc48bd,2021-08-08T07:07:12.724Z,Marisaberg,West Virginia,Guinea-Bissau,41.4886,-110.3429,ago,surgo,casso,tempore,voro,thema,caries,122,216.3806261678575,98,atrocitas,1,0,3,true,0.2422725075091754,2020-06-22T05:48:15.633Z,Lowe and Sons,true
00f5653f-0a77-46a2-bed6-819d7495b1f5,2022-06-13T13:45:49.265Z,New Rowena,Utah,Fiji,-34.5127,44.1077,patior,certus,utrimque,tactus,capto,sub,agnitio,109,229.57586720789206,32,sponte,3,2,5,false,0.08553201974853639,2019-11-18T02:40:50.810Z,"Connelly, Aufderhar and Stokes",true
10447976-9616-4017-9250-e98daa8eef14,2018-10-07T19:02:31.236Z,Henrichester,Alaska,Saint Helena,35.316,-64.144,tero,cattus,accendo,demonstro,voluptatem,modi,tempore,57,13.22063080172092,66,tempore,3,2,3,true,0.031041817486457207,2021-04-24T17:20:11.647Z,Bogan - Torp,true
766d6006-e2b9-4045-9eb6-3759dc76d8a4,2024-05-06T07:28:36.790Z,Mathiasville,Georgia,Netherlands,-82.3194,-4.1242,alius,vel,tripudio,defleo,suppellex,cubicularis,deduco,89,56.4398836274265,47,amita,4,1,4,true,0.20900534173104632,2018-07-19T08:54:21.927Z,Flatley Group,true
24d01a3c-5c68-4af4-ba39-644dd4b3e2e4,2018-10-05T18:31:55.360Z,Gagechester,Delaware,French Polynesia,-55.0058,-57.3526,tero,culpa,architecto,suggero,artificiose,condico,addo,128,220.21218301860807,46,acerbitas,6,2,1,true,0.21811914592363063,2021-09-09T15:19:58.614Z,Howell - Streich,false
ada00898-f80f-4131-b0be-2885a89d50d4,2019-07-06T01:02:59.856Z,West Doylestead,South Carolina,Malaysia,-5.9127,-4.5788,comedo,ventosus,synagoga,theologus,admoveo,damnatio,appello,118,154.14300933269465,47,crapula,0,2,1,true,0.010810888153928722,2018-02-28T14:51:15.599Z,Rice Group,true
50ed22d0-613b-4092-a8dc-5a7143119513,2023-11-08T19:42:30.568Z,Davis,Wisconsin,Turks and Caicos Islands,68.7554,12.0986,amiculum,cognomen,verus,crapula,ex,barba,contabesco,124,79.02625284527288,46,degenero,6,0,1,false,0.059543705948115866,2025-03-09T15:41:08.186Z,"Little, Stark and Wolff",false
f1dcd792-487f-4dce-9c63-e4b3bf08cd1e,2025-02-05T22:17:29.428Z,Abigaylebury,Nevada,Namibia,-4.6429,-57.4515,magni,censura,sequi,vinitor,defluo,argentum,neque,105,96.60349857920359,84,vomica,3,1,1,true,0.12213983192847752,2024-05-15T10:13:45.463Z,"Gislason, Armstrong and Blick",false
8c55a31a-0eda-4959-8a98-972da4f7c368,2020-12-21T16:04:13.864Z,Marshallview,Texas,Republic of Korea,-16.7942,-167.8228,tot,arx,corrumpo,amita,appositus,advenio,nisi,84,119.38817794487264,49,cupressus,0,0,3,false,0.11274382502047284,2018-02-11T23:13:15.309Z,"Parker, Rutherford and Reilly",false
00a07174-8ba8-485f-b52d-eaac270a2988,2021-06-29T15:35:57.444Z,Nashville-Davidson,Michigan,Fiji,54.3293,-90.2056,sub,solitudo,ademptio,congregatio,cui,velit,cuppedia,22,227.15881958093203,92,dolore,4,2,4,false,0.05503977070670238,2023-03-22T12:22:22.703Z,Douglas LLC,false
f29913b1-102c-4cb2-b805-4b8aecd2c31c,2021-08-20T09:55:41.487Z,North Darrin,Arizona,Liechtenstein,28.5682,152.9258,adiuvo,arca,crustulum,confido,vacuus,perferendis,vaco,74,160.23670096520289,29,confero,6,1,5,false,0.18337053501923314,2021-03-15T02:37:26.309Z,Thiel - Goldner,false
f1cece45-cb1b-45e7-b894-9ec9e46afadb,2020-01-09T23:54:24.859Z,East Reta,Kansas,Brazil,52.8688,-90.4506,voluptatem,ullam,amoveo,textilis,perspiciatis,vesper,arcesso,57,219.77303869543834,52,compono,6,1,1,false,0.1302476283907665,2021-06-26T10:33:01.633Z,"Hoppe, Dare and Dietrich",true
75c7accc-8b18-423c-be7d-67b34e8ab3df,2019-06-15T23:57:07.213Z,Howellshire,Massachusetts,United Kingdom,-45.9534,153.0111,tabesco,suscipit,trucido,cauda,cenaculum,decens,varius,104,51.818026368771896,46,audentia,2,0,2,false,0.10264130572800248,2024-01-21T14:21:43.872Z,Lang - Heaney,false
5b18fbfc-75c3-46ae-bad9-1c718e37e6ba,2023-04-17T05:56:33.406Z,Jerodshire,Virginia,United States of America,28.993,-140.2842,tabgo,aggero,careo,ultio,curo,tersus,votum,67,67.94289768005495,95,apparatus,3,0,1,false,0.13479465101864585,2023-11-13T08:30:28.299Z,Kemmer LLC,false
c44645d9-6d9d-46dd-8e32-85ac7f9548f4,2020-06-20T19:26:36.539Z,Considineton,Iowa,Cuba,-13.303,178.3903,atqui,culpa,aveho,varietas,asporto,caecus,delectatio,97,154.58084524463334,32,ciminatio,5,0,2,true,0.15176809182133275,2019-05-28T23:25:56.225Z,"Gleason, Prohaska and Shanahan",true
6d327f77-652f-41ed-9bf1-4b4ff2f3178e,2020-11-20T20:08:41.586Z,Lake Dereck,Missouri,Belize,3.3918,109.362,caecus,claustrum,contego,verbum,asporto,curso,theatrum,53,22.125392996644877,95,abundans,1,2,3,true,0.13137787995984673,2021-05-15T10:19:35.220Z,Kuhlman - Barton,true
aba9609a-8d58-45f3-9ea6-8717f5bdecf7,2025-11-04T09:17:41.665Z,North Alyshaworth,North Carolina,Kuwait,52.7865,-51.4972,temptatio,tergo,ambulo,admoveo,error,currus,barba,47,214.38833634668524,88,tamdiu,0,0,2,false,0.2247758826914375,2020-10-19T13:09:25.826Z,Predovic and Sons,false
e663da74-f6cb-4021-9ab5-b02211ff45c0,2018-05-20T14:12:48.152Z,Walnut Creek,Missouri,Palestine,-40.3721,133.0201,tonsor,dens,ascisco,infit,distinctio,conitor,theologus,25,164.1153949870263,30,universe,4,2,2,true,0.07568163738007291,2020-05-25T07:42:06.807Z,Collins Inc,true
d877f4d9-95b8-49e4-b0d9-cad70d7c8b1f,2025-06-07T04:50:00.466Z,Apex,Illinois,Bahrain,47.3357,54.417,speciosus,copia,curtus,cunae,adinventitias,tripudio,voveo,20,190.71783978214475,60,denique,3,0,2,false,0.0733205443390591,2024-12-12T21:08:12.038Z,Herzog Group,false
245e2ef3-2dda-4a61-90c6-42d0c3ae5280,2023-04-30T15:47:57.383Z,Stoltenbergstad,North Dakota,Turkey,32.8648,-13.5235,careo,sui,trado,canonicus,curto,avarus,decerno,99,75.0138361174715,65,clementia,4,0,2,false,0.054825342353057555,2023-08-20T06:50:24.375Z,Fay - Cormier,true
8e3583fa-be19-40f4-94a5-c262753ef5de,2023-05-10T03:36:19.043Z,Fort Wilton,South Carolina,Tonga,82.0282,111.8576,succedo,tener,tamisium,nihil,derideo,crebro,abstergo,21,194.4603335517103,55,clibanus,3,2,5,true,0.1879223293014845,2024-02-16T01:21:33.013Z,West and Sons,true
77345f56-d049-437b-ba53-924e7d1db0c8,2021-06-13T19:02:48.024Z,Jaydenfort,Montana,Tunisia,75.3541,8.7889,texo,peior,canto,tandem,distinctio,tamen,debitis,96,230.03824560364907,100,velut,4,1,5,true,0.13758012252224056,2023-08-04T21:27:33.786Z,Murphy - Kautzer,false
5ab8acff-e042-4fc5-b3b5-9b120eb27262,2022-07-18T04:53:07.260Z,New Giannishire,Texas,Namibia,61.2245,54.594,autem,dignissimos,aranea,cur,veritatis,adhuc,abstergo,90,146.17160509686755,86,crebro,2,1,3,false,0.09603693083400094,2019-06-08T17:45:06.376Z,"Lemke, Wiegand and Brekke",false
e277d128-96bf-4ed1-a22c-6b61de01f507,2024-07-19T10:25:24.992Z,New Revaland,Colorado,Nicaragua,1.1795,-5.8917,tempus,vitae,amplitudo,qui,aureus,curia,dens,81,222.55732104896254,37,spectaculum,3,0,2,false,0.005665128650251677,2020-10-06T10:44:09.348Z,Purdy Inc,true
3d8e1cbb-2468-4f0d-aaee-1271e29ff9c1,2020-03-23T22:30:57.645Z,East Wilton,Washington,Lesotho,-17.8676,-175.2153,comes,studio,occaecati,tabernus,vomer,cresco,turba,85,95.4168037383686,60,aperiam,6,2,2,false,0.1621638256357233,2020-04-16T19:25:43.780Z,Ernser - Satterfield,false
f506bbc2-d0ed-4218-9e8e-ac3f7a03ed6e,2021-11-22T21:47:51.270Z,South Sylvia,Mississippi,Spain,-43.6194,123.9686,dens,adaugeo,adicio,vesper,id,vinco,apto,78,96.30728567560628,25,cur,3,0,1,true,0.17916733456810255,2021-02-22T23:40:40.993Z,"Ruecker, Kessler and Purdy",false
32840e0c-c95c-4597-8d0d-9f3278ce66ab,2023-05-01T18:07:58.421Z,Lowestad,Washington,Croatia,-49.5375,-28.9686,carpo,trado,decor,comprehendo,labore,subito,amoveo,78,233.40291955500808,84,sumo,0,2,1,true,0.09043201536089696,2018-05-20T16:01:05.449Z,Lubowitz - Stark,false
a8ca448f-970e-48bd-8f2f-819d09e6ce31,2019-11-06T14:10:23.632Z,South Guadalupe,Texas,Liberia,30.351,108.7305,ipsam,substantia,cura,repellat,statim,pecus,aut,42,33.640390879555255,47,accedo,5,1,5,true,0.1227125267077821,2020-01-13T21:08:41.292Z,Dietrich and Sons,true
54d09fd1-a7ad-46b6-b66b-bc7637686833,2022-02-26T14:17:32.676Z,South Eloise,Illinois,Thailand,-37.3397,4.9447,tabella,cunabula,recusandae,admoveo,deludo,praesentium,carpo,89,35.368042325605735,21,velut,0,1,3,true,0.008449728060086314,2022-04-13T11:16:43.764Z,Luettgen - Block,true
665ed294-b0da-4360-90ad-4833660b03db,2024-07-13T06:45:32.838Z,West Asia,Illinois,Botswana,37.8465,69.7862,aiunt,degero,tutamen,tondeo,corpus,ustilo,argumentum,117,57.34636593393628,94,conicio,6,2,4,false,0.005550255531953319,2023-03-03T07:22:10.524Z,"Wilderman, Schaefer and Wiegand",false
6eb1c6cc-8dbf-4f09-903e-9bececda3a54,2020-03-01T09:26:16.276Z,Casperburgh,Maryland,Heard Island and McDonald Islands,-34.3276,-134.4815,torqueo,delinquo,sub,ara,balbus,campana,una,39,110.94818837754838,96,aduro,0,2,3,false,0.20557008121866446,2023-05-28T19:40:22.712Z,Kertzmann and Sons,true
aa707dfc-0517-4b3b-8f82-b7908c6a82d2,2021-04-27T05:39:22.762Z,Lake Ottiston,Hawaii,Dominica,-67.9704,141.3336,sum,credo,ipsa,conitor,adsidue,solum,atavus,41,44.02502272792938,18,rem,6,1,1,true,0.24937557039681504,2022-06-11T04:51:08.340Z,Block Inc,false
6558412a-f52b-488a-8b26-1c9324132bd6,2018-09-18T03:20:17.326Z,South Jody,Oregon,Gambia,27.7197,42.8028,carcer,verumtamen,defungo,adicio,viduo,cuius,super,46,148.72221360818548,69,teneo,0,2,2,false,0.1675043245357473,2025-03-03T02:46:20.347Z,Buckridge Group,false
8bae011f-2099-457b-9f5f-9399873b2566,2020-03-16T13:43:45.969Z,West Nolan,New York,Greece,40.7258,74.0017,verbum,tibi,conqueror,cogo,adulatio,baiulus,calcar,24,45.383019653493825,36,territo,5,2,4,true,0.08756339062957247,2020-04-05T06:51:03.347Z,"Dickinson, Feest and Vandervort",true
0b82483f-7cdf-47d8-b3b5-6a3144dbd7db,2025-12-01T03:43:21.019Z,East Arnulfoville,Montana,Wallis and Futuna,-19.9,-30.0243,vulgivagus,spiritus,suspendo,tum,collum,repellendus,cruciamentum,112,86.86482842539617,34,paens,6,0,1,false,0.08368454876808382,2020-02-20T05:47:05.021Z,"Daniel, Crooks and Kovacek",true
a3402d10-92b1-40f5-b345-10591cfab707,2019-12-29T11:36:10.600Z,Lylaworth,Nevada,Costa Rica,36.3354,-102.1548,carmen,conduco,supplanto,arbor,vae,volva,cultellus,100,57.74821602803363,33,asperiores,0,2,1,true,0.12617274647848548,2024-12-08T21:18:14.024Z,"Hammes, Roberts and Krajcik",true
d96e6942-2113-446a-aaa6-d495b0125631,2022-04-08T16:23:55.352Z,Jeffersonville,Florida,Seychelles,0.6682,6.3825,tenax,vicissitudo,rem,cicuta,deleniti,amplitudo,tamquam,119,183.48423642468978,94,eligendi,2,2,4,true,0.16381476629367875,2018-10-11T01:44:17.283Z,Grimes - Lindgren,true
5250a724-9e08-400c-b964-3f0f9406401c,2018-01-25T23:59:05.914Z,Watsicacester,Virginia,Israel,-39.4292,-143.0698,triumphus,pariatur,tantillus,vilicus,debilito,suscipit,amplexus,45,92.53673166635187,16,tero,6,2,5,true,0.005635797867973247,2023-03-14T21:18:45.383Z,Murazik - Halvorson,false