accident_id,incident_datetime,city,state,country,latitude,longitude,road_name,road_type,intersection_type,accident_type,weather_condition,road_condition,light_condition,speed_limit,actual_speed_kph,driver_age,driver_gender,casualties,fatalities,vehicles_involved,alcohol_influence,blood_alcohol_level,weather_reported_at,reporting_department,pedestrian_involved
6dbc249f-41d9-4a34-b9dc-ce0530c11cc8,2019-05-09T01:16:17.237Z,Loweburgh,Wisconsin,Falkland Islands (Malvinas),-85.7342,116.6787,tripudio,vito,explicabo,vis,quos,cernuus,amiculum,24,19.60480839942548,55,adversus,4,1,3,true,0.014845618574250985,2018-12-31T10:50:21.964Z,Orn - Brakus,false
32e336bf-7bf9-41cd-b4d8-bcf3387ec59d,2022-08-24T22:48:47.412Z,Pasqualestead,Pennsylvania,Ethiopia,-7.9738,162.9985,arguo,utor,ultio,copia,odit,doloremque,amaritudo,126,222.41653136212807,57,ipsum,0,0,5,true,0.1434129688857557,2023-04-10T09:35:51.429Z,"Treutel, Smith and Wiegand",false
8db44a39-81a5-4f45-84c8-1a39f1695aeb,2020-08-20T03:24:21.273Z,North Miami,South Dakota,Heard Island and McDonald Islands,-14.8844,38.8138,omnis,in,vis,claustrum,totam,laborum,quam,91,16.76140310447127,26,crux,6,1,3,true,0.047760451769968126,2022-03-20T19:40:19.473Z,Abernathy Inc,true
13f39a2a-fb7e-42ab-8523-7527aa43c216,2020-10-03T20:02:28.620Z,Pine Bluff,Utah,Albania,39.2746,120.8127,ipsa,centum,universe,succurro,ter,turpis,corpus,75,195.30079447975075,56,nulla,2,2,5,false,0.11126143891101031,2018-01-11T14:20:38.362Z,Howe - Turcotte,false
4c9dd360-e49e-4fed-8856-642904e52afd,2019-06-08T13:18:13.899Z,South Anastacio,Delaware,Nauru,-32.008,-9.2983,error,tibi,ulterius,conqueror,dolorem,turbo,assumenda,70,123.83803265103496,48,deludo,1,0,5,true,0.0471738500310343,2024-12-19T14:46:07.253Z,"Rogahn, Buckridge and Gislason",true
39e75bc0-6c01-4736-ae34-9a5466354244,2019-11-20T06:34:38.936Z,Port Ezequielstad,Nebraska,Slovakia,37.515,57.3502,aperte,iste,venia,absconditus,atrox,bellicus,subito,45,168.0009903744233,93,depopulo,5,0,5,false,0.238157077172877,2020-03-04T03:12:25.289Z,Doyle - Conroy,false
2208eb31-6c7b-49c8-9d35-301c46f169fa,2018-07-17T19:36:44.168Z,Bernhardville,Missouri,Timor-Leste,-26.91,-64.2402,velut,sonitus,corpus,nobis,atrox,commemoro,administratio,32,201.32527233429192,40,paulatim,5,2,2,true,0.14127896466257406,2023-01-04T08:50:37.731Z,VonRueden - Windler,true
a0023623-ca22-4243-90bf-e9321eb0fc95,2019-04-15T05:24:48.576Z,Walterland,Connecticut,Latvia,-15.4046,-40.1451,temporibus,compello,corrupti,ustulo,suscipio,consequatur,capio,27,237.29130764702242,100,depereo,5,2,1,true,0.19775663136881788,2020-07-27T10:38:04.177Z,Kuhlman Group,false
05428c0d-6199-493a-87a7-97e84bf95e97,2019-05-04T11:19:33.591Z,MacGyverstead,Michigan,Nicaragua,-11.1115,179.3793,cohaero,vir,bibo,curia,antepono,spiritus,validus,82,191.27300587045443,22,subito,2,2,4,true,0.23078010205815933,2022-11-24T17:36:27.008Z,Lakin - O'Keefe,true
298c7b9d-269b-48ea-bf90-38d7364a9c68,2025-06-22T06:20:55.118Z,Port Jalynstad,Mississippi,French Southern Territories,3.6149,80.2071,comburo,denego,caelum,officia,tutamen,officia,voluptate,102,46.6997922543575,32,solvo,3,0,1,false,0.161275470223251,2021-11-15T19:39:41.095Z,"Rutherford, Kris and Doyle",true
b1e41550-930f-4fb8-8e64-a95b6b63a74f,2023-09-16T12:39:01.840Z,Alisafort,Washington,Panama,-0.4754,37.4386,cognomen,demergo,debilito,curatio,admoneo,voluptate,strues,119,214.5504106839126,69,tres,2,0,2,false,0.19870824377581184,2019-01-17T19:29:47.295Z,Dickens - Mitchell,true
b4f0d4ff-9bb0-487e-b254-0ac74721f954,2022-12-04T02:26:30.472Z,South Gate,Oregon,Moldova,80.3649,-16.0448,canto,cerno,tripudio,uredo,suasoria,defungo,deserunt,30,83.61724769389397,37,decipio,5,1,4,true,0.04187437392107324,2022-04-23T08:53:27.023Z,Kertzmann LLC,true
5f98a0f7-064b-4638-87f2-eb2095adad0a,2024-09-10T07:32:07.170Z,North Jeanton,Arizona,Monaco,13.982,-4.4829,coma,cumque,amissio,sperno,theca,theatrum,ars,99,187.32278699705307,98,ventus,6,2,5,true,0.02185531363702589,2019-04-09T18:04:03.860Z,Leannon LLC,false
d17250e3-2e8b-4bfd-aeb9-f587a65b181f,2024-08-03T08:38:54.223Z,Millerport,New Mexico,Bermuda,46.3168,171.2522,cibo,damnatio,officiis,rem,volaticus,tempore,tener,21,154.9674302718532,83,vomica,2,2,4,false,0.04904477216655326,2018-10-26T16:09:31.504Z,"Konopelski, Rice and Bode",false
98f8d0db-eec5-4de6-a439-6403878f096d,2024-08-06T11:40:03.756Z,Keatonborough,Kansas,United Arab Emirates,-6.8769,-13.8555,ver,cupiditas,turpis,tam,comminor,vivo,auxilium,91,160.26938337601896,80,aegrus,2,2,2,true,0.17568071072379157,2025-05-11T21:56:58.098Z,Goyette LLC,true
41a41912-82de-4938-9a9d-5816f960af62,2024-06-19T18:15:06.608Z,Cortezborough,Kentucky,Martinique,86.2088,176.6687,comparo,tumultus,decipio,appono,cernuus,vorax,valde,95,171.0085100692208,95,curia,1,2,2,false,0.14178186426557243,2021-01-13T20:58:35.771Z,"Bednar, Schroeder and Bernhard",true
62d09386-71ac-445d-b1b5-b4489c7a68bc,2020-08-20T01:03:52.822Z,Laurenshire,Delaware,Guatemala,-69.5561,14.5276,deorsum,depulso,arbustum,aggero,universe,iste,decet,118,149.64137784832806,42,provident,2,0,4,false,0.0043616185914505945,2019-06-30T14:46:26.159Z,Huels Group,false
e69d3aa6-6d63-43f1-b315-4cb4daab1faa,2025-09-19T22:32:47.139Z,Wisokymouth,New Hampshire,Saudi Arabia,-80.6231,158.7982,cicuta,curtus,animadverto,ubi,carbo,cohaero,advenio,122,11.030776793908794,75,possimus,1,2,3,true,0.06833273632996148,2025-11-23T13:54:26.203Z,Reichel - Johnston,true
43d0bdb3-dcfb-41e9-a187-f73d785f3881,2018-09-18T19:12:20.809Z,Mullerview,South Dakota,Bahrain,8.1468,-95.4505,sed,arcus,aequus,cognatus,somnus,aegrotatio,quae,74,161.94149224366151,98,subiungo,1,1,5,true,0.15566802377458203,2025-08-16T05:49:46.117Z,Hansen LLC,false
9d43b49f-3111-432a-aa10-efdc78b2afe6,2022-03-29T05:30:47.825Z,Bentonville,Kansas,South Sudan,75.6097,-116.8456,comptus,certus,aliqua,velum,coaegresco,adipiscor,suppellex,102,14.262904513782448,92,aer,1,1,2,true,0.20211010464466517,2021-01-07T23:40:08.851Z,Fay - Hintz,true
a3d131f7-172e-4cd5-96a0-9cd81bd66ccd,2025-06-08T01:58:56.703Z,Brownsville,Oklahoma,United Arab Emirates,72.6299,33.2495,perspiciatis,dolor,adipisci,verbera,ulciscor,suffoco,voluntarius,69,194.24352543162837,98,cunctatio,5,2,1,true,0.16763481894867602,2023-12-14T00:19:53.247Z,"Bednar, Macejkovic and Donnelly",true
fd7ad4e5-8b04-44f1-9a16-e0e20a79cf1d,2025-03-20T17:54:34.677Z,Lake Eli,Indiana,Myanmar,-51.3408,37.5588,debitis,angulus,cinis,tredecim,succedo,terebro,tolero,35,26.30754829669783,65,venustas,6,1,1,false,0.16246797939915658,2022-11-18T15:50:22.808Z,Anderson Group,true
322eeecc-f318-4e68-bf90-f237062be6c0,2023-09-18T19:05:17.554Z,Tristinland,Idaho,French Polynesia,-19.9961,-18.4848,cattus,suus,benevolentia,demitto,demitto,consuasor,causa,73,37.81462253002364,24,sopor,6,1,4,false,0.23514935814664567,2024-09-16T14:55:49.029Z,Rath Inc,false
8372c943-eb52-4448-9433-eaab4df1abc8,2020-09-02T12:32:52.083Z,Durham,North Dakota,Curacao,36.2207,-68.0433,defungo,tepesco,triduana,brevis,antea,vitiosus,tepesco,120,68.71339012809636,87,ullus,6,1,1,true,0.066650640967167,2022-05-14T13:12:49.405Z,Heathcote - Pollich,true
b0e0ba4d-648f-46dd-815e-41bc3ba10c2e,2018-03-08T13:27:45.618Z,Raynorchester,Mississippi,Ecuador,58.2344,95.7817,timidus,denuo,vinitor,temeritas,coniecto,vereor,perferendis,35,55.635373597074334,65,calculus,1,0,2,false,0.22734495158928655,2024-08-13T12:16:21.362Z,Thiel Inc,true
c6cf1d2f-af7d-4635-8879-f6fca1f22d8b,2024-02-01T16:16:37.303Z,Bergecester,Arkansas,Cameroon,-38.4401,138.9636,defaeco,absum,decretum,tardus,conor,barba,corrupti,121,97.6555934020109,26,ceno,5,1,1,true,0.13089148994507777,2025-01-06T05:34:22.062Z,Padberg Inc,false
a9294eca-3aa7-4d08-b155-9383f531430a,2019-07-06T04:42:11.943Z,Ottilieport,Kentucky,Oman,39.0939,-155.8399,caelum,conturbo,armarium,venio,surculus,comes,urbs,93,137.89845710482615,90,thymum,1,0,5,false,0.21427987065912207,2024-12-15T00:48:19.234Z,"Donnelly, Kessler and Konopelski",false
5383bf6e-bb8e-4708-91f4-98906f124231,2021-03-17T02:12:03.994Z,Sylviashire,Kentucky,Slovenia,54.3671,-1.0872,atque,caput,civis,cresco,tutamen,dedico,tenax,66,217.71352738620183,69,quisquam,5,1,5,true,0.204004685991924,2019-03-12T18:21:13.123Z,Russel and Sons,false
12fc9836-e8cf-4a13-86b2-8cd0a5c40353,2021-05-13T19:24:31.745Z,Inglewood,Michigan,Tokelau,-11.6766,133.4855,aeneus,comes,bellicus,terror,sodalitas,cavus,vilicus,39,83.40499386968378,52,cultellus,5,2,2,false,0.11147551910198655,2025-05-12T07:33:02.623Z,Wintheiser Inc,true
4ef4bf2a-c325-4f50-9fab-ed45ca652c4c,2020-11-11T11:48:52.467Z,Schoenport,New Mexico,Marshall Islands,37.0636,38.5581,xiphias,deleniti,vallum,audeo,vicissitudo,supellex,demergo,128,237.7051968845203,63,ars,3,1,2,false,0.18903296347715368,2018-07-01T08:41:02.266Z,"Zboncak, Boyle and O'Connell",true
189b5234-ad5c-4b6d-9f96-e154ec236a0f,2018-03-17T04:43:32.571Z,Gottliebmouth,Montana,Norway,87.7595,98.4427,appositus,defaeco,attollo,amplexus,adipiscor,caute,cultura,26,215.93837433117676,32,tres,2,2,5,true,0.23399880224786673,2018-09-06T17:52:46.069Z,"Stracke, Monahan and Hegmann",false
25a81976-618c-4ba4-ab22-5096cfb17852,2023-12-20T21:19:09.481Z,Kamrenfield,Delaware,Kenya,-9.0824,109.5684,adeptio,deputo,uberrime,tempore,amiculum,toties,dolorem,27,21.279754302717322,82,umquam,1,2,5,false,0.11293842538798146,2018-10-30T23:57:19.636Z,"Herzog, Kassulke and Cremin",false
4f5eb582-5026-4f18-84fc-5d7f88000ff8,2024-08-08T16:09:47.901Z,South Justine,Minnesota,Norfolk Island,-13.8523,113.4592,tenetur,clamo,alienus,viduo,advenio,anser,facere,125,188.46872936117995,99,vaco,0,1,1,false,0.24928585562589659,2019-10-04T08:10:31.633Z,"Conn, Maggio and Kilback",false
5a2374e9-9f40-4aa8-ba6a-98b3e6ba94e8,2018-10-07T21:07:06.712Z,South Connorbury,Mississippi,Greenland,49.4067,13.888,tergiversatio,ascisco,usitas,peior,verecundia,solio,repudiandae,47,84.67289309555133,47,tyrannus,0,1,5,false,0.23198056355517546,2024-05-14T17:31:19.795Z,Kihn - VonRueden,false
e6875e49-4289-482e-b1c1-7e3d5c3c62cf,2020-09-05T19:56:34.008Z,Buckridgemouth,South Carolina,Cuba,-41.2749,6.6063,molestiae,aut,sono,eligendi,curatio,blanditiis,damnatio,97,122.28155567467435,34,harum,6,1,1,true,0.23575580787120443,2019-04-30T03:39:49.826Z,"Graham, Beer and Wunsch",false
1960e39c-4bde-409c-be65-6e45e43e27fc,2018-11-04T12:22:14.805Z,Smyrna,Nebraska,Paraguay,4.7172,-62.6133,accedo,cornu,creo,advoco,curatio,ocer,carcer,29,201.57573176365477,46,suffragium,6,1,2,false,0.051315253046143955,2021-10-03T15:42:09.602Z,Rice - Steuber,true
149aaea0-d6c0-4be3-a0c1-2047367dcbf0,2021-06-02T10:27:31.391Z,Fountain Valley,Nevada,Mauritania,55.7586,97.5394,aestus,aspernatur,cupressus,subvenio,cura,adamo,cotidie,87,71.18081977116583,33,cultura,3,1,3,true,0.14338709714432554,2020-09-13T06:19:09.097Z,"McDermott, Weissnat and Miller",true
3584e15e-ad2a-40e5-9cad-a116a0dbce23,2024-01-04T13:20:07.862Z,Denisstad,Oklahoma,Saint Barthelemy,-52.3741,16.1058,canonicus,aveho,ciminatio,vir,coma,id,soleo,81,216.96785910197374,62,nobis,4,2,5,false,0.1658294617577942,2018-10-24T21:52:27.270Z,"Buckridge, Homenick and Ziemann",true
343455f8-0245-49fc-a44e-3dd4979f0ac0,2025-05-24T12:04:55.481Z,Lake Bernadetteview,Minnesota,China,-42.9612,-126.456,beatus,vestrum,thema,nostrum,ocer,vociferor,acerbitas,66,123.38685407446833,46,termes,1,2,5,true,0.07660774751025565,2019-11-14T06:27:30.806Z,Boehm Group,true
40a80d22-0018-4cb4-abe9-0517d3dc81a9,2024-06-20T13:23:33.018Z,Palm Harbor,Arkansas,Seychelles,-23.2008,106.9417,neque,tamdiu,quod,defluo,apud,alii,vobis,113,218.46554520132688,43,appono,0,0,4,true,0.007695771143439445,2018-04-21T05:51:40.142Z,"Doyle, Leuschke and McClure",true
96be8955-7c12-45d2-a2ef-ab80f4c06524,2024-09-25T13:20:57.417Z,Brettchester,New Jersey,Republic of Korea,48.1037,-24.4278,copia,depopulo,cras,spes,comminor,cerno,caelum,77,34.11689639738328,47,aegrus,4,1,3,false,0.13315019294392233,2023-12-24T00:10:16.662Z,Schmidt Group,true
932d4fe8-c112-4a9b-895d-40a0ad18dda2,2021-01-16T06:11:50.484Z,Schadenbury,Indiana,Moldova,5.4045,170.4079,damno,atqui,necessitatibus,temptatio,tergeo,suggero,velit,103,69.20234189118625,51,pauper,1,2,4,false,0.1188828644323518,2018-05-04T00:39:57.947Z,"Von, Dare and Veum",false
fd883a30-7b72-4bde-a3f3-5e13434d992d,2024-09-09T21:20:35.262Z,Eastvale,Oklahoma,Reunion,-23.3094,166.6628,balbus,claudeo,alias,supplanto,currus,barba,id,121,35.66069049180034,53,vinculum,1,1,2,true,0.0017754351865766071,2023-04-06T10:30:59.776Z,"Stracke, Schneider and Turcotte",false
4175afa1-ebc5-4ee5-8aab-c832cad70eb3,2023-10-20T09:42:43.432Z,Fort Brendenhaven,Minnesota,South Sudan,-47.643,45.1234,dolore,thesaurus,dapifer,subito,textor,ulciscor,vester,28,157.05155287421468,90,dens,5,1,1,true,0.038997570358272254,2021-01-16T00:46:28.558Z,Bernhard and Sons,false
e7e1ba20-43fb-47e0-b761-4c38d2cc9dee,2024-05-28T17:26:20.942Z,Fort Tabithafield,Nebraska,Fiji,71.9881,26.1702,trepide,apostolus,conturbo,denuo,suffragium,nihil,callide,33,197.44072856210383,52,comes,2,1,5,false,0.15029950766869685,2018-06-04T13:26:50.805Z,Metz - Lindgren,true
3a17d851-683f-4d8f-89d4-7ab7b16cfe1e,2021-09-06T08:13:49.364Z,Port Marisolport,North Dakota,French Polynesia,-14.0231,-101.1707,averto,amicitia,vetus,patior,sum,cupressus,super,50,95.14638774523837,21,ambitus,4,1,2,true,0.05985740004885942,2022-08-28T02:04:04.022Z,Gleichner - Bode,false
f0c890db-f7d3-4b6b-a94f-6a6d200bc84e,2025-04-10T09:11:23.836Z,Lake Kenna,Maine,San Marino,-32.3451,81.0597,vomica,audax,callide,curto,torrens,turbo,autus,104,84.59488192046305,41,cena,4,0,1,true,0.07531242454143786,2019-06-21T11:24:38.155Z,Lakin Group,false
f7e5ed82-de98-4649-a2d4-b233d7368460,2025-05-21T22:15:10.200Z,Appleton,Missouri,Paraguay,-81.4077,-161.0873,succedo,creta,vesica,cupiditas,vesper,reiciendis,tibi,96,6.994787743263036,24,amplexus,3,1,4,true,0.08437860655428206,2025-09-26T17:52:42.701Z,"Miller, Hegmann and Walter",true
664290fe-032c-4a1e-ae9f-7667fc9ba68e,2025-10-25T14:09:59.193Z,Marvinside,Kentucky,Myanmar,-36.5999,-89.0995,cavus,pax,curvo,ustilo,cenaculum,vulnero,tamisium,121,184.91622539856658,85,adstringo,4,0,5,false,0.12082706048428002,2025-03-02T00:25:39.895Z,McDermott - Durgan,true
fee63047-be4e-48f5-8050-b83ad8252e1e,2025-12-31T04:55:07.849Z,West Flavie,Maine,Curacao,-59.0312,137.9129,commemoro,casso,custodia,corrigo,adopto,attonbitus,uredo,56,171.88242285399593,83,teres,5,1,1,false,0.21536337189192642,2020-12-12T18:00:09.057Z,Towne Inc,false
b37a934b-9348-48ff-bae6-48f2d2ea19fe,2020-07-20T16:45:28.368Z,Lauderhill,Kansas,Netherlands,-68.7776,173.2799,substantia,suffragium,earum,creta,deinde,sumo,unde,111,112.38704135516709,86,solutio,6,2,5,true,0.16840100389547774,2018-06-01T05:38:55.854Z,Veum Inc,false
d071f2b1-2a41-41db-bee1-e49367793d0e,2018-09-22T11:34:29.485Z,Lake Macey,Florida,Israel,23.0381,-28.1854,demum,valetudo,uredo,tergum,condico,centum,videlicet,101,29.19540910432879,82,facere,1,1,4,true,0.23259881250988748,2024-01-30T15:23:52.511Z,Friesen Inc,false
81752e98-d5c3-4ce8-862b-64972b4a923b,2018-01-27T21:48:08.029Z,Round Rock,Nebraska,Kyrgyz Republic,64.3684,-86.8368,cura,delibero,arto,porro,aspicio,reiciendis,combibo,103,109.65438663391588,27,blandior,6,0,5,false,0.21056355044893338,2023-04-12T14:16:25.663Z,"Terry, Streich and Gorczany",true
575ac7cc-0251-438e-b4ed-ee01527b6028,2021-07-12T13:53:18.935Z,West Trudie,Arkansas,Palestine,-13.7345,159.3711,debeo,cotidie,minus,timidus,laborum,pauper,asper,67,188.42517587909458,39,accedo,3,0,4,false,0.01794910190137497,2023-04-15T20:00:35.352Z,"Labadie, Ritchie and Homenick",false
8379ddb2-e350-4553-899d-fd32b98ff910,2022-10-18T13:18:01.287Z,Cristianstead,Pennsylvania,Antigua and Barbuda,62.7134,-40.2228,aveho,benevolentia,carmen,sto,cometes,vergo,sublime,66,118.84790777127427,65,deficio,6,1,4,false,0.06346790263111246,2019-02-19T19:02:54.922Z,Watsica and Sons,false
b58a10d8-aa6c-4414-bc6e-7a0a87b1a40c,2018-04-25T18:32:03.581Z,Reillyworth,Tennessee,Antigua and Barbuda,16.924,-80.2676,vobis,timor,maiores,congregatio,terebro,vesica,solum,108,223.6778357740646,87,spiritus,2,1,3,false,0.04407573603962084,2022-05-23T13:28:19.918Z,"D'Amore, Hauck and Goyette",true
9b46c3cc-1e65-4850-aa0d-b11feb92444a,2025-11-23T08:40:30.326Z,Hoegerfort,Maine,Guatemala,74.7091,122.6486,deripio,labore,vestrum,clam,pauci,pariatur,amita,33,154.5233099461563,66,terminatio,1,0,3,true,0.15730137377271364,2018-02-26T04:10:10.076Z,"Heaney, Bartell and Price",false
0797d022-1881-4e5e-acb0-bd8d263b3ab9,2019-07-30T14:47:22.348Z,Caguas,Missouri,Oman,-22.3441,75.3316,ad,ex,consuasor,ait,celebrer,thermae,tremo,49,70.0721060951126,19,carpo,1,2,5,false,0.08646474462620232,2022-03-16T11:35:36.466Z,Mueller - Aufderhar,false
50b71b60-8f40-4a22-873c-d116618e21fa,2025-02-10T20:47:37.889Z,Port Karleyside,Maine,Hungary,-58.8943,-83.1913,nemo,ver,decumbo,vigilo,audax,amoveo,amo,117,80.7489009721187,50,suspendo,4,1,3,true,0.20318739472605896,2018-04-27T08:41:33.765Z,Wehner and Sons,true
1b75a01d-cf66-407c-b74c-f395effea5ab,2022-01-11T16:08:36.478Z,Fort Branson,Connecticut,Ukraine,-39.6232,-88.9945,thermae,celo,vomer,usque,voluptates,appositus,sunt,79,131.91751472393767,45,consequuntur,3,1,3,true,0.07574513114817777,2022-06-04T06:01:13.978Z,Tromp - Harris,false
d11fece6-269a-48a1-afa3-3081d11cd9ff,2018-12-30T08:56:12.944Z,New Misael,North Carolina,Libyan Arab Jamahiriya,65.0813,152.9012,eaque,absque,patrocinor,caste,vivo,ustilo,conturbo,102,128.31708097976238,36,termes,3,2,3,true,0.16225193448984399,2019-11-17T02:48:32.305Z,"Batz, Conn and Considine",false
8f993326-abdb-4ff7-be45-d5227a2b6b29,2022-07-20T21:41:30.242Z,Gilroy,New Mexico,Trinidad and Tobago,-72.9165,-46.5263,saepe,commemoro,tametsi,colo,cupio,desolo,adipiscor,28,106.3484412687937,89,ancilla,0,2,5,true,0.1557913521248333,2025-03-16T22:15:38.016Z,"Hermiston, Lynch and Cremin",true
0e534af6-9ff1-4e9c-939e-c192c66f2efe,2023-01-04T22:09:28.990Z,Frankieshire,Maine,Wallis and Futuna,-47.1313,43.1601,vester,debitis,aduro,combibo,totus,adimpleo,cernuus,97,18.760876543111465,37,aer,2,0,5,false,0.07088850318724496,2025-06-29T06:29:53.946Z,Abbott LLC,false
698b9e72-1a66-40a6-a480-5fe337f9e0ea,2025-12-21T02:32:01.877Z,West Noreneberg,Minnesota,Grenada,25.8354,134.6087,dapifer,conor,adaugeo,addo,trans,adaugeo,sol,86,163.86527950713213,73,tyrannus,6,1,5,false,0.23421622297351125,2018-02-13T12:26:19.223Z,Ebert Inc,true
d6275548-d2ba-43af-b908-d2a7eab3e13a,2023-01-27T09:12:08.474Z,New Xavierfort,Pennsylvania,Central African Republic,1.2696,-125.8981,adversus,color,damno,deripio,via,thermae,suspendo,119,99.30051675592378,81,acervus,2,2,5,false,0.0949639445855934,2023-12-07T16:35:45.089Z,Keeling - Hoppe,false
51c03dc2-9a46-45d5-9cd5-6a27ff7df2fe,2022-02-09T13:17:25.166Z,Brockton,Alabama,Israel,33.1429,170.4178,subvenio,adimpleo,velum,conatus,absorbeo,subito,vallum,35,35.8367491856833,99,supellex,4,0,4,false,0.010621547812270843,2018-06-01T03:39:00.980Z,Denesik LLC,true
dfdb8422-5976-414c-9b9f-cdfeffa8ae8c,2021-09-22T04:40:30.300Z,Valdosta,Nevada,Cayman Islands,72.2022,-38.034,minus,ademptio,suffragium,aiunt,adinventitias,pectus,voluptatum,38,202.27629623412162,75,surculus,1,2,2,true,0.16527786844026948,2025-12-14T03:31:24.784Z,Mosciski - Predovic,false
9f3feb91-2100-4563-b122-903384da46ef,2018-05-23T20:34:20.878Z,Dundalk,Colorado,Togo,-23.9378,-46.8536,talis,antepono,ambitus,quam,cervus,cuius,dolorem,100,134.14756953476007,26,uberrime,6,1,1,true,0.12853889169563698,2021-05-13T14:56:03.847Z,Huel Group,true
d9b1226d-6707-4a56-8699-12ee6cd4a806,2019-01-20T18:33:28.539Z,Mckennaview,New York,Suriname,-46.4379,-58.2599,sumptus,cribro,ager,praesentium,caries,baiulus,ipsam,55,211.97512871918227,33,approbo,5,0,1,true,0.01584939434114485,2019-10-10T04:58:03.731Z,"Schamberger, Hickle and Pfannerstill",false
1ef40ef9-7893-4fd3-b211-9b40974c5bdf,2022-05-22T18:42:41.784Z,New Richie,Tennessee,Puerto Rico,30.7457,144.6632,triduana,comitatus,reiciendis,coadunatio,tenetur,tabgo,ustulo,24,222.91187833972958,69,denego,0,0,2,false,0.1333417627469093,2023-10-24T13:46:12.006Z,Flatley Inc,true
aba96f38-4912-42af-a003-fbd188315bda,2020-03-29T09:38:06.388Z,West Carolanne,Idaho,Antigua and Barbuda,-0.8911,-24.6213,amitto,altus,socius,tempore,suspendo,demulceo,degusto,83,94.23882944008659,19,amissio,3,1,2,true,0.07990045586390496,2024-05-08T01:31:16.759Z,Cassin - Hettinger,false
237199b4-c5dc-4cbf-b5da-0ca30d5d165c,2019-10-30T12:47:09.022Z,Columbus,Georgia,Libyan Arab Jamahiriya,-51.2411,102.5859,tabella,demergo,termes,delectatio,abutor,aestivus,convoco,107,138.90627207062266,16,turba,0,2,4,true,0.13751041832437552,2019-03-31T14:32:02.172Z,Sporer - Jakubowski,false
a23dad94-4018-44d6-a1de-1a4ac1f1fb73,2022-09-08T00:27:57.318Z,Kokomo,Kentucky,Chile,49.1366,103.1246,arto,vicinus,tamquam,amoveo,voluntarius,sit,est,28,93.63630479548229,38,eius,0,0,2,true,0.21834142355352218,2019-12-22T10:21:24.439Z,Batz Group,false
231319fc-6ad0-43a0-b1ba-94f48c076e51,2020-04-14T15:36:34.029Z,Blaine,Wyoming,Burundi,11.9194,-172.9511,usitas,decretum,cur,adiuvo,comburo,curso,atque,108,189.18838704502298,21,viscus,1,2,3,false,0.20323722252447105,2022-10-27T13:13:27.844Z,"Abshire, Thompson and Bashirian",true
83518588-2b57-4d6c-86d0-d68a272eb098,2025-04-29T07:48:00.239Z,Kilbackstead,South Dakota,Isle of Man,-67.8547,21.7133,possimus,cupiditate,sed,abbas,arbor,quam,labore,43,213.6544951659311,51,decimus,1,1,4,true,0.07311442374255664,2023-06-25T12:10:15.231Z,Dibbert - Mohr,false
e72cc050-2eb1-4c64-8695-9af1f4958412,2024-12-13T09:54:11.692Z,South Elijah,Florida,Uruguay,-9.3166,-23.8908,cilicium,impedit,super,enim,statua,ago,aureus,89,30.81683043681842,64,unus,0,2,4,true,0.04792024835615766,2024-02-17T06:43:58.146Z,Gulgowski Group,true
1be0e09f-0d20-4dae-a5b3-c550eaa11103,2024-09-18T12:07:44.908Z,East Lou,Illinois,Honduras,1.2484,-122.1027,demonstro,clarus,tabesco,cibo,demergo,patruus,contigo,99,162.94135607046755,39,deserunt,5,2,1,false,0.18674442593209287,2024-09-26T02:07:51.671Z,"Erdman, Roob and Kreiger",false
18913654-abd7-44c6-abff-9ac933fa13d3,2019-05-18T09:18:17.476Z,Fort Burleyport,Kansas,Liberia,4.7711,-30.2036,est,nihil,ulterius,ubi,coepi,vestrum,charisma,88,7.667013614899583,64,depereo,3,2,4,false,0.07187722396749183,2021-02-15T20:39:31.076Z,Pouros - Stark,false
656e7a84-34db-45de-9002-a01ff5d36d39,2020-03-14T07:27:39.128Z,New Leanna,Pennsylvania,United Kingdom,-66.5778,178.9479,compello,tabesco,vilitas,corona,conservo,demo,odio,48,156.65053514385343,63,doloremque,6,1,1,false,0.008313346172533792,2023-01-29T00:31:05.779Z,Brakus - MacGyver,false
9e3a2e71-491e-4dca-8c4f-5cea970d3534,2025-04-30T20:31:52.392Z,Oak Park,Mississippi,Antarctica,19.5649,56.8545,ab,usque,benigne,truculenter,utilis,suggero,texo,75,143.7980910119518,67,cimentarius,2,1,1,true,0.16122020691025798,2023-10-11T03:10:51.211Z,Rice Inc,false
c028d3b0-483e-40a5-a13b-bc93f8bb7cae,2025-09-09T02:33:44.183Z,O'Konfurt,Louisiana,Saint Barthelemy,0.3244,57.5584,uter,cubitum,solus,ubi,deprecator,vomer,suadeo,106,192.0321703015539,20,maiores,1,1,1,false,0.21920255176573958,2021-12-11T03:37:00.596Z,"Koelpin, Kirlin and Hahn",false
76e9f12c-ada3-4dfd-b829-6258d643f4a5,2019-12-01T04:04:50.101Z,West Masonboro,Oregon,Vietnam,72.6162,-108.4973,aduro,aestus,textor,verbera,accusamus,appono,angustus,58,62.54982432636061,79,culpa,1,0,1,true,0.2057184510466807,2023-10-09T05:38:04.353Z,Hessel - Frami,true
a456ec2c-c5e7-4549-92e1-867028ab78dd,2022-04-07T18:13:42.127Z,Rosenbaumfort,North Dakota,Belgium,21.3884,-173.1912,cupiditas,deleo,subvenio,attonbitus,contego,asperiores,adduco,31,126.40347977176403,64,vito,5,2,5,true,0.17017340120615934,2023-02-19T04:39:06.211Z,"Schmidt, Waters and Jast",false