accident_id,incident_datetime,city,state,country,latitude,longitude,road_name,road_type,intersection_type,accident_type,weather_condition,road_condition,light_condition,speed_limit,actual_speed_kph,driver_age,driver_gender,casualties,fatalities,vehicles_involved,alcohol_influence,blood_alcohol_level,weather_reported_at,reporting_department,pedestrian_involved
37639ab0-68d5-4108-b909-19ae115b5948,2024-06-07T10:47:43.003Z,Odessa,North Dakota,Ghana,37.4427,127.7106,aperio,sortitus,solium,aeneus,tenetur,trans,coniecto,56,162.67888369572174,78,civis,1,2,1,true,0.17412157199236653,2020-06-11T21:51:35.281Z,Maggio Group,false
6b58e6aa-0a29-4aea-8ad6-2bc23ffeddff,2021-02-05T15:46:52.773Z,Predovicville,Alaska,Saint Martin,5.0607,36.5596,defessus,ventito,damno,color,vociferor,tergiversatio,natus,38,166.5817222279992,22,aegrotatio,5,1,3,true,0.011532406056439737,2019-07-26T05:20:11.396Z,Homenick Group,false
743b80bc-3875-4bec-bd94-40bc9753f5cd,2023-11-21T07:12:52.624Z,Romaguerafort,Maryland,Grenada,46.5172,50.7398,cultellus,sapiente,sapiente,surculus,depraedor,capitulus,vulgo,104,219.70355421970203,90,avarus,6,0,2,false,0.20907090030478645,2023-07-26T17:46:22.488Z,Hirthe - Emmerich,false
9e012a70-d754-4c6b-88e9-015ed293114f,2020-08-09T23:24:23.493Z,Adeliaborough,Idaho,Hong Kong,22.2622,156.9751,charisma,arca,condico,votum,ascit,conforto,est,96,175.09399256462117,65,creator,3,2,2,false,0.15926079534187798,2020-08-29T23:46:55.934Z,"Bashirian, Sanford and Balistreri",true
1ce9c4a7-313e-436b-b09d-99b567259aac,2021-02-03T13:57:01.593Z,Lake Donald,Maryland,"Bonaire, Sint Eustatius and Saba",11.04,65.7834,arcus,bestia,umerus,velum,vestrum,civitas,vallum,55,146.55554546166994,66,ver,1,0,4,false,0.06275232642231884,2020-05-09T16:08:36.434Z,Bednar Group,true
08091b5f-4c46-4a62-8d8b-2fad32798d75,2024-02-16T10:04:04.274Z,Wilson,Indiana,Uzbekistan,-31.0676,-77.0952,suadeo,aufero,desipio,amo,laudantium,copiose,aestivus,62,218.74574577714642,37,acerbitas,5,0,4,false,0.12733081099042937,2022-05-26T04:13:08.358Z,Leuschke - Runolfsson,false
4f1bb905-6838-4fba-960d-9798d94c4175,2019-07-29T12:32:41.224Z,Smithborough,Texas,Malta,55.4838,162.2241,textor,talio,infit,synagoga,valens,spero,iure,43,231.67009919196371,98,sint,5,0,2,false,0.18334560810419848,2024-03-06T01:38:46.746Z,Cole - Metz,false
c5c76ba9-9617-4baf-a510-807102b4e102,2025-12-08T02:24:38.216Z,Blaine,Tennessee,Mozambique,58.6294,112.4293,vito,speculum,currus,stips,tertius,verto,ventus,116,107.61634635058024,38,ex,3,1,1,false,0.02957661121617025,2020-01-25T11:32:10.509Z,Fritsch - Beer,false
38d37af6-7b80-47e9-a3c4-801c45c86e2d,2024-12-02T20:30:33.183Z,Nashville-Davidson,New Jersey,Ireland,-52.2169,-69.1326,torrens,claudeo,cresco,doloremque,tabesco,amissio,trepide,53,178.37343549183524,96,solium,0,2,2,false,0.055931448334517436,2021-11-27T14:43:38.714Z,Gleichner - Kerluke,true
49c0c7b3-2cb2-4ddb-97dd-3de6e2d39038,2025-07-07T19:35:11.298Z,O'Fallon,Minnesota,Poland,13.5286,112.3516,titulus,tenax,acer,patria,unde,veniam,aegre,50,83.22340328543827,27,compono,3,2,5,false,0.14737948891773073,2023-09-17T20:21:10.277Z,Farrell - Hagenes,false
95067a90-1d3d-4118-86e4-aeca72e5d6d9,2019-08-22T10:54:56.659Z,Auburn,Texas,Bahamas,82.159,-59.3897,ipsam,asperiores,esse,unus,creator,ater,demo,38,49.23719584311289,44,amita,4,2,5,false,0.15796404368307626,2024-06-27T11:03:11.356Z,"Gottlieb, Lebsack and Konopelski",false
e35fbb8f-b598-4916-b9a0-e195c7f573d8,2019-03-02T21:30:03.132Z,West Lindseyboro,New Jersey,Colombia,-66.5214,24.0264,voluntarius,trucido,eum,conforto,desolo,dolorum,crur,81,179.88760886138218,60,eos,4,0,2,true,0.19950287252336255,2023-05-31T12:05:56.189Z,O'Connell LLC,false
19070cc6-eff5-4f43-bd57-4765cfd5d646,2022-01-22T15:32:57.007Z,West Deangelo,Maine,Nicaragua,65.3517,-121.45,currus,occaecati,curtus,antiquus,carbo,vulgivagus,coma,56,206.6934533260161,96,conculco,3,2,4,false,0.036958698232779724,2020-01-02T02:01:29.257Z,Kautzer - Stokes,false
f5852f03-dea5-4a52-a33b-7d85a2f3d920,2019-06-11T14:07:40.232Z,Thousand Oaks,Pennsylvania,Saint Vincent and the Grenadines,49.1233,-97.9545,creber,trado,sulum,vulgaris,demergo,ventus,super,37,147.42690590098957,30,optio,4,0,3,false,0.16964199361332588,2019-08-13T12:07:48.476Z,"Bayer, Gleichner and Lakin",true
70d65357-2f62-4f5a-abfc-a5db7c17cbf3,2018-08-12T15:39:23.605Z,Miami Gardens,Minnesota,Philippines,-56.2195,69.6437,utpote,auxilium,dicta,benevolentia,tondeo,alter,auxilium,54,156.0718818301983,23,angulus,6,2,2,false,0.06911925913943254,2021-12-04T22:17:59.480Z,"Corwin, Langworth and Shanahan",false
ed9dadb1-6e37-485d-bf58-20fc8bc737fd,2023-06-01T17:15:06.317Z,Jazlynborough,Hawaii,Gambia,-45.2001,-101.2335,tardus,vomer,sui,surculus,denego,truculenter,demum,40,151.6520700444629,76,textor,4,0,2,false,0.12012489718397204,2022-08-20T07:40:35.403Z,Doyle - Russel,false
03876765-41da-4359-a986-50a492ff2288,2019-08-10T12:14:05.055Z,Providence,West Virginia,Turkmenistan,-65.1902,36.137,cariosus,theca,patruus,corrupti,temporibus,adstringo,amet,47,120.386242460634,23,cogo,3,1,1,true,0.07816926879283093,2022-12-09T21:58:13.330Z,Weissnat LLC,true
957b3ada-003d-4e77-a035-e15cf5096968,2021-08-12T20:52:22.730Z,Heidenreichcester,Wisconsin,Philippines,15.0612,128.0571,tubineus,minima,valeo,triduana,demonstro,autus,calco,110,29.604194122104115,85,comis,0,0,1,true,0.19481899668048291,2018-05-09T18:49:32.568Z,"Deckow, Weissnat and Glover",true
0379d324-b878-48e6-9994-d9fbd918bf9e,2023-05-12T20:11:14.870Z,North Kurtisville,North Carolina,North Macedonia,32.9248,95.617,turba,cedo,utrum,animi,arbitro,summopere,voluptatem,89,126.69938694261012,94,peccatus,4,2,3,true,0.1743533827059831,2021-06-27T20:59:32.550Z,Kovacek and Sons,false
33d0cc5d-f0d3-4049-96d1-a109718dcfe3,2020-01-20T20:21:31.970Z,Fort Margiemouth,Tennessee,Afghanistan,-7.7985,14.6725,ducimus,derelinquo,arguo,cultura,cruciamentum,administratio,coerceo,58,219.8113988505438,32,denique,2,1,2,true,0.08145046198396175,2025-12-20T22:24:29.269Z,"Bartell, Grady and Schowalter",true
83b31c94-f173-471d-bbff-eba6be31262c,2023-03-03T02:46:29.585Z,New Matildeberg,New Mexico,Djibouti,-35.8863,141.5611,baiulus,depono,adstringo,crinis,bardus,perferendis,spiritus,106,79.30075533092318,41,tum,5,1,5,false,0.07325616428030352,2025-08-02T20:18:24.391Z,Littel - Upton,false
396f1a7c-8bb9-43f4-a7a4-438e94f87f1d,2024-10-13T05:33:49.481Z,Lolitacester,Maine,Chad,-53.0951,-46.8889,supellex,basium,sublime,copia,cernuus,maxime,appello,57,34.05959661405443,79,dolor,1,0,4,false,0.18109480564127856,2019-09-15T11:08:36.022Z,Bashirian and Sons,false
a823ef00-4966-4f3f-8f49-53f9a5122451,2022-04-10T23:15:59.984Z,Terrancefurt,Arizona,Saint Lucia,-89.6807,-116.6753,tamen,uredo,tabesco,desparatus,audeo,ventito,adaugeo,120,238.26354433283745,49,dedico,5,0,2,false,0.10765029857012506,2023-01-03T21:02:57.569Z,"Dooley, O'Reilly and Volkman",false
fe542fce-f66a-426e-974f-e922dd0ccbf3,2023-06-18T08:43:39.174Z,Apex,Wyoming,Estonia,18.5916,53.7708,cimentarius,tollo,varius,itaque,amo,despecto,repudiandae,30,123.66165109626021,82,labore,5,0,3,true,0.1220925505238932,2022-03-09T20:52:08.000Z,"Hermann, Harvey and Parker",true
9adb1998-2905-448d-a871-c80559047e9f,2021-04-18T01:06:32.953Z,Hamilltown,Missouri,Netherlands,-53.7779,-149.2825,triumphus,tunc,totam,suscipio,celo,suus,tum,42,205.1260587777835,93,caute,1,2,3,false,0.1557315084308804,2019-12-06T02:37:56.010Z,Jaskolski - Gleason,true
f5d57bf8-3792-471a-a0d8-8853da24494e,2020-02-21T15:20:00.406Z,Hilpertfort,New Hampshire,French Guiana,-85.4433,-74.8263,depono,defessus,video,temperantia,vulariter,ullam,aranea,23,118.31805537588882,77,taedium,2,2,4,true,0.10255722389098976,2024-02-27T18:15:40.752Z,"Streich, Friesen and Brakus",false
0891ee62-31b6-456a-bd8b-90e82b05e0d2,2021-05-01T15:42:52.215Z,Lexiburgh,Hawaii,Paraguay,-22.4313,-122.8594,corrupti,cibus,recusandae,deporto,vulgo,assumenda,amaritudo,115,164.8208439060581,48,ars,6,2,3,true,0.07202835670410929,2020-03-14T04:11:30.575Z,"Balistreri, Koss and Bailey",false
6726823f-9661-4deb-86c2-06fcc18a6b8a,2022-04-17T02:33:16.090Z,Ethantown,Indiana,Saint Pierre and Miquelon,-15.5095,-155.2518,ulciscor,cognatus,cupio,coerceo,contigo,artificiose,conventus,43,184.49311063906697,23,antiquus,5,2,2,false,0.07359567427618297,2019-01-11T23:34:42.045Z,Nikolaus - Homenick,false
c8b1c755-f76d-4104-a925-f5534b908b54,2021-08-04T11:13:28.317Z,New Marquis,New Jersey,Hungary,62.8947,-87.6809,blandior,suasoria,ago,veritas,vindico,suasoria,combibo,108,146.7807370919789,45,thalassinus,0,1,4,false,0.07131452559378576,2020-07-04T19:57:48.021Z,"Batz, Leuschke and MacGyver",false
bf232b25-24b2-4157-b592-82457ba1f1e9,2019-04-22T19:41:54.053Z,Dooleyhaven,New Mexico,Cameroon,-68.2799,67.3178,ambulo,careo,corona,appello,artificiose,tepidus,adstringo,75,35.60260911972115,72,illum,3,0,5,true,0.0442377039460668,2021-12-13T08:50:57.981Z,Moen Inc,true
f681f817-e8fa-4a38-ad1d-178dbd6cddcb,2022-03-01T05:26:44.692Z,Wichita,Utah,Grenada,-37.27,140.3281,amicitia,adhuc,valens,textilis,temeritas,labore,armarium,92,230.14735191280153,56,degero,1,1,4,false,0.16926682930013803,2025-04-16T22:04:16.914Z,Sanford - Macejkovic,false
8ce97c93-fdb9-495e-94eb-06d958b9b658,2019-02-01T20:25:17.470Z,Burien,Arizona,Netherlands,-62.5024,-23.1204,tubineus,tepidus,cunae,eveniet,voluptate,vociferor,ventus,89,38.30026544548446,72,ullus,0,0,2,true,0.03062201281248461,2021-11-22T00:02:09.789Z,Gutmann - Halvorson,false
12f0228a-1f54-4037-a24e-41327636b98a,2024-02-19T21:51:37.692Z,Fort Leraborough,Maine,Kazakhstan,-8.7439,153.3803,balbus,benevolentia,coruscus,totam,similique,tantum,tabgo,85,232.84543705292478,48,harum,4,2,5,true,0.05817795811764914,2024-11-29T15:17:55.269Z,Hodkiewicz Group,true
548a7289-947d-4c5a-9764-ca4fc0cdc11b,2024-04-02T07:52:28.793Z,Rio Rancho,Idaho,Japan,27.1737,-56.7464,comitatus,versus,testimonium,tamquam,tripudio,sto,eaque,32,194.15022492656465,77,super,6,0,2,true,0.10374010081511945,2021-07-30T19:16:01.735Z,"Nader, Veum and Yundt",false
c7d63306-382b-428e-8c32-1d90754fc688,2018-11-30T00:12:23.345Z,East Hartford,Washington,South Sudan,-28.8748,40.5853,depereo,thesaurus,earum,taedium,sonitus,voco,pel,43,190.80901984672596,63,speciosus,4,0,5,false,0.08024392321421334,2022-09-27T06:33:02.615Z,Rempel - Upton,false
c869996e-d206-40cc-b8be-84955472e01a,2020-04-09T13:04:28.282Z,Fort Bailey,Oklahoma,"Virgin Islands, British",-47.1259,-86.7492,et,cena,alius,curo,depopulo,consectetur,somnus,70,53.213691976648896,48,necessitatibus,3,1,5,true,0.09207589662264479,2019-07-16T00:12:23.120Z,Glover Group,false
1a6f9a5c-0263-4d95-85cd-2fb51e539312,2021-11-18T02:31:07.393Z,Joliet,Pennsylvania,Colombia,-57.1749,174.8497,caecus,aperio,caute,soleo,trucido,volutabrum,vestigium,33,24.555479033024774,91,curto,5,2,1,false,0.21883477085304964,2024-12-07T12:51:56.630Z,Rosenbaum - Lindgren,false
1dcf1855-96b7-4a17-9d04-c4e798ee1c6a,2018-03-23T00:20:41.952Z,Bell Gardens,Iowa,Japan,55.1642,179.516,decumbo,dolorum,valeo,alii,aegrotatio,collum,recusandae,27,58.69110409327739,64,odit,6,0,3,false,0.019760123508419353,2024-06-20T23:16:38.992Z,Schiller and Sons,false
ab8c0a88-ef88-4d3f-9dba-db7f234196f9,2019-09-02T13:24:02.531Z,Port Aniya,North Dakota,Guinea-Bissau,83.9387,109.8096,sursum,delibero,contigo,adduco,appositus,aeger,verbum,40,18.53888395627015,83,demoror,2,1,1,true,0.09122982365793789,2018-12-29T05:01:52.136Z,Lang - Shields,true
b79de2d2-710a-41c9-ad61-f3ca1cb9372c,2024-09-08T21:16:15.529Z,Honolulu,Arizona,Norfolk Island,76.4187,-30.2409,cimentarius,crapula,defero,culpo,coniecto,cognatus,statua,75,32.541906587881556,16,advoco,3,2,3,true,0.18917632823029468,2019-10-23T03:52:59.204Z,Reynolds LLC,false
76d2bc0e-9285-4b7a-bfa0-776d8bfa3d78,2021-01-14T21:12:05.506Z,New Robyn,Maryland,Vietnam,47.1275,85.7374,odit,corrupti,demergo,tero,congregatio,atrox,candidus,104,100.98616457229062,100,aequus,0,2,5,false,0.2219857836766476,2023-03-18T14:30:11.559Z,"Parker, Kutch and Mertz",true
716a6383-be29-4958-ac22-4e1fe8655f31,2025-12-24T12:51:58.065Z,Port Osbaldo,South Carolina,Czechia,-23.4378,12.1848,nihil,commodo,admitto,amissio,succedo,demulceo,suffoco,52,171.27449390571337,61,calcar,3,1,5,false,0.23817646937004977,2021-11-10T23:49:51.863Z,Mayer - Harris,true
d4b49390-dbe7-4864-9ca1-061b88fab641,2020-02-24T15:29:22.768Z,East Gage,Hawaii,Tokelau,8.1937,158.2485,careo,correptius,spargo,usitas,congregatio,turba,stillicidium,86,22.526158014068294,82,varietas,6,0,2,false,0.0253850257502109,2024-10-08T12:55:10.994Z,Schultz Inc,false
85dbbdd2-3b66-45dc-b120-2ec43c4fd940,2025-01-19T16:14:53.459Z,Gislasonberg,Florida,Denmark,-24.7724,-57.4734,totam,tam,libero,cumque,crur,adimpleo,audax,78,146.38008209999848,96,curso,5,2,2,false,0.19109958413625208,2023-06-16T03:53:02.024Z,"Heathcote, Bogan and Daugherty",false
bd80cc48-2b58-419b-80c4-38a55af59147,2022-08-31T01:44:31.072Z,Kaleyfield,Arkansas,Gibraltar,-72.7792,-37.9715,provident,verumtamen,alo,ventosus,tyrannus,culpa,statua,127,16.684848749515815,58,expedita,6,2,1,true,0.02918533575061874,2019-11-29T13:12:49.811Z,Howell Inc,false
03e20e9e-1f94-4a4a-861d-4dd602e56715,2019-09-26T16:20:23.319Z,Boganstead,Pennsylvania,"Virgin Islands, British",77.8824,58.7345,torrens,pecco,defleo,campana,eos,communis,admoneo,83,8.949253842266893,78,aestus,5,0,4,true,0.09843121552280013,2023-08-02T10:45:37.822Z,Hagenes LLC,true
dd843322-3e36-443a-9594-dd6aa0902494,2022-02-04T18:12:38.558Z,New Kenyonstad,New Mexico,Lao People's Democratic Republic,-70.304,94.3033,vel,comminor,sollers,civitas,comis,ara,blanditiis,34,214.8158228644349,95,cumque,0,2,1,false,0.22997444479290508,2022-12-31T01:55:03.862Z,Mante - Wehner,true
0b78ad6f-71c9-464d-870c-ef8cef0efc96,2023-03-18T22:46:31.530Z,East Delphia,Utah,Germany,-79.3877,-140.3615,cohors,deinde,viscus,apparatus,arcus,sonitus,tabesco,53,1.9588245194478482,67,aufero,0,2,2,true,0.13272398842415736,2021-03-07T07:32:51.180Z,Schroeder and Sons,false
cea4d3fe-d7b0-45d8-93b0-d25a8687ec5b,2020-12-11T16:54:59.552Z,Lessiefield,Maryland,Iraq,-65.5236,-33.243,substantia,vulnus,causa,demoror,verbera,vinum,sulum,115,142.39532671841025,43,vicissitudo,2,0,3,true,0.027843601330396955,2022-01-21T21:08:21.782Z,"Braun, Lemke and Johnston",false
780821e2-637d-44aa-a89e-57f5ae33d25d,2022-06-13T07:08:42.538Z,Spring Valley,Nevada,Reunion,-19.4036,52.6037,nihil,accendo,sopor,talus,truculenter,explicabo,inventore,106,36.69277717787628,25,allatus,5,0,3,true,0.1818023386945301,2022-06-14T01:25:18.469Z,Abshire Group,false
56ff7998-a1e7-4bb1-a274-27d2be58a7a1,2021-04-14T23:39:41.621Z,Newton,Kansas,Armenia,-49.3358,149.6476,aegrotatio,ventus,trado,natus,textilis,debeo,quam,60,238.76721796563317,63,rerum,0,0,3,true,0.16088788824977274,2019-08-27T14:40:40.489Z,Herman LLC,true
0237f244-f9f4-404f-afb3-ddad6725c7f2,2022-12-16T14:50:19.538Z,West Isaiside,Washington,Sierra Leone,-0.8403,162.9544,clarus,umquam,ver,quod,beneficium,corporis,tempora,111,66.7160222618138,43,cresco,4,1,5,false,0.03822098959608375,2020-06-08T22:58:09.288Z,Moore - Kling,false
c01b7e69-f83a-48f8-b380-6e6d92dea41c,2018-08-04T01:58:03.478Z,Theresahaven,Tennessee,Cameroon,-72.9165,167.7773,aduro,deprecator,cognatus,delinquo,vulticulus,thermae,aspernatur,68,168.5530887061305,50,sumo,0,1,3,true,0.011478684897602953,2019-08-25T08:23:52.891Z,Rogahn LLC,true
f17c2fce-54e9-464d-9c19-0b6c7e0a9819,2019-09-10T11:59:59.858Z,Dooleyshire,Nebraska,Antigua and Barbuda,-27.0271,22.5133,combibo,currus,theologus,aeneus,bis,vigor,studio,87,120.8609466475138,41,confugo,1,1,5,false,0.12164677077521943,2023-08-23T21:18:19.716Z,Bernier LLC,true
d2877e35-e12a-48c1-8a0e-fcb1655408ae,2023-08-05T14:30:26.398Z,Wildermanville,Hawaii,Central African Republic,-27.6153,-29.7034,saepe,adipisci,tardus,virgo,taceo,sustineo,saepe,65,42.84637818778641,48,decumbo,2,2,2,false,0.08797056934457925,2018-01-01T04:27:40.993Z,"Tillman, Mueller and McGlynn",false
33e17b03-5922-4aaf-8561-3b7ce4e0a0b3,2020-07-31T08:03:59.244Z,Kovacekton,Missouri,Mozambique,83.9384,-78.4747,vestrum,cattus,atrocitas,cauda,clibanus,sollers,accusamus,128,38.93529989423299,87,suppono,3,1,3,false,0.18599359348499042,2025-08-27T04:52:04.108Z,"Boyer, Erdman and Gibson",true
60f232a0-aa97-4626-ad3e-398c2a380698,2019-05-16T12:37:47.020Z,Port Brendan,Arizona,Burundi,-78.1413,77.7412,curia,alter,quia,deludo,adfero,utique,sequi,78,1.389578306863557,16,alius,2,1,1,false,0.19267123070083705,2024-09-08T15:44:21.720Z,"Aufderhar, Stracke and Beer",true
aa1541ed-adf2-4816-b823-79175041e00a,2024-01-04T18:13:36.421Z,Elysemouth,Kentucky,Luxembourg,79.3251,120.8706,versus,timor,angelus,spoliatio,culpa,adaugeo,calco,56,161.60506604164758,33,arbitro,5,0,5,false,0.24842130954887165,2021-11-19T13:47:36.292Z,Paucek and Sons,false
330c510d-5d04-4394-8869-893ad5c3a85b,2020-03-24T18:09:10.645Z,Runolfssonland,New Mexico,Kyrgyz Republic,42.3224,77.1833,concedo,adulatio,tollo,decens,derelinquo,suppellex,alter,112,73.6001248738759,46,vulnus,3,2,4,true,0.07667696845569699,2019-04-07T16:58:33.182Z,Halvorson - Boyer,true
6b1f4381-3c01-4d88-980b-1b5c38a68ea8,2023-11-25T09:37:52.164Z,Port Jayceshire,Hawaii,Grenada,-75.9618,93.4164,enim,dedecor,antepono,cernuus,acervus,derelinquo,conitor,114,145.76104985734213,70,allatus,4,2,3,false,0.10520327967017282,2018-10-01T16:34:20.357Z,Spencer Group,false
967ec341-b25b-404a-855b-535c4a1e95be,2023-11-21T21:41:19.397Z,West Pete,Tennessee,Cote d'Ivoire,-3.483,24.8585,sursum,volutabrum,teneo,odit,sint,cunae,tepidus,33,228.01186671856433,23,admoneo,1,0,1,false,0.1392420370882525,2019-05-17T07:07:27.553Z,"Bergnaum, Heller and Marquardt",true
1a05b379-7179-4f39-86e5-8a92ced28426,2025-08-17T17:30:23.976Z,Methuen Town,Florida,Oman,-84.8541,-149.6108,stella,capto,tam,venustas,reiciendis,distinctio,conturbo,111,227.13693477854503,51,valde,1,2,3,false,0.23156253242117922,2025-06-18T15:09:04.052Z,Bins - Beer,true
75bd74fa-5eb1-4900-b6a5-f1de8850d455,2020-12-20T05:43:24.885Z,Crookscester,Ohio,Guadeloupe,1.5899,124.3311,veniam,decens,adsuesco,thalassinus,aestas,caecus,virtus,29,96.49800395574721,83,talus,6,1,4,true,0.19326899248976023,2021-10-03T14:44:27.441Z,Hauck and Sons,true
4a265251-78fa-4eef-a8ee-9fead0f75414,2018-02-20T12:17:11.876Z,Destinyfort,Texas,Senegal,64.0903,-144.5829,abbas,angulus,claudeo,nihil,theca,conventus,undique,99,234.36846117982174,25,trepide,1,2,3,true,0.17164627249087505,2025-02-11T06:54:31.350Z,Grant - Lehner,true
73ae7c7c-e085-420c-bde3-43ea7cb63b8a,2025-04-05T12:06:12.379Z,Lake Roxane,Missouri,Senegal,3.4407,-121.4037,cubitum,tabesco,supra,abundans,arma,a,abutor,39,79.26724838772762,64,tot,2,1,3,true,0.08604914991066942,2024-01-28T21:16:28.620Z,"Konopelski, Feeney and Price",false
e094324d-eafd-4f02-a235-4c6e2da1cc94,2025-06-21T14:15:51.722Z,Roobton,Kentucky,Costa Rica,-76.5484,-82.3807,talio,cena,vulnero,id,custodia,adaugeo,vestrum,122,51.14484979049098,61,valeo,0,2,3,true,0.06580902844498843,2019-12-08T21:48:01.870Z,Ledner - Tillman,true
dedb2290-5ff0-421c-9e60-9d09efdddf3a,2023-03-29T05:33:50.241Z,Wilkinsonburgh,West Virginia,Jamaica,20.6194,-79.9861,volaticus,abbas,accommodo,vaco,agnitio,cursus,vulnus,108,118.55313758100115,47,accommodo,5,0,4,false,0.07735682471453265,2020-01-23T02:33:37.238Z,Boyer Inc,true
c29041be-f57d-4ea3-bcae-6e4f854f6aca,2019-05-29T04:49:45.293Z,North Eldredville,Illinois,Uruguay,-81.3207,118.8816,cornu,voluptas,sonitus,apparatus,thymbra,laudantium,basium,31,106.44156274592434,22,commemoro,2,2,2,true,0.0046966228154802225,2019-02-16T21:57:50.118Z,Stamm - Heller,false
2cf82bf8-6f4d-4bae-91c3-14cfeeb45a61,2018-05-05T10:36:52.630Z,New Carmelboro,Vermont,Guadeloupe,-40.1975,99.8921,universe,curatio,quos,vulnero,artificiose,alioqui,atque,29,232.38476274456417,68,molestias,4,1,1,true,0.22548623111628263,2025-06-23T08:43:53.785Z,Hilll Group,false
cf0ec016-bc85-49f4-b34a-86fd15a3f1d0,2018-02-05T09:13:07.945Z,Krisstead,Wisconsin,Chad,-52.4716,162.2463,et,temeritas,deinde,deleniti,admiratio,cedo,xiphias,83,77.84141613533767,45,a,6,0,2,false,0.01972325351455806,2025-07-16T01:57:46.061Z,Ritchie - Langosh,true
d7c2bae1-ac3c-4e68-8272-9cb53aaa04ca,2024-09-06T03:52:30.584Z,Rathside,Vermont,"Virgin Islands, British",79.5636,-86.1261,error,adsum,bestia,ars,perferendis,sophismata,versus,67,133.49283709468523,76,suppono,3,1,5,true,0.07111047960709099,2023-11-21T22:47:59.191Z,"O'Reilly, Terry and Hamill",true
f62320e0-b0e7-473c-b507-446f2f3da180,2025-02-24T17:41:21.146Z,Rippinchester,Delaware,Cyprus,15.6217,-142.2713,patrocinor,deduco,canis,sequi,vulgo,rem,calamitas,68,70.09418639432303,96,tamquam,3,1,5,true,0.13126786739990626,2020-05-20T04:42:34.518Z,Roob - Pfannerstill,false
123550c4-69b6-49b2-a80b-5784cf5ec723,2020-10-14T17:39:49.900Z,East Myrlworth,Utah,Maldives,-8.2027,-117.4854,cultura,damno,explicabo,tenuis,contabesco,unde,ascisco,52,135.40977735983137,97,complectus,2,1,3,true,0.023783805970693905,2024-02-15T08:28:40.381Z,"Murphy, Welch and White",true
31c4c47e-91b4-48fc-bff1-8ca399133e8c,2018-07-16T13:36:43.792Z,East Estelmouth,West Virginia,Mayotte,-82.3812,163.2703,venia,crur,auditor,deserunt,peior,aedificium,corpus,75,189.72074763240178,59,adnuo,6,0,4,false,0.2037970175846594,2019-08-08T05:46:57.714Z,Turner LLC,false
e8d780f2-60b9-4828-93ea-e4e9964a692c,2021-04-05T11:57:25.558Z,Dublin,Rhode Island,New Caledonia,34.493,-165.0487,cetera,tantum,delego,eveniet,vitae,uxor,vergo,60,19.936578261711972,76,aliquam,3,1,1,true,0.05444004943713934,2020-04-16T16:09:23.334Z,Miller - Jast,false
e7d91442-2bff-400d-bfcb-54c617a3c27c,2020-06-10T02:47:19.016Z,East Anabelfield,Nevada,Liechtenstein,70.3212,29.9861,suus,benigne,qui,accendo,id,crux,aperio,97,204.2873625026517,50,quae,0,1,4,false,0.010236401522500743,2021-08-13T06:14:17.588Z,Sipes LLC,true
bf8ef550-eb83-4509-8cea-041c46905afe,2018-10-03T20:06:53.570Z,Schoenport,Massachusetts,Costa Rica,-27.1996,-142.7717,pecco,caelum,thalassinus,cometes,balbus,celo,fugiat,91,132.8745843882443,44,tener,4,0,5,false,0.0028107717196952098,2024-09-26T18:06:23.625Z,Sanford - Dickinson,true
565a3abf-7a8d-4cf1-ae63-5e767d64a85b,2024-02-04T07:00:40.687Z,Flavioborough,Kansas,Libyan Arab Jamahiriya,19.5149,-159.4057,vicissitudo,vesco,adimpleo,vesco,delinquo,bardus,tersus,84,88.85243529568429,36,adamo,4,1,4,true,0.07875492958004535,2024-03-07T15:41:29.373Z,Erdman Group,false
93718a54-b44f-4f42-9ef3-1066aff77c06,2024-05-05T06:05:50.422Z,Coystad,Colorado,Afghanistan,13.9281,92.4751,cruciamentum,villa,curvo,tollo,demitto,tantum,ventus,125,41.65780211062744,65,subito,0,0,4,true,0.12540928459222392,2024-10-13T23:40:43.775Z,"Witting, McClure and Stoltenberg",true
5f52f4b3-8384-4118-8a14-5e3b186dac6c,2019-07-05T19:16:04.925Z,North Roma,Kansas,Republic of Korea,-41.2727,-108.4685,exercitationem,condico,pecto,ancilla,addo,voluptas,cohaero,32,168.0311081957125,46,aestivus,2,0,2,true,0.09113958690980431,2023-05-19T03:23:00.608Z,Howell - Labadie,false
be8f644c-0d96-47a5-9690-483dec5d31af,2025-01-16T18:20:13.502Z,Lorenberg,Louisiana,Ukraine,81.3473,66.7267,patruus,charisma,ancilla,contabesco,compello,denique,quam,27,182.3525522530938,42,commodo,5,1,1,true,0.07499772019667303,2018-09-11T05:32:01.849Z,Wuckert Group,true
d337e411-6326-4c38-97bc-5308ec296da1,2025-12-20T00:16:28.158Z,South Akeem,Kansas,Lesotho,-78.6484,-169.0847,ambitus,adficio,ratione,ambulo,concido,claustrum,sortitus,75,149.17271503049778,44,barba,2,1,5,true,0.05464124992695621,2024-03-08T06:14:14.682Z,"McKenzie, Robel and Swaniawski",false
f7363255-48df-4f08-9890-65c578109d33,2021-08-31T16:19:27.630Z,Topeka,Indiana,Vanuatu,15.8753,-146.5914,trado,utrum,vinitor,uberrime,accedo,vinco,amet,72,2.2414035549404243,64,una,2,1,1,false,0.07646216188774435,2022-05-02T13:49:32.096Z,"Gibson, Welch and Wisozk",false