accident_id,incident_datetime,city,state,country,latitude,longitude,road_name,road_type,intersection_type,accident_type,weather_condition,road_condition,light_condition,speed_limit,actual_speed_kph,driver_age,driver_gender,casualties,fatalities,vehicles_involved,alcohol_influence,blood_alcohol_level,weather_reported_at,reporting_department,pedestrian_involved
cba3a576-90b0-4be9-a883-08ba8179c088,2019-05-27T02:59:10.160Z,Green Bay,South Carolina,Palestine,53.3197,-102.5564,acerbitas,tubineus,cupressus,voveo,civis,degusto,urbanus,116,1.7071383571034993,76,vomica,0,2,1,true,0.16887218684148897,2019-11-04T06:16:59.742Z,"Mann, Langosh and Torp",false
a6525dd1-ed0e-492a-bff2-5d5035557cf7,2022-10-25T06:47:24.975Z,Evetown,New Jersey,Fiji,-27.2601,-0.592,temperantia,cito,degusto,vivo,distinctio,statim,iusto,25,144.92119385885758,59,animi,0,0,4,true,0.11688285537113957,2020-06-24T20:10:27.401Z,Little LLC,true
ac6103ef-9af1-4219-acf8-a317fa516a65,2022-04-03T19:33:24.674Z,Efrainmouth,Wyoming,Brunei Darussalam,7.5574,115.533,excepturi,thesis,confero,carcer,desparatus,abscido,angulus,57,224.00064043914267,32,deripio,1,2,1,true,0.20712601318091012,2023-03-30T06:13:06.880Z,"Kilback, Hoeger and Jones",true
9a40d2ea-5332-4a60-9bc7-fdba65c93347,2024-06-24T09:31:42.643Z,Altaworth,West Virginia,Republic of Korea,74.7339,-92.6713,itaque,sol,adeptio,adficio,tyrannus,aequitas,coniuratio,50,48.38247615810395,83,distinctio,2,2,4,true,0.2006788867774497,2019-08-27T01:42:23.896Z,"Schmitt, Mitchell and Rau",true
323d90c8-9820-4c20-b0aa-a75b3af9c6cb,2023-05-15T17:56:41.964Z,Henryfort,Indiana,Albania,-36.364,10.2443,deinde,depraedor,veniam,sto,distinctio,tristis,vorax,102,60.27123315475664,89,teres,2,2,5,false,0.17321060377935055,2022-03-20T07:58:45.893Z,"Russel, Doyle and Sawayn",false
a939ccad-5088-4d8f-b1ac-01833128771a,2020-12-12T12:32:42.986Z,Adityaworth,Louisiana,Austria,33.1326,-6.3902,bellicus,expedita,aestus,celo,umerus,abeo,angustus,43,146.6565560235546,43,vir,0,1,2,true,0.13830868787306166,2025-07-23T07:44:28.439Z,Abernathy - Rau,true
a8aa0b0b-5e41-471d-a773-95c8602a8a18,2020-03-26T13:19:46.394Z,New Stefan,Iowa,Central African Republic,-50.8345,-16.6584,impedit,laudantium,vindico,adsum,nam,torqueo,templum,104,195.55492300242466,68,tunc,3,1,4,true,0.20854152303976078,2025-06-01T02:56:51.864Z,"Bogan, Swift and Gutmann",true
696f8886-6f23-4ef0-a75d-ce3661689b68,2021-07-08T11:45:47.698Z,Fort Elseboro,Alaska,Qatar,-74.102,163.8013,molestias,eaque,supplanto,ater,somnus,adficio,sodalitas,125,35.557774154156625,54,desparatus,1,2,1,true,0.15860841571949227,2024-05-17T04:49:23.421Z,Ledner Inc,false
4fb66c1a-061b-4b44-869a-b32371c2dd9e,2022-11-28T18:02:59.471Z,Grahamfield,Georgia,Mongolia,29.5821,-82.176,cunabula,quam,suspendo,est,somnus,cenaculum,quam,103,143.08985833973895,47,ullam,0,2,2,true,0.23357035438131202,2025-05-07T03:53:33.584Z,"Ward, Feest and Dicki",false
7783a8be-731e-4d47-908a-46fb3d6eb9d1,2023-04-27T02:51:07.763Z,Ariellemouth,New York,Wallis and Futuna,-14.7089,39.4621,bis,urbanus,tres,abbas,tergum,cursim,virgo,119,158.88595225089674,75,numquam,2,0,4,false,0.049939485399734584,2023-10-14T17:31:31.216Z,Grimes and Sons,false
95a3c963-4ff6-4092-b906-490e68a2fbc2,2021-08-09T14:04:01.807Z,Port Whitney,Texas,Sudan,87.8009,-92.0922,explicabo,aestas,temporibus,copiose,tametsi,ater,comis,33,142.04950578073192,65,una,6,2,4,false,0.18967123692899113,2020-12-08T05:23:48.715Z,"Stamm, Swaniawski and Kessler",false
ac4aa64f-5123-4d12-91ad-0ee7760a03d1,2023-11-22T04:09:08.449Z,Severn,Montana,Benin,-48.317,58.6683,stella,tactus,subvenio,usus,statua,utilis,decumbo,43,5.762168637114504,74,adversus,4,1,2,false,0.20968793800114288,2022-12-25T12:29:21.211Z,Herzog - Flatley,true
66148e50-8471-4e9f-ad56-0588f03efa4e,2022-09-11T09:36:19.735Z,Tristinshire,Massachusetts,Luxembourg,-13.3099,127.4204,ulterius,comburo,veniam,aptus,tutis,tollo,depromo,66,0.8419365464604844,35,crudelis,0,1,3,false,0.012484377963848964,2021-03-17T01:51:55.732Z,"Little, Reichert and Kris",false
95e18026-0171-40bd-a9d3-87f645aaeb52,2022-09-10T16:34:12.676Z,Rogers,Massachusetts,Malawi,-14.7874,175.5882,clamo,amita,voveo,aegrus,toties,attollo,terminatio,80,94.96613084045546,85,vorago,4,0,3,false,0.21864856923540354,2023-02-21T21:23:06.029Z,"Stracke, Wintheiser and Wilkinson",false
6e3ad40c-e6a8-416e-b7a0-c9b6d77506a6,2018-08-02T02:38:31.134Z,Franeyland,West Virginia,Libyan Arab Jamahiriya,-29.3374,9.0375,textor,universe,accusator,audentia,comitatus,urbanus,solus,33,90.29630856588226,46,quasi,0,2,3,true,0.048163461056613815,2019-06-03T08:23:05.507Z,"Mraz, Parisian and Grimes",false
522c56f1-adaa-41e5-ad82-53ad69001971,2018-07-08T20:26:26.780Z,Zariaville,Arizona,Kiribati,-19.7327,-67.0186,officiis,uredo,adnuo,ultio,considero,voluptas,trucido,106,95.70842528749971,75,comparo,5,1,5,false,0.2062865258610715,2024-04-14T04:20:54.754Z,Morar - Treutel,true
e609a1cd-7a06-4da6-b01a-c6f490c1c2c1,2024-03-17T12:23:35.141Z,Aliaport,North Dakota,Bermuda,13.6465,3.2331,velociter,decens,absconditus,ventito,deputo,sufficio,texo,25,144.94949946574883,81,vindico,2,1,2,true,0.14442076770394904,2020-10-10T17:12:32.341Z,Quitzon - Schulist,true
b40cf7cf-f209-4a2d-aed2-87873a1f4bbe,2024-10-20T03:53:00.218Z,Bethlehem,Nevada,Mozambique,-80.9852,-73.6522,thorax,denego,decor,laborum,ultra,denique,cumque,21,115.899242719744,23,beatae,0,0,2,false,0.21455515885782994,2023-06-22T09:16:25.851Z,Champlin - Hettinger,true
b1067a55-4312-4528-b9a6-e70025c2b9a4,2021-05-17T23:14:34.393Z,Montanaton,Texas,Greece,-78.163,15.785,volo,crebro,allatus,rerum,vado,crastinus,ascisco,56,37.131274254076416,60,sed,4,1,4,true,0.006625162529221046,2018-07-04T04:32:47.547Z,"Parker, Anderson and Purdy",false
b6dafa31-7f83-4884-afbc-3cf0bdd83436,2020-12-24T01:57:03.550Z,Taunton,Texas,Nepal,60.0765,74.6383,vaco,autem,conturbo,credo,uxor,a,carmen,86,205.5663195142586,82,libero,4,0,3,true,0.20592016144900224,2024-06-02T16:47:20.760Z,Toy - Carroll,false
830a3885-df98-41e4-b65c-47601f89f782,2020-09-04T00:21:37.741Z,Fort Kattie,Massachusetts,Mauritania,-41.559,-38.3526,verecundia,currus,sollers,rerum,aufero,adimpleo,triduana,31,212.91221324809683,91,sit,1,1,1,true,0.17528929896516768,2024-08-22T00:34:02.800Z,"Harvey, Hudson and Gulgowski",true
76a085a7-e97b-4933-9d3a-bc640c2e6a28,2018-06-25T20:31:19.666Z,New Kellie,Nevada,Svalbard & Jan Mayen Islands,72.884,-28.9409,conservo,una,tergo,agnitio,harum,concido,vilitas,32,171.4140323428295,21,cauda,4,0,4,false,0.004143851880724081,2025-06-27T17:54:35.204Z,"O'Reilly, McCullough and Schmitt",false
c3b28834-d37f-4c60-840c-eaa1927bf9c8,2021-06-14T21:46:23.859Z,Hegmannbury,South Carolina,Hong Kong,79.6564,81.9452,ciminatio,cibo,aperiam,quo,textus,universe,circumvenio,98,129.78908952121208,92,illo,1,1,2,true,0.06228843336562567,2018-09-02T03:26:25.864Z,Mante LLC,true
281f0ffd-dd7a-4a8c-b28d-401557d75243,2020-02-07T00:59:30.492Z,Abbyland,Ohio,Falkland Islands (Malvinas),9.0087,114.388,alienus,debitis,vinco,claudeo,umbra,defero,territo,124,47.026035041507114,16,aliquam,4,1,2,false,0.05526027143107226,2025-12-01T12:46:19.821Z,"Raynor, Murphy and Beahan",false
59f66b37-9fba-40d9-82fa-3b91571791d8,2023-12-28T18:35:29.423Z,Kirlinchester,Ohio,Sri Lanka,-31.0182,-156.6523,curriculum,coadunatio,sono,substantia,victoria,antepono,velum,76,219.0640383804425,96,creo,4,1,1,true,0.23543043257791219,2020-08-05T02:40:28.514Z,Morar Inc,true
97ef97a2-dcb6-43fe-bfb0-d3402daccfe9,2025-09-25T12:31:42.100Z,New Pinkieburgh,Rhode Island,Gabon,11.0189,67.1526,minima,theologus,tabesco,tamdiu,calcar,decumbo,tactus,31,115.48187940662437,18,tametsi,5,1,5,true,0.08823847506310564,2020-07-01T21:30:24.990Z,Farrell LLC,false
14afda2a-69a6-4f20-b70a-4b03b4a7d01b,2024-08-24T20:44:55.999Z,Curtisboro,Florida,Mayotte,79.7955,28.8822,comprehendo,cohibeo,centum,atrocitas,vulgus,vaco,urbs,46,7.386433364722773,43,tabesco,5,0,3,false,0.002339848017146845,2021-04-27T00:25:03.373Z,Beahan Inc,false
722f3ea2-7d72-4900-b86c-55fe17486a0e,2019-12-30T09:44:57.959Z,East Giaview,New Hampshire,Nigeria,-40.8414,-31.6331,nihil,armarium,caelum,peccatus,absconditus,esse,veritatis,106,17.406743582906277,53,decens,1,0,4,false,0.10878420744832143,2021-08-06T20:24:38.968Z,Rempel - Predovic,false
05c71880-0b00-4336-bdcc-56c7c983f033,2021-06-11T08:14:14.536Z,Vitoworth,Iowa,Sudan,-72.1213,60.8869,hic,comminor,cibo,colo,armarium,accusator,solum,26,189.35629719897608,20,vobis,4,2,1,false,0.04363944432629657,2025-02-12T04:18:45.824Z,Ziemann Inc,true
739b2535-64fb-4cee-bd79-0012257bb25f,2024-06-12T03:34:49.976Z,Cuyahoga Falls,Illinois,India,-84.6307,167.0885,statim,caritas,suasoria,combibo,corroboro,cupiditas,tantillus,111,112.79795871657362,19,nobis,2,1,1,false,0.247420104924371,2020-07-24T23:16:54.989Z,"Quitzon, Strosin and Swift",false
fc793ea6-af5c-4626-a6d0-c90c19c18edb,2020-02-28T16:30:51.321Z,Kalamazoo,Louisiana,Ecuador,79.8383,71.4669,ea,amplus,stella,vilis,doloribus,votum,curvo,71,216.43944060613217,56,absque,0,1,2,false,0.15979349904744014,2023-09-21T07:01:08.964Z,Emard - Rogahn,true
0a3dfb03-bcc3-4b4c-b6c3-bd6eb2109acd,2024-07-26T16:53:57.053Z,Geofield,Georgia,Uruguay,44.5969,152.0195,atrox,ascit,apud,versus,error,unde,cernuus,81,235.2075028228942,58,odio,0,1,4,false,0.20146655939540634,2022-06-29T20:09:45.650Z,Olson - Weimann,true
d60642aa-c738-41dc-be2e-c816df17b035,2020-10-20T21:57:57.990Z,Edythecester,Kentucky,Democratic People's Republic of Korea,-63.0827,96.2017,toties,denego,ulciscor,sustineo,vomito,validus,aurum,116,57.06736081587976,25,thorax,1,1,4,false,0.10730713942889519,2019-05-23T22:17:15.604Z,"Collins, Bednar and Fritsch",false
29a4919a-222c-41f7-abd2-78fd1b61760f,2023-06-16T18:53:48.653Z,North Eliza,Wisconsin,El Salvador,86.7866,-53.0642,tabernus,utroque,ultra,vitiosus,carus,velociter,possimus,53,85.15203651154951,50,sperno,1,2,1,true,0.16355665949119802,2023-05-20T12:27:59.730Z,Walker - DuBuque,false
8f711b65-e362-4431-9379-ae58c010f47a,2019-01-13T18:44:48.040Z,Littlechester,Oregon,Fiji,19.459,-71.4656,supra,conatus,tertius,audentia,conspergo,illo,ulterius,53,181.3519301390009,46,adaugeo,2,0,3,true,0.22240651258186678,2021-07-21T03:20:10.698Z,Emmerich - Schinner,true
0885c348-1519-4d19-8118-4ad41c2f9ecf,2023-08-22T07:36:12.723Z,New Quentinmouth,Maryland,Spain,37.6036,151.7148,speculum,trucido,delectatio,ratione,desolo,totam,curo,32,106.35982765284014,82,explicabo,5,0,3,true,0.04216111018778074,2022-02-05T12:28:17.238Z,Watsica - Lesch,false
0e738ef6-fead-4f80-af8a-b3506626890a,2021-08-04T07:06:31.441Z,Olsonmouth,Colorado,United Kingdom,65.3721,-137.4583,desidero,urbs,stultus,in,spiculum,creo,balbus,48,211.84810961803245,85,molestiae,2,0,1,true,0.08895990895734507,2025-12-24T16:50:34.984Z,"Waelchi, Kulas and Waters",true
1312293d-ab7d-48df-9409-4797f647c7ff,2024-11-16T22:20:34.599Z,Mantestead,New Hampshire,Djibouti,-80.5944,119.9014,vado,copia,iusto,tertius,pax,crebro,textor,93,31.042385017180358,66,sol,1,2,4,true,0.04920844560861254,2023-10-17T03:29:54.591Z,Bode Inc,true
24fe7f2e-18ba-45c7-825c-76e17eb67aa7,2019-08-27T09:22:34.967Z,Parisianville,Delaware,Austria,11.6282,32.0342,depraedor,corrigo,amplitudo,velum,somniculosus,cursim,absum,75,210.58679049207092,49,dapifer,0,1,1,false,0.12598337617787408,2019-01-28T15:49:07.454Z,Morissette - Pacocha,false
4435afa1-7702-4198-8924-0bb496eedbd0,2022-07-28T12:27:53.939Z,Lake Ephraim,Kansas,Aruba,7.4735,-14.0999,tempora,correptius,correptius,cibo,vapulus,cervus,colo,124,45.17583324041123,73,bardus,2,1,1,true,0.021444944959179396,2024-12-31T07:18:34.109Z,Moore and Sons,false
fd569893-fa82-496a-a2b4-a0290a3d8582,2025-12-22T02:45:36.656Z,West Ibrahim,Montana,Malta,-34.0553,151.9227,stipes,ducimus,tutis,desipio,chirographum,utrimque,quaerat,118,155.37832852289247,62,utrimque,6,1,1,true,0.2009042008641176,2018-09-25T14:20:08.873Z,"Treutel, D'Amore and Goldner",true
1412635a-887f-4fb6-bf4f-57f051352d0d,2020-10-25T20:42:59.323Z,Judeton,Massachusetts,Guatemala,20.185,88.0737,perspiciatis,agnosco,sed,confido,trado,torrens,itaque,63,90.64922737804476,38,itaque,4,0,2,true,0.01635828880501325,2022-01-15T11:59:40.830Z,"Cartwright, Monahan and Zulauf",true
8c1cce20-d969-431b-b43e-9a10036f056b,2020-01-06T11:21:48.237Z,South Keaton,Alabama,French Guiana,12.57,-126.834,aveho,coerceo,statim,admitto,conscendo,error,cohaero,27,30.059317919225386,28,iste,6,0,4,false,0.010941731045241404,2018-07-03T22:45:56.122Z,Jones and Sons,true
ae0c9256-8780-4a6e-a495-445cfb932864,2019-04-02T23:23:24.627Z,New Jordon,Arkansas,Cote d'Ivoire,14.9218,-72.0409,sollicito,adicio,molestiae,vita,celo,sed,auditor,85,155.3117773953577,82,cuppedia,4,2,5,false,0.04671584649870861,2021-08-26T20:32:37.071Z,"Gleason, Windler and Hane",true
ed51f217-b2e5-4c04-8731-7773f3ee2c25,2020-07-08T06:44:38.258Z,North Highlands,Idaho,Kuwait,-74.2848,64.9493,terror,amitto,sit,copiose,comes,certus,uterque,118,65.41955758045214,67,adflicto,4,2,5,false,0.1658952490071119,2020-11-16T03:25:35.579Z,Reichert LLC,false
b9cb443f-1336-4302-8b22-0eb028fb0c37,2025-10-27T19:30:19.950Z,West Sigurdview,Pennsylvania,Qatar,-64.6759,-11.2738,alias,tamquam,curso,cultura,demens,desolo,vetus,41,14.459124999101949,43,antepono,6,2,5,true,0.08096057500534551,2023-07-05T12:38:58.572Z,Kshlerin LLC,true
bd0f2e46-aba5-43d2-a6a4-7d290214988f,2019-04-12T19:02:37.781Z,Streichside,Illinois,Sao Tome and Principe,-12.7242,24.3194,condico,bellum,ut,subito,clamo,amiculum,tego,83,27.12904537896973,37,absorbeo,4,2,3,false,0.12867474000610488,2025-02-18T02:32:15.778Z,Turcotte and Sons,false
64f93b6c-5d33-47f6-95c4-4bd3bc83ffcd,2022-04-09T06:27:47.624Z,Port Stefaniebury,Delaware,Syrian Arab Republic,-63.4542,175.2558,modi,umerus,desipio,arbustum,dignissimos,tutamen,autus,77,216.82800519507418,35,aperiam,6,1,4,false,0.029791741229593688,2021-05-26T21:29:11.380Z,"Dietrich, Rolfson and Crona",false
267aedf8-2dcd-431d-8a07-9e9d7d7479c5,2024-12-15T09:45:39.605Z,North Tadmouth,Idaho,Niger,-77.2511,-47.1996,ulterius,absque,amaritudo,suppono,theca,harum,vomica,97,232.13872462569896,100,nostrum,0,0,5,false,0.07058712918905682,2024-10-11T20:14:05.001Z,Bergstrom - Gottlieb,false
2aa6917f-9d24-4203-8318-7eaabb153f02,2025-01-31T15:04:09.340Z,Bolingbrook,New Mexico,Canada,-17.5223,40.7889,cuppedia,necessitatibus,vulgivagus,talus,teneo,synagoga,volubilis,69,228.42317551862726,26,arto,6,1,4,true,0.0010849671568201325,2025-12-29T00:29:10.970Z,Daniel and Sons,false
489fc27f-9099-41f7-84f4-d5db08bbeb35,2020-04-14T18:18:11.691Z,Hialeah,Nebraska,Micronesia,-78.7957,62.3668,tabesco,sit,amplitudo,viduo,conturbo,odio,thesaurus,65,193.8159048408374,61,virtus,0,0,4,true,0.21264895337015233,2022-01-06T02:10:40.189Z,Harber Inc,false
0a6cf8cd-e105-4249-afbc-dd09a1e6867d,2022-06-23T13:52:49.601Z,Ellicott City,Oklahoma,Kyrgyz Republic,-50.7329,46.8338,tolero,velit,caterva,sed,nesciunt,cibo,adamo,24,107.14091884210715,43,depulso,6,2,3,true,0.24142282784529517,2024-08-31T01:23:10.998Z,Erdman - Deckow,false
4c13fa21-5db8-45fa-9bb1-5e7900f2a059,2025-08-25T05:56:55.990Z,Claudiafurt,Indiana,Democratic Republic of the Congo,1.7278,106.2523,cunabula,terra,depono,cursim,sequi,curo,absorbeo,59,46.03613044351164,94,cohaero,0,1,4,true,0.17638015803136683,2025-06-01T19:53:08.188Z,Bartell Group,true
e7b12f82-65d8-4614-8a99-7dcecfc5ea04,2024-10-20T22:45:22.696Z,West Verdie,Idaho,Norway,-15.9849,153.2265,concedo,tredecim,succurro,admoneo,vorax,ocer,aestivus,37,104.63949916997792,80,animi,4,2,4,true,0.19951417178196468,2024-02-23T14:49:40.184Z,"Raynor, Cremin and Schuster",true
a047ffde-133d-4176-ab97-44e1713d201b,2020-06-11T01:44:40.025Z,Adriannastad,Connecticut,Cyprus,-14.7829,29.7445,verecundia,repellat,ventus,uberrime,triumphus,venia,suggero,31,16.213350556029063,55,sapiente,4,1,1,false,0.004596961098550345,2019-11-15T08:15:16.548Z,Russel - Johns,false
d968b356-2b8c-48ed-adfa-bee1b00303d2,2022-10-29T12:03:56.258Z,Fort Veda,Georgia,New Caledonia,64.1983,-142.1682,abstergo,dedecor,soleo,ait,verecundia,ancilla,conculco,21,127.63851233232211,61,caelum,2,2,4,true,0.14045545800623183,2018-11-09T07:29:47.745Z,Johnson Group,false
3d5d47bb-3ebf-490a-ac10-fa6ab21ff884,2025-02-14T23:22:42.662Z,New Kris,Maryland,Andorra,-69.8686,-49.6068,vulpes,degusto,tersus,comminor,amissio,tripudio,nesciunt,109,44.807367278530776,87,coma,2,1,3,false,0.06095380855188953,2023-02-24T07:41:43.670Z,Emard - Crist,false
66856a1d-c484-4756-8afb-2b57efa5a18b,2018-12-17T02:03:35.469Z,Jeradland,Illinois,Ghana,-38.068,-97.5646,bibo,teres,una,peior,aeternus,iusto,corrumpo,32,74.30295805596188,97,auctor,2,0,3,true,0.11661995288154792,2018-07-12T10:49:20.114Z,"Jacobs, Haley and Smitham",true
be0ffb32-f2d1-4561-b7b4-bce56226e214,2022-06-08T16:30:05.146Z,Donnellystead,Texas,Pitcairn Islands,37.2357,30.5452,audax,dolorum,comminor,omnis,sperno,conitor,quibusdam,120,98.50611267667742,35,vito,2,1,4,false,0.2055054356853621,2019-06-02T08:29:24.074Z,Upton LLC,false
0d5daaff-a221-47b4-8350-126ff80685b8,2022-04-19T18:16:32.487Z,New Richardboro,Tennessee,Macao,89.5659,-170.2293,amiculum,volo,canto,quasi,id,cimentarius,caelestis,26,124.03079127476414,82,corporis,4,1,5,true,0.10984084806130162,2018-03-11T14:23:34.672Z,Waelchi Group,false
efcd4941-3fa1-4097-96d7-ab35526b4540,2020-12-14T18:59:28.044Z,Lombard,Montana,Anguilla,58.359,57.3997,tergo,placeat,timor,animus,vicissitudo,aegrotatio,virtus,71,184.64700027475587,16,trucido,2,2,2,false,0.13257154160425608,2023-01-24T12:47:12.176Z,Fritsch - VonRueden,true
19481a40-b02d-4e23-beab-430b984171f6,2024-05-08T01:41:41.536Z,Everetteworth,Iowa,Barbados,85.8082,-104.6283,admoveo,tonsor,iste,aduro,similique,cometes,stillicidium,107,205.04421004149742,86,nulla,6,1,4,true,0.11780454379043309,2022-07-29T22:56:32.677Z,"Gutmann, Weissnat and Sawayn",true
c82c8d14-c020-4ffc-b82d-c8d7c6909fe1,2018-11-10T17:36:20.650Z,West Rethabury,Georgia,Eritrea,-53.5236,-49.5097,vociferor,vivo,accendo,apparatus,cursim,attero,adsuesco,125,214.79700759510632,34,quibusdam,0,1,3,true,0.19519384907731302,2020-03-30T22:40:27.732Z,"Hartmann, Altenwerth and Boyer",true
a99cdce5-4121-47c1-8275-1ccb32b9bf81,2025-09-25T15:49:06.546Z,South Gusfort,Connecticut,Trinidad and Tobago,-27.4715,116.9481,vae,cohors,aspicio,earum,quisquam,titulus,arcus,81,48.21413243062644,32,patria,4,2,4,true,0.010365957320185942,2024-01-04T09:06:50.404Z,Hudson - Welch,false
eaf35b52-83b9-430d-bb0b-3810e0a065f1,2025-04-16T20:11:06.431Z,Lexington-Fayette,Wyoming,Israel,54.2922,-102.7699,aliquid,vinco,textilis,sub,provident,itaque,bestia,52,193.52807294338388,51,commodo,4,2,1,true,0.242945738028934,2024-07-14T22:04:46.181Z,"Lynch, Johnston and Weimann",true
4426ed64-ab5a-42f0-8511-2b35951943d2,2021-01-17T00:47:01.110Z,Fort Mohamed,Florida,Guinea,7.4677,152.8326,trucido,voluptatum,sol,umbra,excepturi,aer,desidero,41,117.89990626094693,48,atqui,1,0,4,false,0.08941289972133373,2019-07-06T19:05:18.836Z,Veum - Schinner,false
2abad550-38c0-4cf6-9200-dcf0183ace8f,2025-05-19T01:01:19.138Z,Zanestead,Arkansas,Mongolia,74.2348,130.4181,constans,canonicus,taceo,error,stipes,adicio,tergiversatio,50,39.29045806754273,81,dolorum,6,2,3,true,0.2127382514621411,2019-12-05T03:18:52.611Z,Cruickshank - Keebler,false
a4764434-ba1b-4409-938f-b0e67757ca50,2022-08-14T23:01:04.891Z,Fort Jimmystad,Vermont,Democratic Republic of the Congo,-46.6057,153.9256,via,umerus,thema,attero,viriliter,vulariter,cuppedia,64,114.56595338512956,55,animi,5,1,2,true,0.08490199775239471,2025-10-03T04:16:15.503Z,Macejkovic - Ritchie,false
541358ba-8fdd-47bb-bd2e-0ea72545f994,2025-05-14T10:47:10.266Z,Rockwall,Texas,Bouvet Island,16.5124,21.876,audacia,audio,sordeo,beneficium,sub,culpa,balbus,72,120.0883547373517,49,depulso,3,1,4,false,0.04961932618315759,2021-08-05T16:03:33.609Z,Koch Inc,false
a77c3281-3d14-4e3d-b138-4d57531d94e4,2025-05-01T12:41:48.986Z,Dibbertport,Ohio,Iraq,70.2265,162.8561,ascit,cornu,arceo,crur,eligendi,officia,curso,68,103.5996808774724,62,libero,2,2,2,false,0.16156777760277646,2021-07-26T11:22:53.707Z,Altenwerth - Gutmann,true
855bd8f1-7fd7-47ba-ab0e-450db6c27241,2019-12-01T14:30:54.950Z,Lake Germanstead,Illinois,Sint Maarten,-74.4449,149.6189,amoveo,delicate,ipsum,sursum,carpo,viduo,circumvenio,27,109.8841037207503,18,culpa,0,2,2,true,0.017715370318083623,2020-01-24T16:43:20.793Z,Rempel and Sons,false
db73ba39-bd4d-4de2-afe5-e5bbb0a6616a,2018-08-23T16:26:58.001Z,North Richland Hills,North Dakota,Aland Islands,65.5226,64.9101,cohaero,triumphus,odit,crinis,deduco,cupiditate,earum,98,62.16398519761615,82,confido,6,1,1,false,0.15173019864119144,2021-02-04T02:08:24.011Z,Torphy - Considine,false
4ee3c6bd-f58c-454a-a6c8-ee1f4627a2b2,2025-05-09T18:26:50.647Z,Marianeland,New Jersey,Anguilla,9.8137,11.7764,tenetur,asper,adulatio,adamo,quos,vespillo,adflicto,28,32.4405049942392,42,cohibeo,4,1,3,false,0.2261765275592645,2024-06-23T10:39:25.622Z,Ernser and Sons,false
652ce933-1b13-4a25-9c85-009f0059579a,2020-05-02T05:16:50.587Z,Lake Aureliafield,Hawaii,Vanuatu,84.6643,-45.4722,volubilis,sto,virga,similique,soleo,damno,decimus,99,226.28807264000832,37,provident,6,1,2,true,0.20192300134745753,2025-05-11T03:50:00.742Z,Stamm Group,true
f5c3b0ec-9e47-4e69-a4d4-2e5f21a74950,2024-01-06T17:11:57.706Z,East Alejandra,Georgia,Congo,-63.6261,-128.3042,apostolus,astrum,tenuis,volubilis,curso,alveus,acerbitas,64,111.59046262396684,28,delinquo,6,0,5,false,0.22776985568141034,2020-09-17T22:49:42.990Z,Kunde and Sons,false
6119b384-0906-42f6-b615-8d8a04e67897,2022-02-23T23:20:28.806Z,Streichstad,South Dakota,Saint Martin,-5.1516,-84.5494,curso,desidero,temperantia,clibanus,trans,at,iste,26,119.17936891377956,49,arbustum,3,2,3,false,0.21683103153143213,2018-08-27T09:15:40.249Z,"Mills, Kunde and Schuster",true
11d65e28-f9ba-4611-8463-ab7a102ae0cd,2019-07-23T08:57:19.582Z,Oranhaven,Delaware,Puerto Rico,-8.2622,-35.6713,tero,aqua,cui,accommodo,tum,attero,aufero,112,87.73474458898892,82,canis,3,1,4,false,0.06728075324458344,2019-05-20T08:44:19.139Z,Altenwerth - Emmerich,true
09e7f8e8-20cb-467d-b3d7-11504b8017fb,2022-05-23T22:35:53.307Z,New Sincereview,Texas,Jordan,71.1976,-144.5812,civis,currus,eveniet,coruscus,coruscus,spiritus,sustineo,105,68.0702862594632,24,tamquam,1,0,4,false,0.021241160238652412,2023-02-11T22:19:21.477Z,Leffler LLC,true
fddff532-d7ce-419e-9f93-797f258f3e52,2023-04-12T23:35:01.555Z,Adamview,New Hampshire,South Georgia and the South Sandwich Islands,-74.5035,171.4689,solvo,fugit,vehemens,perspiciatis,tredecim,consectetur,claustrum,107,126.29513545381887,58,cibo,4,2,1,false,0.07822286825298436,2022-02-17T01:23:11.487Z,Trantow - Runolfsson,false
4fdc59a2-0f58-40d9-a65b-649f360ec143,2019-01-01T02:47:22.954Z,Gerlachboro,Colorado,Japan,72.2135,-67.4217,damno,cibus,astrum,uter,nesciunt,statua,tremo,130,163.3078468223386,69,absens,2,1,5,true,0.1605689427025282,2021-11-23T03:32:56.275Z,"Bartoletti, Mertz and Schaefer",true
0ecc89d4-1252-44a9-b120-aa2111068078,2018-01-24T02:35:21.853Z,Erikaport,Ohio,Georgia,-68.7982,-18.3792,territo,vaco,brevis,atqui,triduana,coma,et,57,86.30346625497937,76,vesper,5,1,5,true,0.2428587059473959,2022-05-08T16:10:49.865Z,Labadie Group,true
aa6f9439-e0fb-4a93-83d5-e7748df509bd,2019-06-28T14:25:21.221Z,Kansas City,Rhode Island,Sudan,-22.139,40.1915,sui,aeger,vigor,aufero,aqua,tempora,enim,28,61.30061712915819,69,audentia,1,1,1,true,0.006235188341755821,2018-02-02T13:28:27.331Z,"Homenick, Wuckert and Denesik",true
28d438d4-cab3-4626-8992-d9fbb939a2f7,2019-07-03T01:58:26.029Z,Dooleyfurt,Ohio,Jersey,-19.2556,-142.918,officiis,recusandae,solvo,vulnus,error,dolore,cogito,48,78.97911200669517,99,vel,2,1,2,false,0.08158086655180188,2024-12-28T12:53:32.630Z,Wintheiser Inc,false