accident_id,incident_datetime,city,state,country,latitude,longitude,road_name,road_type,intersection_type,accident_type,weather_condition,road_condition,light_condition,speed_limit,actual_speed_kph,driver_age,driver_gender,casualties,fatalities,vehicles_involved,alcohol_influence,blood_alcohol_level,weather_reported_at,reporting_department,pedestrian_involved
a6627a74-2e7f-4aab-b809-d7746a12eaf4,2024-02-17T19:41:38.079Z,North Noble,Kansas,Montenegro,75.724,-169.5283,pecco,torrens,caries,umerus,deputo,eveniet,aut,82,114.55083673882558,41,caput,3,1,3,true,0.17978514244492144,2024-11-25T16:05:56.798Z,"Gerhold, Rogahn and Cronin",true
206f1811-9612-4d3f-9732-acd3b43cf763,2024-10-07T22:00:35.322Z,Careyworth,North Carolina,Ireland,72.8694,150.7695,atavus,thema,alter,cattus,suscipio,alter,caterva,48,206.2266026588369,67,desolo,5,1,2,true,0.10123057415180567,2023-10-05T04:08:29.781Z,"Smith, Stanton and Weissnat",true
b3a9e0fd-833f-43db-b806-256bddb4cbcb,2025-02-24T18:16:39.488Z,Pattiechester,Illinois,Luxembourg,-55.0852,-121.76,aureus,autus,audacia,turba,adamo,auctor,tersus,99,100.3312861258285,31,usitas,2,1,1,false,0.18778234718839154,2019-09-16T17:14:56.849Z,"Goldner, Morissette and Larkin",true
93061f34-d15d-4169-a836-37893bcde22c,2020-11-28T07:04:52.424Z,South Anahi,Florida,Algeria,-62.3567,121.1967,vicissitudo,basium,amor,curso,umbra,numquam,coerceo,57,52.41852671482769,77,adflicto,4,1,3,false,0.01817553051789661,2019-12-26T07:55:33.208Z,Kulas - Steuber,true
8a8ce254-5473-4193-92b5-e4dbb3f6548e,2019-02-26T23:24:28.978Z,Douglasside,South Carolina,South Africa,26.7751,-58.2159,audio,audentia,aequitas,capillus,subiungo,degenero,spiculum,26,149.39858494329093,76,validus,3,0,4,true,0.13333332168121262,2020-05-19T10:32:26.249Z,Nikolaus - Lemke,false
0b06e283-ab7b-4a09-b8ae-b781e2d97145,2023-06-30T12:09:00.979Z,Hageneshaven,Wyoming,Qatar,44.9715,-86.3291,aro,crux,sumo,adipisci,decipio,uredo,statua,30,215.99553771081534,25,umquam,3,2,4,false,0.0797291089536526,2025-10-30T22:40:55.194Z,"Wolff, Stiedemann and Hoppe",true
f32209cf-1d98-421c-aa64-d6a791e15216,2022-09-06T00:01:04.978Z,North Wilhelmbury,North Carolina,Marshall Islands,-9.2291,93.1054,trucido,urbs,mollitia,tristis,cariosus,commodo,pax,127,60.20964338264008,53,volva,2,1,2,true,0.0028490279900252047,2022-07-28T22:27:11.489Z,Heaney - Powlowski,true
dce6a5f4-dfe9-4421-9e4c-d6d465d9f884,2021-01-07T02:26:20.395Z,Independence,North Carolina,Republic of Korea,-81.5739,174.2527,colo,earum,artificiose,sordeo,vallum,tubineus,demoror,117,94.76511604871418,77,advoco,6,1,2,true,0.19397460853717607,2024-09-22T04:17:52.411Z,Schroeder Inc,true
41bccf58-0ae7-4db1-bec5-21634901ff15,2022-05-27T09:10:08.201Z,Southaven,South Dakota,Gambia,-20.3094,-127.2207,aliqua,qui,torrens,conor,delicate,tenetur,tempore,61,141.28332232035655,75,thermae,0,1,2,true,0.004131394624477841,2024-09-05T04:19:30.986Z,"Lehner, Reilly and Rogahn",false
8973e6a5-1a30-4910-ad40-2165f994eebb,2023-06-02T09:06:37.831Z,New Brianfurt,Wyoming,Reunion,-77.2793,30.6866,excepturi,utrum,virgo,comptus,tamdiu,amitto,utique,130,165.81922253079858,28,truculenter,0,0,4,false,0.038736006469886175,2019-08-16T02:22:03.537Z,Hermann Inc,true
c1b42944-dfcd-4aef-aacc-cf5d420bb4e4,2018-03-26T05:59:32.951Z,Bennyville,New Mexico,Saint Helena,70.8559,91.9671,tabula,suscipio,viriliter,sint,dedecor,confugo,celo,99,73.0782501322031,43,tracto,5,1,5,true,0.17302893395995414,2025-08-26T05:23:55.612Z,Bashirian LLC,false
2a2067f3-fda5-49e0-a7da-3a7237c13b28,2022-04-01T21:28:59.176Z,Spokane Valley,Pennsylvania,Sao Tome and Principe,-44.8043,-50.3701,crustulum,eius,nulla,cattus,sed,animi,appono,62,91.7257077870118,39,uterque,6,1,2,true,0.02043798426025248,2019-10-18T00:33:12.785Z,Langworth Group,true
5e8384ef-d829-4a1b-9ec3-ce2c20c20ca6,2023-12-11T11:17:06.553Z,Christiansenworth,Florida,Samoa,-47.7273,13.3455,tabernus,titulus,creber,deleo,tepidus,ea,commodi,90,209.28758349315603,85,sodalitas,4,2,2,true,0.04847194739654809,2020-05-22T08:46:40.581Z,Rowe and Sons,true
6710d178-62b0-4924-9ba7-5c902ee3d56f,2018-08-12T22:46:56.576Z,Skilesland,Maine,Sudan,82.6471,121.1536,titulus,ascit,voluptate,tui,ultio,cribro,claudeo,97,211.10610050254118,94,totidem,1,2,1,false,0.181349126570134,2019-01-01T23:50:29.666Z,"Welch, Cartwright and Bergnaum",false
593c9c37-6f74-4ba3-87bc-f10148981cc0,2025-02-23T08:48:30.005Z,New Edythe,Vermont,San Marino,-56.0439,-11.7402,pecto,usitas,acceptus,defero,cometes,neque,solvo,40,129.33601619179592,30,aveho,2,1,2,false,0.2323493952387605,2021-12-31T18:20:50.808Z,"Runolfsdottir, Steuber and Farrell",false
6a725d04-c8d9-43d7-8611-8056a651756b,2023-02-09T02:14:35.103Z,New Baylee,New Mexico,South Georgia and the South Sandwich Islands,-82.3282,47.9552,tepesco,dolores,quas,conturbo,ambitus,deorsum,cetera,59,100.74749016682,36,carcer,4,2,2,false,0.11869170762305922,2020-11-20T06:11:12.710Z,"Braun, Mayert and Buckridge",true
31c2eeb8-9d4b-4f01-b648-39d2b7c96be4,2020-09-25T20:18:37.266Z,West Gustfurt,South Carolina,Cocos (Keeling) Islands,-35.4312,141.511,barba,ipsum,brevis,vado,delectatio,tego,bonus,102,125.44874997487705,61,solium,5,1,5,false,0.07617145311702106,2019-08-28T12:37:24.574Z,"Douglas, Moen and Steuber",true
af226425-5964-4b5b-a66a-170cc8be899a,2025-12-18T10:52:13.972Z,South Malvina,South Carolina,Martinique,73.2136,90.8257,bis,ara,sortitus,eveniet,aranea,canis,verbum,49,154.8148891782868,33,amiculum,3,2,3,true,0.1777668119754365,2019-06-20T00:59:06.956Z,Reilly - Pacocha,false
9a9147c6-e357-4e21-8f9a-c5fa5d1613b9,2021-05-12T00:00:42.327Z,Somerville,Pennsylvania,Sint Maarten,-1.9584,-98.6045,pel,defendo,veniam,volutabrum,curtus,synagoga,aranea,103,81.97474245774336,31,quae,6,0,4,false,0.017658311730840676,2018-05-21T01:36:49.020Z,"Herzog, Schamberger and Maggio",true
129401b7-8722-420e-ab61-f0a87d72b1e6,2025-11-14T11:57:42.209Z,Bechtelarmouth,Indiana,Niue,-78.5532,70.4967,creator,curatio,tergo,coruscus,utpote,alioqui,claudeo,54,98.89904178358938,57,compello,4,0,5,false,0.16032925660200611,2022-09-06T02:23:11.332Z,Pfeffer - Bartoletti,false
ac9d6832-1772-45ea-aada-edde768e5465,2021-12-30T18:47:59.733Z,Faheyside,Nebraska,United Kingdom,-3.2682,-28.7708,appello,desparatus,aut,theologus,thesis,temperantia,adulescens,30,153.1243811179594,50,laboriosam,1,0,2,false,0.15697320291243225,2019-04-14T22:08:29.500Z,"Gutmann, Koch and Will",false
66f3d82a-32ce-4c3b-9e17-367bc0531f01,2020-06-15T09:09:37.099Z,North Judd,Pennsylvania,Croatia,73.5484,-82.6914,truculenter,socius,calco,molestias,arbor,accendo,cattus,21,56.14132097866456,65,ex,3,1,4,false,0.058661619735622034,2025-06-23T05:42:55.450Z,Boyer - Reynolds,true
a03e20a8-f411-4fa8-ba32-0d6e1cafcb9b,2020-04-15T05:38:01.985Z,San Angelo,North Carolina,Afghanistan,16.5165,-97.3238,est,alias,villa,eum,suscipit,voluptatum,depopulo,113,233.89494069757652,70,solio,0,1,3,true,0.1271916288079011,2022-01-10T04:08:38.140Z,"Schneider, Weber and Huel",false
a533c981-88b7-4e7c-8282-d3be26c826e8,2025-11-15T22:21:43.754Z,Mannfield,Iowa,Dominica,-50.9067,-97.0928,sortitus,quasi,corona,decet,combibo,comis,caterva,94,115.53022212952696,67,qui,1,1,1,false,0.19912075967624468,2018-10-18T13:35:34.370Z,Walker Inc,false
b6fd61dc-15c7-4227-9a03-b79e8eb56bb9,2025-02-19T03:37:31.955Z,Johannstad,Tennessee,Turkmenistan,34.2938,-29.9974,aeternus,ustilo,adinventitias,officiis,laborum,admiratio,voluptates,129,122.2964651568694,38,viduo,1,2,2,true,0.14608474868537874,2025-09-30T00:51:29.199Z,Simonis - Kuhn,true
02878d07-c6fe-40cb-8042-ccdc896ed587,2021-11-03T21:57:07.051Z,Schadenchester,Nevada,Norfolk Island,-82.7859,151.4071,temptatio,cornu,nihil,cicuta,modi,conduco,numquam,74,204.76413531887624,95,vigilo,3,2,5,false,0.19785549553174084,2022-11-05T23:17:51.710Z,Feeney - Keeling,true
e99f8769-1108-456c-a1fa-69b6a3f067da,2024-12-19T19:49:41.555Z,Dublin,Georgia,Myanmar,51.898,-149.3781,coerceo,vesper,congregatio,vesper,arx,confido,ambulo,32,118.33337811446856,42,compono,4,2,1,true,0.055098399466956965,2025-10-24T00:15:36.714Z,Grady LLC,true
30b88a44-2b00-4dd1-9bdb-a9da3f4c832d,2020-12-20T06:02:21.764Z,Casas Adobes,Ohio,Botswana,-65.0927,-28.4453,varius,thymum,calamitas,qui,ambitus,ciminatio,vitae,70,140.7016488640212,57,eos,6,0,5,false,0.04939184272249364,2018-02-11T02:08:02.447Z,"Kessler, Cummings and Prosacco",true
4db8d79b-5d49-47dc-8f76-4537747b6ea3,2023-11-09T08:40:20.753Z,Vista,Mississippi,San Marino,-5.7009,-177.7853,demitto,depopulo,amissio,socius,comprehendo,ultio,succurro,21,219.94021233351037,29,cenaculum,5,2,1,false,0.10103387532287877,2024-08-31T15:49:18.786Z,Collins - Bogisich,true
580b2c2e-edc8-4983-90de-e33951425e22,2024-02-11T18:58:48.174Z,Lake Sienna,Indiana,Luxembourg,24.6604,-144.0713,appositus,cinis,depono,adflicto,ultio,perferendis,demo,113,76.5329913660758,46,somnus,1,1,3,false,0.013507455766647775,2019-04-29T21:56:58.546Z,Zemlak LLC,false
3b0d4ab6-aae4-44db-b2b4-34d391c33777,2024-09-23T09:25:10.769Z,Mckaylaview,Indiana,Papua New Guinea,-13.9754,33.8595,tibi,spiritus,sollicito,cedo,dens,acidus,ipsa,61,166.72511396956918,100,catena,3,2,2,true,0.2455443285465525,2021-05-01T11:09:18.267Z,Jacobson - Lemke,true
8345de69-2586-4605-9eea-89b16d24c573,2018-01-13T03:47:20.726Z,Gastonhaven,Virginia,Canada,76.9288,-176.3181,arx,deduco,depulso,via,appello,communis,adeo,125,58.22404529031993,69,aeneus,5,1,1,true,0.0766195908268145,2023-06-23T10:22:34.022Z,"Durgan, Wisoky and Grady",true
ab7a8bf1-ff4f-4f1c-972c-4c116d3db590,2025-02-17T03:20:34.988Z,Bufordcester,Nevada,Mexico,32.8983,-94.7489,cernuus,vulgus,tracto,color,complectus,itaque,adinventitias,63,211.37650946155833,25,vestrum,1,1,1,false,0.18477292728775027,2025-11-11T02:45:47.144Z,Bosco LLC,true
c22d3588-1507-436a-b717-d207f798d928,2022-02-04T15:30:58.261Z,Missoula,New York,Saudi Arabia,-74.0395,-107.8147,voluptatum,adficio,molestias,suscipit,crustulum,assumenda,facilis,69,87.66045645915936,40,maiores,3,0,3,true,0.1216882728027523,2021-10-06T18:12:12.059Z,Larkin LLC,true
52cfabaf-9ea2-46cc-a8d5-d828f961147d,2024-07-02T07:45:56.338Z,Normaboro,Maryland,Botswana,-84.3727,-74.6538,tero,appositus,undique,tandem,voluptates,sumo,adicio,52,134.40955921939164,59,sulum,3,0,3,true,0.12112011944514081,2024-07-13T21:43:43.106Z,Hegmann LLC,false
d3a4c7d6-526f-46e4-a692-40b318f90789,2022-02-04T16:34:27.280Z,Round Rock,Washington,Northern Mariana Islands,52.494,85.2844,terreo,sodalitas,culpo,theologus,voveo,deprecator,curvo,51,112.96200857796931,88,cognomen,3,2,3,true,0.053914155216348986,2022-04-21T11:39:54.978Z,Ziemann LLC,true
9bed659e-5817-48f5-8a64-b8332bc14478,2024-07-02T08:10:25.098Z,New Zeldaview,Alabama,Aruba,81.3462,-160.1946,statim,vinitor,accusator,supra,sopor,labore,tristis,99,183.72063664187544,17,cum,2,2,3,true,0.2470039630459563,2024-05-14T16:31:56.343Z,Boyle - Jacobs,false
948b3324-cafa-40e5-a0d2-e4f8178f225f,2024-07-23T08:49:21.908Z,North Rosannafort,Massachusetts,Bangladesh,84.9113,-0.9362,color,aggero,aveho,in,officiis,tandem,statim,97,225.61928808442397,24,aggredior,4,2,4,true,0.24677080012925845,2019-09-08T18:22:09.368Z,"Borer, Stiedemann and Dicki",false
c07a00ad-a0fe-465e-a9e9-3e64ef93cecc,2023-05-12T08:25:13.549Z,Twin Falls,Montana,Equatorial Guinea,-68.9487,-139.367,aetas,degusto,viduo,apto,comis,angelus,vindico,97,164.56155309064653,88,rerum,6,1,2,false,0.23499154056913138,2019-05-26T01:04:11.481Z,Conroy LLC,false
0af05dbd-2a6c-42ac-82a3-7e983488328b,2020-08-17T09:15:09.016Z,Gaylefort,Alabama,Nicaragua,26.8655,-93.2183,suffragium,stultus,turba,tametsi,sunt,beneficium,desino,38,155.9437497045841,53,stabilis,1,0,5,true,0.03184023577773182,2018-08-17T08:53:55.786Z,Considine LLC,false
f636e9e7-5fe6-4b54-841f-21f9f57d87d7,2023-02-16T15:16:23.100Z,Iowa City,New Hampshire,Bahrain,-54.7908,-99.9949,deripio,apto,sum,carus,praesentium,currus,vulgivagus,124,169.34448219612943,19,ducimus,5,0,1,false,0.2356051581231312,2023-06-05T06:14:34.833Z,Schulist - Hahn,true
fd18d0a7-d762-4938-9165-bdc0e0977259,2023-10-30T23:04:38.044Z,New Anibaltown,New Hampshire,Wallis and Futuna,83.3213,34.506,comptus,caute,optio,amoveo,trucido,curo,somniculosus,96,68.095930649628,26,cultura,6,2,1,false,0.23533390744699792,2021-01-07T07:43:17.614Z,"Spinka, Powlowski and Hirthe",true
8f5e4399-7563-4e5f-8455-56b01a51904e,2019-02-06T18:48:38.117Z,Broken Arrow,North Carolina,United Kingdom,-79.4824,7.7642,cultellus,adfero,annus,acsi,acceptus,conatus,attollo,80,12.150465326675786,97,tandem,6,2,4,true,0.021127661305222423,2022-01-26T19:21:53.653Z,Crona - Bailey,false
d150518a-8ccc-4ef7-bbf9-b860eb97b1ee,2020-04-30T19:29:07.792Z,Antoninastad,Illinois,Georgia,53.2521,30.3531,decipio,ascit,speciosus,super,sumo,corrumpo,sublime,98,0.47144806506717707,82,advenio,4,2,5,true,0.1007809192923789,2023-12-12T13:49:57.201Z,Kovacek and Sons,true
d0b61b41-6a81-4f27-8167-bfdd5fab94cd,2025-09-26T23:51:45.228Z,New Alexandrine,Florida,Puerto Rico,56.1234,34.1352,rem,via,abbas,complectus,atrocitas,esse,ver,49,14.589182084701475,74,ventito,3,0,5,false,0.23291532054349054,2024-03-19T09:07:12.721Z,"Gibson, Leannon and Hickle",true
259448e1-dff3-47cc-bcab-2e65fb3a059f,2025-02-17T07:07:31.540Z,Bogisichtown,Minnesota,Christmas Island,8.7249,112.1035,tergo,carpo,defaeco,amita,cresco,abduco,aveho,111,20.162011313084047,48,cado,6,1,3,false,0.08077253186690889,2021-09-14T20:38:48.258Z,Mayert - Schumm,false
d31b4c74-3959-4608-bea5-565ad56d2900,2022-09-23T11:25:14.641Z,Port Hilton,West Virginia,Thailand,40.624,-100.1125,acquiro,crux,sed,distinctio,dapifer,sonitus,villa,109,8.899843488493584,95,nam,0,0,5,true,0.008769065838673346,2019-11-14T13:58:20.683Z,Dibbert - Greenfelder,true
0b695f55-54d4-48e5-b598-dca00b26418b,2023-08-11T12:15:06.359Z,North Everardofurt,Wisconsin,Democratic People's Republic of Korea,-18.7252,8.6766,vinum,coniecto,averto,adeptio,utroque,verto,animi,61,54.838174594786196,45,absorbeo,4,0,5,false,0.11162520619013078,2018-02-15T22:11:10.822Z,"Braun, Collins and Price",false
b4201f3b-b85b-4247-b2fe-bda724d27d51,2019-05-21T00:36:31.275Z,Hacienda Heights,Ohio,Saint Lucia,-33.9833,-45.0993,strenuus,uter,curso,uxor,chirographum,arbustum,sumptus,33,137.02499023328178,24,delectatio,6,0,3,true,0.1919317783183423,2025-04-21T10:22:58.735Z,Trantow - O'Conner,true
cf7424e0-f6ce-4ca5-9f9c-228254adc8ce,2025-08-19T14:52:21.715Z,Lake Rupertberg,Nebraska,Vanuatu,-0.5459,44.6928,vergo,conscendo,depraedor,demonstro,cernuus,suspendo,inventore,112,219.79407251628894,79,anser,4,0,4,true,0.22020439022931435,2018-12-08T12:21:31.522Z,Waelchi - Lebsack,false
c9b47ef1-8de4-4661-8f3a-fb827a8e1e38,2025-08-19T14:55:51.029Z,Cedar Park,West Virginia,Nicaragua,34.5524,58.303,deprecator,uberrime,soluta,solutio,casso,adamo,turbo,60,57.97680378270534,43,cupiditate,4,0,3,true,0.1447051874577202,2021-07-29T13:37:49.612Z,Jaskolski - Boehm,true
fce024c1-aa05-4bfb-b5fb-612d2f9f4ad9,2024-01-04T04:47:59.708Z,Hermistonland,Alabama,Czechia,41.4018,-48.133,caput,summisse,summopere,adsum,audentia,cavus,sui,95,237.64013540130242,20,nemo,4,1,4,true,0.18797000826458643,2024-03-11T17:05:54.964Z,Armstrong - Schimmel,false
b70ee4c2-3477-4b5d-b346-3f5e23955830,2018-07-28T11:49:40.295Z,Krystelfort,Nebraska,Argentina,69.5541,-82.1976,accusator,conduco,capillus,ultio,tantum,acidus,aestas,87,23.220027541067665,65,beatae,0,0,1,true,0.008698901597994607,2025-01-06T15:13:14.698Z,"Pfannerstill, Hagenes and Swift",true
af0ad2d2-2727-44ce-b1bd-484e49aa3818,2018-02-08T09:20:53.788Z,Zemlakport,Arkansas,Georgia,56.9382,62.7058,aegrus,strues,totidem,deduco,coniuratio,deporto,vester,115,101.48987387855735,20,ver,3,2,3,true,0.15728957037061625,2023-05-01T09:48:45.754Z,"Parker, Moen and Rogahn",false
16885587-45e1-4418-94b7-375408f083be,2024-07-20T12:00:34.126Z,Grand Island,Kansas,Bermuda,-67.1623,-50.4656,abduco,xiphias,tardus,deripio,facilis,tenuis,astrum,68,165.64475453927216,43,cena,4,2,1,true,0.024197928910425742,2024-02-25T18:33:15.609Z,Kihn and Sons,false
6ed24186-b09e-4bb7-a21a-62554d5b518e,2018-03-31T06:42:18.827Z,West Talonhaven,Nebraska,Lesotho,83.7583,-177.2161,colligo,cotidie,synagoga,conscendo,audentia,usque,capillus,109,22.530577298424888,43,sufficio,5,2,4,false,0.12741760242590874,2022-01-01T14:21:04.962Z,Waters - Considine,true
c51efcf0-8945-426f-b9d6-967ca2a5233a,2023-07-16T11:35:34.812Z,West Wiltonview,Wisconsin,Mauritius,63.0738,71.7673,angustus,illo,defendo,vinum,ea,repellendus,stabilis,107,173.89899234565186,49,ipsa,1,0,1,true,0.23569730280446433,2018-10-03T04:32:44.745Z,Herzog - Howell,true
9b5922b7-a9e6-42f9-bea1-479117d77732,2021-08-09T02:44:05.212Z,Alfredastad,Florida,Bosnia and Herzegovina,-9.3839,-116.1895,vallum,nobis,adhuc,cogito,auctor,pax,clibanus,29,28.509395034348152,60,ut,5,1,1,true,0.0541494530593046,2024-01-08T02:27:58.620Z,"Considine, Toy and Vandervort",false
8525287f-9419-4902-96b8-bc82c5655a48,2020-02-08T07:22:59.750Z,Jackson,Illinois,Saint Pierre and Miquelon,-49.6793,162.8553,cohaero,urbanus,ara,ullus,amet,temperantia,cupressus,89,239.1183888614671,43,stipes,0,2,2,true,0.22410908934083193,2018-08-08T18:36:08.372Z,Collier - Kautzer,false
ecb7dac9-538d-46f8-913e-5f2a991e4e5f,2019-10-25T21:46:19.019Z,North Devon,Kansas,Burundi,-7.2531,-144.4578,annus,damno,ipsam,at,cinis,cribro,pectus,57,91.07210247796223,38,cado,1,1,3,true,0.02532227849689217,2025-05-29T04:21:53.523Z,Braun LLC,false
84bc3b75-b830-4749-aec0-37d4315f797b,2025-11-02T01:34:04.922Z,West Myrnachester,Virginia,Lao People's Democratic Republic,77.1187,8.7683,crustulum,veritas,ipsam,circumvenio,caute,dignissimos,apud,86,109.82383489126465,31,angelus,3,1,4,false,0.2428979349129447,2022-03-20T12:27:12.025Z,Feeney Inc,false
905cc7a3-c4b7-4945-8be7-f55ad8a670b5,2025-07-22T20:00:55.857Z,Altenwerthchester,Idaho,Vanuatu,68.9698,15.529,virtus,angulus,sustineo,nulla,thymum,somnus,terminatio,25,51.832202795530016,93,amor,5,2,5,true,0.062050324650638755,2024-01-09T20:39:36.464Z,Jakubowski - Lang,false
b5fd3a5d-996d-4f66-9831-0a5699d06260,2025-03-17T19:38:59.628Z,New Vincenzomouth,Kentucky,Chile,86.4213,-94.0248,amplexus,tracto,ars,titulus,pauci,victus,cohibeo,63,207.64207581114056,20,cogito,6,2,3,true,0.11149270324514282,2021-04-16T08:42:06.794Z,"Walsh, Muller and Howe",true
667f3dce-9345-4235-9514-7e321e514ee7,2018-02-03T02:55:39.183Z,Balistrerifort,Arizona,Antigua and Barbuda,-15.8079,-120.7517,thymum,caterva,acsi,quo,demum,similique,recusandae,67,212.2057952591588,47,talio,0,0,5,true,0.0057606316834669935,2022-09-26T05:26:39.615Z,Bednar Group,true
b501d167-0218-4535-8050-09a47207e4fa,2022-05-19T09:59:28.072Z,Fort Erickcester,Alabama,Martinique,46.5227,171.7367,desino,amicitia,veniam,decipio,adopto,aqua,censura,63,149.2584825764929,49,aqua,5,0,3,true,0.2400834234462181,2023-07-07T06:59:09.897Z,"Franey, Mosciski and Murazik",true
f00d30a5-0a94-4410-8a07-e55d66cf2c22,2024-12-15T04:41:59.565Z,Marvinfield,Connecticut,Sweden,27.3297,33.018,vigor,voluptatem,audacia,compono,aufero,aegre,dolore,28,61.235515662174926,37,vae,0,0,4,false,0.08001825626770187,2021-05-07T19:19:30.268Z,"Schamberger, Schroeder and Prosacco",false
bc383fa5-26b7-4351-ae41-1ae10be9b0bc,2021-08-25T04:33:58.368Z,Tristianstead,Hawaii,United States Minor Outlying Islands,-70.9462,-151.8306,adipisci,curis,vox,reprehenderit,catena,vulariter,quibusdam,31,200.89323208939925,71,aranea,5,0,2,true,0.1001217414822668,2020-09-01T06:46:50.602Z,"Schmeler, Pfeffer and Schuster",false
34e74dd4-f5f6-4404-b123-e4c084079e55,2019-07-07T03:48:57.796Z,Caesarstead,Tennessee,Costa Rica,-65.2734,121.0544,tubineus,tenuis,tertius,colo,aegrotatio,contabesco,ea,129,32.969989926413746,41,bestia,5,0,4,false,0.06765907802461654,2019-01-02T13:14:50.815Z,"Nolan, Torp and Boyle",true
21053e30-2c27-4670-ac26-6fba3d6cb60c,2021-12-11T12:36:13.931Z,Fort Carleefort,Florida,Faroe Islands,63.5269,118.6015,desino,assentator,iure,vester,tot,amitto,capitulus,98,149.30995198525454,76,varietas,6,2,2,false,0.1448428039603324,2019-06-22T23:36:01.113Z,"Halvorson, Yundt and Smith",true
315bb89a-7854-4b59-8a5c-0b92385884fc,2023-04-02T13:58:26.515Z,Trompstad,Illinois,Curacao,5.6043,-90.2512,bellicus,ipsa,acidus,dolorem,agnosco,surculus,nobis,126,232.56396948987913,59,congregatio,2,1,1,false,0.06316553082550347,2020-12-15T01:09:23.445Z,"Larson, Littel and O'Keefe",true
49402438-92e9-48e4-ad2d-cb0714c18ec0,2019-07-25T02:50:52.745Z,Harveyview,New Mexico,British Indian Ocean Territory (Chagos Archipelago),10.3433,-95.667,thymbra,magni,dolor,tero,corrigo,cuppedia,denuo,120,195.42624284947638,91,calamitas,3,0,3,true,0.012769147449473522,2022-08-31T05:21:59.720Z,Bogan - Beier,true
bf210187-e462-4c7f-8187-0a38aedb398e,2021-01-03T15:24:40.227Z,South Willie,Tennessee,Poland,17.9318,122.3633,voluptas,baiulus,cuius,ea,volubilis,ager,cumque,121,145.51738652204304,30,ultio,5,1,1,false,0.18836241548463037,2024-01-15T09:49:40.323Z,Durgan - Botsford,true
94ed1be2-dacf-4dfc-933e-31cca6092ccf,2020-07-12T03:13:07.943Z,South Charlotte,Georgia,Colombia,23.5742,55.719,apostolus,voluptatem,officiis,avarus,defleo,tumultus,coerceo,120,221.25787480139343,69,fugit,5,1,3,true,0.028327889070097118,2023-12-17T01:18:06.969Z,"Ruecker, Ledner and Heaney",true
310cfb94-1ce6-4f68-a0f5-2f1a24555ab2,2021-07-26T06:59:12.894Z,Fort Santina,Delaware,Mozambique,41.0216,-18.3744,similique,terga,comprehendo,conturbo,consuasor,amicitia,conculco,80,187.21217609465964,23,molestiae,4,2,5,true,0.1878733676958873,2018-11-05T06:48:28.480Z,Frami - Hessel,false
3eefb494-7b42-49a8-bddd-eab296ae4dc8,2021-08-30T14:52:37.561Z,Sporerport,Alaska,Guernsey,31.232,-150.9945,textor,sublime,adflicto,arbitro,caries,concedo,amor,67,190.91211567347818,58,denuncio,2,1,3,true,0.1315778906725837,2020-10-10T21:27:54.816Z,Cruickshank - Dach,true
6a9539b8-cc0f-4f92-bee7-cfd50b374920,2018-12-19T11:51:17.605Z,Gloverburgh,Kentucky,French Southern Territories,85.2794,43.5205,arbustum,socius,consuasor,cado,reiciendis,amaritudo,acquiro,37,118.82755914071905,46,teneo,4,2,3,false,0.19366167275660018,2024-11-23T14:05:51.681Z,"Lind, Bartoletti and Mertz",true
ce8ce220-6d41-4a36-874d-a1a83661eaab,2018-05-20T04:10:04.053Z,Majorworth,Hawaii,Jamaica,-24.9738,-150.1223,coma,consequuntur,ancilla,comprehendo,subvenio,sordeo,volva,85,81.0335946326949,84,paulatim,0,0,3,false,0.03224674338836328,2020-09-15T00:04:09.460Z,"Haley, Stanton and Altenwerth",false
ef358356-8f9b-4b8f-9463-3d1fabf08821,2025-03-08T13:00:20.306Z,Zemlakview,North Carolina,Bahrain,-6.3707,82.6709,apud,pecus,adipisci,artificiose,quia,esse,adicio,57,59.82469479538562,76,trucido,3,1,1,true,0.10238628440449202,2019-03-13T06:40:31.215Z,"Predovic, Heathcote and Trantow",false
34d8700c-fcb6-4be3-ad84-ea4563c12770,2019-10-18T07:58:24.090Z,Amosland,Louisiana,Albania,75.4615,68.0644,victoria,validus,vis,nemo,vulpes,nobis,brevis,37,111.72332252576881,17,calculus,6,2,1,false,0.12575996914545703,2022-05-20T16:23:19.463Z,"Haag, Kutch and Jakubowski",false
51abb264-8a94-43c7-82ff-0bc71da1ae98,2020-04-24T09:30:28.261Z,Lawrence,Oklahoma,Singapore,6.8935,85.8806,corroboro,esse,amissio,curso,demum,aduro,vulgivagus,130,135.9732143530153,93,ago,0,2,5,false,0.02000126882163497,2022-02-24T20:11:26.758Z,Bashirian - Shields,false
03b09348-9f0b-4418-b328-6959d5cac5c0,2019-07-12T18:02:30.776Z,Geraldcester,Idaho,Luxembourg,76.3773,82.0589,turbo,vespillo,strues,decretum,vox,triumphus,caecus,36,148.66684616539524,19,vulgaris,3,1,4,true,0.0018729911012398959,2020-02-09T10:13:18.217Z,"Barrows, Barrows and Zieme",false