accident_id,incident_datetime,city,state,country,latitude,longitude,road_name,road_type,intersection_type,accident_type,weather_condition,road_condition,light_condition,speed_limit,actual_speed_kph,driver_age,driver_gender,casualties,fatalities,vehicles_involved,alcohol_influence,blood_alcohol_level,weather_reported_at,reporting_department,pedestrian_involved
9069a5d2-16d6-429e-a1e8-0d565c63cc19,2018-10-31T20:13:26.447Z,Shanelleberg,Louisiana,Central African Republic,25.0084,161.4072,cubitum,censura,consuasor,quasi,basium,cito,nisi,35,170.10163652751365,67,dolorum,4,2,3,false,0.14837845345260664,2019-03-21T11:20:58.650Z,Lang - Bahringer,false
535a9adf-90ea-4bba-a670-2d0e7aff14d8,2021-06-19T00:05:03.144Z,Maxieton,Alaska,Venezuela,-1.6136,128.1259,curtus,timidus,vae,villa,versus,verus,adhaero,30,160.22671834103681,31,dolore,5,1,2,true,0.13236386090064883,2022-01-05T02:10:45.269Z,Prohaska Inc,true
e7fec4a0-3e8b-4ee4-9cfa-cdc16d04ea6d,2025-03-18T23:17:26.759Z,Uptonport,Kentucky,French Polynesia,-3.5494,-59.6881,victus,varius,neque,utor,sollers,bis,audio,62,150.9739815819861,19,alter,3,1,1,true,0.07047722387083216,2021-03-10T00:04:31.486Z,O'Reilly - Wiza,false
fde1c6da-2635-43d9-a104-8a10c3b0405b,2025-11-07T03:21:42.730Z,North Evelyn,Kansas,Armenia,71.9633,-125.7036,crapula,vorax,calculus,attollo,peccatus,vesco,minima,73,211.06735430264587,75,explicabo,3,2,3,true,0.07253251217008999,2025-09-13T10:42:17.378Z,Ritchie LLC,true
5144fc34-46fc-4bd5-abe1-ad18c633494d,2023-06-20T11:24:01.743Z,Auerborough,Kentucky,Ukraine,-58.0087,-70.4979,tyrannus,eius,atrocitas,facere,rerum,astrum,cultura,59,171.80303560073813,95,solvo,3,1,2,false,0.08464242041960529,2018-09-19T14:18:40.700Z,Bartell - Smith,true
01c0e8aa-4679-4169-96ae-f972b8bf749d,2020-07-28T00:19:51.558Z,Port Emma,Alaska,Micronesia,-88.3653,161.2087,unde,amissio,celebrer,assentator,debilito,ipsa,accommodo,67,101.47151003938599,33,acerbitas,6,2,3,false,0.012086933330686556,2024-07-21T19:12:26.302Z,"Turcotte, Lind and Nicolas",false
49e243fb-6b9f-4a05-9696-f15370a5aef2,2022-03-27T22:14:09.235Z,Kohlerland,Missouri,Nepal,-29.1185,28.3202,cupiditas,timor,optio,collum,arbor,ascit,sed,60,109.26172547064624,73,taedium,1,1,2,true,0.1640850648149271,2025-07-08T17:17:23.610Z,Gulgowski - Grady,true
9520db4b-2734-4f47-929e-0f10bb82fac0,2024-08-06T16:28:19.937Z,Port Brycen,Nebraska,South Sudan,58.5119,-108.4014,stella,utrimque,theatrum,amet,voluptates,mollitia,aliqua,56,205.07363120100885,82,deputo,2,0,4,true,0.22359967790732807,2024-03-04T14:16:25.345Z,"Brakus, Wilkinson and Gorczany",true
3a0eaaf6-1216-4721-84d2-f2fb4b86cb11,2025-11-07T16:30:38.027Z,Bethside,Louisiana,Wallis and Futuna,72.0297,-80.0391,vomito,conturbo,conforto,capto,curo,mollitia,tametsi,29,80.66833515142874,73,caritas,2,2,5,false,0.02892534782620748,2025-06-18T15:22:16.810Z,Wisoky and Sons,false
ff24cd5d-9d3b-4e9f-9fe5-49cabebcb182,2020-09-29T03:15:51.406Z,South Claude,Ohio,Jordan,-17.7064,82.3979,sint,aufero,conturbo,comburo,valeo,culpo,suffragium,51,135.76235270742563,50,casso,1,1,1,true,0.051169955241236575,2019-08-04T04:21:50.841Z,"Hills, Gorczany and Wiegand",true
46ca3865-a806-4eab-b805-8aaf5c5b601d,2019-03-05T11:21:46.234Z,New Eva,Utah,Ireland,22.164,99.1047,coadunatio,adeptio,caput,consectetur,auctus,spiculum,subiungo,55,121.74171079327381,95,solus,5,0,4,true,0.05444043852919078,2020-11-30T13:19:32.465Z,Runolfsdottir and Sons,true
70331e47-4bcc-4d10-9d2d-94c11e6878ad,2018-12-08T19:20:22.182Z,Toreyside,Missouri,Sao Tome and Principe,29.5963,29.5392,debilito,decens,deprecator,tametsi,cotidie,cena,pectus,101,192.8241836443712,69,voluptatem,5,1,4,true,0.19137902480186997,2019-02-28T18:15:43.642Z,Kovacek Inc,true
ef3a3d5b-5801-43ed-baec-6adf2f4727be,2018-05-24T08:04:50.173Z,West Eve,Texas,Mongolia,58.5254,-32.9216,solvo,odio,supra,velum,subvenio,colo,tantillus,84,198.04540906988578,30,coadunatio,2,1,1,false,0.11536240586286864,2023-01-09T02:35:54.017Z,Monahan - Herman,false
e916dc2c-7ef2-4230-9ed7-7acd83fe2b7a,2024-06-01T06:24:37.361Z,Lake Erwin,New Mexico,Northern Mariana Islands,-86.2903,31.7951,absens,tumultus,aurum,tristis,comptus,audax,textus,130,220.7774623631952,38,delectus,3,0,5,false,0.025544699656524866,2020-07-29T04:38:21.496Z,"Pagac, Crooks and Shanahan",false
1f923ae3-135c-4cf5-adc3-ad23ca845b09,2025-01-02T02:34:51.260Z,Lake Ruby,New York,Slovenia,78.3951,-79.0915,coruscus,capillus,crepusculum,suggero,alioqui,suggero,cauda,71,87.05481556946894,31,repellat,0,1,5,true,0.21704901180558814,2025-02-10T04:16:26.400Z,"Kohler, Erdman and Nikolaus",true
ade7930e-f066-472b-b7c9-5c789e267816,2024-12-13T06:49:49.997Z,Wylie,Texas,Australia,33.7504,75.1399,bellicus,magni,autem,cito,cubo,desidero,credo,119,187.09993496879432,20,audentia,0,1,5,false,0.17365158642096726,2021-11-25T09:41:54.038Z,"Graham, Donnelly and Walsh",true
7537b085-9f9c-418d-9415-5479f10b4e1e,2022-04-25T21:49:23.921Z,Jarrodchester,Maine,Italy,68.1444,137.7561,debitis,arcus,depulso,tener,coadunatio,subiungo,averto,54,141.46529760679826,88,defero,5,0,3,true,0.2018204878496073,2019-07-22T17:06:59.495Z,Bednar Group,false
edf15def-24d0-4bbd-b870-1b97d56bfd65,2023-11-18T15:15:06.760Z,Broomfield,Wyoming,Japan,85.442,26.3238,sub,apud,ultio,eos,tergiversatio,titulus,auditor,75,48.22024025898787,69,perspiciatis,4,1,3,true,0.15199844047714656,2024-01-13T01:56:26.833Z,"Satterfield, Williamson and Borer",true
69387639-88e2-4527-a39f-837c90215304,2025-11-08T19:05:44.726Z,Maxwellland,Massachusetts,Andorra,-25.1033,-123.0511,talis,ait,curriculum,corrumpo,ars,viridis,vesica,97,35.833506212428084,69,dedecor,3,2,2,true,0.02589929872923899,2018-09-11T16:22:21.190Z,"Streich, Nitzsche and Jast",true
9f8c8f7b-9384-4c14-a786-0f818fbbdd5b,2018-12-19T05:53:26.879Z,West Taniafield,Texas,Belgium,-38.823,172.63,ab,advenio,calco,eos,iusto,demergo,cura,84,216.47798412324755,59,accendo,5,2,5,false,0.024224187602503944,2020-09-25T03:18:08.677Z,Doyle Group,false
6363ea82-c36c-4f0b-af0a-ea005b8254b8,2020-07-24T14:54:53.347Z,Blairstead,Vermont,Namibia,12.3865,84.0985,tabernus,enim,tyrannus,desidero,earum,degusto,aestas,121,35.18457608367254,46,aptus,1,1,4,false,0.20723144864750892,2020-06-25T20:55:24.312Z,"Bauch, Connelly and Kub",false
9a77ae8c-30d8-4316-ac4c-005e2ee962cc,2021-06-22T04:19:23.759Z,West Hallie,Delaware,Antarctica,-83.7405,-20.5098,turba,auctus,denuo,id,altus,comburo,suffragium,47,162.34333466275777,63,dedecor,0,1,4,true,0.2398665075622068,2025-08-04T23:59:37.380Z,Barrows - Braun,true
2fc0e938-4e13-4d01-8c18-b823af991aa3,2022-02-05T23:48:33.510Z,North Zakaryland,Texas,Anguilla,-88.6147,-178.3372,deporto,verecundia,alias,cariosus,voluptatibus,commodo,saepe,115,215.79431526565497,42,amitto,3,0,2,true,0.15615131268971258,2024-04-30T10:19:11.541Z,Pfeffer - Grant,false
a03f1e3f-9e40-475f-a4ad-fc016b392a22,2018-02-22T17:36:28.249Z,North Christine,North Dakota,Mauritius,29.8184,31.7192,caelestis,uter,adiuvo,doloribus,cuius,bene,adsuesco,50,157.97221910887978,27,usus,1,1,2,true,0.21889707639602105,2018-07-12T17:22:28.859Z,Heidenreich Group,false
2cebe244-b732-45d7-a244-6310ddedaeee,2021-07-31T21:03:23.607Z,Aliatown,Colorado,Lesotho,-5.2116,38.7526,ait,candidus,bis,quisquam,demo,subnecto,demum,92,110.03232949002157,21,degenero,4,2,4,true,0.025928320193168597,2022-11-28T10:23:27.941Z,Zemlak LLC,true
00e440e5-0643-409c-b0bb-15d89c1a8da0,2021-03-06T19:51:46.036Z,East Isabellchester,Pennsylvania,Bahrain,36.2585,26.2509,iste,aqua,ambitus,dens,adulatio,aptus,adamo,75,136.29293159752746,50,subito,6,2,1,true,0.02644118543462351,2025-07-31T11:52:44.319Z,"Fadel, Kuhic and Kshlerin",true
ce7e4530-0648-4a21-b952-9d89fdc9d89d,2021-01-04T01:44:53.920Z,Lake Genesis,Virginia,Latvia,84.4759,-37.0499,adsum,vobis,credo,maxime,cur,ultra,approbo,47,202.40001979797802,95,vulnus,1,0,3,true,0.13610219287775527,2025-03-14T06:10:43.379Z,"Harvey, Lakin and Stoltenberg",false
f6e7313e-8f50-405f-b8af-12a3ccd77924,2024-07-17T12:53:42.460Z,Mosciskiview,Oklahoma,Tokelau,48.7409,-142.7822,abstergo,surgo,clamo,stella,acsi,antea,apparatus,76,189.1666547375751,29,virga,3,2,2,false,0.08027565441370593,2020-09-22T09:10:37.546Z,Stroman Group,false
3e69493c-528f-4439-8eba-a1e541404661,2024-12-05T09:10:35.843Z,Sandraborough,Tennessee,Switzerland,-51.7859,-100.191,caelum,substantia,valeo,laborum,laboriosam,ipsam,et,40,55.826603725018586,73,voluptates,2,2,1,true,0.16426389063965774,2022-03-19T23:57:05.891Z,Moore - Medhurst,true
e9290b5d-e94c-4858-a17d-dc89e9347c86,2021-09-24T10:51:27.418Z,Baumbachtown,North Carolina,Venezuela,18.0133,160.8207,tollo,acer,vulnus,utilis,canonicus,subito,caste,121,217.14783705438035,54,adstringo,2,2,3,false,0.13961965518548636,2019-03-30T14:31:32.372Z,Haag LLC,false
8b83bdd7-537f-441e-b39d-637e2c158312,2023-05-19T15:20:33.150Z,St. Clair Shores,New York,French Polynesia,-37.4658,113.4555,deduco,veritas,aptus,universe,illum,ars,bibo,111,236.51786627727424,86,voluptatem,6,1,4,true,0.16437871728447886,2023-05-27T01:26:44.017Z,"Bergnaum, Runte and Purdy",true
d97ab34d-6f77-44b9-abde-572faf6d04e2,2023-12-31T00:28:53.221Z,Fort Zachery,Alaska,Isle of Man,34.0307,113.2086,ustulo,aegre,aro,temeritas,aureus,cupio,demo,64,174.9556264017967,27,amaritudo,4,2,5,false,0.12225276239816568,2020-01-14T00:47:27.572Z,"Ritchie, Lockman and Leffler",true
c5ceda74-9db0-49be-99fc-3dd495f7e13e,2019-07-05T09:19:56.413Z,New Alexaberg,Mississippi,Albania,-45.9047,-129.2172,decet,deripio,auctor,coerceo,carmen,sursum,rerum,33,79.24654158600212,98,quo,6,2,1,false,0.06931173942540222,2022-12-17T06:44:03.348Z,Feil Group,true
ab4ccaf4-aa4a-4ed2-a115-a9c7da9544f4,2019-02-06T06:15:59.816Z,Wintheiserburgh,Virginia,Costa Rica,65.9508,116.6561,suppellex,turbo,antea,carcer,vitium,vicinus,arca,30,133.69544112575392,81,minima,6,0,2,true,0.09808260548906156,2025-06-23T04:18:53.715Z,Bechtelar - Lockman,true
0d0217d8-27ee-4e18-b878-ee8ab732b41d,2023-12-09T19:30:06.743Z,Cristfurt,Missouri,Lesotho,0.8393,51.5677,vesica,crudelis,casso,caste,vindico,angulus,consectetur,46,84.6957832723009,18,architecto,5,1,5,true,0.061463712857813685,2021-12-17T08:36:56.888Z,Strosin LLC,true
51c1c42a-1c8c-4363-b4b3-9ca09df01e1a,2025-06-26T11:48:37.863Z,Domenickhaven,West Virginia,Curacao,82.6433,-107.5975,fugit,modi,perferendis,ut,conatus,coerceo,fuga,81,144.52869896615192,85,sulum,3,0,1,false,0.20768529097368046,2024-10-21T13:03:10.314Z,Morar Group,false
4b592fd5-3ce1-4ed5-9858-e85ef6bd5732,2024-08-17T19:55:01.362Z,Gutmannburgh,Delaware,Palau,-7.6824,96.9317,nostrum,undique,bis,vomito,cursim,quibusdam,pecus,113,205.92791603238527,38,alienus,0,2,5,false,0.08553030788278276,2024-09-09T13:45:17.855Z,Keeling Inc,false
5655bdca-2aba-4139-8640-fb6b4b08045a,2022-09-28T08:30:58.489Z,Kendale Lakes,Iowa,Tuvalu,0.4091,131.7994,ex,volo,demo,vestigium,teres,contabesco,conduco,101,168.58413543815993,67,adeo,1,0,3,false,0.027917248918420928,2023-06-07T05:45:40.116Z,Lesch - Reynolds,false
d8321f1b-d360-47a7-bd55-8ad1d53c393c,2024-02-24T02:27:22.866Z,East Lesliechester,Wisconsin,Somalia,-2.0994,58.2348,attero,absum,crepusculum,cogo,angulus,accedo,officiis,75,94.14449025920581,77,taceo,3,0,5,true,0.18108191674987664,2023-12-27T10:34:12.803Z,"Bailey, Will and Turcotte",true
97a33f72-70ba-424a-a5fd-651c13f6f23d,2021-01-18T19:18:40.893Z,Danielport,Virginia,Paraguay,9.6893,26.4072,supra,pariatur,spiculum,infit,cubicularis,dolores,provident,113,15.313504859660343,29,textus,0,2,5,false,0.2451955514846188,2024-09-21T00:07:32.197Z,Hills LLC,true
d38eae36-e6b1-466c-b191-0017ba4a4100,2020-07-14T18:46:40.617Z,East Ernesto,Louisiana,Djibouti,-71.9258,89.6257,aedificium,tametsi,aggero,pauper,termes,demergo,commodo,110,39.02173997309085,60,sui,6,0,1,true,0.20345668617002785,2019-05-18T08:22:46.567Z,"Reynolds, Towne and Hickle",true
ba069363-ce51-4b58-8c91-e80f6e404396,2021-06-17T06:21:50.316Z,Garrettworth,South Carolina,Paraguay,15.3719,-36.428,vilis,conitor,cariosus,compono,optio,varius,arceo,73,213.33395672783467,73,fugit,2,2,2,true,0.04219504790803974,2022-02-12T04:52:34.328Z,Schneider and Sons,false
ec9b3796-5cc6-4062-b285-07807ee10739,2018-02-04T20:37:34.628Z,North Annabelleshire,Alaska,Afghanistan,-80.6862,34.1686,terreo,amaritudo,aestus,velociter,tui,sustineo,adfero,110,213.80460334300517,34,vulariter,1,2,4,false,0.06752498349100156,2022-02-16T15:05:41.787Z,Ortiz Inc,true
f3857b69-7467-43b7-9619-19791cad4713,2025-08-09T17:25:47.996Z,Lake Rosaliafort,Pennsylvania,Jersey,-55.2287,-69.285,unus,unus,comptus,appono,bestia,suffoco,canto,119,171.61945084227665,86,sum,6,1,5,false,0.09772940418614556,2025-07-27T17:15:02.312Z,Lockman and Sons,false
3a2b9d61-b18d-48f6-979b-379ffdc0ee1a,2023-04-10T06:57:46.758Z,Lake Zulafield,Hawaii,Tajikistan,-83.3401,-107.6481,sui,tergeo,desolo,desparatus,sordeo,vestigium,admoveo,100,6.280687881132696,59,aeternus,4,2,3,false,0.16136282635182017,2020-01-16T10:18:44.726Z,Kub Group,true
6e6b2887-3d00-47fe-8f96-d10be7f24af4,2018-05-08T14:28:04.078Z,Earlineboro,Wisconsin,Bosnia and Herzegovina,-28.1849,-90.4941,repellat,nobis,aer,consuasor,urbs,numquam,appositus,63,62.40741722203473,69,trado,5,1,4,true,0.03932885054757285,2025-08-16T08:44:18.634Z,"Stamm, Marvin and Reichert",false
d8c718af-838f-4102-84b8-bbda568f00e8,2025-09-06T14:16:56.199Z,East Frederickstad,Idaho,Nicaragua,-71.2752,66.7881,centum,totam,quo,tot,causa,adulescens,casus,95,144.52132883963836,36,truculenter,6,2,2,true,0.21749070861188852,2023-01-28T20:23:54.818Z,"Larson, Hoppe and Homenick",false
df457cf1-e4ef-4166-8585-b3c650a9f0f8,2022-04-15T19:18:15.867Z,Vanstad,Tennessee,Ethiopia,-7.6554,-30.488,eius,truculenter,perspiciatis,tot,sol,ciminatio,vir,77,224.62262214420096,82,arguo,4,2,3,false,0.02253800001271769,2020-08-30T09:59:32.246Z,Mertz and Sons,false
ccbfa701-d581-4c79-8f4e-77ff3fc559c6,2025-08-08T01:16:55.763Z,El Cajon,Louisiana,Slovenia,37.2373,-92.673,curia,conservo,clam,suffoco,incidunt,reprehenderit,super,94,17.61015404334823,83,patria,1,2,1,true,0.15998015844804162,2020-01-21T00:20:52.494Z,Sipes - Ziemann,false
b7deaa0e-13d5-4761-ad48-6d8d029e6e84,2021-10-04T20:01:34.781Z,McDermottburgh,North Carolina,Liberia,75.4163,-171.5779,appositus,depraedor,cohibeo,caveo,xiphias,velit,patria,70,192.99868829085946,78,solium,1,1,3,true,0.16812155776340967,2019-05-22T16:24:54.701Z,Shields Inc,true
0fb0031d-fd21-4001-8cd9-dd9846daeb40,2022-07-22T03:10:19.542Z,Dorthyfield,South Carolina,Bulgaria,17.0742,128.0446,coerceo,calamitas,ratione,aveho,vere,voluptatum,celo,114,89.54342484759816,53,cicuta,2,1,2,true,0.14159234919662625,2019-12-03T15:06:35.337Z,"Swaniawski, Yost and Robel",true
8f81ee1f-7cfe-468c-ab01-c686dc9a3d62,2019-03-30T12:13:17.641Z,Tamiami,Florida,Nauru,-26.6431,179.6527,valetudo,iste,asporto,crinis,voluntarius,amissio,demoror,30,77.26917716817152,72,patrocinor,3,2,1,false,0.22274367359407904,2019-07-22T08:16:07.931Z,"Cassin, O'Connell and Pacocha",false
502cdd4d-2b65-466e-9f4e-23e917928a0a,2023-02-28T10:15:47.832Z,South Erna,Alabama,Netherlands,-62.9237,-120.4555,deporto,subiungo,spes,arcesso,confero,tempora,ultio,58,212.62551114638404,33,canto,4,0,4,true,0.11651100064262668,2019-10-18T14:13:28.268Z,Kertzmann - Osinski,true
f446a434-321c-484d-9ce5-865f74e3c992,2021-03-09T19:54:25.574Z,North Destanyhaven,Vermont,Honduras,-30.362,-170.2067,casso,pel,utilis,deinde,centum,alius,administratio,74,239.98409807653925,98,apud,0,0,3,true,0.0969973849667626,2020-07-19T17:57:14.657Z,Bartoletti Group,true
40bdae3b-6adf-4522-8222-dd2b47603607,2019-05-22T20:47:39.023Z,Elisaburgh,Oregon,Gibraltar,-48.5593,-102.6956,studio,alias,coniecto,asperiores,comminor,somniculosus,cur,49,35.79323824531756,90,vix,3,1,1,false,0.12104499016635131,2021-07-11T14:53:58.958Z,"Wolff, Beatty and Watsica",false
e270adb7-51b4-4e49-8eb2-ccfba0cfaf1d,2025-12-01T04:19:57.388Z,Kayleighchester,West Virginia,Tuvalu,-60.0238,-41.4904,vergo,absorbeo,a,antea,currus,culpo,creber,103,69.58482026996504,39,addo,0,2,4,false,0.02185220934087992,2022-02-17T01:51:34.122Z,Harber Inc,true
31bd5d3f-e5b8-4a09-b768-2f936acbc70d,2021-03-22T08:43:53.368Z,Pagacworth,Illinois,Bhutan,-77.5464,-127.7393,curtus,tollo,pecco,temeritas,abutor,aurum,voluptates,91,118.66983936446636,49,confero,2,2,4,false,0.23636047822772416,2018-04-19T01:42:19.335Z,"Franecki, Streich and Klocko",true
a4903322-07ba-44f0-b767-f7b4d136719f,2018-08-07T08:51:40.413Z,New Joyce,Connecticut,Indonesia,-29.0379,49.9177,tracto,adfectus,cubicularis,dedecor,cicuta,laboriosam,aeneus,70,49.1738391223891,35,commodi,3,1,2,false,0.1085991647572479,2021-03-12T04:17:55.322Z,"Koss, O'Kon and Deckow",true
2d941461-79de-40b3-82fd-0ffabad284f6,2020-11-12T13:14:47.887Z,North Geovanny,Alaska,Dominica,17.5869,-60.872,cresco,valde,advenio,tempus,temeritas,tondeo,desino,95,220.0996839036448,82,comparo,1,0,3,true,0.1539379743284761,2021-04-04T03:39:15.889Z,"Heller, Wisoky and Hilpert",false
2eefc5fe-f665-4157-a746-b685b0d881fe,2018-04-18T23:44:15.551Z,Burniceport,Nebraska,Fiji,-43.1507,65.2055,doloremque,mollitia,cito,crinis,turba,fuga,viridis,128,220.83329991098518,50,facere,0,2,3,true,0.013639304874810743,2018-02-15T09:38:45.533Z,Kassulke - Sawayn,true
efa96dbb-d7e3-4c4c-94d2-044dbc030d94,2018-12-14T20:50:02.693Z,Greenbury,Wyoming,Guernsey,-22.3436,5.8745,perferendis,absque,tum,velut,vulpes,demitto,talio,124,210.86240275064074,75,cumque,4,0,5,false,0.23707311116909807,2023-06-18T09:05:46.944Z,Baumbach - Murray,true
77e47981-cf06-404c-999e-91dd3d477f13,2025-01-08T16:53:22.805Z,Evertchester,Kansas,Ecuador,56.7799,126.728,excepturi,cupiditate,alioqui,sustineo,terminatio,aegre,atrox,102,227.0017472034739,20,assumenda,4,0,2,true,0.13814624148114568,2025-03-21T08:31:06.331Z,Walter - Wilderman,true
246648e7-c92a-432d-89d3-1a6939e9b3c9,2021-12-13T17:11:26.860Z,Chicago,Ohio,Solomon Islands,85.4049,-46.2968,subseco,approbo,ancilla,confugo,cribro,desino,synagoga,98,48.29319273904914,31,voluntarius,4,2,2,false,0.008029742185653166,2024-07-11T22:59:37.519Z,"Howe, Parker and Beer",true
1ffc90f6-69bc-4fa9-b3d8-15cb9bf23fab,2018-01-28T11:10:02.611Z,Buddyberg,Alabama,Niger,78.4924,-143.5495,veniam,bos,sollers,credo,corona,appello,tergiversatio,33,66.08660045905606,35,excepturi,3,1,4,true,0.15461203778772548,2021-01-21T13:43:03.610Z,Hayes and Sons,false
c86ebc92-1916-4cac-b190-991a8ba9331d,2018-09-11T03:54:50.669Z,Considineburgh,West Virginia,Democratic Republic of the Congo,43.2135,-81.9618,tenax,clementia,combibo,vito,accommodo,traho,conforto,24,107.8870940087256,64,distinctio,6,1,2,true,0.2070136099338702,2024-03-19T16:49:47.677Z,Bode - Feil,true
00e0a611-f5c1-4e2e-8b32-5f2bbd54b777,2022-04-08T05:48:57.470Z,Fort Loriport,New Mexico,Guadeloupe,23.4436,126.9191,vinculum,aveho,laudantium,claustrum,desipio,quasi,aeternus,111,221.17201229173645,83,vomica,0,2,3,true,0.21831245944664987,2024-10-07T06:50:35.122Z,Hilll Group,true
56d6167a-373c-4a8b-9ea1-fb21428942e9,2019-05-07T16:28:56.311Z,Charlesfort,Virginia,Saint Martin,-3.5827,-149.1787,comparo,incidunt,valens,candidus,velut,sui,contra,69,113.30438832437665,94,at,0,0,1,true,0.1277751484199371,2018-02-17T20:22:32.922Z,VonRueden - Schumm,false
30a0de18-125d-40f2-8331-57c7d197a494,2019-04-12T12:29:48.686Z,South Dellport,Tennessee,Singapore,-57.3967,-0.8089,debeo,bis,suppono,dens,velut,versus,paulatim,61,114.7481743110437,55,vito,5,1,1,true,0.028142736862129147,2024-11-18T10:34:03.488Z,Lebsack and Sons,true
c20b6c27-2dda-4997-a97b-03ffb489cae9,2020-12-21T15:47:22.911Z,Lynwood,Illinois,Lesotho,-88.5017,-130.6462,convoco,tumultus,deficio,vulgaris,centum,aequitas,arbor,92,41.930368296018145,77,admiratio,3,2,4,false,0.2218659128118558,2024-07-23T06:00:39.771Z,"Mohr, Strosin and Botsford",true
fc0bcf3f-2729-47e3-a57a-93a6ab4ae79d,2020-03-04T14:29:10.500Z,Fort Myers,Minnesota,Cambodia,-40.1201,-163.6846,decerno,ventus,denego,degenero,arcus,video,comburo,89,24.46409627476818,63,defaeco,3,0,3,true,0.010974262260435574,2025-05-17T14:11:58.677Z,Jacobson and Sons,false
c87b4f02-7742-41c8-86af-b8573acf2a5d,2020-02-08T19:13:39.077Z,East Brookboro,Massachusetts,Seychelles,48.4689,102.4595,absum,sopor,capitulus,sophismata,ultra,doloribus,deprecator,103,236.59066970049068,47,quisquam,3,0,1,false,0.002403348052315013,2021-09-29T04:19:29.367Z,Greenholt Group,false
f9f1e8a8-2380-4b30-b065-89ff2204255d,2025-03-24T00:02:26.659Z,Joliet,New York,British Indian Ocean Territory (Chagos Archipelago),52.3261,-86.603,curtus,praesentium,absum,teneo,vel,non,canis,61,162.3759022876839,56,arceo,0,0,4,true,0.2255156251893434,2019-04-30T02:07:01.533Z,Strosin - Streich,true
3789147f-8264-4c3e-920a-4e1a12e79f68,2019-06-25T03:31:42.544Z,Rodriguezhaven,Oklahoma,Republic of Korea,58.2699,-5.9773,canto,bis,desparatus,civitas,comparo,cursim,pauper,89,78.33879663072724,91,vitae,4,1,2,false,0.13014671011835427,2018-06-21T01:20:23.616Z,Erdman Inc,true
74c1c00c-a6d8-4c1b-81f9-63802bf78f44,2021-05-18T02:47:32.920Z,East Ara,South Carolina,Guadeloupe,68.7695,165.7176,eius,desolo,conqueror,tempus,apud,vesper,casus,22,20.85099278659478,50,censura,5,0,1,true,0.24129056230240292,2024-05-28T21:28:06.924Z,"Hoeger, Thompson and Olson",true
cece5c14-2111-40cc-bc2c-7457d39a875c,2023-02-14T14:07:16.151Z,North Lolitachester,Alaska,Belgium,-54.7357,38.6223,aiunt,laudantium,timidus,inflammatio,hic,sub,vae,75,198.59084552864837,70,ab,1,2,5,false,0.2024184001377985,2021-12-11T19:28:37.684Z,"Hermann, Waters and Bergnaum",false
d264afe9-604f-409f-918b-e619fcb465b7,2018-02-01T08:52:54.060Z,Imaview,Utah,Egypt,3.3036,44.0177,aggero,esse,timidus,spero,aqua,vociferor,atrocitas,94,150.62171795972944,24,amo,2,1,4,false,0.1286741709432745,2018-08-10T15:19:48.321Z,Purdy - Barton,true
4c3ff315-ba63-431a-aca3-1b0eb8a86eb9,2024-11-01T18:19:48.432Z,Willmsstad,Maine,Eritrea,49.4627,-10.9878,conventus,volubilis,celer,turpis,concido,vestigium,nobis,33,164.03645441100218,57,dolore,5,2,1,true,0.21524698879473556,2024-08-14T04:13:03.139Z,Kuhic Inc,true
46589c2a-8692-4a5a-ac58-5d8426be1c20,2018-12-10T06:48:16.491Z,Spencerborough,Tennessee,Guam,84.2046,97.4824,alius,vitiosus,urbanus,umerus,synagoga,despecto,abbas,105,231.50980252877415,61,valetudo,1,0,1,true,0.0687340553424236,2022-11-04T01:33:46.438Z,Hilpert Inc,true
515112b8-22e0-4622-a049-990a501533b8,2023-06-28T15:19:47.224Z,New Paolo,Indiana,Moldova,44.752,-139.2656,thymbra,absum,vix,sono,ancilla,adfectus,defungo,41,236.49337493929852,50,communis,0,2,5,false,0.13044263787530636,2024-05-09T13:11:45.829Z,Block LLC,true
e4040ce5-9594-405d-bffa-d1c784cff065,2018-04-10T11:17:01.818Z,Berwyn,Georgia,Saint Helena,78.1946,163.2699,doloribus,vestrum,desidero,suggero,at,at,aegrotatio,44,136.75375116686527,98,stillicidium,3,2,2,false,0.24896603073516052,2022-06-04T01:17:34.002Z,Kemmer - Toy,true
a96775eb-59c0-48cb-9f1a-d959377cc0c0,2023-10-26T13:19:41.656Z,New Tierra,Virginia,Tonga,16.4934,-61.6929,adeo,defetiscor,vomica,articulus,appello,speculum,atqui,89,179.92078351111806,55,uterque,6,1,5,false,0.1825872469857151,2020-10-10T21:25:04.499Z,White Inc,true
1cec28fa-7bc9-4a94-a8e1-328c7b27338c,2023-02-02T14:52:28.257Z,Port Alvis,New York,Democratic Republic of the Congo,64.7138,142.354,illo,compono,eius,censura,cras,cinis,cui,44,45.867852012843485,98,adflicto,3,2,2,true,0.2401464742588988,2025-05-29T10:13:00.709Z,Stokes Inc,true
4b4d860a-57b8-4a6c-af8d-52f37d353021,2018-05-11T11:31:45.771Z,Camillefurt,Indiana,Algeria,-54.538,109.6232,vulgivagus,cauda,cotidie,adfectus,volo,vapulus,suadeo,110,186.02109932153937,48,tabula,1,2,1,false,0.12651360918205046,2024-02-27T04:41:16.193Z,Hand - Gottlieb,false
1c3ed3c4-e418-4c31-9e4d-4a5fcb2f3a1d,2019-06-14T06:48:50.228Z,South Abigaylestead,Illinois,Ethiopia,69.6427,14.7766,depulso,tondeo,sequi,vero,accusator,cernuus,unus,46,196.45122095368046,99,vesco,2,0,3,false,0.1719417272447467,2023-11-23T13:20:28.396Z,Bahringer - Miller,true