accident_id,incident_datetime,city,state,country,latitude,longitude,road_name,road_type,intersection_type,accident_type,weather_condition,road_condition,light_condition,speed_limit,actual_speed_kph,driver_age,driver_gender,casualties,fatalities,vehicles_involved,alcohol_influence,blood_alcohol_level,weather_reported_at,reporting_department,pedestrian_involved
64e80dd3-311c-4c28-9528-b377ff25bf02,2018-01-16T04:31:17.513Z,East Retta,Iowa,Angola,6.1756,170.579,cubitum,tero,accedo,uter,ocer,spes,cuppedia,105,130.72761836212075,75,viduo,5,1,4,true,0.232381591786352,2019-03-16T04:03:19.619Z,Donnelly - Kassulke,true
00cb4086-ee46-44f3-ab14-c6a89e3d775c,2023-04-12T06:07:18.835Z,Garnettside,Virginia,Malaysia,5.1821,46.0187,depereo,viriliter,curia,adficio,amplitudo,uredo,benigne,47,193.53270030346485,36,vir,0,0,1,false,0.2015311420613929,2018-07-14T21:36:50.081Z,"Kilback, Purdy and Kuhic",true
af6bdf0a-0ad3-480c-9e62-07480caeb55d,2024-02-16T13:49:38.972Z,Schenectady,Pennsylvania,Australia,87.0196,100.5619,utroque,aurum,decimus,admiratio,vox,tabesco,vicissitudo,44,26.554491318605365,85,demulceo,5,1,4,true,0.11776657907366164,2018-11-16T00:07:38.229Z,McDermott - Ledner,false
05520265-f97c-420a-8408-bf97c593a06b,2021-07-25T20:54:49.511Z,Lincolnville,Connecticut,French Southern Territories,86.7433,-177.654,antea,sufficio,denique,theca,abscido,deprecator,varius,125,99.93941073325567,56,censura,3,2,1,true,0.06877978223755479,2018-02-26T03:25:46.128Z,Lueilwitz Inc,false
190ad386-ce84-4452-bdd9-62634ce23baf,2021-04-07T21:09:09.548Z,North Janessashire,South Dakota,Jordan,-38.6435,177.0436,inventore,clam,concedo,cunctatio,aufero,theca,spero,56,236.10709165467685,82,amplexus,0,2,3,false,0.22119670610312006,2025-03-01T05:33:01.081Z,"Runte, Bogisich and Bogisich",false
51651a8f-b124-472f-b0d2-b6041efd22a4,2023-10-11T23:10:26.381Z,Garrycester,Rhode Island,Malawi,-50.3778,121.749,condico,solitudo,pecus,convoco,cavus,sono,tempus,65,119.75238368605739,69,coniecto,2,1,5,true,0.22463677863968765,2022-08-11T22:53:00.193Z,Raynor - Friesen,true
497f3ad1-7515-4010-b362-760889153155,2021-06-30T14:31:28.649Z,Kundeberg,South Dakota,Cocos (Keeling) Islands,-56.5737,130.9228,testimonium,casso,articulus,tyrannus,tepesco,commodo,allatus,22,129.2758131604438,97,theca,6,1,3,true,0.23987813637367109,2020-04-19T22:49:19.360Z,Hickle - Zulauf,false
d7769e7e-7f1a-46c6-abba-fab16ea5fde3,2019-11-22T15:56:51.422Z,Lake Serena,Illinois,Svalbard & Jan Mayen Islands,9.1608,-77.5769,tersus,voluptatem,agnosco,suffoco,uter,ago,magni,33,1.448756955212085,22,denuo,4,2,2,true,0.24658235551012989,2020-03-05T04:52:18.574Z,Keebler Group,true
d8ceee26-768e-4717-bbe6-f481cec8f2fe,2025-09-20T11:28:56.985Z,Port Queenie,Rhode Island,Netherlands,-73.3599,-4.7534,itaque,degusto,ait,desparatus,solutio,non,curis,120,143.7879959265802,48,antea,4,2,2,false,0.16253055892954096,2019-03-19T21:41:11.263Z,Farrell Inc,false
19593f80-304b-4437-a74a-5d309d77550d,2019-01-15T13:19:13.652Z,Hollywood,Massachusetts,Uganda,75.4283,57.2721,vulgaris,vinculum,velum,altus,studio,cultellus,campana,102,45.49115794603931,32,tardus,5,0,1,true,0.0357982291244299,2024-10-02T07:23:18.810Z,Dooley - Mills,true
0353c155-61a8-44d2-a9f6-6d5e8ebd3266,2023-07-23T01:44:22.456Z,Donnyfurt,Florida,Rwanda,-3.6639,-122.1149,cura,tabella,tempora,stella,sumptus,auxilium,utique,122,74.62069284102657,51,audacia,0,0,1,false,0.16533407358490929,2022-02-23T23:31:55.290Z,Johnson - Hartmann,true
bbcf29e6-55f4-42b5-9618-f092ea982d19,2024-03-01T10:31:21.773Z,West Deanstead,Georgia,Australia,-64.5155,22.1394,beneficium,speculum,iure,demo,claustrum,cornu,aperiam,121,91.35968940359115,61,ter,2,0,3,true,0.0017205658110276412,2023-04-12T02:24:37.419Z,"Fritsch, Kshlerin and Morissette",false
ad814a93-6713-44ea-bbc5-b71433cad4d2,2020-07-14T10:29:09.516Z,South Madelyn,Georgia,Jersey,81.5575,-171.5569,vulticulus,ventito,eaque,decens,conservo,urbs,nisi,116,214.62644039787807,94,aiunt,4,1,1,true,0.023173488430671574,2018-01-13T00:54:48.832Z,"Kreiger, Fritsch and Conroy",false
ba4cff03-f441-4026-9adb-c7ebc62ab8b8,2018-04-24T03:16:10.196Z,West Seneca,Minnesota,China,47.8021,-38.7394,denego,angelus,carbo,optio,magni,thalassinus,supra,88,77.47214553491787,36,aestus,0,0,1,false,0.03104602045040286,2021-03-26T20:21:59.026Z,Spencer - Bailey,true
6b49f7d9-c85f-44fb-96ec-1a0a37eda37f,2022-09-08T15:05:26.916Z,Santa Clarita,Washington,"Bonaire, Sint Eustatius and Saba",32.2352,49.7469,dolores,civitas,tristis,vae,concedo,vestigium,crudelis,94,229.11497897046672,86,denuo,6,1,5,false,0.04609714233405801,2023-02-22T07:12:20.689Z,Tremblay - Hahn,true
9dc090a9-5816-4777-97f5-dc1a60b7577b,2024-08-24T04:50:56.826Z,Des Plaines,Kentucky,Cocos (Keeling) Islands,-17.8882,-51.8282,harum,ara,earum,facilis,solutio,tempus,velociter,70,86.4714694743461,31,vere,3,2,1,false,0.03078257777873042,2019-10-29T01:21:55.385Z,Shields Group,false
5f0eb7f0-e199-4ac0-89f0-27c7ab7747c6,2022-09-20T11:52:18.273Z,East Assunta,Vermont,Cook Islands,-37.6035,-102.1864,confido,appello,demulceo,earum,ultra,usus,vilitas,73,200.33355163355697,32,inventore,2,1,2,true,0.2048415275873702,2024-04-09T18:13:33.757Z,Legros - Quigley,true
05b1a3cb-4196-49e3-a6e8-84a2be66b0eb,2024-11-18T07:21:16.922Z,Lueilwitzworth,New Hampshire,Puerto Rico,-32.9084,-102.8647,thermae,confido,adstringo,cras,studio,socius,artificiose,111,228.1236359690336,76,amita,1,2,1,true,0.04543645903308821,2020-07-27T12:22:36.505Z,Swift - Kunze,false
d98d2f68-5e7b-49ba-a9ae-1ffc791cc3d1,2022-05-24T15:03:19.791Z,Port Austenstead,Nebraska,San Marino,29.1311,-63.7202,urbanus,valetudo,delibero,abeo,utique,vehemens,sordeo,97,159.6718520226189,38,commodi,0,0,2,false,0.24116547519285655,2021-02-02T22:07:30.480Z,VonRueden and Sons,true
71d1eb99-d2e6-4cf8-bf85-5fea3463b792,2023-05-11T21:10:56.228Z,Kuhicside,Iowa,Tajikistan,61.1413,50.4446,solium,tonsor,amita,urbanus,subseco,cohaero,claustrum,119,114.4079996533249,24,statua,0,1,2,true,0.05853450979653274,2024-12-12T04:01:13.985Z,Waters - Stamm,true
13a6b88b-9cb0-47d9-9ce5-67658878eef7,2019-06-20T18:15:40.719Z,East Stevie,Maine,Svalbard & Jan Mayen Islands,14.4626,-25.952,sumptus,crinis,vaco,at,calamitas,absque,sollicito,125,51.81851778782974,33,totam,0,0,3,true,0.226056434253394,2021-11-18T17:43:43.833Z,Pfeffer - Brekke,true
d1190a18-755c-4061-9d4e-4615a4dd84e1,2023-03-04T03:17:52.201Z,Lake Camdenstead,Iowa,Cape Verde,24.8192,-144.7273,tergeo,decimus,aufero,ullus,decerno,casso,vomito,62,134.39155832152832,49,tutis,1,2,5,true,0.23989006313711914,2020-06-05T20:15:10.215Z,Walsh Inc,true
31f0753e-0aed-4e73-8a3c-a7c07b0d05fa,2021-10-19T03:26:28.992Z,South Osvaldoview,New Mexico,Tonga,74.454,-98.8228,quis,via,maiores,modi,suscipio,ceno,cohibeo,44,150.45930774627104,63,nam,4,0,4,false,0.0522017399117678,2024-07-26T09:25:22.650Z,Champlin and Sons,true
1e5d609f-f8d3-4083-9fef-2abbe799778d,2020-12-28T12:27:27.784Z,Fort Cordellmouth,North Carolina,Brazil,-19.5083,-66.5333,arca,victoria,ubi,assumenda,sollicito,vomica,pecus,107,84.3129739706004,96,ulterius,2,0,2,true,0.188364302784368,2024-01-14T19:21:44.754Z,"Herman, McDermott and Rutherford",false
4d5015ee-703f-4268-8986-16fc8a1ed322,2022-10-10T05:52:22.921Z,Bakersfield,Georgia,Iraq,-53.384,-65.1208,creator,adipisci,unus,utique,ulterius,neque,antepono,84,167.51357353483,44,dignissimos,3,0,2,true,0.1878476505212736,2022-03-23T07:49:58.141Z,Pfannerstill and Sons,true
4f87f0cf-5323-488d-989d-a1224c380e0f,2018-11-03T17:10:38.807Z,South Jaylin,South Carolina,Namibia,30.7396,-100.0786,confero,attonbitus,sollicito,conicio,sponte,cervus,tripudio,46,209.8779905050082,52,congregatio,0,2,1,false,0.04936176766553954,2021-10-15T00:07:08.441Z,Heller LLC,false
214b38c7-66e8-49b7-90f2-8b5984c196c8,2020-10-25T14:41:12.290Z,Lake Morgan,Iowa,Chad,84.9403,6.7789,voluntarius,cena,creator,amiculum,carcer,clementia,censura,23,221.7315614002103,35,cupiditas,1,1,1,false,0.13895377555898178,2020-09-09T07:54:04.075Z,"Stracke, Hoeger and Bartell",true
4bfe1829-49d1-4106-bdd9-fcbf3e9827ac,2018-03-06T03:53:00.370Z,Binsville,Utah,Botswana,-42.6233,47.5923,strues,trado,confido,capio,crustulum,tepidus,creptio,49,115.87041229710005,60,dolor,1,1,3,false,0.19300733770283532,2021-08-14T11:06:22.663Z,Frami LLC,false
10e40be9-e4c9-4c4c-b3e2-371cdc27f9e4,2019-04-19T11:28:49.698Z,Eliezerville,Georgia,Brunei Darussalam,51.4218,-79.7376,contra,tardus,beatus,artificiose,velit,caries,debilito,101,94.25203996937087,69,commemoro,3,0,5,true,0.06745122939313872,2019-07-22T05:26:42.412Z,Tillman Inc,true
175383ab-07ba-4afd-9b21-b75b67059fe9,2022-08-24T15:48:32.443Z,Jaidenboro,Texas,Papua New Guinea,-25.9227,-175.2042,volva,amplexus,thorax,admoneo,audacia,auctor,curatio,121,35.545198118316165,77,vereor,4,2,3,true,0.15161583533604175,2019-11-17T06:48:48.599Z,Mayert LLC,true
fd6f17b2-6015-4159-9f45-f2535242746c,2019-06-21T19:52:12.605Z,South Anais,Missouri,Sierra Leone,67.649,-115.2577,copiose,velut,et,canonicus,ultra,socius,tenax,42,204.6258173556442,43,cruentus,2,1,1,true,0.17205600807440316,2020-07-12T09:44:17.770Z,"Lang, Beatty and Ortiz",false
97e64800-7753-401c-a693-2567067c6fb8,2018-06-04T12:17:17.374Z,West Prince,Iowa,Eritrea,-11.9077,-91.4295,conscendo,speculum,urbanus,cras,comes,aggredior,voro,114,126.74203780511841,63,amoveo,3,2,3,false,0.07960909371521524,2022-03-15T05:18:49.260Z,"Gerlach, Hackett and Lowe",false
8f2d763e-2d78-4b66-9249-3577cee95107,2021-04-28T05:49:07.920Z,Stamford,Nebraska,El Salvador,-78.6871,90.586,vulariter,dolore,verbum,compello,ipsa,culpa,demens,66,109.8468892926468,42,artificiose,4,1,4,false,0.24344880088336596,2019-05-31T22:52:31.800Z,Bradtke - Hermann,false
4c97f85f-8c85-45e4-86d5-2ce1bfd4b88d,2022-10-14T02:47:54.859Z,Kemmertown,Kentucky,Ecuador,56.3292,10.1837,aufero,vos,autem,universe,aliquid,iusto,cerno,43,113.32026191387953,84,arguo,5,0,4,true,0.173951899771124,2018-03-23T02:26:33.353Z,DuBuque - Moen,false
133d9ce6-55af-4692-8094-b5b777a077dd,2019-07-07T18:05:14.067Z,South Nikolas,Alaska,San Marino,-63.2827,-16.9786,deleo,conturbo,vesco,crustulum,terror,aeger,verecundia,93,206.62745445415493,43,aestus,5,2,3,false,0.02332669749338656,2021-11-28T00:15:20.064Z,"Reynolds, Hessel and Yundt",true
52dbdc75-51e7-4404-b42e-3755878629e8,2025-10-04T13:49:35.543Z,Waldorf,Colorado,Nepal,62.9169,-21.9627,eligendi,tot,strues,et,corrupti,condico,approbo,109,99.05823604922523,39,commodi,2,2,1,true,0.017469058114708835,2020-06-19T22:42:11.620Z,Sauer - Stroman,true
2e08db9b-5449-4a73-be2b-f3a5d176ccf5,2020-04-08T13:48:43.720Z,South Coraliefort,Alaska,Pakistan,-5.5558,109.522,nisi,terminatio,sum,arx,occaecati,aequitas,patruus,75,178.18578472309005,62,vix,0,2,1,false,0.1628943500522261,2022-06-30T07:36:19.328Z,"Gleason, Brown and Braun",false
25eabf7b-b61a-4344-9faf-71094d990048,2024-11-09T09:34:29.049Z,Londonview,Indiana,Venezuela,62.2028,-55.4904,vero,cilicium,tergiversatio,ascisco,adeptio,aqua,comitatus,47,210.54490339561622,96,adhuc,6,2,1,false,0.09211616800101197,2020-07-31T14:14:17.004Z,Veum - Flatley,true
47beef38-3a29-4967-8612-fc3cb89d337f,2020-11-10T11:11:47.678Z,Dereckchester,Missouri,Northern Mariana Islands,75.6746,20.6203,vergo,cohors,utor,cupiditate,caput,peccatus,dolorem,106,165.41294952029557,93,armarium,4,1,1,false,0.17273077288651376,2022-03-28T07:32:28.264Z,Feil - Rohan,false
b59ce9d3-61f3-4c8b-9d89-b7e63184fd6d,2019-02-20T21:17:01.482Z,La Mirada,Vermont,Saint Martin,-7.9287,-172.6753,capio,centum,terebro,ullus,saepe,tres,deinde,66,45.357235330414724,43,amaritudo,5,2,5,false,0.06376971893319933,2022-06-25T01:19:51.437Z,"Kovacek, Frami and Dietrich",false
47d6e997-9a79-4a28-989d-9ca6e7e5a575,2023-07-19T11:40:52.924Z,Zboncakstead,Oregon,Anguilla,70.1955,167.1159,autus,venustas,solum,vere,defungo,caecus,ea,121,43.10370365955773,88,concedo,6,2,3,false,0.18550791921912607,2022-03-10T11:30:03.071Z,Herzog - O'Reilly,false
f2ca6375-cb72-494e-b7f6-41d40d6b7138,2022-10-22T20:55:51.808Z,Deonbury,Ohio,San Marino,29.1097,-45.5982,audax,voluptas,enim,atqui,quod,certe,ciminatio,32,209.13370007581275,73,vestrum,4,0,4,false,0.12930404626861683,2024-09-21T06:19:01.680Z,"Stanton, Gutkowski and DuBuque",false
f91780e9-538d-4c6f-8a7e-70ab4ce09bf7,2022-02-10T05:45:01.260Z,Lake Geraldine,Virginia,Somalia,9.7201,65.7753,magni,titulus,argentum,vomito,amitto,tolero,curo,20,96.06514044314163,69,officiis,4,2,1,true,0.20829834434118885,2022-07-12T00:43:58.274Z,Blick - Stoltenberg,true
ad917cc6-6f64-4447-9dcd-59180077e845,2020-09-18T16:59:34.000Z,Windlerhaven,Wisconsin,Croatia,10.5841,-127.3472,acervus,vinum,sunt,thorax,audeo,subseco,suppellex,119,226.84692365679135,63,tardus,2,0,2,false,0.050860139999163195,2025-06-05T08:10:28.271Z,"Ortiz, Goyette and Douglas",false
6de88d9a-9f2e-4b46-aaff-ea0f774abcac,2018-07-01T04:16:23.912Z,Schmelerboro,Arizona,Andorra,-35.8415,-76.31,demoror,deinde,subseco,clibanus,adeptio,voluptatem,umbra,127,218.27828680970964,94,alioqui,6,1,1,false,0.22579262247026455,2021-10-05T19:01:56.022Z,"Huel, Cruickshank and Blanda",false
08dd3567-f3f7-44c6-b5ec-c6d5c971605f,2025-03-26T04:01:36.370Z,Weissnatfield,Arkansas,Guadeloupe,-61.5402,-86.9047,talus,strenuus,sum,strues,verbera,video,occaecati,113,83.0093356707396,58,complectus,5,1,5,false,0.17543189754256885,2022-03-23T00:02:25.448Z,Feil LLC,true
0201e656-4b8d-4d49-b3c6-2c0654935cc4,2018-02-14T17:16:10.178Z,North Tyrel,Nebraska,Vietnam,-14.3186,172.9216,adamo,vulpes,tabgo,comis,curatio,reiciendis,voluntarius,93,95.55901138004918,68,ullus,3,2,3,true,0.21199842389018714,2023-11-14T21:18:46.741Z,"Rutherford, Thompson and Lesch",true
9c9fb8c4-2706-4789-a8c5-84de437e8966,2019-05-03T20:53:54.751Z,Arlington,Arizona,Bermuda,-66.1478,-50.0767,cotidie,sodalitas,tenuis,succurro,bis,vado,triumphus,45,212.6013038090205,27,balbus,4,1,2,true,0.1703009218006601,2021-10-08T23:46:38.869Z,"Kilback, Harber and Carter",true
d400b359-525c-468f-a237-e3dc9678a3c6,2025-05-16T09:51:57.214Z,Kalamazoo,Connecticut,Jersey,43.5299,-37.5849,compello,suppellex,curto,varius,defungo,spoliatio,tutis,105,161.52768985461964,48,turba,4,2,5,true,0.014832084524442152,2018-12-30T19:19:45.548Z,Bartoletti - Reichert,false
6a06276e-6768-4099-9ba5-c88fae98eb0f,2018-01-08T05:07:43.962Z,South Madelynboro,Missouri,Angola,-37.1922,-80.7608,apto,sit,maiores,terminatio,conturbo,dicta,apparatus,120,212.44529331846445,99,spero,2,2,4,false,0.10173626392762727,2018-03-19T22:20:41.413Z,Kunze LLC,false
25cb50af-04e7-4d1c-840e-ddee7370e93d,2023-04-29T22:03:24.289Z,West Bradenview,Connecticut,Poland,-55.772,-179.378,nostrum,attero,ullam,creta,contego,velum,verbum,86,33.79811713937606,35,dolores,4,2,5,true,0.2133657856660968,2025-05-12T19:48:40.449Z,"Rutherford, Dibbert and Wisoky",true
e5baf10a-0049-4bec-b37d-cadd73de7fb1,2024-10-03T03:32:21.711Z,East Rosannaworth,Wisconsin,Comoros,84.946,-48.1272,deludo,viscus,depereo,damno,tersus,ceno,tui,130,202.07268065268985,51,abeo,2,2,3,true,0.22292296277507534,2018-03-04T23:05:16.932Z,Hettinger LLC,false
53e6e48e-68f3-4a6e-aa4b-ad32f3cfb386,2024-04-20T16:28:25.812Z,Rosenbaumland,Mississippi,Gambia,53.9175,104.2752,consuasor,advoco,defungo,carus,vir,vel,usus,120,183.44853444244134,28,doloremque,2,2,2,true,0.010213395838090528,2022-11-20T11:56:37.397Z,Vandervort LLC,false
bd0295c3-45c0-4264-90ac-44a76bb9a726,2020-10-23T20:11:20.046Z,Germantown,North Dakota,Holy See (Vatican City State),-10.6997,-107.1429,artificiose,utrum,aegre,ulterius,cui,accusantium,atrox,22,201.23253116449266,30,adamo,3,2,1,false,0.23400281824232724,2023-03-11T00:18:51.167Z,"Ortiz, Parker and Mann",true
dcc2d40d-61cd-4751-b6c6-add7da0bfa89,2020-11-25T14:50:54.392Z,Schillertown,Georgia,Mozambique,-3.3417,147.0713,validus,templum,carcer,eum,subseco,annus,aedificium,48,76.04082401685106,83,harum,5,0,4,true,0.19312218556990937,2019-04-20T23:02:16.831Z,Kovacek - Ferry,false
f4448ce0-77c4-4135-8c0b-06c6c5a6b138,2023-04-26T16:44:19.863Z,Rancho Cordova,Kansas,Jordan,3.1979,-59.9324,ara,porro,convoco,thema,conscendo,repudiandae,curia,35,80.25053058547846,33,verumtamen,3,1,5,false,0.18761066785291794,2019-06-17T01:10:36.207Z,DuBuque - Kovacek,false
b93bba52-3b8f-4f8d-801b-1f838c3a25de,2022-09-06T21:45:37.108Z,North Velma,South Carolina,Gambia,74.0989,9.8422,speciosus,acervus,aequitas,convoco,aeger,accendo,denego,84,0.6492323645290199,56,cunctatio,3,1,4,false,0.005315174256225741,2023-02-20T16:28:33.345Z,Turcotte and Sons,false
d442684c-838f-4f1e-9461-e624d0a8ee52,2021-08-08T04:56:08.673Z,Aloha,Arkansas,Barbados,0.3887,94.9512,adeo,laboriosam,spiritus,termes,tendo,celo,umquam,65,38.872557581098874,90,cubicularis,5,1,4,false,0.19413829358350804,2019-10-08T10:31:57.702Z,Kertzmann - Carroll,true
670c5381-dace-4c2b-886b-6f02ed68572c,2020-10-06T19:03:13.009Z,Port Noah,Nevada,Guatemala,52.5255,-94.5248,confero,demitto,cunabula,ambulo,vulgus,tergiversatio,caelum,41,145.30455992999802,58,defero,0,0,3,true,0.23285148065896275,2025-02-19T10:27:13.382Z,Gorczany - Lebsack,true
3efa18d7-1621-48d3-9017-481df755e357,2025-08-11T05:02:56.024Z,Rogahnfield,Wyoming,Ireland,6.7967,-115.5595,magni,spero,spoliatio,decerno,colligo,sol,vita,102,86.6885414372283,90,reiciendis,2,2,4,false,0.07145013351691223,2022-09-18T05:43:54.787Z,Wilkinson LLC,true
434630af-4f69-4ab5-a450-82e9724fb804,2022-06-12T04:56:24.336Z,Kaileyfield,Colorado,Australia,-46.0132,-22.887,subito,tricesimus,tamdiu,xiphias,cicuta,curiositas,adnuo,107,199.9154414745818,64,trado,2,2,3,true,0.010211268120495498,2018-09-15T18:53:44.676Z,Schroeder and Sons,true
ce78840a-fcf1-48b3-a707-63776291bdbb,2019-12-11T22:38:44.758Z,Coachella,Oklahoma,Saint Pierre and Miquelon,-60.6257,-81.3364,esse,triduana,odio,abundans,cum,tyrannus,truculenter,50,175.66770014415334,25,verecundia,2,0,2,false,0.24521768313263775,2025-09-11T10:10:38.314Z,Heidenreich - Wolf,true
762b431f-b87a-41ec-ba98-979fcfaa6d56,2020-08-02T17:52:39.810Z,New Nanniechester,Minnesota,French Guiana,-79.4794,-101.014,audacia,depromo,acidus,conspergo,decens,error,crur,52,79.11440325145315,58,iure,2,2,2,true,0.11315866809815883,2024-06-05T12:22:13.141Z,Langosh and Sons,true
e3b325b2-e0b1-4d4c-be11-ad0b400cd63a,2019-11-12T06:47:54.771Z,Port Isaias,Hawaii,Iceland,11.7666,-68.8182,comburo,adeo,ultra,cetera,usque,acceptus,sum,97,51.70705568065928,87,sollicito,1,2,1,false,0.07427522449030063,2024-08-06T00:23:52.323Z,Grant LLC,false
f24a53e2-70f5-44a7-a7d0-69c1029383a4,2023-06-01T23:53:49.668Z,Danbury,Arkansas,Morocco,55.752,59.365,studio,benevolentia,cohors,vere,terga,aliqua,confero,58,101.09472615694172,83,via,4,1,2,true,0.1368090143129767,2024-03-28T08:39:42.779Z,Harvey Inc,false
d58c89ff-fa61-4198-9373-fff217ce603f,2025-05-12T02:56:24.289Z,White Plains,Maryland,Togo,-33.9594,-137.7836,torqueo,demulceo,volubilis,vero,conor,cubitum,dedico,109,84.05348101083806,48,sumo,1,0,2,false,0.04494511081513014,2022-11-24T18:04:11.486Z,Littel Group,false
e77adecc-31ef-45e1-874e-83364059016e,2021-07-17T12:01:13.317Z,Port Reinhold,North Dakota,Gambia,-18.2987,-98.4904,virgo,stella,tepidus,defungo,vaco,administratio,alienus,24,108.56590746397622,70,sonitus,2,2,2,false,0.08823762069692995,2021-10-27T14:42:58.932Z,Bashirian Inc,false
19da7038-2f4f-4e80-8868-4609858efcb3,2023-10-29T06:29:53.513Z,Shannonberg,Nevada,Zambia,-58.1728,-13.6888,expedita,peior,decerno,sed,texo,audeo,accendo,42,88.54647407269397,93,vado,4,1,2,true,0.08912609386562018,2023-06-07T00:44:22.703Z,O'Reilly - Zboncak,false
71f802a0-8b4a-46b4-bdd2-1ba73945396c,2020-08-07T09:26:18.178Z,Kingborough,Montana,Niue,-28.1784,61.7563,vis,statua,demum,nesciunt,utique,cui,corroboro,46,36.60836230512474,46,celer,5,0,4,false,0.0013267677543678247,2022-11-22T08:52:00.923Z,Sawayn - Green,false
8f7431cd-591f-4cb0-a739-db3078320165,2019-03-03T08:20:03.885Z,Daveburgh,Indiana,Hong Kong,-22.4586,157.623,animus,curriculum,adiuvo,utrimque,virga,arto,vacuus,57,66.17114826241814,78,sonitus,0,2,1,true,0.17409201541235259,2023-05-09T04:44:47.165Z,Kovacek - Smitham,true
ea22f717-b200-4892-81dc-8e70a1258efd,2024-06-10T08:52:29.797Z,Lake Ebony,New Hampshire,Mauritania,-58.1613,160.2381,tabgo,exercitationem,vulgo,aetas,molestiae,cenaculum,amor,71,48.63438980830389,59,cado,4,0,5,true,0.03311759735572828,2024-04-08T07:54:17.720Z,Johnston - Bogan,true
f9e52ac1-d2b9-4af9-93d1-c6aea5a8f3fd,2019-01-28T01:29:56.566Z,New Georgiana,Iowa,Haiti,3.9809,-58.4582,delibero,volo,coniuratio,corrupti,causa,ocer,arbustum,122,22.63300526585865,26,cervus,3,1,4,false,0.08179291187711699,2022-12-02T02:33:45.844Z,"Goodwin, Willms and Marks",true
9979fb18-a5e7-45c8-9429-04d46c5fb432,2025-03-29T00:11:05.928Z,Bechtelarchester,Maryland,Poland,-31.564,107.1932,adduco,curiositas,minima,thema,terebro,clarus,beneficium,34,108.7118704082355,39,ex,0,2,3,true,0.1259644597161784,2022-05-04T20:11:16.696Z,Schimmel and Sons,true
46974ec3-26b5-4c55-963e-d64b6a884be4,2021-06-11T07:29:44.452Z,Leannaside,Mississippi,Guinea,30.6318,24.9932,aer,decipio,vomito,vestigium,consequuntur,vito,aveho,109,47.07854553282182,30,utor,0,0,4,true,0.18812205105671442,2020-10-24T15:56:35.995Z,Treutel Group,false
f21b2a58-a09d-426f-90d7-43135b3ee993,2019-11-27T19:29:09.045Z,Flatleymouth,Oregon,Bangladesh,-56.5263,-23.9383,trado,abscido,curriculum,bardus,decumbo,uterque,adulescens,57,78.6968947389656,80,sapiente,0,1,3,true,0.04015629953910302,2021-06-06T15:36:40.942Z,Pfannerstill - Bernier,false
9749e4c6-8118-4d33-8b75-d3adebe557df,2021-04-16T15:16:37.637Z,Haverhill,New Mexico,Latvia,-21.7717,62.0434,tergiversatio,demo,cuius,confido,decens,aperio,repellat,106,186.35217255787117,47,utrum,2,1,4,true,0.09585167313539628,2024-08-20T09:47:31.108Z,"Jerde, Gibson and Bashirian",false
c1d27cdf-4eb1-4b03-87cf-0ef79a198a20,2022-06-06T12:32:14.458Z,Hillardboro,Washington,Cyprus,-15.0096,-108.2296,repellendus,crur,amicitia,aufero,allatus,alii,urbs,84,126.37430188528874,69,amplus,1,1,3,true,0.20080201036936746,2024-02-19T15:53:19.436Z,Parisian Group,false
47c4c611-9c89-44bb-8a3c-2c8aeb27366c,2018-07-23T08:52:16.485Z,West Nicolaport,Pennsylvania,Heard Island and McDonald Islands,-47.6451,-54.4091,creber,capillus,cubo,cribro,culpa,agnosco,cunctatio,117,89.17750876621824,57,sollicito,6,1,3,true,0.07330956423408447,2023-11-02T22:20:21.727Z,Feeney and Sons,false
9ebde4e0-0c59-4d7f-bd37-5ca7121e7291,2025-01-12T13:27:10.638Z,New Williamworth,Vermont,Saint Barthelemy,26.7028,-88.1169,curiositas,celer,averto,copia,vomer,curto,benevolentia,99,132.98134076793667,28,vitium,0,2,3,true,0.1450884672526361,2023-12-31T13:02:57.501Z,Buckridge LLC,true
cfe6f8e1-95b2-4722-ab0f-33e442ba8092,2023-11-29T19:45:52.646Z,Parisborough,Massachusetts,Sri Lanka,-48.5431,-159.6334,volup,creber,corrigo,acsi,patruus,conforto,decor,83,151.15437586251116,45,cuius,6,2,5,true,0.04457901501421746,2024-07-06T17:37:13.916Z,Schultz - Reilly,false
ea6054e9-a92d-42ba-a142-81a388bf2adb,2021-10-01T01:28:09.985Z,South Priscillashire,Rhode Island,Panama,77.083,-78.0016,temperantia,usitas,aer,viriliter,iusto,suppono,soluta,74,21.276825865152826,63,texo,6,1,3,true,0.13231724739868023,2025-05-30T18:56:18.730Z,Vandervort - Lesch,true
66d2646d-b226-47ef-b727-9d7668a98760,2019-12-21T16:29:49.467Z,Shieldsfort,Texas,Kazakhstan,-72.1035,-60.4086,solitudo,baiulus,terra,recusandae,virga,vado,adficio,106,220.32104043684984,63,unde,4,1,1,true,0.11824583331994018,2024-06-29T00:22:44.526Z,"Harber, Jerde and Hagenes",true
0adba8b1-de09-45de-b7bb-50f86d5160b1,2021-04-22T13:34:04.819Z,Runteworth,Missouri,Indonesia,-23.6885,55.7545,abstergo,congregatio,auctor,conturbo,ambulo,architecto,arca,56,0.9760942884977553,38,delectatio,1,1,4,true,0.1334599590241206,2023-02-02T00:44:23.381Z,"Lemke, Mante and Koch",false