accident_id,incident_datetime,city,state,country,latitude,longitude,road_name,road_type,intersection_type,accident_type,weather_condition,road_condition,light_condition,speed_limit,actual_speed_kph,driver_age,driver_gender,casualties,fatalities,vehicles_involved,alcohol_influence,blood_alcohol_level,weather_reported_at,reporting_department,pedestrian_involved
c5abd896-c39c-4a0b-acab-afb854a4a891,2025-06-02T17:57:03.479Z,New Stephaniestad,South Carolina,Fiji,-45.2535,82.4699,acer,caput,vivo,audax,incidunt,angulus,adsum,60,175.75656086192302,74,damnatio,4,2,2,true,0.0829099175332424,2019-06-03T03:11:45.694Z,Quigley Group,true
b400071b-d328-4b35-b523-1418a195c088,2022-02-24T13:17:52.652Z,Jordycester,South Carolina,South Africa,-19.4957,-10.0423,cilicium,coaegresco,coadunatio,temeritas,atque,demum,allatus,24,84.03861393894624,95,tenuis,2,0,4,false,0.04105934014120599,2022-07-20T03:41:25.772Z,"Littel, Lebsack and Gleichner",false
65b75920-c1ce-401b-babe-fe5faca1e3cf,2025-10-11T14:25:00.487Z,West Furman,West Virginia,Morocco,-55.9663,-125.002,deripio,amet,quis,turpis,vulnus,tamisium,decerno,80,32.65101065404593,50,ante,3,0,4,true,0.12302751762990269,2019-07-22T01:08:32.458Z,Cole Group,true
ce2141e2-3950-4577-8e98-66d918482214,2023-10-07T21:58:40.254Z,South Theresiaport,New York,Kuwait,-60.1946,-81.4441,vigilo,natus,abstergo,canis,asporto,color,crudelis,38,200.626041772472,17,usus,1,2,1,false,0.10281193990607093,2021-03-15T18:35:54.470Z,Stamm LLC,false
4802ebba-60ff-4f89-a316-528729fca24e,2021-04-22T19:35:33.248Z,Collinsside,New Hampshire,Myanmar,-11.3226,65.8842,thymbra,odit,adfectus,solus,confero,et,colo,44,91.30946759916645,63,deprimo,0,0,1,false,0.18111339782988042,2021-04-25T23:40:03.383Z,"Medhurst, Kub and Aufderhar",false
101ce954-0d5c-4861-88b4-eb64d6fcb48a,2019-10-01T10:33:54.074Z,Port Alden,Virginia,Sri Lanka,65.1468,-56.939,curvo,defero,victus,animus,termes,sulum,constans,60,157.5163585977441,30,acquiro,4,1,2,false,0.12137244434113106,2022-12-23T14:20:43.869Z,Turner Group,true
64e52b6d-eef4-4bea-af4f-390d75b3aa60,2018-12-29T01:41:05.281Z,West Kassandrafurt,Florida,Saint Lucia,-41.2714,-104.6553,vix,deprimo,varius,ea,contego,adnuo,consuasor,73,127.92727864036492,54,tener,0,1,3,true,0.19151005688015127,2025-03-27T00:35:45.361Z,"Auer, Bruen and Pfannerstill",false
ab4562ca-4b3e-42b8-b15c-05151f94d3c0,2019-05-15T11:31:51.278Z,Myrticeshire,Wisconsin,Saint Helena,-42.225,-107.0218,decor,nulla,nam,patior,vehemens,ratione,cupiditate,53,102.80791465167263,84,corrigo,1,1,3,false,0.24562577851614845,2022-07-02T15:28:10.957Z,Kiehn and Sons,true
446b1e2d-f3b8-434f-9f5f-7e5f38c4f6fd,2025-07-17T20:58:37.842Z,Miami Gardens,Delaware,Zimbabwe,23.4053,29.3968,careo,veniam,viduo,cruciamentum,verbum,denique,contego,41,61.40188976641536,29,desparatus,6,1,3,true,0.1730125857053706,2025-02-11T05:54:03.637Z,Stanton LLC,true
3641ab17-8688-4782-9048-19c899368edc,2024-04-22T15:08:18.282Z,New Thaddeuscester,Ohio,Tokelau,43.2455,21.1271,appello,solium,suggero,caste,despecto,tergo,corona,59,104.33812391016214,47,tener,0,2,3,true,0.18817038282572202,2020-02-12T10:35:18.041Z,Tillman Group,false
6cf2cee0-bcd0-49c6-af3c-64f3389b9f55,2025-10-27T08:59:20.383Z,Surprise,Iowa,Guadeloupe,-0.6585,-69.6005,quod,soleo,est,abeo,corroboro,auditor,cruentus,31,236.1692590031445,93,apparatus,5,2,4,false,0.15952982977379238,2022-11-15T21:14:11.711Z,Mitchell - Johnston,true
dce4a247-dc74-4d6a-8f54-75fe388295ba,2019-05-22T12:41:40.366Z,Lillietown,Minnesota,Suriname,-35.4653,144.1909,cogito,vulgivagus,atque,sono,audeo,accendo,terga,129,99.20661114194594,62,timor,0,0,1,false,0.24354301569193618,2018-11-13T21:18:24.724Z,Koss - Vandervort,false
a3635b59-bd56-4b99-9b07-6d8f2416d1e3,2021-12-05T13:56:34.453Z,Johnstown,Mississippi,Pakistan,-80.6398,-126.0035,non,coadunatio,uter,vindico,depulso,ter,abutor,118,118.82350675728,18,trucido,0,0,3,false,0.07505158443612986,2019-06-04T06:13:29.924Z,"Ferry, Gutkowski and Kemmer",false
b0dbbf60-31af-402c-b8d3-eef9ad58d26b,2022-07-11T04:00:42.224Z,South Filomena,Colorado,Senegal,-79.1379,-50.1223,stabilis,vacuus,somniculosus,temperantia,vociferor,somnus,urbs,69,215.0901237125885,59,ambitus,4,0,1,false,0.10802962760177626,2025-07-14T23:51:30.679Z,Bogan - Rice,true
2fade580-ee05-46f5-8d92-c20fe865f05b,2020-12-03T04:38:27.614Z,Lebsackview,Virginia,Morocco,-13.0492,-75.7095,vulariter,vomer,ulciscor,odit,capitulus,ullam,vespillo,31,114.24543501290745,36,demitto,5,2,1,false,0.11313765862562222,2021-01-29T20:07:42.913Z,"Tremblay, Bergnaum and Weimann",false
9e5fed9d-222d-4dfd-a1a1-7d57fbf48129,2025-12-24T11:27:11.807Z,South Brant,Minnesota,Bhutan,-3.2057,79.386,deleniti,autem,tubineus,adopto,quidem,absens,quidem,21,180.2977006007647,99,spero,2,2,3,false,0.07779747408520896,2025-04-22T09:41:30.602Z,Daniel - Hirthe,true
010ee649-ca18-4b8b-8eb5-21bd46f6a756,2021-04-30T00:10:25.825Z,Fort Marieton,Ohio,United States of America,-83.4288,85.0546,explicabo,audio,cupiditate,attero,voro,acquiro,temporibus,109,200.95414867492536,34,volva,1,1,3,true,0.06847633451181367,2021-08-30T14:02:35.582Z,Daniel LLC,false
17b97d2b-e3a5-48c4-8a08-2da77d9e32da,2023-07-08T19:03:50.713Z,South Derek,North Dakota,New Caledonia,27.6139,-142.416,adsuesco,iste,sortitus,communis,inventore,abundans,ustulo,77,10.030351317554542,74,veniam,6,0,4,false,0.1777401645224517,2025-05-13T06:00:17.246Z,Schimmel Inc,true
8bbb7861-7c3d-4962-b886-13318ca16b9a,2024-11-05T12:37:41.780Z,Pawtucket,Colorado,Belgium,75.2374,-157.9677,coniuratio,titulus,civitas,voro,aeneus,videlicet,verbum,56,232.65894189711187,63,combibo,2,0,2,true,0.21413993778648438,2025-07-31T21:26:29.958Z,"Douglas, Bruen and Grant",true
a615aa73-529d-4033-9096-0778116cf92a,2021-08-22T05:44:48.921Z,Jorgeborough,Colorado,Turks and Caicos Islands,88.4103,-46.0565,calamitas,conor,ventus,aqua,maiores,arguo,aperte,39,14.020580041571602,37,demergo,2,2,3,true,0.12829763769672245,2025-10-14T23:23:48.307Z,Breitenberg LLC,true
065a21f1-8f35-45b9-a007-2b9fc66c1a59,2024-05-01T11:28:05.409Z,Livonia,Mississippi,Poland,39.6561,121.6539,cuius,thorax,argentum,ago,vulnero,repellendus,curia,26,156.20227332808196,18,capitulus,3,2,1,false,0.03555833268301137,2024-08-19T05:38:58.119Z,Fay - Runolfsdottir,false
8855c1d9-9d16-4281-abb0-2e17e58ce526,2021-11-09T14:56:29.571Z,Draper,Mississippi,Barbados,-22.0629,129.7898,molestiae,claro,adhuc,dignissimos,tabgo,soluta,cohors,49,133.0232543430871,68,creptio,5,2,5,false,0.20616189570716711,2023-05-05T10:07:52.276Z,Moen - Cartwright,false
83752ea0-adf5-44ed-b1a4-3849c9313056,2021-07-19T03:32:31.801Z,Waylonboro,Mississippi,Austria,-69.3914,-4.8462,vesper,acerbitas,quidem,tergum,clarus,vulariter,accommodo,100,39.81084992617149,77,consequuntur,1,1,4,true,0.23829137854863053,2024-04-17T09:26:33.964Z,"Emmerich, Trantow and Lemke",true
a864c99d-5763-467e-89d6-742345fa5751,2023-07-06T07:56:22.200Z,Urbana,Virginia,South Sudan,59.6052,-154.5161,culpo,trans,surgo,doloremque,addo,eligendi,caritas,125,6.768244039367994,37,a,1,0,1,true,0.15910178543421097,2025-03-27T04:55:57.297Z,"Johnson, Runte and Emmerich",false
f39be46e-0edc-448b-867f-84aa7f45f708,2023-04-11T19:36:53.636Z,Fayview,Indiana,Svalbard & Jan Mayen Islands,79.4389,109.7164,animi,tunc,ciminatio,denego,vigilo,brevis,sub,52,133.21231205257075,35,considero,4,2,3,false,0.0416887204805757,2022-07-17T02:22:48.538Z,Schiller - Johns,false
111d4fbe-99f6-44ef-852b-cb49f27b423a,2019-07-21T01:16:02.742Z,New Patrick,Arizona,Iraq,35.9977,-98.5996,ullam,claudeo,bene,cavus,tergo,asper,addo,27,200.76911863384697,21,theologus,5,1,4,true,0.1776088536170686,2021-04-06T20:50:50.521Z,Zieme Inc,false
178b1cf4-a983-4b16-b09e-e54c4bb66134,2023-05-18T01:17:28.138Z,Port Josephtown,Virginia,Malta,68.0593,-114.2995,ubi,astrum,minima,tamquam,villa,verbum,arbor,110,170.37989516768283,36,dicta,0,0,1,true,0.08414415244342333,2023-03-30T01:27:18.431Z,"Stehr, Feil and Leffler",false
19a16bda-148c-45b8-9a53-0b4ae7f81e4f,2020-09-30T03:13:58.673Z,South Adella,Michigan,Holy See (Vatican City State),-18.8047,160.4915,civitas,thermae,demens,vicissitudo,ambitus,depromo,vulgus,44,227.4472142837479,79,atavus,0,0,1,true,0.1260245721219797,2019-07-25T18:46:03.270Z,"Jast, Schaden and Altenwerth",true
7c337aa6-b679-4916-87a7-b5740eb56f53,2024-05-21T08:21:13.334Z,Fort Roscoecester,Oregon,Brazil,-59.7322,115.3332,copia,bonus,alioqui,suadeo,amoveo,aequus,compello,28,142.6576905233732,20,solum,0,2,5,true,0.24923662462535037,2023-02-03T09:36:19.372Z,Grady - Rau,false
2804afdb-1c8e-4ede-ae13-989e870bdf2e,2024-08-19T01:47:26.973Z,Myrtisstead,Arizona,French Southern Territories,60.2196,-32.616,ait,territo,textus,tolero,cohaero,vobis,repudiandae,75,101.00660798316699,63,celo,3,1,1,true,0.2100680871338826,2019-07-15T18:33:54.051Z,Greenholt - Schuster,true
e6681646-9cae-41fb-9b65-c143454e17b4,2023-06-26T22:55:24.061Z,South Jackelineville,Alabama,Greenland,-88.3739,-66.6459,substantia,catena,vitae,stella,suspendo,utrum,cupressus,100,172.9602040363514,78,impedit,1,2,5,false,0.21074392016411486,2024-08-20T03:29:47.120Z,"Rice, Koss and Lindgren",true
5c8f479f-da09-4a21-8fbd-537adeb995a9,2022-03-09T05:46:12.656Z,Schuppeville,Arkansas,Democratic Republic of the Congo,31.3571,124.7168,vinculum,cernuus,quidem,tantum,coadunatio,claustrum,substantia,62,213.68328893112866,44,nostrum,2,2,5,true,0.0782989114679449,2023-05-24T04:33:07.664Z,"Jakubowski, Nicolas and Bauch",false
a4e9d86a-88f3-4e03-a7c8-0bd8f1e7c7c5,2022-02-23T07:49:17.268Z,West Marisol,Colorado,Congo,2.8254,-127.148,vitae,beneficium,patrocinor,demitto,adsum,attero,trado,64,78.57975014697149,59,doloremque,6,2,4,true,0.1481960844623245,2019-10-18T20:57:00.914Z,Morissette and Sons,true
bf8effb3-a72c-4e56-82bd-8d626893eb13,2020-05-10T10:01:27.336Z,Lake Quincy,Ohio,Monaco,11.4408,-170.9187,tot,artificiose,tempus,viriliter,angustus,ara,somniculosus,20,172.83852461154842,17,tergo,2,2,3,false,0.18870445508405326,2025-11-13T19:54:39.685Z,"Carroll, Trantow and Renner",false
df64f444-b1a7-4202-9e24-139c3ac77274,2020-07-29T09:46:07.850Z,Port Kimberly,Missouri,Peru,53.837,13.3804,cunae,aro,degenero,stillicidium,consequuntur,accommodo,ascit,120,164.1064401199858,64,causa,4,1,2,false,0.07793212613116213,2019-01-06T08:08:24.931Z,"Champlin, Friesen and Zieme",true
c9983737-69c6-48bc-9de1-495435796859,2021-08-20T06:53:16.278Z,Cranston,Louisiana,Burundi,82.9475,176.163,via,verecundia,corrupti,derideo,quod,quas,fuga,89,82.04662216569767,30,adsuesco,2,2,4,false,0.054699514753931144,2018-08-04T00:14:38.254Z,Reynolds - Stehr,false
218012d6-3f09-47f7-b077-d2f2a0fdc609,2021-05-29T16:41:09.655Z,National City,Oregon,Togo,33.8149,173.047,xiphias,taedium,carcer,avarus,thesis,modi,aliqua,39,21.21079171016217,17,ab,3,2,1,false,0.2466441045377735,2023-06-09T08:50:52.868Z,"Goyette, Parisian and Fadel",false
e73d2828-92cb-41f5-aecf-ad0ef94788dc,2023-04-28T09:48:04.918Z,North Bryana,Idaho,Solomon Islands,86.0102,35.608,terra,usus,curriculum,ventosus,amplitudo,deleniti,dolore,49,34.22383678502954,77,triduana,1,0,2,true,0.1818307723151538,2018-09-14T18:28:39.002Z,Rolfson and Sons,true
e948b3d5-b5c2-4ee3-9835-8e761d4c3fcf,2019-04-12T23:10:04.890Z,Dietrichside,Hawaii,South Sudan,-84.2148,28.8275,testimonium,sunt,vulgivagus,civitas,coadunatio,eligendi,brevis,56,83.70823191876981,60,complectus,2,0,4,false,0.2421474470645777,2022-09-22T03:57:09.629Z,"Graham, Hammes and Graham",true
1b8f34cf-6152-4030-bfd3-d52531b14d61,2022-08-29T15:24:54.472Z,Katrinaburgh,North Carolina,Antigua and Barbuda,-28.0151,44.7635,sublime,defluo,uxor,adhuc,ater,cur,ea,125,76.12285260142313,78,distinctio,0,0,5,false,0.22510897706026575,2022-02-03T18:27:17.746Z,"McLaughlin, Wisoky and Waelchi",false
bedba7c0-8862-4679-96cc-7a8401765edb,2021-05-03T03:39:41.832Z,West Obiehaven,West Virginia,Bouvet Island,78.3173,92.3337,suus,tempus,defleo,temptatio,atrox,officia,confugo,124,124.70093289333307,72,veritatis,6,0,5,true,0.09743138620217015,2021-12-05T14:53:59.731Z,"Leannon, Medhurst and Prohaska",false
511f7b22-32c4-4eed-a420-ebb17f193167,2024-12-26T07:17:59.490Z,West Maymiechester,Michigan,Equatorial Guinea,-82.2046,13.2485,delinquo,circumvenio,decet,suggero,vinum,conicio,spero,32,219.80356348924843,60,patria,4,0,3,true,0.04514271069760595,2018-09-24T06:05:34.250Z,"O'Connell, Abbott and Ratke",false
4ae55642-2406-49c0-9f88-67dbfffe86c7,2024-07-19T08:42:02.887Z,Doral,Hawaii,"Bonaire, Sint Eustatius and Saba",20.0302,5.7469,tener,tendo,summa,molestias,tener,triumphus,speciosus,24,18.844829453225202,64,ceno,0,1,1,false,0.11870778586141079,2025-09-19T16:54:39.438Z,"Hermann, Willms and Wilkinson",true
9f31c91e-2489-45e3-abd2-ce913eac16de,2023-01-17T12:13:10.422Z,San Diego,Illinois,Saint Lucia,-26.027,-110.8816,auctus,aeger,consectetur,stillicidium,aegrotatio,dens,corpus,29,195.9925616737654,76,inventore,1,1,1,true,0.10538618080369005,2020-04-12T18:51:14.064Z,"Pacocha, Beer and Johnston",true
7edc7cc3-6bbd-416c-82f4-4a51658bd7aa,2023-11-19T13:01:49.384Z,Albany,North Dakota,Micronesia,57.6891,-17.6985,pariatur,tempore,socius,acervus,tabgo,socius,sollers,77,161.58085570245896,77,degusto,1,2,4,false,0.0710140106601933,2020-08-27T15:36:54.011Z,Donnelly Group,false
0f291780-4feb-4026-82cf-56cbbf54c01f,2018-09-18T01:22:06.873Z,Port Abigailmouth,New Mexico,Western Sahara,-56.7593,135.6261,tredecim,animadverto,cimentarius,utrimque,earum,patruus,quis,113,105.28583020037259,98,dolor,3,0,5,false,0.027728410468809583,2021-04-13T11:02:46.391Z,Cassin and Sons,false
9495f790-d0b0-4edc-8f8d-ca2c2c9f8e29,2020-01-31T18:25:31.082Z,Starkhaven,Rhode Island,Pakistan,-2.5346,22.1913,corpus,constans,correptius,crudelis,quis,blanditiis,claudeo,54,234.1402489930946,36,utroque,3,1,2,false,0.1621040750808111,2021-06-14T23:37:14.575Z,"Mann, Konopelski and Hyatt",true
05581ebd-b07c-4e49-81c0-0e1adfe3e683,2018-08-16T09:48:25.345Z,Waipahu,Florida,"Virgin Islands, British",-89.7556,-61.928,ara,quas,clam,usque,usitas,atrocitas,cuius,104,208.3685512155568,79,amicitia,3,2,1,false,0.11782436719506381,2021-11-07T04:50:14.179Z,"Bayer, Auer and Schumm",false
4495178e-6a96-4c9b-adfe-53eabddb0e6a,2019-05-16T10:18:05.443Z,Adamsview,Hawaii,Niger,4.7788,-91.8598,depraedor,cohibeo,demum,amo,labore,cornu,blanditiis,86,154.16567559911005,73,amet,4,0,4,true,0.20536589583847878,2021-10-23T18:08:15.376Z,"Marks, Rempel and Hettinger",false
d610b114-b18a-4836-bcdf-7158e5edcee9,2023-08-18T06:59:33.095Z,East Kimshire,Vermont,Saudi Arabia,-48.1916,58.7894,aspernatur,caecus,candidus,modi,cubicularis,temeritas,articulus,67,147.98692253846176,78,centum,0,1,2,true,0.11996456446136189,2025-04-22T05:04:38.515Z,"Morar, Witting and Lindgren",false
cb32636b-ab6b-435c-a526-1f7aa0361b56,2019-12-18T01:17:31.383Z,Bel Air South,New York,Hungary,-61.6134,100.5404,alveus,taedium,adimpleo,suus,delicate,repellendus,cibo,78,210.39113981857105,68,assumenda,3,2,2,false,0.21069167857642196,2024-08-05T20:33:14.597Z,Rohan and Sons,false
f9c9efee-442c-4b1d-8577-6a57ca065454,2021-03-22T09:21:53.668Z,New Leonie,North Dakota,Morocco,-50.4215,-170.3049,vinitor,vereor,timidus,debitis,aperio,thermae,stillicidium,98,122.77261600274454,33,accommodo,0,0,5,false,0.1137272073927843,2020-11-08T00:17:59.693Z,Davis - Stoltenberg,true
b91311de-1b7b-4ece-839c-98c76a58563d,2022-11-14T08:30:20.245Z,Dachfield,Iowa,Saint Kitts and Nevis,-56.8197,126.4698,appello,tondeo,vae,deprecator,centum,custodia,eum,83,79.55277378285649,37,adficio,6,2,4,false,0.06702603631959511,2021-10-18T13:34:11.204Z,"Pfannerstill, Friesen and Paucek",false
bb0107b2-214d-4a35-a332-7582cad239ac,2021-02-22T17:07:35.893Z,Mathewbury,Mississippi,French Polynesia,46.3204,-118.8669,angustus,currus,crebro,contabesco,commemoro,sophismata,patria,78,143.0273385397932,80,decor,5,0,2,false,0.16079017587760172,2021-10-23T13:02:53.006Z,Thompson Group,true
6a555fc6-97bc-443e-995b-facc2d4a22af,2018-08-24T09:09:23.292Z,Richmond,North Dakota,Poland,15.9107,135.6179,denuo,dedico,cupio,arma,sunt,aegrotatio,urbs,125,50.70024902114716,21,tametsi,4,2,4,true,0.20526399240578747,2021-01-06T07:46:30.816Z,Lang LLC,true
a0b440e6-e602-462c-ba8a-927c005a1979,2022-08-07T11:13:44.737Z,Bryan,North Dakota,Congo,-3.1985,142.6907,valeo,depromo,tempora,cogito,conduco,decerno,cometes,124,130.94110049891947,53,thesis,1,0,4,true,0.2499804955604316,2021-01-11T10:36:59.046Z,Welch and Sons,true
607da747-66e9-4533-9489-b52ee933b0bf,2020-10-10T05:06:02.083Z,Rancho Cordova,Massachusetts,Moldova,-75.8365,95.2535,cum,quisquam,adficio,commodo,cuppedia,cupiditate,tristis,42,75.98531344057095,70,id,6,0,4,false,0.10209291554228303,2024-09-09T06:32:44.825Z,Boyer - Mraz,false
ad3095fb-2326-463e-aae3-77a92ba71a73,2022-01-26T12:07:23.158Z,San Clemente,Arizona,Turkey,-81.1166,-138.6619,vos,artificiose,capillus,delego,occaecati,virga,utor,107,10.309996665916188,65,addo,5,1,3,false,0.06678599892920378,2022-12-01T12:12:00.252Z,Conroy Group,true
72660b81-ffa6-4a20-8e1d-f66c99295806,2023-06-19T20:22:10.710Z,Elliotshire,Kansas,Comoros,75.8027,-92.8745,commemoro,copiose,casus,suggero,capio,tempore,colo,121,34.26374292511881,71,comis,2,0,1,false,0.027599405759743817,2021-04-07T04:31:14.947Z,Franey - Kilback,true
ebd7b73a-ee1a-4e9b-93db-a6a35346828a,2021-06-22T05:58:53.065Z,Lake Karianeside,Washington,Norway,4.027,-50.4365,veritas,molestias,verus,asperiores,atavus,vallum,vulpes,130,25.937227245932473,62,consectetur,4,2,2,true,0.1111164104175571,2022-11-26T18:28:56.022Z,"Strosin, Steuber and McLaughlin",false
7d6bd51d-fbd8-4b4e-9e73-461c17895048,2025-04-20T22:41:37.811Z,Collierfield,Ohio,Saint Martin,57.6853,-23.8375,delectatio,ventus,vomito,cum,cicuta,thermae,arguo,90,131.8596888526038,28,in,2,0,2,true,0.2043306554149584,2022-08-31T22:51:17.946Z,Flatley Group,true
68d3212b-9e7c-4536-9231-55ff649d71c5,2025-05-14T12:31:59.509Z,North Kurtboro,Pennsylvania,Niger,27.3166,-8.2766,ventito,tero,confero,paens,ancilla,conor,qui,103,63.90729441488737,33,valeo,6,1,4,true,0.21630808324532744,2024-08-09T06:32:30.935Z,"Kozey, Gibson and Kirlin",true
2420fcc7-1059-4982-ad1c-7003cc2b3838,2018-04-30T15:56:25.554Z,Fort Linacester,New Mexico,Bahamas,-59.411,2.6048,aequus,peior,callide,maiores,corona,aperiam,degenero,28,113.41611845972305,98,aperio,0,1,1,true,0.208640696561894,2022-10-28T20:43:47.106Z,Reinger - Hand,true
e9120292-0cdf-4fad-b61d-6c9b1a23333f,2020-07-19T07:00:13.903Z,East Yasmeen,Arkansas,Palau,29.7977,-69.2042,teneo,antiquus,coerceo,casus,tantum,cedo,solutio,57,49.30115871463369,21,volo,0,1,3,true,0.241510033113933,2019-07-24T15:34:40.940Z,Witting Inc,false
2b3902a8-c542-4303-b51e-dc6607d8a7d0,2025-11-12T15:38:09.138Z,Mohrchester,New Jersey,Aruba,-65.356,-151.0287,amplexus,baiulus,autem,suscipit,charisma,bestia,decerno,83,2.8583340662065826,41,texo,1,2,3,true,0.010698869968831293,2023-01-23T21:24:44.562Z,Balistreri and Sons,false
ede8cb1a-a9bc-44df-a923-b0b9068cb078,2021-01-19T22:28:31.639Z,Lake Edd,South Carolina,Venezuela,87.1253,-131.7711,capillus,vos,iusto,quo,viduo,ait,adipiscor,77,54.151318336241474,62,cibus,4,2,1,false,0.19003523394904007,2024-02-08T08:16:18.713Z,Marquardt Group,false
fdca7fe8-1cab-463f-87c1-2aed58217803,2022-10-02T07:16:29.876Z,Lake Geoboro,West Virginia,India,-59.8199,-87.5655,tego,optio,taedium,cohibeo,rem,defungo,sursum,116,173.03628562809297,48,admitto,1,2,2,false,0.1200516016179422,2025-10-30T01:00:24.982Z,Hegmann - Aufderhar,false
63cc3287-bab6-4b31-b570-6013c9330ff3,2024-07-18T18:30:53.016Z,Zacharyside,North Dakota,Malaysia,67.6192,46.9803,ustulo,decretum,sollers,abundans,corrumpo,terebro,tergum,125,214.46003256246382,73,suffragium,1,0,1,true,0.22913427671912737,2022-03-07T06:14:52.429Z,"Pfeffer, Rosenbaum and Ward",false
5737901f-0225-4602-9fc6-5878cfb68d1c,2020-12-16T18:37:29.442Z,Wymantown,Maine,French Southern Territories,2.7497,109.7251,peior,tutis,amicitia,spargo,decens,sufficio,spargo,60,173.09717477693144,53,sollicito,1,2,1,true,0.16990944393111812,2019-01-07T00:32:54.866Z,Koch Inc,true
1bb73f3d-9618-4dab-8687-976e25364403,2020-10-07T13:09:16.422Z,Rethahaven,Tennessee,Myanmar,38.4615,52.6871,aperio,speciosus,cilicium,tempore,verecundia,corrigo,adipiscor,98,151.24769830163498,16,atrocitas,0,2,4,false,0.06395256452232362,2025-02-08T05:43:14.325Z,"Hyatt, Lubowitz and Kertzmann",false
d923ecf3-8153-46f3-837f-bf49809b2094,2020-12-27T16:01:51.726Z,Fort Kaylee,Virginia,Seychelles,27.2657,92.4779,laborum,talus,cometes,deludo,basium,delicate,denego,80,128.75002785100892,64,benevolentia,0,0,1,false,0.19124305093432875,2018-04-19T21:37:09.456Z,Kulas - O'Hara,true
c6798f72-1e02-4609-a029-ff8614301b3f,2022-02-06T20:32:10.669Z,Hansenfield,Arizona,Uganda,36.5394,117.1602,debitis,cado,corpus,colo,contabesco,sunt,animus,54,217.3856414745062,28,paulatim,2,2,2,false,0.19573019997248609,2022-06-14T11:52:04.940Z,Gibson - Mayert,false
57af8778-585d-4f0c-b7cd-63f34551bbb0,2022-11-10T00:28:35.666Z,North Araworth,Michigan,Saint Vincent and the Grenadines,-9.289,163.4228,depopulo,suadeo,theca,ab,ulterius,patrocinor,supra,20,25.730655005433974,65,facilis,6,2,1,true,0.18865012132023043,2024-07-16T20:39:29.151Z,Brakus - Denesik,false
2e7302f9-c3aa-4074-844a-86632fe016ad,2019-12-24T04:30:21.372Z,Fort Peggie,Wisconsin,Maldives,-1.36,-54.6772,desolo,tergiversatio,caelum,carbo,tredecim,super,vaco,110,36.221127023880946,87,baiulus,2,1,3,false,0.15091365280966415,2025-02-22T01:22:43.712Z,"Okuneva, Haag and Hills",true
c8be4f7c-2e89-48c2-8a5a-8314e7d20fa6,2022-04-18T08:27:05.276Z,Sipesstad,Rhode Island,Albania,58.2096,-59.6817,saepe,vobis,culpo,arcus,terreo,denuo,sunt,82,235.73727018366537,63,pariatur,2,1,2,true,0.1449667803224832,2025-11-23T01:37:30.849Z,"Bradtke, Hauck and O'Connell",true
70b5e76b-1394-4051-8b97-40a9b7ca6d6c,2020-08-09T07:15:02.287Z,Boehmberg,Indiana,Kiribati,54.552,163.0638,defungo,universe,admitto,umbra,tametsi,consequuntur,cado,53,45.153746156568786,53,voluntarius,5,1,3,true,0.059921137712654504,2021-06-22T18:13:05.525Z,Murazik - Murphy,false
8c0e213e-41d1-4aa2-9bd1-84984451388e,2018-06-12T07:39:24.157Z,Connellyborough,Washington,Nigeria,-79.6575,-147.4528,tamdiu,crebro,desidero,uterque,cursim,amo,contigo,100,27.862191287238005,84,ipsam,4,2,5,true,0.11426961469403876,2023-08-04T22:14:15.985Z,"Moore, Cremin and Wilderman",true
c865e138-c449-47cb-8e44-b1c6e9190bb1,2021-06-07T18:52:32.487Z,Reynoldsport,New Jersey,Zimbabwe,-83.5976,-105.561,cariosus,doloremque,abstergo,paens,valde,denuo,cogito,66,161.90147325606156,58,paulatim,1,2,1,true,0.1152770732610661,2021-09-23T09:40:30.398Z,D'Amore Inc,false
c2291b8a-abc9-4706-b004-9da76a605400,2018-07-24T13:42:51.719Z,Levittown,New Hampshire,Venezuela,85.9567,98.7979,appello,succedo,occaecati,comminor,esse,vado,abbas,107,158.32107950158328,68,cerno,5,2,2,false,0.01247572445717704,2024-01-16T08:30:48.284Z,"Parisian, Little and Olson",false
e778e0cb-d7dd-41c0-8b09-c9a0c7c4c09a,2022-07-11T14:20:51.309Z,Port Dallas,South Dakota,Bahamas,33.615,85.2109,thema,vero,aggredior,omnis,debilito,tabesco,quod,20,139.69816573990448,48,porro,0,0,4,false,0.1832730885899006,2021-02-11T06:54:07.895Z,Kihn Inc,false
189d448a-f7a8-462b-8514-ddc8f5e1d750,2023-03-03T08:30:08.925Z,Aufderharburgh,Vermont,Fiji,-3.6286,101.2511,aufero,considero,adsum,paulatim,vergo,doloribus,cicuta,101,41.8861763806526,77,ceno,3,2,5,true,0.029692070456310893,2019-12-02T02:15:47.826Z,Bins - Kemmer,false
b2ce4f9c-2a3c-435a-8670-7f840047f9b7,2019-01-29T01:22:44.878Z,Lauderhill,Minnesota,Norfolk Island,-64.6596,6.7005,aequus,deduco,curtus,virtus,truculenter,tribuo,solitudo,71,13.098372037481951,73,atavus,3,1,4,true,0.012626983221714183,2019-03-17T13:59:04.346Z,Senger LLC,false