accident_id,incident_datetime,city,state,country,latitude,longitude,road_name,road_type,intersection_type,accident_type,weather_condition,road_condition,light_condition,speed_limit,actual_speed_kph,driver_age,driver_gender,casualties,fatalities,vehicles_involved,alcohol_influence,blood_alcohol_level,weather_reported_at,reporting_department,pedestrian_involved
4975012c-a4d0-45c0-a952-2cea42a3024e,2022-06-10T04:13:30.889Z,Fargo,New Mexico,Malta,-40.4535,163.3437,debeo,corporis,certe,amaritudo,laboriosam,balbus,aufero,42,40.08694584441982,96,votum,1,0,2,true,0.03257982473815671,2025-04-28T08:30:27.801Z,"O'Conner, Zemlak and Smitham",true
9f27f21b-4885-4e22-aa24-3701c58ba04d,2018-01-29T13:44:45.401Z,North Ricoton,Iowa,United States Minor Outlying Islands,-18.3401,128.8685,degero,terebro,defleo,enim,commodi,pecco,desidero,99,183.71535725450758,98,deorsum,6,1,5,false,0.1662597766959681,2024-12-28T17:01:35.940Z,Herman Inc,false
be1e78ab-6ac0-45d7-b2eb-ef4af979fbc9,2019-08-12T23:59:29.706Z,South Rafaelworth,Iowa,Liberia,9.1942,-162.7553,vereor,provident,stipes,ait,conventus,iste,ad,100,12.912010750695444,53,aeneus,6,2,2,true,0.20400591490424438,2019-10-08T10:01:30.073Z,"VonRueden, Flatley and Wolf",false
1816ebd0-87bc-49b2-8eac-d51523e012da,2024-05-11T01:44:39.203Z,Stromanshire,Rhode Island,Japan,56.0626,4.5417,sublime,aliquid,ventus,arma,cogo,sunt,uter,78,54.0267373127265,45,asporto,3,2,1,true,0.03659018163583602,2022-10-12T10:14:05.596Z,Pouros Group,true
dcfdcaf5-7c2e-4cf9-ba2b-9a0845cd008a,2019-11-25T23:06:20.632Z,Laurineberg,Virginia,Barbados,54.0587,-160.2768,adhuc,adduco,abscido,abundans,conturbo,odio,tredecim,37,81.36234424291173,38,auxilium,1,1,1,false,0.21251412147310828,2018-08-25T17:59:02.755Z,Bartoletti - Berge,false
129a1b43-e9e5-4e06-8380-96c0a56fe6d3,2018-07-20T12:20:58.423Z,Jodyton,Illinois,Guatemala,-43.8354,156.5029,thalassinus,suffoco,deleo,sumo,commodo,caute,agnitio,78,14.02603974416781,54,vomica,0,0,1,true,0.15102541475952116,2021-02-09T16:33:56.223Z,Schumm - Bednar,false
a3b1cc19-f288-424c-9b04-e5be4a283fa0,2021-07-04T16:06:54.567Z,Lemkestad,Kansas,Israel,-23.8167,66.1023,cornu,advoco,validus,cunctatio,ait,corpus,cultellus,98,146.30491231015378,54,vociferor,4,0,1,false,0.03142544212423681,2025-12-05T09:54:31.530Z,Rau Inc,false
914d525b-8840-4413-a21c-ce17e215f92b,2019-04-19T07:56:56.016Z,North Camren,Connecticut,Sudan,25.2903,-69.7088,derideo,tempore,officia,aggero,cito,tametsi,inventore,84,171.86683786658017,56,tergum,3,2,4,false,0.15287514005793792,2019-08-17T20:27:39.644Z,Carter - Maggio,false
1be5f9b9-7931-45e8-9ae2-065e2a1ab990,2023-06-18T05:46:36.818Z,Deltona,Washington,Spain,77.0131,-19.2864,theatrum,valetudo,articulus,vesica,considero,vis,nulla,112,79.8646968899624,35,beneficium,0,2,4,false,0.022820076645078097,2022-09-29T21:34:48.636Z,Skiles - Jerde,true
02d25b74-da88-463f-b01c-2255fbc9f6f6,2019-08-01T21:46:07.573Z,Powlowskiboro,Alaska,Greece,82.7335,96.7497,demoror,ustilo,tredecim,aestus,verbum,depromo,tenax,45,85.78471977398488,60,aduro,2,0,4,false,0.1357609118020116,2019-07-15T11:33:25.533Z,Schoen LLC,true
d91fd6df-edea-495d-a5d9-a801e2a98b87,2019-11-13T21:37:05.011Z,Lake Lorna,Alabama,Vietnam,21.859,97.7029,aduro,caute,despecto,celebrer,qui,error,xiphias,74,50.93696743819008,23,somniculosus,5,2,4,false,0.2149035921490498,2024-04-13T04:14:03.606Z,Fahey - Roob,false
a4923b96-588b-4eb5-aef3-aff9d94b4be4,2024-11-29T06:27:05.889Z,Marvinside,Florida,Micronesia,-70.7686,-95.1082,repudiandae,tergiversatio,certus,delicate,cena,vaco,sed,40,156.58512117851208,20,dignissimos,6,1,2,true,0.020287916322355715,2024-08-10T18:59:05.358Z,Goldner - Zieme,true
f87fdfd2-c34e-4a76-b59e-ddf17ffc015f,2019-10-04T21:37:07.946Z,Mount Vernon,North Dakota,Tanzania,89.4711,2.0466,vobis,cohibeo,perferendis,thesis,adeptio,tamquam,ter,114,119.19586661952857,62,valetudo,0,0,5,false,0.20697931692611482,2022-02-14T18:23:30.181Z,Stoltenberg Inc,false
a6d0f27b-5758-4350-a4fb-2996f28eec11,2018-07-17T00:42:04.218Z,Pearland,Indiana,Aruba,75.6763,128.6445,surgo,tergeo,avaritia,absconditus,soleo,cavus,usque,25,79.86104468874983,70,sophismata,5,1,2,true,0.13375353842196983,2024-06-08T15:09:10.963Z,Marquardt - Emard,true
854993c3-c001-4305-ace4-965d3454b152,2023-05-20T22:40:54.234Z,Tinley Park,Utah,South Sudan,-41.7873,34.2952,hic,arcus,facilis,utrimque,bellicus,centum,cauda,71,194.8677518461277,66,thesis,3,2,2,true,0.18489723512153952,2025-06-30T21:05:04.894Z,"Pouros, Quitzon and Willms",false
077a2a2c-0ff6-471b-82b6-315ae5f0d20a,2019-07-05T15:42:41.701Z,St. Louis,North Dakota,Sint Maarten,33.865,-158.0792,vivo,templum,universe,deinde,alioqui,vilis,triumphus,50,207.12853298776696,47,repellat,4,0,2,false,0.11198730757736416,2022-09-17T11:36:07.608Z,Hegmann - Hickle,false
7d30a049-7b73-4bdf-99fa-555e13d51cb3,2020-05-11T19:17:44.674Z,Tyler,Colorado,Niue,-25.0162,-106.2111,delibero,despecto,aeternus,subnecto,cultura,usus,caries,26,157.46565953014496,86,ratione,3,0,3,false,0.18421694105456204,2025-09-25T20:33:33.517Z,"McKenzie, Gulgowski and Williamson",false
05fef85d-74c4-4d84-b977-6fb9dc328b2d,2022-10-07T21:52:32.004Z,New Howard,Nebraska,Czechia,-57.0493,94.8326,argentum,absum,cognatus,alioqui,abutor,atavus,communis,76,158.27240146896193,96,advenio,1,1,3,true,0.0055719576446712216,2018-12-02T00:13:17.450Z,Kuhn LLC,true
bb856f49-eeab-4b92-aa98-3bf8fe3ecd44,2025-03-19T15:31:41.119Z,Trystanburgh,Montana,Kiribati,37.7065,131.3628,cito,depraedor,totus,thema,curo,supellex,cedo,113,51.626611766983984,59,audacia,2,1,3,false,0.07494267305215066,2019-07-10T03:52:00.714Z,Kreiger LLC,true
01c11736-2d20-477c-bd51-c64d3fdd6271,2024-06-29T16:52:58.641Z,Erniehaven,North Carolina,Finland,-49.8794,84.6918,deleo,adflicto,sub,thalassinus,totam,cras,causa,73,200.23302106089602,73,volup,2,2,1,false,0.12070120732339293,2020-05-30T13:38:30.549Z,Ritchie - Cummerata,true
7aba5cd6-810a-4a1b-9495-5f722110d043,2025-07-09T19:16:38.087Z,Albinborough,Kentucky,Yemen,-45.1588,-2.1634,tener,absens,volup,adficio,utpote,defero,talus,125,61.8030834849618,73,amet,0,0,1,true,0.22192403096368,2022-01-30T07:41:20.225Z,"Streich, Kozey and Batz",true
58b6bd41-957d-449f-8a22-2ae6e37303da,2022-03-23T13:53:37.620Z,Athens-Clarke County,Nebraska,Netherlands,-67.6531,-138.289,ea,maxime,depraedor,officia,suffoco,defungo,bos,26,4.632193257218917,82,artificiose,1,2,4,false,0.044047417782313275,2022-02-20T18:52:54.156Z,Bernier - Jast,true
02ae61c3-f5cc-42b3-8afa-c57d244e4930,2025-06-07T13:50:40.338Z,New Stella,South Carolina,Jersey,-60.8756,-11.2907,decipio,tremo,tamquam,universe,repudiandae,velociter,trepide,86,162.31557268559985,95,tutis,5,0,2,false,0.1769942915606463,2020-05-27T23:28:06.124Z,"Heathcote, Raynor and Bode",true
7d27b4ab-ef6f-4eff-99ba-8cc2fa9ff068,2020-01-10T18:40:01.737Z,Port Candida,Texas,Nigeria,47.5502,-25.7983,tunc,placeat,spero,odio,cattus,crux,corpus,83,217.54028977665942,66,bonus,1,0,5,true,0.029733305887173794,2024-01-10T06:35:12.551Z,"Balistreri, White and Hagenes",false
31d0b56e-0463-4e28-8825-b9a678a986b1,2018-10-04T12:31:14.357Z,Cadenberg,Missouri,Zimbabwe,18.2177,165.6444,caritas,tantum,absque,patruus,aduro,depopulo,auditor,102,215.411326320794,55,vito,0,1,4,false,0.23123031817480483,2020-11-06T16:26:31.786Z,"Abbott, White and Swaniawski",true
ffce0882-a780-437e-a03d-9927e9b4d37b,2024-08-09T19:44:44.491Z,North Velma,Massachusetts,Madagascar,-17.2752,143.9359,trado,vulpes,perferendis,tener,sustineo,ara,ventito,82,125.23867936752858,66,claustrum,6,1,2,false,0.18591840410552624,2025-07-15T23:37:24.503Z,"Leannon, Little and Little",true
ae1ed96b-6d5f-4974-82fd-d0b41ab2aa66,2018-03-05T11:13:31.252Z,Rempeltown,Massachusetts,Seychelles,-0.0752,-133.479,cito,quod,cognomen,vitiosus,defleo,officia,corroboro,95,58.22411344936492,30,uredo,4,0,4,true,0.058440755344586065,2018-12-10T11:56:13.551Z,"Johnson, Bashirian and Wiegand",false
bd32dc5b-6069-4dc2-ae35-98bca375e110,2019-04-08T01:42:47.539Z,Mullerburgh,Iowa,Malaysia,26.6064,-146.0563,subvenio,sed,suus,labore,suscipit,tondeo,conscendo,48,47.913741037478374,41,carcer,5,2,4,true,0.1421940658326996,2024-09-11T23:55:01.700Z,"Johnson, Kunde and Shields",false
768a0d15-a1f6-4df6-ad6d-37c97348f10e,2021-10-26T03:50:39.000Z,South Minniecester,Louisiana,Turkmenistan,-46.8153,111.2405,veritatis,uterque,defungo,cernuus,validus,aer,deduco,104,223.6515185409324,96,sit,3,1,5,false,0.11479818081433132,2019-02-12T03:04:46.899Z,Stanton - Pfeffer,false
b37a990c-a193-4eaf-8bf1-679ce9b54549,2019-04-10T19:37:56.799Z,South Meggiebury,New Jersey,Vanuatu,-29.8618,23.3971,necessitatibus,vetus,certus,vado,deficio,tergum,aequitas,53,174.0185092653427,68,tenax,0,1,2,true,0.12020171147240974,2022-10-19T08:57:10.337Z,Veum Group,false
9ffb6431-be0c-420f-ab1a-fa6ca17e16da,2020-04-04T01:58:22.540Z,Libbiechester,Vermont,Moldova,54.8619,126.6856,deputo,turba,canonicus,vulnero,centum,territo,cauda,121,162.76344870933238,48,magnam,2,2,2,true,0.1476836932661877,2021-04-17T00:40:11.866Z,Strosin - Block,false
58c45a7b-8c53-475e-80a7-d4514e49e32f,2018-06-09T02:06:43.685Z,Hettingerborough,Montana,United Kingdom,85.2427,153.4367,aeneus,mollitia,eius,turpis,sit,pecco,auctus,105,93.17693018258184,97,inflammatio,3,1,3,false,0.10749080776185063,2024-02-29T22:39:15.415Z,Bahringer LLC,true
466f11c2-74a8-48e0-ac57-4a918e912855,2022-01-02T07:18:23.302Z,Port Vanceberg,Georgia,"Bonaire, Sint Eustatius and Saba",8.0221,-170.394,arceo,auctus,casus,uter,taceo,deputo,dens,113,217.59454983170673,66,fuga,0,0,1,true,0.0281750865610296,2019-10-18T06:48:03.650Z,Cole and Sons,false
e50dce53-ff16-4ac1-854a-ef746bb00efe,2019-12-29T18:32:18.844Z,East Liana,Hawaii,Niger,68.8228,-122.2629,velociter,volubilis,cena,alveus,apostolus,calculus,depereo,70,112.836745099844,30,spiritus,1,0,1,false,0.03232972973272624,2021-02-05T21:28:09.991Z,"Bartoletti, Schaden and Streich",false
b860f547-9da4-47d4-ba48-870ccba55cdf,2023-05-22T18:47:28.486Z,Melyssatown,North Carolina,Norway,-16.3511,-13.1725,ambulo,ea,cultellus,campana,capillus,demo,crepusculum,123,18.286340540772166,73,minima,4,0,5,true,0.018768201037029614,2023-08-31T09:49:49.119Z,"Cremin, Will and O'Hara",true
15e93440-27b6-40d4-92c9-d12af3690c86,2019-11-17T10:07:02.871Z,Keeblerfield,Kansas,Spain,10.0631,-70.8916,tollo,sollicito,calcar,contra,adsuesco,tabesco,vulnero,74,216.46951935109973,65,taedium,6,2,2,true,0.12379030785928918,2023-08-23T15:11:21.241Z,"Casper, Ward and Watsica",false
db4626cc-c276-495a-86b3-17482c5aeb48,2021-07-19T08:31:09.053Z,Lake Ozellaview,West Virginia,Georgia,-9.2611,-162.6063,deprimo,vulticulus,quas,quos,asporto,adicio,tutis,94,54.83090376860155,36,ademptio,2,2,3,false,0.00047026593558568974,2025-01-08T15:05:53.337Z,Kub - Kuvalis,false
3897fdc7-efd4-4a60-8f2e-bf49f645a3eb,2018-12-15T14:28:42.783Z,Crooksville,Utah,Equatorial Guinea,-49.3207,120.9357,vergo,vigilo,deorsum,vado,ut,degero,aggero,35,179.72572274580003,31,acies,5,0,5,true,0.13587339156077544,2023-05-04T22:05:39.576Z,Legros - Rosenbaum,true
14e9ba9f-7ee5-4dc0-87fd-23159142d0a0,2019-09-21T02:40:17.566Z,Doraborough,Montana,Burundi,-35.3844,-93.3566,tego,eligendi,supellex,earum,patior,labore,deficio,47,212.05910870992778,82,decerno,3,1,1,true,0.24754070341623646,2022-06-10T15:57:56.143Z,Reilly LLC,false
37c965aa-d510-403e-9f21-80afbde5c9fe,2023-06-30T08:21:28.455Z,Starkbury,Mississippi,Andorra,-26.8275,-119.7389,alveus,carcer,stillicidium,auctus,credo,ancilla,unde,111,97.82642354158381,41,vehemens,1,1,2,true,0.01657442084419275,2021-05-26T02:47:22.445Z,"Balistreri, Lebsack and Mraz",true
8007268f-fc62-4839-86ac-3be11d120bf7,2023-07-03T18:20:02.243Z,Prohaskaborough,Massachusetts,Comoros,33.6334,-13.8753,textus,in,terebro,cicuta,denuo,subnecto,arbustum,25,147.35170933080786,17,studio,5,1,2,false,0.029437403059398848,2021-11-12T18:16:49.347Z,"Daniel, Hartmann and Reilly",true
c59de96e-219c-49d1-9af6-0629ef1c716b,2019-01-07T14:54:24.570Z,Commerce City,Delaware,Macao,19.4699,112.6444,inventore,carpo,cognatus,arto,cognomen,tepesco,utrimque,29,130.11129641287263,42,ulterius,6,2,1,true,0.15920173989510775,2024-12-28T17:59:23.040Z,"Ankunding, Baumbach and Abshire",false
1bf9c3f4-29ba-4a9b-a3cd-8bc589f67518,2024-11-28T23:43:44.947Z,MacGyverview,Texas,Fiji,-82.1372,-92.2199,asper,crur,accusamus,venustas,theatrum,advoco,atqui,47,101.45283403605805,24,vulnero,1,1,1,false,0.1445770308646958,2020-06-26T09:38:57.471Z,Moen - Rau,false
1a4abffa-ace8-4a7e-b1f7-7cac14a34024,2022-06-16T07:13:05.859Z,Fort Katrinamouth,Massachusetts,Bolivia,-35.9581,157.5372,adeptio,tondeo,cuius,pauper,amissio,statua,demens,40,112.40522644295245,69,tutamen,4,2,3,false,0.12479966242652929,2020-07-21T15:20:48.367Z,West LLC,false
831a777d-c482-4cf4-97b9-7fcab42434b9,2022-03-06T05:31:16.707Z,New Jerrellborough,Oklahoma,Guernsey,-50.8851,19.2465,adstringo,bis,cimentarius,utrum,vigor,iusto,confido,70,150.69247932705304,66,voluntarius,3,2,1,false,0.23228380003603377,2020-03-04T01:21:22.322Z,"Goodwin, Greenfelder and Spinka",false
855e1380-2497-48a8-8a15-f23494214db4,2018-08-29T03:43:01.708Z,Goldnerport,Oklahoma,Dominica,-15.0819,-156.1605,sursum,cubo,abeo,ver,statua,solitudo,vallum,45,161.03592028320458,51,adulescens,5,0,2,false,0.016197397733309304,2019-05-13T01:03:15.642Z,"Farrell, Reinger and DuBuque",true
9fdaf33d-81b7-4e51-8f80-f22b3be7e4d7,2023-02-20T06:10:02.851Z,Burbank,Colorado,Hungary,29.6662,170.2759,corona,defaeco,decretum,adiuvo,pax,ullam,victoria,102,128.9379503272657,60,thymbra,6,1,2,false,0.16138246413504412,2023-11-14T17:06:59.325Z,Jacobi and Sons,false
80dcb0db-9f36-4dd8-9c47-172195c11a01,2023-08-27T00:22:29.323Z,Kileymouth,Iowa,Jordan,-77.5105,-148.4304,coerceo,tamdiu,civis,vestrum,illum,utpote,vos,80,130.84432369358206,91,approbo,0,1,1,false,0.06996456731801573,2018-02-07T11:36:35.172Z,"Moen, Gerhold and Goodwin",true
0b2795c5-a0ef-4a5f-8132-01f37ec34761,2022-05-14T17:29:44.816Z,East Charlesshire,New York,Tunisia,-11.5662,-173.6597,beatus,terreo,totus,numquam,pauci,calco,adamo,66,78.89268575110523,67,apostolus,6,0,3,false,0.23161930313574736,2020-06-06T21:02:42.418Z,Swaniawski - Hackett,false
83027ea6-cffd-45f0-b7dd-dabb7266f431,2021-01-25T07:50:16.078Z,Fishers,Florida,Mayotte,-53.5245,-65.393,cattus,stella,concedo,atavus,arguo,umquam,molestias,39,37.546386732885566,61,certe,0,0,5,true,0.21954427652350353,2019-11-20T14:51:19.760Z,Krajcik - Torp,false
7e2a69e2-24cf-4368-b5fa-2731c250ea2a,2025-05-01T01:18:25.377Z,South Jessica,Virginia,Bhutan,50.7728,76.3588,caelum,viscus,demoror,ars,tendo,veritas,acsi,129,26.79287156607745,59,alienus,2,0,5,false,0.004085185323242396,2025-05-21T13:19:03.115Z,Cruickshank - Block,false
4b1a9e9c-2519-4fe6-9092-288140e341ee,2023-11-23T09:24:50.817Z,Lowefurt,New Jersey,Zimbabwe,88.1066,-83.8914,curiositas,perferendis,defaeco,est,thermae,crebro,sollers,61,109.07931330499416,20,urbs,1,1,4,true,0.07600406160901435,2018-04-11T15:59:47.424Z,"Berge, Walker and Jenkins",true
828deda9-b916-4f1e-9f35-9674eaff820f,2018-07-12T07:50:57.755Z,Vitaberg,New Jersey,Gambia,-7.1474,133.5552,coma,cinis,spargo,vigor,vere,territo,congregatio,47,45.81236712190572,75,conforto,6,0,1,false,0.04175122310612403,2018-08-23T23:56:32.277Z,"Prohaska, Hodkiewicz and Berge",false
d468163b-c090-41ce-a770-0d76d5e4485a,2018-12-05T08:33:26.117Z,West Wellingtonchester,New York,Tanzania,-9.5741,-42.9251,vomica,sponte,uterque,verecundia,brevis,solum,creator,43,137.93853552094265,76,accusamus,6,1,2,false,0.15317398034304885,2023-07-16T17:10:33.797Z,"Glover, Hauck and Gleason",true
017a4296-9373-49ca-a5b0-25cd94ce107e,2022-08-07T02:40:06.221Z,East Norma,Connecticut,Saint Kitts and Nevis,58.1736,73.6171,sperno,usque,uterque,culpo,civitas,aeger,virgo,37,237.18100525839424,73,pax,0,1,2,true,0.20920561523555162,2025-02-01T18:23:10.608Z,Shanahan and Sons,true
be701e0f-7716-4df9-a022-6307d3b1e7f6,2024-05-08T14:15:51.511Z,North Alenahaven,Maryland,Lithuania,-83.8402,-79.8627,utroque,expedita,nesciunt,voluntarius,libero,inventore,temeritas,45,178.68691967006234,77,exercitationem,6,2,4,false,0.03074217381014957,2020-09-17T21:18:41.311Z,Kirlin Inc,false
03f273bf-d3e4-4ddb-be39-26d95114f163,2025-09-30T14:50:52.010Z,South Luciobury,Nevada,Sint Maarten,33.7359,-20.0248,depopulo,truculenter,sumptus,corpus,cultura,nulla,ullam,47,197.05848982150357,34,speciosus,6,0,3,true,0.23054869651997884,2018-04-05T16:47:09.292Z,Nitzsche - Becker,false
6023d21f-1495-4553-acac-f6226abefcb2,2023-01-31T09:41:16.590Z,Brakusview,Georgia,Gibraltar,22.2499,134.5686,bestia,caput,despecto,explicabo,officiis,adeo,inventore,29,98.56193763690737,53,absque,1,0,3,false,0.22810534235366137,2025-12-01T14:57:38.185Z,"Kunde, Kemmer and Shields",true
7f5f6b53-0657-44d7-a7c0-bb555360d576,2020-10-30T22:09:41.057Z,Hackettland,Maryland,Cote d'Ivoire,27.7016,176.8229,temperantia,unus,ago,coruscus,taceo,suffoco,itaque,89,121.96083377851143,55,centum,4,0,1,true,0.10702523449963194,2025-05-30T01:45:43.754Z,"Cormier, Effertz and Stamm",true
49db4099-15fb-408e-81a3-0ff93ae1840e,2018-12-11T06:57:23.991Z,Lake Richmond,Washington,Western Sahara,62.0545,38.2024,coerceo,depraedor,sordeo,videlicet,spoliatio,pax,textus,56,96.53572178240186,100,arx,5,1,3,false,0.005587811702138984,2021-02-08T21:50:21.694Z,Donnelly - Jenkins,false
56f3c092-5420-4419-8fcb-66ce776984b8,2024-05-11T00:42:06.981Z,South Callie,New Mexico,Sudan,41.7588,110.6717,carpo,cunctatio,ea,crebro,tempus,atavus,natus,47,38.623701485116506,62,terror,6,1,3,false,0.060747013811437156,2022-06-12T10:35:30.713Z,Bayer - Pfeffer,true
a7fc060d-25ba-4d26-ab5b-06a9ea13bb14,2023-10-15T21:38:23.248Z,Naperville,Texas,Armenia,-11.6701,-179.4435,theatrum,deinde,turbo,ea,certe,caute,concedo,24,178.23299148450454,52,tui,0,2,5,false,0.010794300970891624,2023-12-19T09:43:40.137Z,Balistreri - Wiza,true
5dc18154-97e4-41f7-8993-9861a71e8f55,2018-11-12T10:41:12.758Z,Port Dulce,Utah,Eritrea,79.929,-123.4227,statua,cohibeo,surculus,abundans,audeo,abstergo,ver,60,55.62764221398484,42,utroque,5,0,5,true,0.20279837747119134,2025-05-16T05:48:57.330Z,Leannon - Lynch,false
84784a15-040d-4799-922d-c809407bfa80,2022-03-02T08:34:34.394Z,Greensboro,North Dakota,Anguilla,-87.417,161.7725,casus,cras,stabilis,cunctatio,suppellex,officiis,laborum,89,220.4808351474514,48,cornu,1,0,1,true,0.026801424366541288,2019-07-21T23:06:20.380Z,"Graham, Macejkovic and Thompson",false
5f7c3271-e55b-48ee-bcbd-935b0659dbbc,2024-04-13T18:57:35.285Z,Torphaven,Maryland,Switzerland,-26.8084,8.7247,dolorem,currus,amita,nihil,ubi,cubitum,umquam,79,104.19921110107398,58,alveus,2,1,5,false,0.02231807814566203,2023-06-24T11:59:40.611Z,Jaskolski - Hauck,true
0fbe81a0-e6fb-4d93-bfb1-19968c76ca35,2020-09-03T16:48:33.881Z,Pfefferstead,Colorado,Tuvalu,61.2742,26.1249,aspicio,vis,textus,tolero,bonus,tactus,carcer,92,168.59735808700773,17,uterque,2,0,5,true,0.12230527088482376,2023-04-17T09:04:58.221Z,"Feest, D'Amore and Zemlak",true
c234e7e8-7868-4a4c-8c58-c5cf73455cfe,2024-08-08T21:58:54.006Z,Nadiachester,Arizona,Montenegro,37.979,93.124,defetiscor,consuasor,curatio,corporis,tergiversatio,apostolus,considero,33,238.76111035461977,73,corrumpo,3,1,5,false,0.2072484404523769,2021-12-09T04:54:10.799Z,Huel - Hegmann,true
ca63a773-2d7f-4513-9997-f92964aebfff,2022-06-24T21:44:24.262Z,Altenwerthchester,New Hampshire,Marshall Islands,53.5723,60.6222,deserunt,occaecati,ante,vallum,temperantia,deserunt,ademptio,81,197.14642358015007,25,aequus,6,2,4,false,0.07599411376552448,2025-07-09T03:47:56.709Z,Hessel - Hodkiewicz,false
ae10e6e1-6388-44a4-9f57-4bffca54b7de,2023-10-18T01:31:19.718Z,Fort Kaceytown,Wisconsin,Andorra,55.4242,-81.4491,cibo,acidus,conturbo,enim,aliquam,ubi,magni,45,177.95057351042607,88,tergo,4,2,3,false,0.1620526931966096,2022-12-06T13:45:08.365Z,Hettinger and Sons,true
82437351-4d4c-4071-a1a3-338b725db726,2022-01-31T10:01:49.342Z,Mitchelberg,New York,Timor-Leste,-81.2746,-62.9396,amicitia,sponte,decretum,esse,addo,animadverto,crur,33,59.41706791261307,47,vox,0,2,5,true,0.0601956936901151,2021-06-21T10:30:25.254Z,Ryan - Hammes,false
79ec9f90-d078-46bc-8c66-346d34bfc6fc,2020-04-28T08:35:19.039Z,Fort Okey,Hawaii,Egypt,-31.9991,170.4643,conservo,considero,pectus,tondeo,suscipit,acer,aut,42,98.09500729642475,43,vilicus,2,2,5,false,0.09452472914996277,2025-01-13T16:08:05.886Z,Mante Group,false
12ace10b-86fb-4572-8a7c-a75d4043f00e,2024-10-30T09:50:54.438Z,Aprilstead,New York,Denmark,72.8255,178.9233,somnus,summisse,turba,magnam,audentia,varius,fugit,75,101.29139516574371,60,ex,1,1,1,true,0.015794764063130823,2019-08-12T01:17:44.386Z,Sawayn and Sons,false
8c04ee1b-9e16-474d-bf37-73910a6769f5,2021-08-24T05:06:51.941Z,Rosenbaumshire,New Mexico,Montserrat,51.6187,161.3716,aurum,adsuesco,corroboro,confugo,cetera,cedo,iste,21,9.004274920227378,23,bene,2,1,5,true,0.055331971709146055,2023-02-13T19:36:09.739Z,Fritsch - Bernier,true
a7c1a89c-237c-4247-91a8-065e4ca61619,2023-03-23T18:54:35.196Z,Lake Lawsonmouth,North Dakota,Fiji,-23.0902,80.4253,tenetur,defetiscor,aegrotatio,audacia,voluptas,conatus,cuppedia,100,178.39700045277326,100,tergeo,1,1,1,false,0.01871410322779954,2020-10-29T07:32:14.689Z,Sporer - Waters,true
bb984c8d-ee94-4a3e-a845-b7b15e02dccc,2022-07-17T07:25:12.661Z,West Dawsonbury,Kentucky,Togo,36.876,110.0088,vinco,vallum,usus,vallum,alii,aranea,expedita,118,178.7589511076065,64,audacia,5,2,3,false,0.07043978622066663,2023-04-10T06:01:40.516Z,"Brakus, Weimann and O'Reilly",false
73d5355b-62b8-47ef-8fc5-d1ddc8ddcce0,2020-01-23T16:55:01.373Z,Bryan,Colorado,Ireland,31.0968,150.4991,coma,capillus,valens,cupressus,a,ventus,apud,130,117.98107201514165,95,deripio,4,2,1,true,0.1731283719161054,2022-12-07T06:46:21.703Z,Gusikowski Group,false
156474aa-7862-42bb-b58f-d63d07a01a3f,2019-01-11T09:05:30.001Z,Winonafurt,Missouri,Egypt,-17.6283,55.9769,conturbo,barba,vulariter,quis,absum,ustilo,mollitia,63,134.72179030434955,47,numquam,0,1,1,false,0.11018774565578107,2022-12-17T17:38:24.424Z,Fritsch and Sons,true
9482afb8-88e9-4f9d-a8a2-856f020319cc,2019-11-02T02:47:03.568Z,South Nedra,Indiana,Gabon,20.8664,142.8628,numquam,amet,neque,considero,tego,ipsa,decerno,37,110.60437968620948,40,exercitationem,2,2,1,true,0.12983056237717813,2021-07-13T23:56:43.307Z,"Moen, Fisher and Miller",true
b583bbdc-bd5d-42c4-bc86-16496d5d7d94,2018-07-01T04:34:02.413Z,North Las Vegas,Montana,Gabon,30.4307,53.795,advenio,sopor,rem,uterque,ceno,spargo,amaritudo,26,130.70887945991058,49,assentator,0,2,5,true,0.22272882769493393,2019-03-19T04:04:34.528Z,Moore - Quitzon,true
f9383085-eb05-4c22-aa2f-90c6e3848789,2018-05-11T19:19:40.682Z,Cliftonborough,Alaska,Eritrea,62.9794,-83.3452,custodia,aliqua,tumultus,ullam,spes,una,cervus,86,232.60553207310795,86,acquiro,2,1,2,true,0.1214659719423564,2018-06-26T17:36:00.276Z,Schowalter - Feest,true
4375dbee-2ca8-4477-9752-8c3138b1c129,2023-04-08T22:08:27.993Z,West Jake,Idaho,Kuwait,-26.0237,-17.2936,allatus,ut,acerbitas,sodalitas,adeptio,carcer,curriculum,75,73.25283094104955,39,tego,3,0,1,true,0.14531149898027995,2023-09-24T23:13:04.360Z,Baumbach Group,true
39dc0b50-a729-4f48-a3d8-339f8e78cf7a,2021-06-27T17:57:22.503Z,Waco,Minnesota,Mayotte,34.3382,29.8528,aperte,deputo,taceo,valeo,quia,sonitus,iure,72,19.835918191533707,22,theca,4,1,3,true,0.23778637896238078,2023-01-22T19:30:45.663Z,Kris LLC,false
67d0077c-7e08-4d25-aaa9-7ee7b9f319bd,2024-04-02T05:43:46.836Z,Uptoncester,Vermont,Guinea,33.3667,-128.0165,possimus,video,quae,defetiscor,cursim,coma,comitatus,100,148.2216672398357,91,aut,0,0,1,true,0.19986185126485964,2024-08-31T05:33:03.121Z,Ruecker - Heaney,false
6858ea54-4490-4229-bd6d-7b13875e3275,2025-07-05T06:31:09.053Z,New Pearl,Oklahoma,Argentina,71.6728,-117.2945,benigne,aequus,charisma,cicuta,creator,corporis,consequuntur,43,18.4544373177716,22,currus,0,0,1,false,0.1905895998965225,2024-04-01T03:32:38.579Z,"Dickens, Koss and Hand",true