accident_id,incident_datetime,city,state,country,latitude,longitude,road_name,road_type,intersection_type,accident_type,weather_condition,road_condition,light_condition,speed_limit,actual_speed_kph,driver_age,driver_gender,casualties,fatalities,vehicles_involved,alcohol_influence,blood_alcohol_level,weather_reported_at,reporting_department,pedestrian_involved
e5caf182-3de4-4aa7-bc4c-933eda21aea6,2024-06-30T17:12:36.034Z,South Isidro,Missouri,France,82.1155,63.9605,cognatus,sono,vesica,numquam,cribro,attonbitus,adsuesco,95,154.14704458429125,83,tracto,6,2,1,false,0.08534147292542471,2024-05-25T06:02:06.673Z,Bailey - Kirlin,true
3715a049-1518-457b-9e23-401738f6b68d,2022-01-22T23:57:11.112Z,Clementinefort,New Hampshire,Heard Island and McDonald Islands,59.7034,-54.358,claudeo,totidem,comitatus,argumentum,caste,suppellex,tepidus,83,49.801649694750836,19,subvenio,2,1,4,true,0.07740490704407968,2024-04-25T07:39:31.997Z,"Jenkins, Wiza and Cronin",false
369f5c84-d22e-4f66-a0ba-861d67f5a79d,2023-05-07T10:19:49.149Z,West Katrine,Nebraska,Thailand,-1.465,105.7486,aestus,vox,tergum,aspernatur,taceo,cito,quod,129,67.08679143468993,17,vomica,3,0,1,false,0.24791976588075573,2018-03-30T01:40:58.651Z,Auer Group,false
82c50d4f-636e-4220-8726-726d2232b27f,2019-06-16T05:07:52.929Z,Weston,Connecticut,Philippines,-8.373,8.8635,suggero,causa,summisse,armarium,alo,amplitudo,tracto,58,235.1962430296795,32,caries,6,1,3,false,0.19888430902543683,2025-01-16T19:11:47.860Z,Weissnat - Walter,false
6566d728-03d0-4619-a4dd-b9b19940d4ab,2025-04-25T07:03:52.248Z,Lake Aminabury,Delaware,Sao Tome and Principe,-35.4151,-42.189,argentum,cibo,amet,custodia,tyrannus,vulpes,celer,105,162.11493931719372,85,reprehenderit,4,2,4,true,0.22357198606783277,2024-07-25T21:52:02.734Z,Wolf Group,true
41171d40-016e-45a1-bab3-175f9ba2aba3,2021-04-10T20:33:38.210Z,Purdyside,Tennessee,Turkmenistan,41.8116,-169.5354,aliqua,approbo,vix,vado,quaerat,voluptatum,adhaero,71,5.995054296577873,16,aro,3,1,5,true,0.10234809456478813,2022-10-07T07:44:01.061Z,Muller LLC,true
cf481347-0261-4431-92ad-2c07fdd776f5,2019-11-28T05:51:36.978Z,East Joshua,South Dakota,Zambia,-20.633,-169.7939,amoveo,alo,vado,tribuo,amor,desidero,sui,67,94.61982040665322,69,voluntarius,4,0,1,true,0.2454738422481165,2019-02-05T09:33:24.971Z,"Pacocha, Mosciski and Terry",true
cbcaf3f2-8e7b-47a4-a0d6-797ad53b67e4,2022-04-11T05:01:25.106Z,Hermannstad,New Hampshire,Ecuador,11.4911,-137.3263,corroboro,tondeo,molestiae,aggero,tempora,conitor,aequitas,54,41.46954127319671,23,advenio,4,0,5,true,0.07702624709072717,2019-07-07T20:47:54.009Z,Langworth - Kovacek,false
9cfcb400-1a31-41b8-8502-1f015e9f200d,2021-06-15T06:02:23.899Z,Kihnchester,North Carolina,Cayman Islands,43.888,-81.7315,quae,adhaero,deleo,vix,sumptus,magni,thymbra,35,24.631569450051565,95,adiuvo,2,0,5,false,0.07320201807557569,2020-10-05T14:51:48.257Z,Herzog Group,true
2678d7bd-b54b-4fe5-a238-5659a7230a00,2025-10-06T10:00:49.175Z,Fort Dovie,Texas,Benin,22.533,-6.3895,taedium,aptus,advenio,abundans,sollicito,brevis,admoveo,41,130.9924706836859,78,abutor,3,2,4,true,0.0476562562024144,2023-12-15T06:38:35.611Z,VonRueden - Johnston,false
8904c75c-c81a-48be-9e21-f270952ef413,2020-12-19T01:14:35.527Z,Gilroy,Wyoming,Monaco,-53.9855,-90.9913,conscendo,sursum,similique,ciminatio,corrigo,vinitor,verbum,32,54.89359502672204,87,impedit,5,1,4,true,0.03538261514645477,2022-12-26T09:24:13.891Z,Leuschke LLC,false
cfaae9a9-9578-4489-9c37-4a6dd43f3555,2022-01-05T09:28:23.911Z,East Kristinside,Iowa,Kenya,80.1085,68.1865,nihil,celebrer,debeo,vigor,molestias,doloribus,virtus,74,166.39719753216846,39,sophismata,6,0,4,false,0.17006650776308882,2022-09-29T17:05:31.884Z,"Kuhn, Gottlieb and Brekke",false
361227e7-617f-46d0-8174-7ff5dabf630a,2021-05-01T11:05:32.384Z,Gwendolynfurt,New Hampshire,Luxembourg,-36.4813,-144.4413,uxor,tenus,minima,veritas,tricesimus,corrumpo,carbo,101,98.08527138915318,83,absque,5,2,4,true,0.04565454125310839,2022-04-05T04:04:47.938Z,"Kunze, Jerde and Walker",false
9758ecca-89de-4e2d-8bb3-dd2fb49cbe08,2018-08-13T22:27:31.502Z,Royal Oak,Massachusetts,Mauritius,-72.7225,73.1298,cavus,consequatur,sub,addo,comes,capitulus,torqueo,55,108.14829757522395,74,textus,0,2,4,true,0.24814254787468007,2022-12-21T23:28:26.249Z,Zemlak - Casper,false
cceb4500-748e-455a-92e5-e4f2884e5856,2021-11-23T00:36:21.634Z,Dachville,Illinois,Colombia,-70.0963,-130.9755,vulticulus,super,modi,subseco,arguo,vallum,crur,60,71.57356389966662,18,terga,2,0,4,false,0.20435135721771594,2020-04-10T18:28:44.125Z,Marks - Rodriguez,true
7327eb5b-a75e-4b54-8228-46ec6c4c5150,2023-04-12T01:24:04.817Z,Baileyboro,Florida,Saint Martin,-61.1847,-87.1028,quibusdam,audax,vivo,cervus,labore,alo,tepesco,65,108.28085376238332,99,coadunatio,5,2,5,true,0.04550580412049943,2025-05-31T22:29:41.857Z,Wunsch - Ryan,true
b1a1b953-b08a-4f81-8fa2-6750fae9047e,2024-01-19T20:31:44.209Z,Port Carmellashire,Arizona,Gambia,61.9863,104.3754,ver,virgo,praesentium,vaco,ambulo,suscipit,conservo,31,121.73624697174458,33,adversus,5,2,2,true,0.21282258599784215,2021-09-20T09:26:16.094Z,Quigley - Littel,false
a8c5eb08-1d3a-490d-9ca0-03071073a0ec,2020-08-28T20:06:28.093Z,Orlando,Georgia,Monaco,56.5529,78.4201,validus,suffragium,tempus,spargo,vitium,corpus,cupio,115,86.00233623884,99,adduco,6,2,2,true,0.22098200729121087,2020-10-24T23:56:38.536Z,McKenzie Group,true
487720d0-6c49-4c8a-afa0-28d8036800e1,2019-12-18T09:07:09.674Z,Anahiland,West Virginia,Mauritius,-32.0356,4.1864,bonus,candidus,tergum,comes,sodalitas,vomer,denuo,126,169.93637682757563,35,adhuc,5,2,4,true,0.23387023395539502,2023-03-03T07:46:22.632Z,Stanton - Koepp,false
282dccb0-2e6b-402b-9ba1-99221a3f96ee,2019-10-24T10:26:38.978Z,West Leannaton,Florida,Argentina,71.4441,37.7189,repellat,vinco,adfero,turba,arx,expedita,videlicet,103,3.1434326525031775,92,taedium,6,2,3,true,0.012698352013000375,2022-06-20T06:28:37.589Z,"Murray, Bergstrom and Beahan",true
b18d0b97-5acf-40b3-82a9-89bd1991aa9e,2022-03-24T23:45:29.163Z,Landenborough,Louisiana,Madagascar,9.9828,-100.0613,canis,caveo,torrens,tego,truculenter,clamo,cupio,62,219.93771495768613,25,abbas,2,0,3,false,0.2454723043775488,2022-07-04T00:50:17.969Z,Sawayn Group,true
708a33a5-2c73-46f2-b853-5d8439d5a0ed,2022-03-14T11:05:09.633Z,Dickensbury,Oklahoma,Turks and Caicos Islands,48.2179,135.2881,carbo,ceno,solio,cernuus,terminatio,alveus,subiungo,47,123.37881881987089,97,animadverto,6,1,4,true,0.1620479735260073,2023-05-16T17:44:57.084Z,"Wilderman, Collins and Kautzer",true
6031600a-cfa3-414f-b700-5886350d7317,2018-12-25T19:36:39.874Z,Fort Camillaport,West Virginia,Philippines,-8.4536,137.5215,agnosco,paulatim,desipio,sequi,vix,depromo,illum,58,39.41185619345767,40,vomito,5,2,4,false,0.2053785466837248,2022-02-09T21:30:43.631Z,Corkery and Sons,false
714e7ef7-2dd9-4a9a-bdf5-961dc6ac32e9,2025-08-14T11:56:51.541Z,Mosciskimouth,Minnesota,Antigua and Barbuda,-18.9236,141.3695,dignissimos,molestias,adaugeo,ver,atavus,cui,ascisco,58,0.17491405504380886,33,solus,4,1,1,false,0.23392404239840855,2024-07-17T06:40:43.462Z,Leannon - McLaughlin,true
177ce694-61a9-4e35-a46f-a00d42cc66b6,2021-07-04T08:04:51.933Z,Daisyberg,Wyoming,Kiribati,-10.5715,136.9475,demonstro,vicinus,deserunt,constans,id,curto,eligendi,72,134.7644723550632,91,sit,3,1,5,true,0.22013121010801567,2022-09-13T14:52:56.225Z,McLaughlin - Funk,false
3fabdc48-4559-4a11-a47c-0027643f0073,2018-04-05T18:12:50.282Z,West Quintentown,Texas,Djibouti,-24.6761,37.7025,repellendus,toties,cruciamentum,vindico,rerum,dolore,dens,101,76.27489567097936,29,corrigo,0,1,1,true,0.21141595740723063,2020-09-25T12:44:19.937Z,"Kassulke, Hahn and Quitzon",false
f6e084cd-6a6a-41d9-82e4-37caacbd7e73,2024-11-07T05:51:55.782Z,South Nellaside,North Carolina,Northern Mariana Islands,46.472,144.1837,sponte,aequus,adipiscor,sol,ceno,curia,tot,108,111.24320804627521,31,coniuratio,5,1,2,true,0.02008490317459291,2023-12-30T13:12:57.148Z,"Mayert, Macejkovic and Keebler",false
e39297b2-077c-46d7-a27a-7f6f283c1a15,2020-03-17T19:41:17.615Z,Ferrychester,Florida,Aland Islands,-77.9478,135.5331,atque,eaque,audio,uterque,abeo,cur,ustulo,117,125.7246772452246,76,argumentum,0,0,2,true,0.1083093219845718,2023-11-03T16:02:06.872Z,Wolff - Bogisich,false
5b7bdf8c-30b0-4eb2-9400-315c76a79e13,2020-01-14T21:17:27.168Z,Lake Zion,Tennessee,Fiji,41.1364,149.5979,copia,paulatim,conventus,crux,uxor,amet,pax,104,20.69027504735958,92,depraedor,0,2,5,false,0.17693452221243527,2018-08-12T21:41:32.468Z,Heidenreich LLC,false
7ecbaab8-86c1-40da-bee5-0c75c244034a,2025-11-18T13:43:24.894Z,Frederick,Idaho,Armenia,-77.5604,-96.2486,tristis,conicio,tenax,aestivus,venio,recusandae,vinum,23,123.85005158648009,48,centum,1,1,1,true,0.11895279915533125,2023-09-12T08:42:30.600Z,Goyette and Sons,true
3abf9155-908e-41e8-af3c-3274b1122282,2018-07-31T19:56:47.034Z,Fort Bettieboro,Washington,Sudan,12.3331,50.7069,deleniti,abundans,summa,cupiditate,molestias,arbitro,attero,82,51.299944234100636,69,conscendo,3,2,4,false,0.24846017643590546,2018-07-03T02:13:39.717Z,Sanford - Ernser,true
563df2a3-76c9-4f97-8f00-80af9e2e3ed9,2025-11-18T03:48:09.983Z,East Vesta,Virginia,Canada,-34.026,-63.6838,tracto,usus,dolore,cinis,suasoria,arbustum,vespillo,43,62.1647451453438,47,denego,1,2,5,false,0.23657621522800143,2021-01-12T15:04:56.555Z,Price - Baumbach,false
56d56be0-9626-46dd-964b-7d70d8cbd670,2020-09-25T01:59:07.283Z,Fort Pollyshire,Alaska,Bermuda,83.3529,30.5953,adulatio,statua,cauda,perferendis,asper,patrocinor,commodo,129,104.23754614787482,79,molestias,2,0,5,false,0.04719478976892108,2023-07-10T14:17:31.787Z,Schinner - Boehm,true
68211384-1804-41b8-b8d4-382ff28e86ef,2021-12-22T12:24:16.570Z,Bossier City,New Jersey,Lao People's Democratic Republic,-60.6257,-26.6856,acer,culpa,tyrannus,auditor,ara,valens,victus,47,219.090391630497,34,cibus,5,2,4,true,0.17509933558889762,2022-06-27T18:57:09.453Z,Fritsch and Sons,true
ff63ab04-284c-427a-b683-a9d5b14b77dc,2024-12-23T08:41:22.387Z,Overland Park,Delaware,Tuvalu,3.817,-60.1307,sub,uter,tenus,solio,comprehendo,alii,exercitationem,83,24.89164064778692,33,ago,1,1,3,false,0.09302734470696428,2022-05-25T01:30:24.988Z,Leuschke LLC,true
661b2512-6385-4f06-b29d-bef4c51bcc29,2021-10-28T04:49:11.729Z,Ardenshire,Iowa,Guatemala,-7.6979,-112.3428,cauda,quos,magnam,quasi,uter,adaugeo,arto,66,34.604676300460646,38,tabesco,3,2,3,true,0.08105127389361902,2022-08-18T19:29:59.431Z,"Smith, Braun and Ward",false
c23b2495-c034-4197-8cd0-9ae6da56b0ca,2023-04-07T11:13:35.250Z,Leslyshire,Rhode Island,Algeria,-31.6451,-139.444,delibero,suus,denego,quos,corona,cervus,utpote,119,114.01233762797847,86,sto,3,0,5,true,0.13234113447334003,2020-11-10T12:41:03.017Z,Streich Group,false
976176b4-2ae9-46f3-bd4b-962a8b8969f5,2024-02-09T16:49:01.784Z,West Carmenport,Maryland,Antarctica,25.2147,34.0624,debilito,vero,vacuus,iure,ulterius,ascisco,thermae,37,56.22499958051933,70,pecus,0,2,2,true,0.10622352007870328,2023-03-26T10:56:28.338Z,Carter - Kassulke,true
3ee94023-f090-444a-a6af-c699ec4ddc53,2020-03-10T10:12:41.149Z,Huelsville,Alaska,Northern Mariana Islands,-34.8487,-30.9752,quis,vinum,earum,abscido,benigne,cicuta,ventosus,129,42.762828848304224,56,magnam,1,1,5,true,0.239093960346262,2020-04-19T22:08:35.260Z,Schultz LLC,true
57c2b237-d555-49f9-b0e2-88a6ab2f1971,2020-10-17T02:30:04.110Z,Kyleighstead,Rhode Island,Iran,89.1887,-56.8567,subiungo,theca,inflammatio,aliquam,corrigo,subvenio,degenero,102,209.54465945891297,29,cilicium,1,1,1,false,0.05316776313468827,2019-02-18T18:26:54.098Z,Wilkinson - Kulas,false
376637ec-0787-4aef-8f4a-d8454e6dd769,2025-04-21T04:09:47.571Z,Altenwerthchester,Maryland,Cameroon,19.1843,99.5395,bibo,convoco,pauper,atrox,atrocitas,coepi,convoco,80,33.77002444691505,93,advoco,4,1,4,false,0.24127450995302033,2024-10-06T15:31:45.658Z,"Abbott, Wilderman and Wiegand",false
b23346f0-129c-495e-a778-1e9bae08315f,2022-02-25T07:20:23.540Z,New Luna,Colorado,British Indian Ocean Territory (Chagos Archipelago),7.073,-42.2653,depereo,acsi,dedecor,acies,totam,temperantia,totus,100,164.57549282543346,32,cito,3,0,3,false,0.08199658768611531,2021-10-04T00:43:05.987Z,Mayert - Schowalter,true
46e82370-b616-40d7-97bc-18e365407db9,2023-04-22T03:28:39.205Z,Aufderharberg,Arkansas,Rwanda,86.2738,-145.2522,decet,nesciunt,cogo,ambitus,crux,conservo,exercitationem,114,52.0523520795425,46,defendo,6,2,1,false,0.19043483253991997,2020-01-16T12:18:22.332Z,Kreiger Inc,false
6f3b3a32-653b-4e3f-a44f-dfb725573b0d,2024-01-29T23:12:13.469Z,Coachella,Connecticut,Australia,-24.6702,-13.6345,constans,tantillus,illum,atrocitas,anser,demitto,deficio,34,78.26573868631773,35,titulus,4,0,5,true,0.14324521847883298,2020-01-21T21:18:53.285Z,"Luettgen, Osinski and O'Keefe",false
91fa2430-e7e9-469b-aa80-f8f3546afefe,2018-05-01T12:35:34.890Z,Corwinstead,Alaska,Vanuatu,-1.8367,35.9871,demergo,versus,callide,turba,id,theatrum,cerno,103,208.8017077075354,38,blanditiis,4,1,2,false,0.1218404915703753,2018-07-16T03:27:28.513Z,Larkin and Sons,true
f7354171-fdc8-46fc-9149-28e12a174e9c,2025-05-21T02:43:05.461Z,Ebertshire,North Carolina,Reunion,20.5628,80.0842,attero,coniecto,surgo,desipio,canonicus,viridis,nesciunt,106,29.207047537300895,85,vivo,4,2,2,false,0.0013704777549921332,2023-08-03T09:19:02.539Z,Miller and Sons,false
b339576e-6e66-4e95-9e09-79878ccbf69e,2022-07-31T01:33:02.702Z,West Jevonville,Oklahoma,Haiti,48.2408,127.5322,annus,tabernus,officia,cenaculum,bis,totam,verus,90,209.377063124065,30,laudantium,0,0,5,true,0.07512425587239,2020-04-08T05:34:29.947Z,Shanahan - Strosin,true
7849ac37-cc71-4f96-978a-5fc306edf174,2018-10-30T12:49:52.988Z,Bozeman,Texas,Kenya,-14.1506,155.913,depono,spoliatio,venia,beatus,bestia,vicinus,cursus,41,193.60723039934058,68,arbor,6,1,4,true,0.0376353217637605,2023-12-10T21:07:05.613Z,Bashirian - Littel,true
18a5dd0c-08bc-47e8-ab36-0f1daa441460,2024-05-20T22:12:35.441Z,Port Erick,Maine,Mali,-9.2284,-160.2444,auctor,combibo,pecco,usque,tantum,consuasor,aveho,119,154.67216734345865,56,sequi,3,0,4,false,0.046789424901357735,2021-08-08T21:05:07.684Z,Armstrong LLC,false
132c2460-8a22-446e-b322-ae5762302b80,2018-11-24T16:48:48.507Z,East Leonardo,Nebraska,Christmas Island,-30.6389,159.8631,demergo,vulgaris,attollo,cognatus,damno,conturbo,tantum,70,187.56727160354816,94,terreo,1,0,5,false,0.07020314228004199,2025-04-03T22:47:59.837Z,Ferry - Wehner,true
ab45d300-6c15-488f-8aad-88560f8b0c40,2025-10-28T22:07:59.208Z,Bountiful,Texas,Indonesia,-47.3403,91.4486,denuo,volaticus,aetas,non,summa,sint,spectaculum,54,55.669426084694095,30,sed,3,1,4,true,0.24768860684334162,2022-08-10T10:45:07.478Z,Baumbach Group,false
1e57e76d-d415-4d61-a71a-27cf37297a0f,2018-01-31T18:32:24.661Z,Fort Deontown,Nebraska,Bosnia and Herzegovina,-6.2529,18.5781,vulnero,vito,celer,thymum,mollitia,demulceo,ulterius,76,21.039940265595458,25,temporibus,0,2,5,true,0.20390519131112972,2025-06-26T12:00:12.652Z,Schulist - Hills,false
b6b0a671-3b0c-4b16-8b1f-59d3c7ea5834,2024-10-20T15:56:26.810Z,Port Kennedy,Indiana,American Samoa,-89.0388,167.7709,cultellus,urbs,aliquam,cultellus,audeo,terga,curo,107,1.6744786770285103,21,asporto,1,2,2,true,0.17510517416262497,2022-11-21T02:03:40.252Z,"Batz, Nolan and Littel",true
e72de9fd-d11b-4a76-926d-bb9e807840b3,2022-03-26T02:24:11.769Z,Leopoldburgh,Massachusetts,New Zealand,-7.4092,-92.1698,amoveo,copia,inventore,vicissitudo,comes,tempora,conicio,89,35.40546037292306,83,vinco,4,0,3,true,0.17077091945355324,2023-04-08T07:41:40.674Z,Braun Group,true
a62b34b8-623d-4a0c-9283-4929770269f7,2025-01-29T05:10:55.840Z,Laurelmouth,Arkansas,Democratic Republic of the Congo,-80.7957,-153.7056,caecus,cerno,approbo,bonus,cohaero,usitas,brevis,32,82.46952441212773,82,vindico,0,0,1,false,0.13121708111760477,2020-01-22T23:29:10.601Z,Oberbrunner - Nolan,true
33fb7fbc-2123-47a3-88a1-a02ebaeaa7b7,2021-12-10T04:14:02.467Z,Sandy,Nevada,Qatar,56.7208,-78.145,accommodo,beneficium,sustineo,cicuta,colligo,utrum,cotidie,51,64.61554594363551,56,tempore,1,1,5,false,0.14005710202753982,2022-06-24T06:45:23.804Z,Bradtke LLC,false
87b1a439-dcb5-435e-b4db-fdfd09094329,2021-05-07T22:23:06.696Z,Harrisshire,Oregon,Macao,-86.6547,-168.9684,debitis,aliquam,denego,eius,veritatis,conventus,depopulo,45,168.51760473333977,31,currus,0,0,5,false,0.02969902459587348,2020-10-14T16:06:23.511Z,Pfeffer - Walter,true
fe377759-3033-4c6e-b391-a3337f7ae64a,2020-11-19T06:45:22.036Z,Wyoming,Alabama,Cuba,-82.0312,129.1044,maiores,labore,error,pecco,tabernus,super,adstringo,58,206.20697968074927,80,attollo,6,2,1,false,0.22279543704339808,2019-03-05T19:39:35.105Z,Hartmann and Sons,false
5b636135-2f76-477a-92f3-b088e20c1815,2025-02-02T18:07:32.862Z,Oscarton,New Hampshire,Western Sahara,-31.3984,-57.5914,commemoro,bis,viriliter,sortitus,aetas,stips,calculus,44,133.7170723742383,81,ager,1,0,1,true,0.03362876033021997,2022-09-28T13:12:03.893Z,Lehner - Reilly,false
57aed7a3-abdf-4c28-b23e-f23e25e3921a,2021-10-23T03:18:45.793Z,Maudeshire,Colorado,Chad,-66.2669,151.3878,cupiditate,aetas,consequatur,terra,crustulum,debilito,ultra,53,43.548324399242006,78,caelum,5,2,2,false,0.19317316139187243,2020-02-10T14:38:21.750Z,Luettgen Inc,true
437ce7c7-f274-4e9d-b4fd-425c46f62ea2,2021-04-04T22:45:07.422Z,Little Rock,Delaware,Macao,8.3664,-156.6097,stella,cupiditate,beatae,stultus,taedium,comedo,suspendo,43,55.69417716999676,35,cena,5,0,2,false,0.03394268715069329,2025-11-17T17:26:52.916Z,"Kertzmann, Kuvalis and Walsh",false
a755c58d-00a7-4d48-97f1-952f115732a8,2018-10-04T04:26:28.992Z,University,Nevada,Republic of Korea,28.1641,93.4297,tempore,tabernus,vere,deporto,sono,pax,thermae,49,170.70547336433322,20,terga,2,2,5,false,0.20569809007053128,2018-01-05T18:13:34.885Z,Jacobi - Nader,false
7be0794a-b922-49b3-880e-b2b24a76fbc3,2023-04-08T19:37:53.222Z,Gottliebfort,Hawaii,Belarus,77.7561,126.1489,vinum,error,asper,veniam,amplitudo,similique,atque,110,18.57426711956507,93,peior,1,0,4,true,0.021321927277974106,2018-09-08T23:43:29.227Z,"Buckridge, Little and Emmerich",true
e84122e7-b0a9-45cc-a2f7-c13b0c29daa5,2018-07-08T03:07:06.319Z,Katherinecester,Iowa,Liberia,32.8692,38.2225,abscido,substantia,voveo,vomito,tenax,dapifer,una,78,207.8622775386796,52,temeritas,1,2,2,true,0.12246511973056423,2018-04-06T21:59:53.234Z,Bayer Inc,true
b3c5370f-54ba-461a-af00-db4efa1c486d,2022-04-20T08:34:11.647Z,Lillacester,Maryland,North Macedonia,-82.8749,46.2385,eaque,caries,traho,conqueror,confido,cupio,suggero,47,180.04181785600107,72,carmen,1,1,2,true,0.2306333525494484,2021-12-03T13:57:11.722Z,Berge - Kunde,false
dba971ce-3883-49a9-9071-b55320d78681,2021-11-08T00:26:12.072Z,North Raulhaven,Utah,Ukraine,-21.6727,-66.8852,certe,libero,crinis,tutamen,cras,callide,tot,79,121.49386567232092,66,caelum,6,1,3,true,0.15381112968132712,2021-11-07T23:07:28.637Z,Barton and Sons,false
4eb33a2b-50d3-410b-bfd5-1e8225151d87,2023-08-14T06:37:12.805Z,Port Cade,Virginia,Togo,49.8103,131.0413,beatae,vulgo,acquiro,iusto,cultura,ventito,valde,53,93.05921855212752,70,caelum,5,2,5,true,0.11573485407859804,2021-02-14T21:57:49.862Z,Kihn Group,true
98113337-1dd7-4faf-80d7-514648085616,2024-04-21T13:17:41.198Z,Brandoburgh,Arkansas,Sweden,-67.2702,-6.8979,toties,arto,volubilis,alo,corrumpo,talis,sint,122,177.4567126357965,17,patria,3,1,5,true,0.2043504348084895,2020-02-17T13:35:37.394Z,Konopelski Group,true
2ba4eae0-973d-4a51-9522-ee5dd39ebc07,2022-12-03T07:12:17.334Z,Maxineport,Georgia,Benin,70.8895,-17.5965,testimonium,repellendus,impedit,audax,ventosus,armarium,deinde,96,186.84806350186753,18,ultio,2,2,5,false,0.19653594784225675,2021-03-11T22:30:03.270Z,"DuBuque, Fisher and Langworth",true
82ea25c6-bc2b-44d0-910b-e0edf90293b1,2018-07-16T12:48:59.314Z,Reynoldside,Wisconsin,Uzbekistan,2.8481,149.8355,advoco,solum,arcus,vulnero,confido,deinde,charisma,71,212.02699901590893,74,tempore,2,0,5,true,0.044814013600510766,2021-05-13T16:23:47.339Z,Tromp and Sons,false
bb61af23-3a78-49f2-aed4-5e6ad0e8431d,2020-06-14T12:50:29.348Z,Ernserville,Delaware,Brazil,37.4227,-4.2577,facilis,varius,suppellex,voco,vobis,speculum,deficio,23,169.25674037856504,58,conforto,1,2,3,false,0.09186364938239469,2020-05-26T00:00:15.589Z,Larson Group,true
8c8cbdd9-4ff1-4b8b-afcd-6aeef103efce,2018-10-27T05:48:32.200Z,Moenchester,South Dakota,Aland Islands,36.2337,-151.9174,trepide,veritas,conturbo,veritas,casus,labore,quaerat,78,232.3047021514768,77,delibero,0,0,4,true,0.13784899365734404,2019-01-23T05:27:46.503Z,Marvin Group,false
2504a44e-9c65-48b3-9ff0-32c2ce5c16e2,2021-11-27T09:04:26.127Z,East Mariellefield,West Virginia,Sao Tome and Principe,-67.492,-127.9739,tandem,terminatio,ademptio,autus,talus,debilito,paulatim,21,76.00041995666237,49,confugo,6,2,1,false,0.22386925495007592,2020-04-27T14:05:11.835Z,Nitzsche - Emmerich,false
e6dbda31-966f-4036-a4f0-a69a0db1b720,2025-01-14T12:46:08.100Z,Fort Bernieceboro,Tennessee,Burundi,-84.0416,52.6085,pecto,ante,auditor,voluptate,trans,uter,ascit,34,216.92541397915835,67,tersus,4,1,1,false,0.11927471908184398,2018-01-20T02:30:55.522Z,Kovacek - Rippin,false
f59d78db-5a91-4640-87e2-c048955ade61,2022-11-07T00:21:28.334Z,Cuyahoga Falls,Kentucky,Somalia,-1.7503,46.8441,accusantium,itaque,defendo,abscido,callide,terebro,ratione,42,64.1259755723342,70,sol,0,1,1,true,0.05077356861268065,2018-02-23T10:35:10.364Z,Murazik LLC,false
1ccc1b94-9a7e-4ad5-99b5-18936418ce8f,2025-01-19T12:35:27.909Z,Manchester,Montana,Chile,54.1781,-145.3884,ago,officiis,depereo,patrocinor,accusamus,aperio,amitto,34,227.8826083390314,74,vicissitudo,6,1,2,true,0.24665760910519774,2018-06-11T10:26:11.055Z,"Willms, Schimmel and Adams",true
3b0517bb-d396-4ab7-b971-df469c37235c,2018-01-18T17:37:33.153Z,Retaport,New Jersey,Mexico,89.6838,79.6306,aer,curvo,cibo,demonstro,cupiditate,tabernus,magni,112,104.10500239984813,70,talus,2,2,4,false,0.22426449852753605,2021-10-02T00:57:31.905Z,"Steuber, Padberg and Goldner",true
c15ab924-060b-4c0d-aa3c-5fe795e8ca5a,2023-01-17T23:30:05.810Z,Goldnerview,Mississippi,Togo,-63.1928,110.6049,sequi,avaritia,candidus,commodi,adnuo,verecundia,celo,129,119.8820841901714,40,delectus,6,0,4,false,0.1635476027528489,2020-09-29T00:08:57.356Z,"Kuphal, Buckridge and Yundt",false
81d0cc2c-5f1a-44f0-9766-d3048e01895c,2024-04-19T22:40:03.633Z,Adriannacester,Ohio,Curacao,44.6138,15.3318,adflicto,tendo,cur,confero,aliquam,ago,spes,105,42.269796299335894,29,theatrum,4,1,5,true,0.22541411362856356,2022-02-06T16:00:30.542Z,"Ritchie, Parker and Bosco",false
f200e3ce-77d2-4538-9bc7-956ec59deb8b,2018-07-06T00:59:39.929Z,St. Peters,Idaho,Uzbekistan,-69.7655,2.9335,teres,suggero,odit,apparatus,delectus,summisse,temeritas,73,157.36504628118286,51,delicate,2,2,5,true,0.004428796675460228,2025-01-02T12:35:48.631Z,Dickinson LLC,true
9ef5936d-8025-4c26-a1f4-898a5876cc3f,2023-05-31T16:25:21.698Z,Fontana,Alabama,Rwanda,-78.6168,69.6053,aperiam,cribro,impedit,excepturi,ambitus,animadverto,acsi,71,1.405761602676563,69,sui,0,0,4,true,0.10591915175445007,2025-12-27T09:02:11.348Z,Jacobs - Crist,true
a32c2a02-bb3f-4004-8be0-880bd303d132,2022-07-09T20:38:26.835Z,North Highlands,Wisconsin,Lesotho,29.2655,-13.5842,comis,sit,ulterius,tabernus,appono,crastinus,vicissitudo,81,21.07491773537909,31,bestia,3,1,5,false,0.14513911835239915,2024-01-01T08:02:36.823Z,Schneider LLC,true
bdd30a85-8647-4473-bb03-5a8f7d74c93d,2020-05-30T17:50:04.951Z,Jamarcusberg,Colorado,Bhutan,-19.9267,-105.8907,deduco,claudeo,aspicio,acceptus,sursum,tracto,tener,62,159.18603840935347,96,ex,4,2,5,true,0.00028798468085108886,2025-03-28T00:18:32.708Z,"Wisozk, Mann and Hammes",true