accident_id,incident_datetime,city,state,country,latitude,longitude,road_name,road_type,intersection_type,accident_type,weather_condition,road_condition,light_condition,speed_limit,actual_speed_kph,driver_age,driver_gender,casualties,fatalities,vehicles_involved,alcohol_influence,blood_alcohol_level,weather_reported_at,reporting_department,pedestrian_involved
fdcea059-9371-47b8-92f5-cd047f06b7cd,2022-12-15T13:56:27.715Z,Lake Mollieworth,Delaware,Palau,-62.1799,-48.3093,beneficium,alius,amplitudo,conservo,aro,vis,vesica,24,185.83354994166945,88,mollitia,6,0,1,false,0.025249622860241905,2024-09-08T16:10:09.842Z,Langosh Group,true
87bf1156-bdcc-41de-b104-dcbc5ab98483,2020-05-31T14:31:47.175Z,Sammamish,Idaho,Qatar,54.2102,131.4316,basium,peccatus,suadeo,subseco,texo,suadeo,aperte,113,66.1401620478072,89,timidus,6,0,3,true,0.19591087754494496,2021-06-26T05:50:27.805Z,"Jacobson, Trantow and Nader",false
8c79947c-9a72-4d94-acde-b2a71536626a,2022-07-26T15:36:52.053Z,Pasadena,Rhode Island,United States Minor Outlying Islands,86.2309,-162.4546,coniecto,vilis,umquam,solio,tam,amplexus,carmen,44,237.9208477188728,75,utrimque,0,2,5,false,0.038775999680966095,2022-08-13T01:43:11.798Z,"Schoen, Hessel and Marks",true
e7b413ec-16a6-4de0-81c2-71980848d19b,2019-04-05T12:00:45.257Z,South Kraig,Connecticut,Malaysia,71.5219,11.0984,taceo,varietas,blanditiis,adulescens,nulla,tunc,eos,130,102.52910063223166,77,astrum,6,0,4,true,0.21002017235991613,2025-08-07T04:03:46.607Z,Doyle - Stokes,true
03e941e1-1fb2-4c5b-a628-64a4a722cf07,2021-03-26T04:03:38.064Z,Port Talonland,North Carolina,New Zealand,-21.1789,-161.5053,velit,cerno,officia,quaerat,rem,crinis,volup,78,46.80493147680613,94,ducimus,1,0,2,false,0.0635135862513847,2020-04-02T05:20:25.140Z,"Hand, Batz and Wolf",false
2925dc39-2251-4a2f-9ce6-4e1c3c4a720e,2022-12-31T09:04:43.128Z,Altenwerthburgh,Nebraska,Tanzania,55.2578,-54.0377,fugiat,solio,demum,acsi,defluo,aedificium,adnuo,43,17.20129018307621,84,contra,1,2,5,false,0.16864076724136495,2022-04-15T10:59:11.616Z,Batz Inc,true
6cae67dc-9a00-4fbe-a8c6-a8f7c28a3fa7,2023-05-02T11:32:39.549Z,East Bette,Arkansas,Vietnam,-29.2378,178.5723,adopto,deputo,vomer,virtus,peccatus,vulnero,alias,92,199.45580251343097,56,videlicet,0,2,3,true,0.17676330766356171,2022-06-02T04:48:14.765Z,"Gutmann, Reinger and O'Connell",false
c0d33fd6-6bb6-43d4-86ad-30f76bca92c7,2023-12-15T04:52:44.407Z,Pfefferborough,Indiana,Palestine,89.4721,-6.03,auditor,nostrum,repellendus,arbustum,solium,odit,corona,38,91.1709391983521,96,caries,2,1,4,true,0.09452505654235491,2024-10-27T10:48:59.153Z,Lynch and Sons,false
4d6526da-79e1-4394-9219-4c3a6824135c,2018-06-10T22:34:18.838Z,East Courtney,Tennessee,Saint Pierre and Miquelon,-79.8322,-106.1807,carus,surculus,bos,quos,alius,decipio,patria,84,75.18943118355533,38,acies,3,1,5,false,0.007686703257780314,2021-01-18T22:15:33.406Z,Denesik LLC,true
2edc8a47-a12d-4c8b-9b1b-dcd6da40fdb0,2019-03-27T13:24:55.482Z,Port Laurine,Michigan,Samoa,59.3046,-159.4373,speciosus,spes,atque,ulterius,consectetur,utilis,commodo,100,229.2938591521111,26,tempore,1,0,2,false,0.15114580280810466,2018-06-29T18:43:23.738Z,Koss and Sons,false
9e282bc6-b982-4962-8065-a3c05b15fd2b,2020-07-29T21:23:49.957Z,North Ottostead,South Dakota,Guam,87.2449,76.5098,confido,ventito,solium,ventito,aliqua,atavus,solutio,96,29.914141904828952,39,curiositas,0,1,4,false,0.19676586605570848,2024-12-05T13:07:01.916Z,McCullough Group,false
426f89ce-a3cf-4d32-b9df-49f7e0ced6b8,2022-12-20T15:17:49.271Z,Port Haileeboro,Michigan,Ireland,65.0274,18.7939,tergum,textus,unus,attonbitus,censura,avarus,campana,105,175.43038139518146,92,cetera,5,0,5,false,0.11015702668550084,2019-06-10T13:12:09.380Z,"Wintheiser, Kirlin and West",true
063437f1-7bac-41d0-9acd-869ab2713b45,2023-02-14T02:28:02.185Z,Lake Stewartstead,Pennsylvania,United Kingdom,-26.9254,-91.873,amet,aedificium,vox,aestus,valens,facilis,collum,25,209.6629317962358,39,acerbitas,6,1,4,true,0.19177530728676143,2019-01-06T06:04:57.597Z,"Douglas, Morar and Sawayn",false
0d630ccd-097d-456e-baec-9addf03b250f,2022-09-08T22:23:23.178Z,Hillsview,Tennessee,Senegal,66.907,-68.7062,depopulo,soleo,subnecto,undique,cedo,audio,bardus,75,134.43292982912962,95,vilicus,4,2,2,false,0.0019052116233942706,2024-01-28T15:26:17.577Z,Stanton - Rohan,true
d1e524bc-06eb-4fcd-8422-8eeec0c1a7e2,2025-08-12T04:19:40.405Z,Medhurstbury,Delaware,Romania,35.149,135.9846,vicissitudo,debeo,demum,trans,vitae,aiunt,textus,61,186.18369875055603,82,demonstro,4,2,5,true,0.18696552530457894,2021-12-24T16:39:44.611Z,Schulist and Sons,true
4d884d83-b30a-43c5-9f6c-0b41369b6693,2018-11-05T03:44:39.879Z,Ezekielboro,Kansas,Comoros,-64.9267,-94.1282,corrumpo,conturbo,sui,suscipio,infit,adaugeo,tristis,67,103.6799330407986,45,tandem,0,1,3,true,0.06822945373975423,2018-08-04T19:42:07.041Z,Schoen Inc,false
dc80248b-daf7-4abf-bae9-ca187249403e,2019-04-08T20:06:07.875Z,Friesenchester,Wyoming,Heard Island and McDonald Islands,-74.4735,-32.1648,sono,aequitas,peccatus,tibi,theologus,capillus,accommodo,73,197.2392733655239,74,ad,6,0,1,false,0.1818032340281194,2019-02-28T19:54:40.057Z,Kub Group,true
81e0ca43-ae51-41f1-972a-98b6def6da85,2023-07-03T13:16:45.460Z,Padbergburgh,Missouri,Puerto Rico,77.7154,-53.2914,caute,advoco,aduro,adficio,veritas,unus,solitudo,116,80.17647353629992,37,creta,1,1,1,false,0.13261182521666717,2018-08-26T15:03:24.334Z,McClure and Sons,false
cb261ff1-251d-4c45-8468-02d521d039f0,2022-08-28T22:26:38.482Z,Oak Lawn,Illinois,Pitcairn Islands,-72.5879,-64.3129,uredo,uxor,usque,cum,caries,conscendo,conculco,70,133.89638091473677,76,votum,1,1,2,false,0.1246714596683057,2023-12-26T19:58:03.930Z,Grady - Welch,true
7033230d-f05e-4c5a-9eac-319c1bb45faa,2024-04-08T19:29:48.862Z,Gerdaworth,Oregon,Malaysia,-23.759,98.0561,conscendo,venustas,una,temeritas,laudantium,turbo,quibusdam,75,44.29103517336371,94,cado,0,2,1,false,0.13296053965075752,2020-09-19T16:01:35.931Z,"Graham, Stark and Heathcote",false
20061043-f67d-4a15-994f-381d6c4bca0c,2024-08-09T06:39:41.800Z,Rippinfield,Virginia,"Virgin Islands, U.S.",-71.1249,-84.2737,universe,valetudo,ullus,somnus,theologus,vociferor,ustulo,27,27.866878238396335,54,thesaurus,3,0,2,true,0.23268375899661847,2019-08-31T01:51:49.003Z,Wolff - Feeney,true
ff40488e-132d-43af-98e4-a945747b8a5c,2018-07-31T18:49:50.680Z,Goyettestad,Rhode Island,Kazakhstan,14.8528,-73.0235,aestivus,pecco,volup,annus,aegre,enim,asporto,93,4.502881873616316,97,autus,6,1,4,false,0.13714466624283034,2022-01-31T10:05:53.741Z,"Lockman, Lynch and Casper",false
7e854707-f9aa-469c-9d03-f004e1f830a4,2019-02-04T00:13:33.246Z,West Albina,Idaho,Lithuania,-29.041,-105.3757,vix,communis,super,demum,reprehenderit,amplus,curso,72,9.978342760178114,69,bis,1,0,1,false,0.1596051271805462,2023-03-26T07:39:06.661Z,"Kuhn, Stracke and Nader",false
0d648dad-04e8-4c19-bafb-9a188dbfa051,2025-06-11T14:45:41.907Z,Joliet,North Carolina,Sao Tome and Principe,57.1746,-128.272,repellat,curriculum,at,repudiandae,cometes,virgo,virga,37,70.57844290759968,75,brevis,6,2,2,false,0.22775230479322095,2022-01-17T13:32:31.951Z,Ebert Inc,false
bb28d667-da6f-416e-b2dd-53259be2b7b5,2024-01-09T06:27:40.396Z,Stantonburgh,North Carolina,Portugal,-42.9233,6.7989,attonbitus,utilis,amet,clamo,tutis,suspendo,thesis,36,48.90440867235377,66,vapulus,1,0,3,false,0.16383109318822428,2023-08-13T01:55:33.660Z,Dare - Beier,false
34e06876-d1ab-4be6-b783-1336b980d13f,2025-11-07T19:22:01.263Z,Potomac,Idaho,Svalbard & Jan Mayen Islands,-19.3176,-171.757,appello,cum,terror,cotidie,accusantium,arbitro,delego,87,93.94679026144898,31,consuasor,0,0,1,false,0.1138442930427638,2024-02-07T16:43:03.967Z,"Gibson, Goodwin and Swaniawski",false
e4e00918-7ae4-488a-8b36-81217315fb81,2025-10-14T19:04:30.218Z,Urielside,North Carolina,Libyan Arab Jamahiriya,26.3202,119.4959,claro,delego,derideo,bonus,in,suppono,vicinus,56,147.67796213949057,50,cultura,5,1,3,false,0.15988885351765264,2022-08-23T09:13:43.063Z,MacGyver - Turner,false
abd54ab1-aae1-4ea3-bd6e-4d469b2c0c48,2018-11-21T05:49:06.584Z,Hicklefield,Missouri,Rwanda,18.7791,-3.1629,culpa,cura,texo,strues,vito,in,ventito,35,22.646209014714653,34,et,4,2,3,false,0.040083543617017936,2022-07-21T10:28:48.529Z,"Zemlak, Dickinson and Wintheiser",true
70d267ae-b617-4be3-b973-71789b2727bc,2021-10-31T02:32:40.284Z,East Wardtown,Iowa,Pakistan,30.6601,169.2935,capio,constans,colligo,amita,textilis,cohibeo,certus,31,219.89287309292177,33,anser,2,0,5,true,0.055522632188003435,2019-01-19T21:25:00.647Z,"Klocko, Jaskolski and Reinger",false
c09da0e7-4106-4043-bb23-d1a0e88d2513,2024-12-21T01:43:29.906Z,East Ben,Florida,Bangladesh,-54.6069,-91.4354,creo,stella,verumtamen,cupressus,compono,compello,cultura,97,87.93401892605611,38,tum,3,1,3,false,0.1507374559666632,2023-10-05T05:08:16.537Z,Kunde - Luettgen,false
cd7d08f4-6b30-46df-a24e-eb2b84449fb0,2019-06-03T19:20:46.524Z,West Adellecester,Connecticut,Djibouti,81.1865,130.5676,depereo,infit,aliqua,brevis,amplitudo,dignissimos,curiositas,87,206.5785656241308,31,consequatur,0,1,1,true,0.01906953267444267,2023-06-05T08:07:20.518Z,"DuBuque, Zulauf and Weissnat",true
ce37dce1-3463-4d5c-8c9a-187c7c57c51d,2018-10-25T07:37:10.597Z,Stiedemannchester,Kentucky,Tanzania,-56.5319,86.1455,vesper,vobis,complectus,deduco,aranea,truculenter,arguo,39,11.475873351573975,61,articulus,2,0,1,true,0.18787330754010861,2022-10-14T23:49:41.442Z,"Douglas, Kreiger and Wehner",false
d31c7ec9-1315-469c-9c12-60c51698d233,2022-07-10T03:04:42.209Z,Medhurstmouth,Virginia,El Salvador,36.4024,-111.2655,deripio,vitiosus,ascisco,ocer,thorax,thymbra,cogito,86,13.6850766457989,55,animus,6,1,2,false,0.1946048826019112,2018-01-02T11:39:53.406Z,Rau and Sons,true
66577bc1-8a46-43f3-9ecc-6c394ed8c036,2019-07-05T06:07:13.462Z,Emmafort,Montana,Finland,70.2763,-27.3008,thorax,conspergo,conduco,adaugeo,ratione,possimus,victoria,60,153.0719475729232,36,talus,6,2,2,true,0.04932046629006889,2018-11-16T00:50:08.870Z,Feest Group,false
b623e076-f1f5-48eb-b2a7-6f780536a3bc,2020-06-27T03:20:46.368Z,Fadelton,Texas,Iceland,-25.5689,79.3056,iusto,angelus,commemoro,aliquam,speculum,texo,allatus,48,34.58891695433273,74,urbs,6,2,3,false,0.035422237939224416,2025-11-10T21:38:05.278Z,"Littel, Jast and Conn",false
d6536380-c039-4ae7-8c13-08b72887cbfc,2025-04-27T00:50:06.552Z,Fort Arnold,Michigan,Syrian Arab Republic,-84.0749,-176.5335,aliqua,despecto,tergum,quo,thermae,minus,depromo,32,80.82576730136543,42,tenetur,0,0,3,true,0.11222387772371886,2021-11-28T13:23:49.523Z,"Doyle, Koepp and Quitzon",false
a26c3c04-dde7-4fa6-a2e8-27df3dc88bb3,2025-08-22T22:50:24.847Z,Pagacworth,Massachusetts,Mauritius,79.2476,51.265,distinctio,adeo,vitiosus,auxilium,benevolentia,recusandae,quibusdam,57,69.80276405496889,97,culpa,5,0,4,false,0.20390561546930727,2019-03-06T04:35:29.630Z,Kub - Murray,true
f09facac-6280-4f8e-8a67-439037b8b911,2019-11-08T18:19:04.759Z,South Kane,Texas,Burkina Faso,78.0604,-25.6326,tempora,aliquid,cibo,titulus,tolero,vereor,vapulus,37,170.31387485129522,28,tabernus,6,0,5,true,0.22181114520355885,2023-02-13T06:23:13.346Z,Gutkowski LLC,true
c2ced2fd-af82-4f2f-8bb5-f96b90f2da85,2025-12-20T17:35:39.253Z,North Reta,Rhode Island,Eswatini,-6.188,105.0651,dedecor,adeo,magnam,tantillus,adversus,cubo,theologus,64,39.22828112587868,91,aliquam,6,2,5,false,0.16045204954311632,2021-07-29T07:41:21.981Z,Deckow - Goldner,false
660fcd40-a2bb-49e6-85d9-528f348f9c90,2018-04-30T09:54:52.083Z,South Laroncester,West Virginia,Guinea,74.6335,-178.5544,valeo,colligo,vigilo,vergo,adiuvo,via,minus,68,160.92706115301417,47,aptus,1,1,1,false,0.09446997169094179,2018-04-16T22:50:52.257Z,Lubowitz and Sons,true
6ccc2849-87d0-4508-9d20-07363b63f9fc,2025-12-03T18:32:40.585Z,East Corybury,New York,Panama,-30.2157,-119.2833,deserunt,tempore,theatrum,quisquam,debilito,aeneus,caries,91,213.34865857221328,67,tristis,6,2,3,true,0.21835863567010236,2023-06-16T14:01:16.603Z,"Quitzon, Donnelly and Davis",false
fb334590-a579-492f-81ee-adefe11d7a5e,2024-01-01T02:08:45.516Z,North Izabella,West Virginia,Indonesia,45.8792,13.4694,coma,textilis,nihil,voluptatem,veniam,deprecator,credo,102,117.0076565979748,41,tergiversatio,4,1,1,false,0.17260622414939805,2018-06-20T18:50:41.990Z,Bashirian - Hartmann,false
db2a5be3-7de4-47c9-89d5-bbd009fc8392,2020-01-06T03:27:54.545Z,Port Jeanside,Louisiana,Eswatini,-79.3779,-148.6,numquam,suppono,pectus,veritas,angelus,id,voluptatum,100,75.97846947318072,76,comedo,1,2,4,true,0.12228815829143258,2022-11-15T23:04:07.244Z,Rolfson Group,false
9d3c8051-f051-41f8-bcb1-e6f8a42fbf10,2023-11-19T00:57:55.082Z,Lake Tobyshire,Michigan,Bermuda,-76.855,-56.0569,temperantia,voro,aro,stips,alius,acerbitas,cognatus,105,89.76480627346562,19,totidem,0,1,1,true,0.12063205188790663,2021-09-18T20:30:14.860Z,Dooley and Sons,true
0040c708-77c4-45e5-a122-08bf16c42357,2021-07-24T05:40:29.592Z,Port Katarina,Hawaii,Kiribati,-10.6141,-172.2589,ducimus,denuo,copiose,voro,enim,ustilo,cursim,68,111.72313326022181,64,cupiditas,2,2,1,false,0.1653497567553484,2024-06-22T09:54:17.305Z,Cummerata Group,false
eb12afd2-47e6-4cc4-801c-011184711c2a,2024-04-06T12:33:57.567Z,Jedediahfort,Utah,Togo,63.9927,128.7269,bis,video,ulciscor,antiquus,xiphias,campana,consequuntur,45,133.09989241229434,61,tergiversatio,4,0,5,true,0.0040771375434308366,2021-04-29T03:13:02.157Z,Dickens and Sons,false
4d77f85b-c6dc-45db-9c12-d3e605b9f61c,2025-05-16T01:37:45.449Z,Yuma,Rhode Island,Albania,27.6746,76.9111,neque,ara,stabilis,circumvenio,administratio,viriliter,contabesco,121,112.7506375949791,39,statim,3,1,5,false,0.11172200043861,2019-11-15T12:20:39.648Z,Rice Inc,true
6c122fa1-229a-4563-bea9-44b802c9b797,2023-07-15T23:22:53.549Z,East Jaquelineberg,New Mexico,Azerbaijan,-14.4564,-81.1816,pecco,quas,adnuo,deprimo,tepidus,arcesso,xiphias,60,173.96528949259456,47,aranea,1,2,1,true,0.005791345814581794,2022-08-03T00:48:08.384Z,Roob Group,true
0750e90f-a7e6-4c6d-8e9f-eda26dcb6d2a,2024-01-13T15:55:26.549Z,Lake Kathleencester,Maine,Tunisia,4.1665,22.2057,utor,convoco,argumentum,adfero,candidus,substantia,cibo,95,105.32228045119233,96,bis,1,0,2,false,0.022548094220062875,2020-07-29T10:46:14.719Z,Wintheiser and Sons,true
ab3c97ee-0071-455d-80e2-1853ecb2d87f,2021-12-21T22:49:22.025Z,Schowalterfield,Nebraska,Turks and Caicos Islands,57.111,52.4166,calamitas,celer,triumphus,compono,patrocinor,vis,amoveo,65,85.86959539684453,41,comis,2,2,2,false,0.19072883308654778,2019-09-08T14:26:22.477Z,Deckow - Hansen,true
b3ac3b99-d98b-4e20-abb5-0a3be17be923,2024-08-07T00:17:33.233Z,New Susan,New York,Anguilla,9.191,-0.2662,agnitio,adfectus,varius,cicuta,abduco,defendo,talus,51,47.01512560108469,92,comitatus,5,1,2,true,0.09053178532203243,2018-04-13T05:04:56.806Z,Mayert - Mohr,false
8749a82e-6894-4726-a48f-736722960a73,2023-03-15T17:00:15.734Z,Bel Air South,West Virginia,Uzbekistan,-38.1024,150.6717,caute,coepi,sit,collum,arcus,allatus,pauper,59,208.91305645484658,23,corona,2,1,1,true,0.17548880819771137,2019-02-27T11:33:23.686Z,Leffler - O'Conner,true
8e2a2956-1ab4-450c-a247-7fa5138a0fd7,2022-04-09T05:32:02.232Z,West Gabriellafort,West Virginia,Comoros,-45.5069,-57.8105,ara,ipsam,venustas,stillicidium,doloribus,sum,administratio,76,184.73524582843444,87,capitulus,1,1,2,true,0.24976117778150894,2025-09-21T16:30:30.654Z,Dooley LLC,true
33895762-0f2c-462a-8975-beedfc8a3c98,2023-07-09T18:09:43.504Z,East Deontestad,Georgia,Jordan,12.7709,64.3395,aranea,tubineus,timidus,capillus,adaugeo,cohibeo,amplexus,108,114.18016782953083,38,tepidus,0,2,4,true,0.22048266772567005,2023-07-08T05:19:01.444Z,"Cummerata, Barton and Daniel",true
b36d34cb-2217-40f9-8d85-111eeba1d6b3,2023-03-16T01:52:42.776Z,MacGyvertown,Georgia,Brunei Darussalam,-89.6638,111.0452,tergiversatio,earum,utrum,audeo,statua,tamen,aliquam,43,94.17848623857455,93,undique,4,0,4,true,0.2319072373319887,2023-07-17T11:48:33.669Z,Hessel and Sons,false
ab3da98b-0584-45aa-9d80-91675fe92ee2,2022-06-15T22:58:27.433Z,Sipeshaven,Arkansas,Namibia,16.9968,84.9077,velum,vorax,aspicio,excepturi,barba,aegre,vespillo,47,112.79879415363494,89,sodalitas,6,0,2,true,0.10568735254260136,2021-10-14T08:53:21.838Z,Veum - Spinka,false
8f0e077c-1121-42a6-8164-371bdd4c7128,2022-01-04T15:52:55.473Z,Lake Leopoldtown,Connecticut,Finland,-26.4137,105.2332,textus,sordeo,bos,tres,carbo,deorsum,depraedor,40,207.07660472676798,93,vesper,2,1,2,false,0.12544134897671652,2022-03-08T12:33:26.199Z,Russel - Becker,false
716a1d83-07c4-472d-ad95-96de0c4fd9d4,2020-06-07T12:55:25.438Z,East Taurean,Michigan,Nicaragua,89.352,-91.4689,eum,quia,minima,cresco,delectus,aut,avarus,81,28.252538511033745,73,animus,0,2,4,false,0.16798124381881294,2021-12-14T05:15:40.161Z,Grady LLC,true
c99e969b-1e18-405f-a641-d26d90b4e1c1,2024-10-20T22:46:03.488Z,New Thelma,Tennessee,Lesotho,-64.5249,-39.7224,tempore,cultellus,ante,attonbitus,comminor,avaritia,utique,28,126.81676961214153,85,incidunt,1,1,3,true,0.0829394161780028,2019-01-07T23:26:28.038Z,Mraz LLC,false
eb256b67-ed36-4ec6-a686-42348d61059b,2024-09-14T22:33:24.614Z,Sandy Springs,Mississippi,American Samoa,-73.3517,62.7911,damnatio,dedecor,tergo,admitto,teres,verbera,bonus,84,54.91178973529851,99,argentum,4,1,4,false,0.009026375823436322,2025-09-06T13:36:08.367Z,Paucek - Ryan,false
9b6f6bed-635d-468e-a54d-9c1ef05dc64e,2018-10-30T13:33:29.458Z,New Susanaland,North Carolina,Tunisia,-84.6298,-90.9948,carbo,blandior,occaecati,cariosus,tunc,derideo,tego,122,68.90803130097805,38,beatus,0,1,2,false,0.1878407443320066,2023-10-23T01:50:40.736Z,"Considine, Considine and Bahringer",false
ecfba22f-91ee-40c0-9b03-0dad792e6457,2025-05-01T05:26:27.918Z,South Cruz,Kansas,Falkland Islands (Malvinas),-4.1387,-128.4768,molestiae,sublime,alveus,sumo,approbo,saepe,illo,25,186.71327524956277,26,voluptatum,5,0,4,true,0.225589079279645,2025-08-21T20:35:10.901Z,"Dickinson, Cormier and Kulas",true
0318374f-0718-4c24-85c0-50cd5ab65aed,2020-03-20T00:03:03.894Z,Fort Chris,South Dakota,Palau,-65.8443,-138.4896,subito,absorbeo,caput,curiositas,tabgo,vel,defungo,100,166.95712897838294,92,vomer,0,2,1,true,0.11376626403734827,2023-06-19T10:03:26.164Z,Gislason Group,true
e044f765-db26-42a4-83e9-ed24aeb1598b,2019-02-03T23:37:17.677Z,Fort Roselynstad,South Dakota,Tuvalu,42.7565,-151.1092,depulso,ultra,pecco,coma,articulus,adfero,totus,84,71.26192974166418,76,fugit,6,2,2,false,0.1326355586397139,2021-02-10T00:38:23.716Z,"Gutkowski, Schaefer and Bradtke",false
c402ee01-cb82-4050-8699-9b30cd1c55f6,2025-06-13T15:08:08.105Z,Liaburgh,Arkansas,Vanuatu,83.5534,-69.6195,patria,defendo,cohaero,deduco,corporis,crux,concido,75,50.86085434271665,56,animus,6,2,1,false,0.12008063964235469,2021-08-01T12:54:09.552Z,Stanton - Kuphal,true
e8551c8a-7ed3-4f87-8223-6a4ff81f0d67,2021-04-01T21:55:17.516Z,Pomona,New Jersey,Belgium,-56.5349,26.4758,aequitas,tonsor,succurro,suadeo,utrum,perferendis,sperno,39,197.70153886259743,92,deorsum,3,2,3,true,0.10457990172270995,2019-04-20T01:16:26.984Z,"Franey, Renner and Schmitt",true
836c1ec8-a77f-41de-b3b5-d8dc7cfa7e00,2025-08-31T06:03:48.630Z,Redlands,Tennessee,Vanuatu,10.3771,-136.2813,tubineus,eum,tamquam,amicitia,ara,venia,velum,71,97.22307071095928,67,bardus,2,0,3,true,0.0413249283630448,2021-09-25T12:34:55.128Z,"O'Kon, Langosh and Tremblay",false
66bca002-a993-45c9-8ce7-7b46368f89f3,2020-01-30T16:22:01.922Z,San Jacinto,Maine,Austria,72.8739,-24.9383,calamitas,explicabo,cunae,desidero,venia,ustulo,dedico,24,1.3605219172914218,29,atqui,5,2,5,true,0.24168380517963484,2023-11-18T22:29:59.876Z,Balistreri - Goodwin,false
53b83cba-2873-415f-ade8-b0749d90933c,2020-11-25T18:41:26.346Z,Fort Angus,Montana,Qatar,-36.7529,96.5168,timor,depopulo,cruentus,usus,vesper,articulus,crastinus,66,216.34307926375072,73,usus,5,1,3,true,0.2234147535019066,2024-06-16T11:19:19.192Z,"Ryan, Hegmann and Treutel",false
479e18f8-2816-4738-9b6f-cb392bf63e71,2022-06-19T05:21:40.265Z,Yeseniahaven,Pennsylvania,Turkey,-88.3827,103.0666,cupiditas,aestas,patrocinor,minima,amplitudo,tribuo,venustas,86,122.06272644740189,22,adiuvo,5,1,4,true,0.15364593371913504,2018-06-22T18:28:46.370Z,"Auer, Brekke and Tremblay",true
8ee30e2a-1a99-4882-a595-98aa89db023a,2025-10-20T22:57:38.091Z,Champlinside,North Dakota,Grenada,-28.0693,-26.7965,tego,sortitus,commemoro,denuo,defero,angelus,video,36,75.40898084597492,97,blandior,3,0,5,false,0.03896997153989451,2024-01-21T00:39:46.607Z,Konopelski LLC,true
cbdfaf2f-77fa-4265-87c9-f92635577f57,2018-01-08T05:34:51.047Z,Port Dinafield,Rhode Island,Thailand,65.1919,-48.6987,canis,arcus,abscido,aveho,decimus,aperio,ver,26,82.53696724791088,74,voluntarius,5,2,5,true,0.08609140216385722,2020-06-11T02:52:15.686Z,"Rogahn, Jaskolski and Lemke",false
7958408f-40f6-4d27-9273-f7aa03d6be3f,2021-11-04T21:21:46.745Z,East Kameronhaven,Arkansas,Saint Vincent and the Grenadines,17.2479,-107.7454,templum,tenus,ea,delibero,velociter,corpus,coniecto,46,83.05750736534891,64,coadunatio,1,1,1,false,0.006804173517637152,2020-10-22T01:01:20.062Z,Daniel - Beahan,false
bc197e93-f40c-4f48-b3e3-3d54e7a167b3,2023-02-28T06:57:01.896Z,Boylemouth,Mississippi,Lao People's Democratic Republic,0.7887,162.6431,vigor,saepe,bellicus,curtus,virga,sub,conicio,26,8.994196491511897,24,voro,1,2,1,false,0.11526708373559849,2024-10-23T19:56:38.329Z,Kilback Group,true
46e62e78-e684-4c4c-b69b-4a6e21d0350c,2020-10-03T03:17:57.353Z,Kuhnfurt,Minnesota,Philippines,-80.4228,-128.9075,demonstro,subvenio,antea,adfero,aliquid,thorax,tenetur,121,195.4406160855116,96,beatae,4,1,2,false,0.2418753062334382,2025-05-17T17:16:08.025Z,"Turcotte, Stokes and Pfeffer",false
450d5f6e-397c-4515-87a4-ea3d21d0d732,2018-02-14T16:41:28.712Z,Carson,Texas,Wallis and Futuna,76.2392,58.8437,sollicito,aetas,verbum,assentator,ulciscor,amitto,cito,49,146.20175755345923,31,caute,4,0,5,false,0.04770900176961804,2018-05-20T01:43:23.920Z,Stracke - Bogisich,true
afabf4c6-d0dd-49b1-8830-0f3a4a30125d,2020-10-20T14:10:11.514Z,Port Gardnertown,Michigan,Niue,73.6711,-106.9169,sonitus,defessus,tui,atqui,temptatio,cuppedia,quis,68,20.49388873548626,76,apud,6,1,2,true,0.12242444894477053,2025-07-21T10:53:18.783Z,"Cartwright, Nolan and Schoen",false
fd97c992-2be7-4721-a316-72a5ae07c93d,2021-07-29T02:45:20.020Z,Centennial,New York,Sweden,-48.5022,67.7553,vulariter,subvenio,temperantia,territo,suffoco,argentum,debitis,89,95.65031774012758,64,delectus,3,1,2,true,0.05189687909693008,2022-03-09T09:34:32.687Z,Kihn LLC,true
d4b2e5e8-1297-4fbe-8460-4c0c7979c0db,2023-06-28T12:59:16.594Z,Fort Joey,Colorado,"Bonaire, Sint Eustatius and Saba",13.7774,-73.6023,constans,debilito,vesica,occaecati,aspernatur,synagoga,causa,58,237.952254103093,35,absconditus,0,1,3,false,0.1410155572298215,2021-11-22T08:18:13.394Z,Keeling - Littel,false
7693962e-b117-426a-8259-7c7eafff176f,2022-12-23T02:53:27.228Z,Garfieldfort,South Carolina,Indonesia,-78.8635,63.3629,tego,quaerat,titulus,patrocinor,tristis,vetus,temeritas,77,79.44684691081122,86,reiciendis,3,0,1,true,0.08442178857521423,2020-12-20T20:37:21.556Z,Stracke Inc,true
d396b4cb-adc4-44c6-bdeb-e58aad46fa1b,2024-02-25T06:16:18.358Z,Savannah,North Dakota,Democratic Republic of the Congo,-83.7695,163.7133,stips,concedo,adfero,convoco,beneficium,tenax,illo,126,126.3791177362177,27,viriliter,3,1,4,false,0.10899120337505191,2025-11-11T03:29:23.663Z,Nicolas - Schinner,false
2c14c4fe-728f-4c61-b1ee-0720be7d1e55,2018-03-21T11:13:45.643Z,East Zola,West Virginia,Guadeloupe,13.3944,-168.8327,aut,urbanus,barba,timor,tergum,urbs,conservo,38,125.0315305496409,18,trucido,1,0,1,false,0.09872469960276495,2022-09-08T08:20:49.314Z,Shields - Lakin,true