accident_id,incident_datetime,city,state,country,latitude,longitude,road_name,road_type,intersection_type,accident_type,weather_condition,road_condition,light_condition,speed_limit,actual_speed_kph,driver_age,driver_gender,casualties,fatalities,vehicles_involved,alcohol_influence,blood_alcohol_level,weather_reported_at,reporting_department,pedestrian_involved
7b546c05-d364-4ea9-9439-e46a3de35dbc,2018-12-27T18:30:56.422Z,Manteca,Nevada,Suriname,-21.8692,-54.5275,cursus,ascisco,minima,solutio,cura,conservo,defero,100,195.64141132365307,16,vivo,4,0,5,false,0.04736026014512679,2018-02-04T14:16:08.517Z,"Hettinger, Goldner and Smitham",true
1cb7afd9-782a-4126-a23d-2b75387ea216,2021-12-01T02:59:17.053Z,Gillianstead,Vermont,Niue,-24.2314,138.6642,carpo,vulnero,tunc,utrimque,tenus,comedo,allatus,26,74.98497788487919,75,totus,0,1,3,true,0.13979442189187274,2019-05-12T14:36:48.388Z,Kassulke Inc,true
dee1b85e-7a32-4253-ad3b-353e378a1310,2022-07-25T04:45:14.461Z,Westfield,South Dakota,Eritrea,-28.5037,101.9927,cur,crur,abbas,arbitro,tametsi,brevis,sit,114,46.722669164587884,57,celebrer,5,2,3,false,0.06688406617453099,2021-07-03T17:12:25.231Z,Carter - Schmitt,false
54146e85-6080-41c6-b4c3-39b4d0d23d67,2023-01-01T14:15:41.152Z,Briamouth,Alaska,Lesotho,-38.4367,136.6987,stella,aegrus,cupressus,admitto,vobis,comburo,clibanus,129,36.00947485555939,66,sonitus,6,0,2,true,0.14188574653770658,2020-05-03T03:03:38.791Z,Ankunding and Sons,true
52b5bd14-ed7b-4aff-bc17-ad90e7c205e4,2023-01-09T16:45:37.664Z,East Karsonshire,Mississippi,Democratic Republic of the Congo,34.7484,109.0401,cognomen,deleo,vere,defungo,utpote,depono,triumphus,38,121.66300336789138,40,praesentium,1,1,2,false,0.15498407920563975,2023-05-27T08:44:11.782Z,Berge - Kunze,false
004a91af-1d19-401e-849f-154095411885,2025-09-17T00:28:13.160Z,Lake Bethanyville,Kansas,Pitcairn Islands,-45.9996,119.0374,inflammatio,expedita,cupiditate,quo,charisma,deduco,damnatio,128,49.44100077197906,97,coruscus,3,0,3,true,0.1649370913430436,2018-06-03T15:39:33.491Z,Romaguera LLC,true
edea9cc2-ea43-46d0-a17a-13f74dcd7726,2019-12-31T14:27:00.059Z,Biloxi,Vermont,Niger,34.8333,-69.4478,tenax,arma,pecus,veritas,aut,tergum,adulescens,70,198.48414771810155,79,deficio,5,2,3,false,0.06857942050244592,2023-12-02T12:37:59.862Z,Tremblay - Murphy,false
baa6548b-a8f9-41b9-8d60-9dbe4d4c1802,2019-11-21T20:31:49.688Z,South Bobby,New Mexico,Western Sahara,24.909,-175.1307,approbo,talus,subseco,velit,toties,bis,suffragium,115,61.92972889964342,39,tandem,2,2,1,true,0.23225749624078607,2022-05-31T22:29:05.930Z,Batz - Reichert,false
146168c7-81c3-47a4-affc-39687289ce6b,2021-12-07T03:48:13.203Z,Severn,North Dakota,Colombia,-18.9515,-121.9747,volva,denego,sit,vere,stillicidium,tabgo,thema,111,23.792568812465362,62,constans,4,2,1,true,0.19749833921689497,2024-01-06T05:09:45.121Z,"Wunsch, Runolfsdottir and Dickens",false
1c6f7e6f-5a17-4f77-b918-7b56e730e1a3,2018-01-14T05:50:09.147Z,Raquelworth,New Hampshire,Malawi,19.7156,177.9172,chirographum,demitto,adhuc,perspiciatis,confero,texo,damnatio,61,168.36290123961734,40,adflicto,1,1,2,false,0.2257116816864741,2023-08-25T23:54:02.960Z,Schimmel - Becker,true
8fdd4c8a-a0e2-4c47-8e28-0f5d529e65ef,2023-03-15T07:19:34.101Z,Carterhaven,Maine,Martinique,-55.456,14.5161,strues,comedo,cupiditate,tabula,vulgaris,delectatio,voco,20,127.38967608850267,19,combibo,4,2,5,false,0.08141611317476649,2024-07-11T20:50:31.610Z,Feest LLC,true
d77e2ed6-54bd-4725-ba35-130c215cbc50,2021-02-18T02:09:13.921Z,Woodrowcester,New Hampshire,Thailand,61.5886,136.9939,tabella,casso,suppellex,brevis,labore,decumbo,curia,31,45.29330491474386,18,nihil,0,2,2,false,0.18336994508093607,2023-12-08T03:21:24.247Z,"Armstrong, Kihn and Cartwright",true
ca6858bb-7e87-4ccb-b35b-2f3f2b8f4d16,2019-04-10T16:02:06.548Z,Fort Alfredbury,Iowa,Iceland,14.311,-170.5513,vomito,cervus,veritas,tergum,conventus,correptius,canis,86,217.82383129327124,84,thesaurus,3,2,3,false,0.10141456919336883,2019-04-22T17:41:59.050Z,"Sawayn, Rosenbaum and Windler",true
86a86ef4-21ca-40d8-a8b0-fa67714342e2,2023-12-16T22:19:46.328Z,Wintheiserton,Nebraska,Uzbekistan,42.2306,102.8046,delinquo,verus,capillus,adopto,tonsor,adipiscor,modi,31,106.18763106049633,94,avarus,0,1,4,false,0.2088058597641135,2020-12-03T22:00:51.794Z,Klein Inc,true
4dac6134-c189-4596-b02c-ee592379b115,2019-01-23T15:46:31.323Z,Fort Smith,Maryland,Cambodia,36.2157,28.1054,tenuis,crux,verto,adfectus,tremo,agnitio,socius,116,198.80957904941565,18,vos,1,2,5,false,0.24139708872132545,2023-07-19T06:37:43.677Z,Sawayn and Sons,false
b7285f08-2914-4703-9f42-07d0de04b22a,2019-09-17T21:42:20.526Z,Chetton,Virginia,Papua New Guinea,-66.6268,133.1626,acies,provident,subvenio,desipio,at,angustus,clamo,94,213.04119875633057,69,statim,2,1,4,true,0.15348084017760935,2020-09-18T19:49:24.620Z,Fritsch - Morissette,true
a3435187-8fa7-4d47-be79-ae5e36915e12,2023-05-20T14:39:26.372Z,Fort Domenica,New Hampshire,Hong Kong,65.0354,42.5372,aetas,dolorum,voluntarius,inventore,copiose,aestas,adhuc,78,109.84748425969117,87,vulnus,0,1,2,false,0.07825058689700234,2018-08-31T21:29:40.948Z,Dach - Koepp,false
72d55262-8882-4f35-b2fb-4beee396aef8,2020-11-18T15:46:03.081Z,San Jacinto,Wisconsin,Russian Federation,51.1264,-31.5457,alioqui,quod,aestas,strenuus,tactus,usus,comes,31,18.912206031689863,62,culpo,2,0,2,false,0.00991578891792877,2025-02-28T02:03:40.918Z,Gerhold - Lehner,true
432892e9-13d8-4d99-a7c2-cd07dfd745b5,2018-10-17T07:56:20.749Z,Port Nicoton,New York,Botswana,47.47,83.2646,curis,angulus,coniuratio,vehemens,sum,deleniti,denique,119,110.25552216177216,93,dolorum,3,1,2,false,0.08633524563729189,2025-03-21T19:38:35.973Z,"Weber, Feest and Block",true
037f90c1-368f-4e08-a4b5-b1364975ef26,2022-01-03T07:46:15.856Z,Mattmouth,Idaho,Montenegro,-16.5176,156.2852,patior,ars,nulla,caute,quos,abundans,campana,127,219.86516896425738,77,id,4,1,4,false,0.21210157861482082,2023-02-11T00:27:03.522Z,Gerlach and Sons,true
399a193a-43b3-4a8a-9f0f-9d4f9d77ba8b,2020-06-09T05:57:35.532Z,Lake Sincere,Mississippi,Japan,37.0827,-128.097,non,speciosus,demens,vicinus,defluo,volva,tergo,91,139.5874348978952,58,coadunatio,3,0,4,false,0.10935295436312031,2021-08-19T14:00:03.293Z,"Pagac, Lockman and Weissnat",true
f189756a-8cc6-40ff-ac24-ad31a240b232,2022-01-14T19:10:41.314Z,Londonborough,Maryland,Poland,-10.393,-171.2041,xiphias,convoco,crinis,tabula,vero,votum,virtus,51,140.4565217727872,62,nemo,5,2,2,true,0.2005669354692858,2022-10-29T07:53:34.980Z,Balistreri - Roob,false
aa5e023c-c068-456a-a961-73a4dfa71e30,2023-10-02T10:40:00.094Z,Fort Summer,West Virginia,Congo,-37.0608,47.668,pecco,ex,suppono,ullam,utique,libero,dolorem,106,110.60453523055955,92,crinis,5,1,1,true,0.2168217071956265,2018-03-06T07:07:51.087Z,Johnson Group,false
21c98c97-d7d9-47a3-8250-efb7699f31be,2021-12-13T03:39:46.071Z,Pourosfield,Illinois,Oman,37.9469,-162.8289,curia,volubilis,aureus,alter,nulla,demoror,iusto,54,57.57616515624554,54,vetus,4,1,3,true,0.04915761085052059,2024-12-25T01:31:19.498Z,"Muller, Feeney and Miller",true
5cf05dee-137b-41b0-9d50-7078c8f37755,2024-10-28T12:37:25.748Z,Heaneyview,Washington,Qatar,71.0216,161.0278,audio,basium,ipsum,aduro,summopere,vapulus,cupiditate,32,66.72575960014139,88,terreo,5,1,3,true,0.0038254959282550405,2021-04-25T14:27:18.431Z,Yundt - Leffler,false
5ccf5944-9937-4d20-bb57-ebf5d102ddee,2021-04-06T23:47:20.075Z,Provo,Wisconsin,Norfolk Island,-83.082,41.6104,canto,at,auctor,suadeo,testimonium,balbus,charisma,38,33.309302360780805,91,tendo,0,0,1,false,0.11815101531937852,2019-04-07T05:55:58.345Z,Kuhlman - Treutel,false
764da2aa-cbdb-4c95-bf39-17e63709c26d,2025-07-14T19:54:50.913Z,South Lucioport,Wyoming,France,-30.7935,-107.9475,clamo,conventus,dolores,amita,fugit,ago,caelestis,47,89.75750948385482,99,arbitro,4,1,2,true,0.06561723956894636,2020-12-19T21:14:49.347Z,Zboncak - Schowalter,true
65f06ff5-612a-4913-8495-86d799987eab,2018-02-21T21:26:18.736Z,Mullerport,Kansas,Zambia,-56.3944,5.6879,infit,subnecto,confugo,in,architecto,cernuus,triduana,116,90.35780230967211,79,tergo,5,1,4,false,0.10072321631755779,2024-11-25T18:32:07.367Z,Tillman - Langworth,false
3a3b437d-18f8-4461-8007-4929af40bcb6,2024-05-16T20:43:45.480Z,Terryview,New York,United States Minor Outlying Islands,-37.5986,11.1959,vox,abbas,ipsam,conatus,taedium,succedo,cogito,108,205.26270810260587,36,cibo,0,1,5,true,0.11941569892260895,2023-12-12T10:18:17.010Z,Roberts LLC,false
fa4f2519-873f-428a-a352-a0c7b03962a0,2019-09-22T04:39:47.592Z,New David,Oklahoma,Cameroon,-88.8633,20.3557,carbo,atqui,asporto,nobis,certe,rem,cado,54,58.50451127681137,23,tenuis,2,0,5,false,0.0718258358696485,2023-04-08T22:00:55.565Z,Schaefer - Stokes,false
231bbb87-fd70-4637-9f79-dee75c6a11d2,2023-05-22T06:41:26.042Z,Veumchester,Virginia,United States of America,1.4071,-19.3926,tergo,ciminatio,ambulo,vae,inflammatio,abduco,subvenio,80,150.3899296206547,96,defaeco,3,1,5,true,0.18844157008517395,2020-12-08T03:49:52.968Z,Ritchie - Schulist,true
cd4ed242-48ce-4cf5-96e2-1fba97712fbc,2020-07-02T13:56:30.806Z,Wolfborough,Georgia,Luxembourg,59.2126,-71.9322,defendo,aut,convoco,despecto,corrigo,spero,aegrus,111,151.11118973436538,35,patria,4,2,5,false,0.0034453267129198606,2021-10-17T04:38:54.748Z,Stroman Group,false
006778f8-023a-4549-a69b-008d207bf647,2025-07-05T11:58:33.136Z,Schinnerport,Maryland,Angola,14.6654,73.7838,crur,supellex,callide,bene,sonitus,verto,concedo,100,60.16211059002063,39,solitudo,6,0,5,true,0.1687036390049246,2025-08-07T15:03:58.686Z,Rempel - Effertz,false
c5ce97b9-4143-4476-bdf3-7df1b3d0ee7c,2022-12-18T18:38:08.313Z,Deborahside,Connecticut,Uganda,-78.5886,-160.1817,confido,alter,speculum,vitium,bellum,eveniet,caritas,112,97.95744784431788,36,corrigo,5,2,3,false,0.01727069718235763,2018-11-07T09:43:58.430Z,Powlowski - Tromp,false
2c7e653e-02b6-4f18-86c9-fa3c00c12ccc,2024-08-25T10:26:53.308Z,Reichelberg,Wyoming,Nigeria,5.1327,-155.4051,carcer,advoco,vulticulus,coaegresco,degusto,temperantia,aequitas,52,8.772428259575662,51,creta,2,0,4,false,0.21318497233849484,2019-02-28T07:05:02.897Z,Konopelski and Sons,true
25786fd5-186b-4e66-aaaa-8d8f8b49c4a4,2024-04-17T13:34:18.494Z,West Seneca,Alabama,Zambia,66.6826,-115.2697,numquam,tristis,color,carcer,ambulo,ventito,callide,100,207.9466295933498,52,abduco,2,0,3,false,0.11039096150057262,2023-07-22T21:04:47.652Z,"Howe, Green and Heidenreich",true
0c44d412-c603-469a-abe2-7e8c3abafbe9,2022-07-01T07:34:24.130Z,Tracy,Wisconsin,Croatia,-89.9492,-152.4341,nemo,capitulus,articulus,cito,vilitas,allatus,calamitas,117,34.93266024376895,24,admoneo,3,2,2,true,0.049162115475959056,2018-07-07T15:15:34.286Z,"Steuber, Hauck and Gerhold",false
b395ecb2-c1c6-4bd5-aa8f-e0fbdc440522,2024-07-28T11:51:13.712Z,New Gabriel,South Carolina,Mali,49.9472,-16.0865,creber,delicate,verecundia,textor,civitas,sumo,traho,22,0.8443580126596917,85,aetas,0,2,1,false,0.026858160659140762,2023-05-28T02:16:52.132Z,Zieme - Hane,false
14433e57-3e53-4860-9c91-9477c1e7e29b,2020-05-26T03:40:40.875Z,Sawaynfurt,Minnesota,Syrian Arab Republic,36.6118,-55.7281,vulnus,carpo,tergo,sequi,civis,nostrum,tenus,52,98.20936780623558,61,audio,1,0,2,true,0.06879587134601245,2020-11-07T04:56:25.508Z,"Wilderman, Jast and Langosh",false
0bb47485-b4fd-4d6e-b01b-60516c86cdd5,2021-09-11T21:49:07.908Z,East Kiara,Nebraska,Barbados,69.9414,179.428,creo,magni,eum,arbustum,capitulus,claudeo,sono,77,67.16464047737968,58,talus,0,2,5,false,0.1658212203259887,2021-04-17T21:12:35.053Z,Gleason Group,false
c01480f9-1379-4509-a3d5-a9ea66968e70,2023-05-09T19:32:16.053Z,O'Connellshire,Idaho,Heard Island and McDonald Islands,56.9808,90.03,alias,vicinus,curtus,spiculum,adduco,calcar,adipiscor,95,52.244894168271244,42,demitto,0,0,3,true,0.24154495906780027,2022-10-28T06:09:01.817Z,"Marquardt, Schaden and Yost",true
ae2372ca-5c92-4927-b417-89a19753a418,2020-04-18T15:49:21.743Z,North Savanah,South Dakota,Panama,73.4327,113.8342,pectus,quasi,bene,voco,adiuvo,natus,laborum,35,182.37145596946885,16,non,4,2,1,true,0.18510566559034808,2024-04-23T12:29:15.791Z,Purdy - Huel,true
2d53e226-065b-4b55-86ec-a58b19e76e22,2018-09-04T22:00:49.831Z,East Tevinview,Montana,Guam,-35.754,-74.1386,tardus,ventus,tunc,depopulo,vulgus,utpote,virtus,78,187.6571169295776,33,uberrime,4,1,3,false,0.09011751434286583,2020-01-12T22:31:54.894Z,Schultz - Lockman,true
fd507749-38cd-4081-8d4c-154ee015b1bd,2018-03-04T06:01:52.789Z,Port Dorian,Arizona,Namibia,-0.1901,86.8781,censura,vindico,teres,blandior,credo,corrigo,curis,101,196.49972745953784,95,molestias,5,2,2,false,0.1821209289655171,2022-01-01T11:56:40.389Z,Walsh - Kihn,true
81c9be05-db29-43c6-9bce-78f88d3b5cc8,2022-05-28T21:53:06.507Z,Hahnshire,Texas,Belgium,-62.9401,86.8402,utroque,eveniet,minus,tempore,alii,vulgo,amicitia,80,42.051666196570146,56,complectus,6,2,4,true,0.03173869112826311,2024-02-26T01:36:07.709Z,Hamill - Will,true
8837390d-6075-4a96-b039-49adecddb518,2023-04-25T15:56:46.209Z,New Rowenacester,New Jersey,Finland,88.8539,135.3916,quasi,stillicidium,adduco,teneo,arbor,summa,expedita,44,113.85856489564287,75,degero,6,2,3,true,0.09030469419486242,2025-06-22T01:49:58.976Z,"Collins, Mayer and Bernier",true
eca4ddc9-a9ca-4b49-826f-cbc0f4f016ae,2019-07-05T13:26:08.628Z,Lake Madeline,Maine,Spain,15.2782,65.6789,impedit,cupio,crudelis,arma,vulticulus,cupiditas,verbera,21,78.21824357410188,71,sapiente,4,0,5,true,0.15291202955530872,2020-03-20T20:00:02.327Z,Bergnaum Group,true
fba3f371-dd62-4120-8e66-4c0b17959924,2021-11-28T12:47:05.805Z,Lake Skye,Pennsylvania,Madagascar,-71.5857,-171.6067,quasi,appono,vesica,impedit,voluptate,atrocitas,saepe,84,222.48426771877664,26,absum,0,0,2,true,0.22057794659650123,2020-09-13T07:36:21.697Z,Bernhard Inc,true
2ff79ad8-dd9c-40a4-831b-12d1624df543,2025-04-01T10:23:22.334Z,Abelardoville,South Dakota,Saudi Arabia,38.4851,59.8038,tempus,natus,vulgivagus,colligo,crudelis,confero,deludo,116,11.579789604101913,93,callide,6,2,5,false,0.17479892596433239,2025-09-30T00:24:09.755Z,"Effertz, DuBuque and Graham",true
bd4c80c7-418d-48fd-b4a3-34be92a6283d,2018-04-13T06:26:58.395Z,Cristton,Alabama,Nepal,-72.4105,94.6821,sequi,conitor,trado,socius,non,bonus,deficio,33,238.75736175958377,48,conspergo,1,1,1,false,0.04113735365734078,2025-07-15T14:42:00.008Z,Lueilwitz Inc,false
35cd00e5-2c1f-4598-8737-678ed4d3426c,2021-12-24T12:21:25.796Z,Maricopa,Vermont,Cuba,-60.9117,-76.6047,angulus,adipiscor,officia,articulus,torqueo,caveo,arbustum,45,132.20921664657618,80,tantum,2,0,2,true,0.19741852848454697,2019-11-16T12:11:11.973Z,Volkman - Kuvalis,false
9ee6fe23-6e4f-4f28-8ebc-e757d62b70e3,2019-06-02T02:38:11.174Z,East Queenieview,Oregon,Guadeloupe,61.3681,-44.2796,ducimus,fugit,campana,eius,alias,vigor,centum,107,61.219312612564785,28,tenetur,6,2,4,true,0.19924676066806485,2018-12-30T10:22:02.601Z,Funk Group,true
69f32545-ee2f-48dc-8a0f-aea1045c1cdc,2021-05-09T16:59:46.313Z,Fort Lindafurt,North Carolina,Botswana,-43.1452,108.235,ipsa,adulescens,titulus,deficio,vindico,credo,theca,49,90.28357247145634,29,tot,1,2,5,true,0.21628758039767873,2019-08-11T07:33:26.942Z,Douglas Inc,true
e2dbbf5f-08af-481a-b916-77b21e4d38b9,2025-10-01T23:44:40.869Z,Marcellusstead,Indiana,"Bonaire, Sint Eustatius and Saba",-64.3666,-76.0605,sit,vulgaris,viscus,contabesco,arbor,collum,via,20,232.80922536351812,59,ver,6,0,1,true,0.1397504703932935,2018-02-01T10:34:02.846Z,Johnston LLC,false
857dc280-3fec-4c4b-bd95-f087f37907ee,2019-03-12T19:20:59.505Z,Monahanmouth,Tennessee,Costa Rica,48.2671,-139.0272,alter,stabilis,concido,quod,decor,aliquid,vae,121,134.36124379427523,41,dolorum,1,2,5,true,0.04678354241058341,2019-04-24T04:25:11.148Z,Leannon Inc,true
4e50b21f-af24-4b28-84f5-299d0fff773e,2022-12-19T04:27:25.871Z,Kovacekworth,Iowa,Switzerland,15.0624,157.2223,iusto,una,sunt,teres,provident,auctor,subseco,106,204.02531121620572,53,minima,4,1,2,false,0.004004259855598047,2025-05-31T09:24:08.511Z,Borer Group,false
7c6cb193-87bd-4b4b-b7b9-3acbe8421a57,2020-02-01T03:43:33.102Z,Kautzerfield,Idaho,Andorra,-44.5568,117.8662,colo,arbustum,sequi,spoliatio,vesica,quis,supra,51,239.84652408548993,50,tabernus,0,2,3,true,0.16403335626527998,2020-02-24T17:24:05.144Z,Harvey - Renner,true
965bf04a-70e2-4b0d-aa2d-7846519730fe,2024-09-05T22:02:58.993Z,Fredrickshire,Michigan,Saint Kitts and Nevis,46.1794,-45.4195,quos,crinis,tumultus,celebrer,caput,delectus,somnus,24,205.1186762534471,90,harum,2,2,1,true,0.0711329481338617,2023-03-05T21:23:25.464Z,Collins - Smitham,true
addf5b42-e5f8-4bd0-8229-0555795f53fa,2023-12-03T19:46:54.820Z,Asheville,Missouri,Luxembourg,79.7016,121.1446,contigo,decerno,cubitum,uterque,tibi,ater,dolor,81,196.6329492320484,27,cultellus,5,1,5,true,0.24328238551644574,2022-10-30T08:21:27.445Z,Buckridge Inc,true
81d852c7-cff1-4705-9a09-c50a349f5d87,2023-03-28T02:41:25.224Z,Daleland,Louisiana,Netherlands,40.0837,141.5734,cubo,substantia,uredo,non,cognomen,curtus,aqua,110,113.20050482860071,33,dignissimos,2,0,3,true,0.1069648256755909,2024-03-04T13:12:36.913Z,Mayert LLC,true
1fbf25b0-c238-4fff-b662-4cf7fa2c35d8,2021-06-10T15:24:10.851Z,Madisynmouth,Washington,Senegal,1.3092,158.4312,aiunt,acsi,curatio,admitto,solvo,quibusdam,spero,88,133.3838945094047,35,perferendis,1,2,1,true,0.0840225237944478,2025-08-13T11:23:49.105Z,"Yost, Watsica and Schowalter",true
1786a56d-3546-4528-a8ff-08311e838236,2022-05-19T14:25:12.443Z,Orionchester,Nevada,Papua New Guinea,73.0334,-58.695,umerus,utor,voluptatem,aut,tempore,tumultus,delibero,91,40.29244341349788,54,sublime,4,2,1,true,0.20746084185540717,2021-09-15T07:46:05.452Z,"Reichert, Reichel and Ziemann",false
c2f42182-39f5-4182-9fa4-18535c228117,2021-11-11T08:49:35.959Z,West Wilfrid,Louisiana,Sint Maarten,-59.6648,161.3215,cilicium,creber,demoror,itaque,antiquus,stips,atavus,85,134.56457634714494,90,cibo,0,2,2,false,0.06963622198759553,2018-02-15T07:15:01.181Z,"Walker, Terry and Weissnat",false
0559b2a5-7764-491c-bed8-b2ed51468483,2023-03-04T22:43:57.419Z,New Haven,Illinois,Mauritania,-32.3971,155.3121,culpa,cohaero,vitae,ante,aiunt,teres,tersus,129,144.3559544653703,69,cotidie,0,1,1,false,0.11936683463324171,2022-01-20T07:05:02.983Z,O'Kon LLC,true
cbe457c7-8d83-42a8-903b-bb38887dd40b,2020-02-01T08:16:43.861Z,New Lee,Oklahoma,Maldives,-58.1703,166.2415,autus,crinis,desparatus,vesica,recusandae,patria,subseco,34,35.536346401011826,48,crux,3,2,2,true,0.11719236654454232,2021-12-06T07:27:45.506Z,Lynch - Walker,false
e22e37c6-2915-4f9b-9c49-623b47e0f145,2019-04-17T09:28:01.791Z,Port Elise,Massachusetts,Palau,7.8,-143.7738,cultellus,vesica,solus,aedificium,terebro,deludo,turba,89,45.719472219225956,45,absorbeo,0,1,3,false,0.15936056421868472,2023-01-14T09:33:35.632Z,"Bernier, Ryan and Schuster",false
42fa5ac7-2a37-4b5e-b525-f63cfc5a2ee7,2022-04-09T03:53:51.265Z,North Narcisofield,New Jersey,Bouvet Island,-72.7516,-20.883,ducimus,accusator,conicio,spero,dolores,neque,deinde,48,46.91588219964562,81,terebro,0,2,3,true,0.10918528795444168,2019-08-23T14:08:15.852Z,Barton Inc,false
8eb7cb3f-e61b-4efc-858e-0230ed85ca34,2018-04-04T10:53:42.218Z,Port Sibyl,Kentucky,Republic of Korea,-35.8836,-169.4372,ipsa,amicitia,dedico,copiose,ultio,arx,deripio,36,131.41691120913282,57,calculus,6,2,5,true,0.04792662745882226,2021-10-10T14:08:05.160Z,Nolan Inc,true
1d911df2-d8b5-45fb-b8a9-4b3705a37eea,2024-09-21T19:59:01.968Z,Kovacekstad,Tennessee,Honduras,-48.3009,-102.593,pecto,verto,tergiversatio,demo,auctus,correptius,tabesco,79,129.50104709211394,87,coerceo,6,2,4,false,0.13868043922036252,2023-06-30T13:50:25.816Z,"Berge, Shields and Yundt",true
f21f0fb5-dcdd-4ba3-ac89-e7571188673f,2019-06-06T12:37:01.768Z,Denesikborough,Tennessee,Turkey,-42.3526,98.4917,aequitas,sub,adflicto,antiquus,atrocitas,amor,bos,123,119.27088433571105,67,tam,6,0,5,true,0.23060302793547932,2023-05-11T02:17:07.333Z,"Feeney, Keeling and Larson",false
020398a3-8df8-46f8-bffd-682e88caeb9d,2019-12-07T00:55:50.940Z,Weberfield,New York,Nigeria,89.5798,112.1177,taedium,toties,nisi,tripudio,reprehenderit,defessus,fugit,62,154.2107155140029,75,repellendus,6,1,4,false,0.03150508912889027,2025-04-23T02:38:55.656Z,Ziemann and Sons,true
dea14c83-14e3-4912-b010-a49636b5f1c8,2021-08-08T09:20:26.883Z,West Kallieport,Illinois,Guadeloupe,7.9192,-6.1069,civitas,ex,conforto,admitto,cubitum,vir,vinitor,44,186.37950479950268,53,tendo,1,2,3,false,0.07135810712278978,2024-04-18T16:32:17.404Z,Volkman - Klein,false
251e5ca0-233c-4bb1-b45e-cb05e55e21bd,2025-07-10T16:11:14.221Z,Sunnyvale,Alabama,Indonesia,-65.2873,158.7971,depulso,toties,pariatur,occaecati,somnus,cariosus,colo,84,156.47723922389207,95,civis,4,2,3,true,0.21725626617691826,2025-11-22T21:03:53.189Z,Wuckert - Kuvalis,true
c3536e64-71e8-4c39-9e1d-32cf646b767d,2025-12-23T19:16:16.128Z,Olinmouth,Oklahoma,Congo,-64.2316,22.9217,impedit,trado,tremo,crepusculum,toties,commemoro,corpus,74,43.224586154027435,68,copiose,4,2,4,false,0.022015625775485687,2019-02-01T13:31:01.974Z,Torphy - Predovic,true
a1432046-29aa-49ec-a6a1-ef37d0d51938,2023-05-21T18:24:22.329Z,Streichview,Nevada,Tunisia,-71.0341,-88.6209,ubi,temptatio,admiratio,adeptio,excepturi,vito,viridis,115,140.37745254555796,41,solum,6,2,2,true,0.1242336707337379,2019-06-13T19:23:56.410Z,Stanton - Zboncak,false
313fb317-52ba-4e7a-8454-00af397f3aea,2018-08-10T18:51:47.117Z,Jacobiborough,New Jersey,Isle of Man,21.9477,160.7392,sapiente,thorax,crapula,cetera,copiose,animus,vester,59,65.14581661502437,61,vulpes,1,0,5,true,0.2477155811191821,2025-10-16T08:33:31.281Z,Stanton Inc,false
ac285c08-97e7-4b63-bc28-7a4444d95375,2025-04-19T08:36:25.914Z,Port Lomamouth,Delaware,Sao Tome and Principe,-59.59,-138.7206,corrigo,clamo,tenetur,somnus,textus,sui,tubineus,41,217.79786891240303,94,cinis,1,0,2,false,0.09972890365122089,2019-12-27T10:03:55.187Z,"Pfannerstill, Wintheiser and Kunde",false
68e3d85e-261a-49ff-b5fc-bd7d7520d065,2021-01-24T22:07:01.669Z,Fort Averyside,Georgia,Botswana,-7.9244,127.3187,necessitatibus,comptus,comptus,defessus,atrocitas,tergo,placeat,100,64.0691660867322,63,bardus,6,2,2,true,0.24241752039232733,2022-12-16T04:44:13.374Z,"Anderson, White and Cummings",false
193a544c-ae3c-4b95-a008-2acb8809440f,2019-12-28T02:02:16.501Z,West Lilla,North Dakota,Tajikistan,-68.9653,-24.5977,conatus,tunc,valde,dapifer,combibo,delicate,vero,76,142.87588628709253,37,vado,4,1,4,true,0.03536555418439988,2022-08-15T20:43:11.740Z,Boehm and Sons,false
3781cc3a-a25b-4333-ae96-102d32cd83fc,2025-06-15T05:00:31.781Z,New Pearl,Michigan,Guadeloupe,10.329,-172.0946,cubicularis,adicio,libero,appositus,defendo,pecus,quae,79,84.51091006533933,41,centum,0,1,1,true,0.015166002837964404,2021-10-22T18:26:02.946Z,"Stoltenberg, Strosin and Flatley",false
b440f767-fef6-4359-bcdd-7390ac63390d,2020-07-04T22:05:31.433Z,Wauwatosa,Wyoming,Algeria,-0.2617,53.2111,comburo,accusamus,magnam,depereo,tripudio,adhaero,animi,35,191.51278275544422,79,cresco,1,1,1,true,0.11411118144690843,2021-04-22T15:34:19.540Z,Hauck Inc,false
16196bfb-71df-4dde-bf7b-c3c7d204cf1b,2018-02-26T10:26:58.194Z,Brentwood,South Dakota,United States of America,-19.1137,-108.1804,quasi,admiratio,calcar,solitudo,stultus,damno,cursim,57,222.00805032262227,26,bellum,3,1,2,false,0.15247255120631148,2025-12-11T18:49:00.096Z,"Koepp, Miller and Kutch",true
fa4cd1bb-d4ff-4260-a14f-97265548f934,2024-12-20T21:59:00.208Z,West Christop,Oregon,Lithuania,58.8107,-123.9056,credo,verecundia,thesis,acervus,stella,ter,stipes,130,217.68131578591743,98,nihil,6,1,2,false,0.013066367532761497,2018-08-11T10:36:39.892Z,"Kreiger, Gleichner and Zieme",false
cb9f92ee-312a-4425-b18e-c1154f4a7f02,2023-09-15T13:30:06.453Z,Walkercester,Missouri,Northern Mariana Islands,7.8036,-131.6927,versus,voluptates,fugiat,testimonium,adipisci,volup,thymbra,114,1.29071264422012,88,uxor,5,0,5,false,0.09118688430743463,2022-06-23T11:42:01.799Z,Parisian - Armstrong,false