accident_id,incident_datetime,city,state,country,latitude,longitude,road_name,road_type,intersection_type,accident_type,weather_condition,road_condition,light_condition,speed_limit,actual_speed_kph,driver_age,driver_gender,casualties,fatalities,vehicles_involved,alcohol_influence,blood_alcohol_level,weather_reported_at,reporting_department,pedestrian_involved
c9eb8b6e-0451-4fc3-871a-affcdcd9493f,2024-08-30T05:13:15.307Z,Balistrerihaven,Indiana,Ethiopia,78.7494,-138.5774,una,vestrum,utroque,suspendo,quasi,suasoria,consectetur,119,49.65219694453105,27,uxor,5,2,2,true,0.11175478505206526,2025-10-06T02:02:33.179Z,Reilly LLC,false
bb4af6c2-ba10-42e6-9006-59224ffb3bf3,2019-11-14T19:52:43.962Z,Auerstead,Louisiana,Falkland Islands (Malvinas),79.8196,49.8767,vacuus,decerno,ipsam,cum,necessitatibus,tergeo,clamo,52,196.96669081180738,27,unus,3,0,3,true,0.2051443828744262,2025-12-02T10:22:16.448Z,Buckridge and Sons,false
7e09f696-ce4a-4726-92cd-bb882e4a3638,2020-10-06T15:40:34.834Z,Erie,North Carolina,Sao Tome and Principe,86.5961,-53.7575,cuppedia,tabesco,quos,verecundia,atque,tersus,ventus,26,113.44997462682346,41,suggero,2,1,5,true,0.1010002286149452,2023-09-11T02:26:24.833Z,"Heidenreich, Keeling and Mante",false
154d0ae4-432a-4f16-9e85-e2e0d8db691a,2025-01-02T18:56:34.507Z,Nolanville,Colorado,Rwanda,33.9908,57.027,arto,quia,sono,tyrannus,compello,cibus,caste,59,138.50474536477847,43,socius,4,0,3,true,0.1476067872292718,2021-09-25T06:15:20.499Z,Harris Inc,true
ba701b59-2209-44ac-859c-62c7ec478a18,2024-12-16T23:27:15.388Z,Port Isai,Montana,Macao,-88.4974,-124.1723,adamo,volubilis,desino,angustus,spiculum,cras,aut,97,103.28507176198292,16,illum,3,2,5,true,0.21009988617826614,2022-01-13T07:03:12.330Z,"Jakubowski, Hickle and Metz",false
897a231d-45f1-48cb-8b67-db6ba977d302,2021-05-12T13:46:49.650Z,West Emilland,New Mexico,Gambia,-31.0118,148.0074,spectaculum,argumentum,vomito,vallum,eligendi,voluptatem,catena,78,21.625750621598794,88,approbo,6,0,4,false,0.11563319919758944,2018-02-27T05:13:45.971Z,Zieme LLC,false
a750a7de-1544-447a-a732-22176fbbcf3e,2023-07-20T10:41:14.186Z,Mariannehaven,North Carolina,Guinea,24.4675,9.2266,termes,denique,vinitor,curia,vesco,alioqui,aduro,92,175.47852068642288,78,consuasor,3,2,1,false,0.0561478297501142,2023-05-19T12:49:30.399Z,Dickens - Jaskolski,true
0eeb997d-17c5-4eaa-be31-1d0cc1c868d2,2024-04-22T08:55:32.466Z,Skilesworth,Iowa,Poland,-65.4957,77.9552,defessus,tabernus,taedium,utrimque,alo,valens,sollers,82,202.70615563969483,84,reiciendis,1,1,3,true,0.043480487991468864,2023-12-25T21:37:16.313Z,Schmidt - Wyman,true
112c190c-7809-491d-8c8a-ee74a4fbdaf8,2025-08-12T17:16:14.815Z,Pocatello,Tennessee,Vanuatu,-57.9559,94.5809,venio,arx,ante,sto,ademptio,cognomen,vix,56,169.36527810971353,91,paulatim,4,2,5,true,0.06475998045206685,2021-12-19T19:47:24.158Z,Robel and Sons,true
83a523cf-25a6-40e6-b11e-ace5d1890723,2021-04-20T06:49:04.546Z,Rapid City,Mississippi,Montenegro,7.1405,95.92,abutor,aurum,currus,tero,turbo,congregatio,contabesco,96,57.01311766159971,20,acervus,4,1,5,false,0.004380718901827452,2024-08-28T23:43:25.039Z,Hegmann - Heidenreich,false
3fdf2a61-8699-44f6-b766-d53f2564998e,2024-10-08T18:02:47.452Z,South Ivory,South Dakota,Malaysia,30.9909,134.2066,defungo,stipes,aeneus,villa,ager,paulatim,eum,113,202.32444444290232,75,virgo,2,2,5,false,0.10424442430283007,2023-07-31T20:23:33.040Z,McClure Group,false
d0670296-fd72-43ef-903e-eb58038f0987,2025-10-08T11:51:59.311Z,Eau Claire,Indiana,Netherlands,-68.1615,-39.8862,aequitas,nam,ulciscor,crapula,caries,argumentum,tunc,62,55.49200839585083,51,caput,0,0,5,false,0.04920644797279472,2019-04-22T08:19:15.191Z,"Wunsch, Cremin and O'Hara",true
b577c4d8-77d5-4bfb-ac54-5d29e55c0897,2019-06-08T04:46:46.600Z,Hahncester,Michigan,Mozambique,89.0907,142.4103,solium,inflammatio,cedo,corporis,arx,amor,benigne,26,173.30809599292851,29,deprimo,4,0,3,true,0.10447678795235407,2023-12-30T23:38:12.920Z,Price - Flatley,false
58fd56c3-d0ba-4e0b-bb48-982cbba9daee,2018-02-25T04:44:19.551Z,Lake Forest,New York,Cook Islands,17.8264,-172.1232,dolor,amiculum,vitae,caute,hic,labore,timidus,50,70.77448383151736,81,despecto,1,0,5,false,0.11853900929802574,2024-01-12T01:14:07.892Z,Zboncak Inc,true
652dafb1-149c-49e2-88d3-a037ac17b902,2024-11-19T19:00:15.096Z,Alenachester,Alaska,French Guiana,3.5208,-125.559,decet,cunctatio,quod,appello,vulnero,tumultus,conservo,74,208.38948355862132,96,rem,1,0,4,false,0.02385661694315591,2022-08-29T05:44:13.194Z,Conn - Denesik,true
d6ebfe88-9054-4e09-b965-efb6fa18c98d,2022-01-06T20:14:20.172Z,Nolanton,Mississippi,Solomon Islands,-64.3647,1.9038,ipsum,valens,antiquus,vae,architecto,tantum,patior,66,91.52401120170171,91,cibus,6,1,5,false,0.18190773176246638,2023-08-16T05:03:16.882Z,Ortiz and Sons,true
c40bb7b5-e911-4ce8-9a27-4c333141e4fe,2018-06-18T11:48:35.925Z,Port Katelynn,Indiana,Antigua and Barbuda,-22.4365,113.3837,inventore,clarus,amissio,curvo,possimus,corpus,dolor,22,14.770365369541674,42,damnatio,3,1,2,true,0.15230144596652387,2020-10-05T04:05:26.410Z,Jakubowski - Conroy,true
6f5cf2c4-a707-4576-84ed-5a0102a58562,2025-05-16T03:46:38.031Z,West Madysonport,Tennessee,Saudi Arabia,-77.0786,64.7533,bis,uxor,patrocinor,vinco,cenaculum,appello,eveniet,20,2.913382290137738,94,bene,4,0,3,false,0.2128076166407142,2020-05-06T02:27:28.617Z,"O'Kon, Howell and Rolfson",true
e76a3e6a-01bf-43a6-bdf8-92ec5fab669b,2022-01-23T04:59:31.323Z,Zakarystead,Iowa,India,34.0843,145.7253,commodi,spoliatio,praesentium,uredo,super,amplitudo,asperiores,68,1.5433243444891698,92,sto,4,1,4,true,0.16902101867111216,2019-09-30T22:47:46.765Z,"Littel, Swift and Macejkovic",true
c9c99cac-0a08-4042-a871-f1f7fc2bb807,2018-03-28T18:20:04.532Z,Colliercester,Arizona,Libyan Arab Jamahiriya,-87.0854,-175.514,tenus,cogo,patria,textus,apud,suffragium,vorago,107,9.086127426823092,33,defungo,4,0,5,false,0.21295927970026363,2023-06-09T12:47:45.644Z,"Krajcik, Wisozk and Wisozk",false
f62c72e6-9e88-453f-b430-44361f0cfc81,2023-12-01T00:50:06.687Z,Josianestad,Nebraska,Marshall Islands,-83.2971,-133.0604,versus,demitto,angustus,cras,tactus,amissio,derelinquo,31,65.2815268942554,93,iste,4,2,1,false,0.04502831993771214,2025-09-03T02:54:41.190Z,"Gutmann, Weissnat and Roob",true
5f73260e-b5ab-457e-bf5e-c982cdd632c6,2019-03-07T17:31:28.462Z,Kuhnberg,Missouri,Svalbard & Jan Mayen Islands,-30.5649,-138.947,adulescens,aspicio,veniam,attollo,adipisci,toties,depono,85,118.81826236917794,82,custodia,3,2,1,false,0.09017576562699164,2019-08-11T23:28:00.402Z,Skiles Inc,true
b604bdcf-614d-494c-af2f-2052e8cb2d9c,2024-01-02T07:06:12.392Z,Cranston,South Carolina,Austria,-11.0446,-31.1609,creo,strues,animus,vicinus,curtus,ter,abduco,84,150.68455758726094,92,audentia,5,2,3,false,0.21995745665642563,2018-09-28T21:11:47.705Z,Ruecker Inc,true
57e5f7c2-7fe0-422d-af85-219e9960a886,2025-10-07T05:16:32.759Z,Wizaville,Wisconsin,Bahamas,82.7838,-23.7422,aspicio,ancilla,ducimus,altus,argentum,demitto,usus,31,126.82128726389382,37,sollers,5,2,2,true,0.014359259900106142,2025-11-06T12:52:08.209Z,Spencer and Sons,false
e67b9b40-865c-44fe-8cd5-e88309d59680,2022-12-28T11:01:45.336Z,Torphaven,Michigan,Saint Helena,-80.4562,104.6814,arbor,attonbitus,colligo,vinitor,clarus,copiose,canonicus,76,102.13495965910252,66,sollers,2,2,1,true,0.07581548593324342,2023-02-24T17:56:42.488Z,"Shanahan, Gleason and Herman",true
62f87371-c0d1-424e-8fe2-de101f65e5a0,2025-11-06T08:21:54.861Z,Council Bluffs,Illinois,Liechtenstein,57.4653,-115.1316,clam,tubineus,armarium,vir,tener,asper,vallum,89,8.06565727645654,44,abscido,0,0,3,false,0.21283877639244905,2024-06-08T20:09:11.059Z,Funk LLC,true
6fa7f6ab-a894-4f02-911d-474fd49c6b64,2021-11-01T13:46:42.590Z,The Villages,New Hampshire,Taiwan,32.5964,88.6106,accedo,amplus,sunt,adicio,adiuvo,conitor,denuo,129,194.34894449327166,50,perferendis,1,1,2,true,0.07413296777206044,2020-11-22T05:01:37.460Z,"Jenkins, Hirthe and Huel",true
c73face9-85c7-4a0a-b248-2163d3852541,2024-12-23T04:34:49.711Z,North Betsy,Oklahoma,Greece,71.9458,-79.9821,accommodo,patior,sint,bis,varius,sursum,tremo,26,232.4576697873764,17,vero,1,0,2,false,0.09698764876993793,2018-03-12T16:53:37.495Z,Gorczany - Kuhn,true
272f3118-5026-4cd4-b71a-18789153a8c3,2022-06-07T03:47:55.088Z,West Katlynmouth,Colorado,Liberia,-58.7137,1.5543,studio,laboriosam,vesco,viscus,desolo,amo,vulgaris,116,237.78463229987682,49,tam,0,1,3,true,0.13956340855532204,2024-09-12T19:07:05.504Z,Halvorson - Wiza,true
46ffe535-4801-4c33-8a74-536d330eae1f,2025-02-14T07:09:40.663Z,Veumstad,Washington,Philippines,84.3947,53.0522,ultra,cernuus,conqueror,incidunt,acceptus,velit,auxilium,56,199.73357172331254,34,commodi,1,0,4,false,0.23113647997371298,2018-07-28T19:31:58.276Z,Altenwerth - Simonis,true
0c640348-2bcd-4ceb-bb68-0c018c40863b,2024-02-05T20:07:00.127Z,Luettgentown,Ohio,Equatorial Guinea,84.9784,-178.3085,sollers,defero,varietas,tabernus,solvo,concedo,communis,36,62.89283502170986,24,curo,6,2,5,true,0.21240347925420724,2022-12-16T02:16:59.481Z,Strosin LLC,false
d6b01a9f-9df8-4568-8c31-3cd456481d90,2021-05-21T03:42:35.486Z,New Raymundo,Kansas,Zambia,50.9072,99.3054,vomer,sortitus,ustilo,vesica,cicuta,totidem,defleo,110,80.38729633054186,36,tonsor,6,1,4,false,0.10456375119715527,2021-03-07T23:26:34.298Z,"Swaniawski, Gleichner and Zulauf",true
d4043a0a-72ed-4f14-ac00-1d710754cf91,2020-09-03T19:53:01.997Z,Adeleton,Oklahoma,British Indian Ocean Territory (Chagos Archipelago),51.4039,-40.8565,tamdiu,audio,appositus,vinculum,cunabula,sto,adicio,94,107.99344034245044,16,agnosco,0,2,4,false,0.01904357174853577,2023-06-15T01:34:19.470Z,"Schinner, Boehm and Heathcote",true
3edec7af-64c5-4f6e-a28d-6965af30cfb8,2024-01-16T07:51:24.783Z,Lehnermouth,New York,Tokelau,-52.6036,-15.9928,suffoco,inflammatio,vos,una,adversus,deficio,cernuus,125,28.741907674938663,53,ultio,2,1,2,true,0.18238030051525347,2020-10-24T09:38:14.578Z,"Mertz, Roberts and Luettgen",false
ac2e1885-c812-4f73-9f47-0395655653d0,2018-01-01T23:04:29.357Z,Livermore,Massachusetts,Kazakhstan,-31.9947,87.8448,subiungo,eum,unde,infit,aqua,concedo,constans,107,18.08148379085278,100,defungo,3,2,1,false,0.1238551480214112,2023-03-15T00:23:28.502Z,"Satterfield, Keebler and Beatty",false
1e581c6e-9fef-47ec-909e-7976b390c39b,2025-05-20T22:14:51.238Z,Krajcikfurt,Colorado,Jordan,-35.0686,18.9831,valetudo,uterque,tenax,tempore,contego,bonus,aperiam,26,1.6913123404541608,38,caries,6,1,4,true,0.23555249524012953,2018-09-15T12:56:25.076Z,D'Amore - Kihn,true
d0b0f69f-22ef-4598-9810-c809f2108d5e,2025-08-18T15:05:55.421Z,Julioboro,Illinois,Mauritius,85.7592,-64.8996,admoveo,articulus,vomica,amita,terra,acer,comburo,94,90.20543488277502,40,adulescens,6,0,3,true,0.082128289261236,2025-10-03T02:59:46.513Z,Hirthe and Sons,true
73b394db-6114-4f40-a6da-ba4aa2100f59,2024-04-20T01:15:44.103Z,Lulaburgh,Idaho,Costa Rica,47.7495,77.6062,despecto,calcar,claro,spectaculum,vindico,adipisci,aro,47,95.10835175422129,76,substantia,4,2,5,false,0.019831065314972446,2024-05-04T20:02:04.103Z,Satterfield Group,true
50cb6354-95b4-460c-9e45-8e2148938d75,2022-11-18T22:39:39.264Z,Fort Aimeestad,New Hampshire,San Marino,53.4755,140.531,comprehendo,tepesco,theatrum,absens,caveo,acies,decipio,34,126.80778716469048,58,capitulus,1,1,5,false,0.007287172608771542,2019-05-30T09:41:35.494Z,Streich Inc,true
dc5f0712-09ce-4612-a2b9-01612d79276e,2025-01-26T13:29:19.851Z,Trystanfield,Missouri,Belgium,-39.6294,124.2526,depraedor,spiritus,stipes,bibo,altus,conqueror,suppellex,130,67.7246587800758,25,expedita,2,0,3,false,0.05326793467095656,2022-12-26T13:27:45.497Z,Ledner - Hoeger,false
35ebe1bb-e0a2-4c96-a59b-f75a48ac7bf9,2022-09-12T23:08:51.040Z,Milostead,Maine,Burkina Faso,-45.0227,72.5015,reprehenderit,adflicto,umbra,tabernus,doloribus,arguo,canonicus,90,43.55843647524897,59,vere,2,0,1,true,0.11694930318288169,2021-10-28T04:41:09.841Z,"Pouros, Herman and Carter",false
182fd2bc-668f-417d-885c-327b51152768,2021-10-05T07:29:10.231Z,New Golda,Idaho,France,-58.5669,-0.153,strues,corporis,clarus,spiritus,tricesimus,abutor,vigilo,98,119.44791333205431,99,aer,3,0,2,false,0.21652836623652352,2025-02-08T10:33:43.629Z,"Wiegand, Blanda and Witting",true
cc92fb92-3354-4531-97fa-00c2b89539a2,2024-04-25T07:50:05.206Z,Raynorstad,West Virginia,Tanzania,-58.5215,-123.5899,celo,subvenio,et,nesciunt,vere,clibanus,adiuvo,79,26.22341422678118,96,appositus,6,2,2,false,0.07992323196409523,2018-06-28T09:27:59.226Z,Koss LLC,true
18b8cade-cd3f-47ee-967e-b6352f306f6c,2020-06-25T02:03:55.355Z,Schowalterhaven,Vermont,Japan,80.031,-39.7343,adamo,tergum,atavus,casus,appono,suasoria,amplexus,100,134.47411639707053,70,pecus,4,0,4,false,0.2191007495333363,2021-03-17T23:24:22.396Z,Schaefer and Sons,false
a5005a40-db92-45b3-80cd-d704cc61cc91,2025-04-18T02:15:55.862Z,Boganchester,Indiana,Nigeria,-0.6225,-7.3934,ascisco,aliqua,textus,quam,delectatio,amiculum,tantum,24,210.55989139523152,89,voveo,2,0,5,false,0.02301935877617925,2019-06-19T15:07:09.049Z,Toy - Williamson,false
2c4d136a-1c60-4deb-ad0b-e1395660a875,2021-08-10T08:18:17.999Z,Delmerland,Iowa,Western Sahara,53.6142,118.5986,synagoga,tero,cursus,tandem,nulla,quis,denuo,76,138.84804447750597,17,tantum,0,1,3,true,0.009291380083616185,2023-06-24T17:04:58.531Z,Trantow - Gleichner,false
b7ec6355-5e45-4943-a6dc-bc529a444968,2025-08-27T12:09:03.770Z,Lake Denis,Louisiana,Iran,29.3584,-50.3619,cognatus,adulescens,repudiandae,candidus,caecus,amitto,tot,37,144.98993294561066,49,virgo,3,1,4,true,0.01863185591650454,2020-10-22T11:54:09.096Z,Jerde - Pagac,false
9f411022-8b30-45f5-a289-be28ca2e2646,2021-09-22T15:56:13.340Z,South Billieboro,Texas,Democratic Republic of the Congo,10.4625,114.8923,agnitio,despecto,id,clarus,verus,ustilo,surculus,20,16.81717164898363,17,colo,5,0,5,true,0.006050272937252937,2020-06-02T22:52:56.034Z,"McDermott, Emmerich and Casper",false
0a8d09c6-31b3-42b7-98c1-66afbcf9b087,2024-04-09T23:35:17.201Z,Friedaworth,North Carolina,Albania,76.5942,-44.6161,sponte,tumultus,asperiores,tempus,labore,ullam,triumphus,109,60.53098602775002,32,timor,4,0,1,true,0.1671886011795337,2021-06-18T07:23:51.462Z,"Jaskolski, Ebert and Watsica",true
2bc4ecf1-954d-4e7a-a391-885e45e06029,2021-04-22T16:54:17.345Z,Fritschside,Oregon,Timor-Leste,-65.6797,67.3223,vesica,adversus,cras,alo,antiquus,victoria,conturbo,79,239.5122305843119,27,aetas,4,2,1,true,0.14940894416730457,2018-09-01T09:25:45.338Z,Jacobs - McCullough,true
3c4ceeb7-37a7-4647-be68-6b8624380858,2023-10-19T09:19:30.306Z,North Brooklyn,Utah,Christmas Island,-9.7194,-135.1578,voluptates,utroque,depromo,suadeo,nostrum,volup,assumenda,111,51.58315216054479,61,sit,1,1,3,true,0.08338922417321604,2023-06-19T15:03:41.298Z,"Lueilwitz, Rutherford and Hane",true
f20bfb08-2e8c-4e2a-ac04-f8f3cca6f4f3,2024-09-11T12:03:59.719Z,New Willy,Colorado,Slovakia,81.537,-128.2601,coniecto,adhuc,ad,adsuesco,tunc,iure,commemoro,124,196.01058661407183,98,carbo,0,0,2,true,0.07797545971052469,2022-01-04T12:43:11.775Z,Crona - Emmerich,true
3e0375ab-c797-4824-b0d9-bbcfd4851edd,2025-08-09T00:44:49.147Z,Lake Viola,Kentucky,Uzbekistan,-71.3922,43.1157,varietas,deserunt,cura,vomica,viduo,adopto,talis,70,151.4575504478441,43,suggero,5,0,2,true,0.23959901417651408,2025-06-08T18:30:52.031Z,Moen - Hettinger,true
977be763-b440-42cf-9113-eeee2709b068,2024-09-14T08:59:10.742Z,Deronmouth,Vermont,Monaco,8.3194,70.138,vulgo,curriculum,aequitas,validus,perspiciatis,via,deprimo,118,7.90974978292267,91,vapulus,1,0,5,true,0.0954948088581761,2021-12-22T12:39:33.538Z,Beahan LLC,false
5716b3c6-8b25-43d3-a5f1-2993c612805e,2023-03-22T15:35:01.810Z,Fort Lucio,Alaska,Kyrgyz Republic,-47.7417,139.0772,currus,theatrum,defluo,adstringo,iusto,brevis,thermae,102,52.3139930425973,91,maxime,1,1,4,true,0.24431389094113715,2020-07-25T13:14:43.406Z,Little LLC,false
e84da0f5-99dd-4835-9e5c-63dce6549f81,2024-07-21T09:35:53.220Z,Lake Sven,New York,Poland,70.8778,170.7344,tero,crur,tandem,aequus,absens,cimentarius,veritas,71,170.77432695361756,61,attollo,0,2,1,true,0.18742041101277568,2021-03-19T21:40:43.517Z,"Kulas, Batz and Koepp",false
96f6d3cb-257f-4804-b786-4ce604e13715,2018-12-01T18:45:50.172Z,Gutmannbury,Idaho,Iraq,8.2013,-78.2358,auctus,texo,aeger,perferendis,censura,amplexus,rem,27,33.67341803531983,29,aranea,1,2,3,false,0.11734054262962884,2022-04-29T09:58:01.684Z,Gislason - Schultz,false
99d155bb-f627-443c-860c-d84ad8c4f842,2018-01-16T10:33:28.313Z,Lake Rowan,North Dakota,Mexico,89.0264,-172.2469,certus,sequi,collum,utique,pecus,cena,delego,99,137.9003160393073,46,clamo,5,1,5,false,0.01969102071340964,2024-09-20T21:06:02.835Z,Stokes Inc,true
dc6a5e57-39fb-4570-81b3-a1785bdf8081,2020-02-02T21:01:07.399Z,Zemlakport,Maryland,United Kingdom,22.6558,51.6084,fuga,modi,cibo,considero,unde,cerno,consequatur,118,47.01080843618339,44,vero,3,2,1,true,0.09697880809427856,2023-12-13T06:26:13.679Z,Wisozk Inc,true
ff0f706d-5db9-4b8e-a046-fe2344eed849,2021-06-02T06:21:33.052Z,Cartwrightworth,Idaho,Belgium,-16.2666,150.9448,utor,tolero,talio,convoco,vulticulus,ubi,viriliter,38,83.57422736520677,93,amaritudo,4,2,1,false,0.12985120463697764,2018-09-24T12:14:09.327Z,"Dibbert, Hackett and Zulauf",false
1930ff06-4ffd-41ac-9158-d6c442740de9,2019-07-19T09:26:21.675Z,Maggioboro,Utah,Greece,13.2506,43.8352,aer,solus,carbo,sopor,absque,sono,virgo,57,90.84691686398841,65,adopto,6,2,1,false,0.18656765127188077,2023-04-30T16:21:24.979Z,"Keebler, Kilback and Harvey",false
dd53c4f9-0d8d-4111-ad46-6ffe4c0a3f74,2018-08-02T07:02:47.414Z,Macejkovicbury,Tennessee,Democratic People's Republic of Korea,60.4459,102.0826,crudelis,video,culpo,auxilium,curia,paens,cohaero,86,60.003350941531856,86,aufero,0,0,4,false,0.2281787138303353,2023-04-15T22:03:07.900Z,Larkin LLC,true
3590b870-f1a1-44cc-967f-7683a953f235,2025-09-16T01:26:14.346Z,Berkeley,Idaho,Malawi,80.046,106.1602,calamitas,deficio,administratio,ustilo,sed,coruscus,animadverto,36,11.534645905964442,52,cavus,0,0,3,false,0.22134588556158502,2025-12-12T21:28:42.093Z,Dickens - Marvin,true
afd8b4ae-3083-474b-b4cb-4580efc2daf6,2019-07-11T20:21:04.328Z,North Wilfred,Iowa,Kazakhstan,59.4299,172.477,vivo,succurro,autus,arbitro,deputo,victus,thesaurus,94,161.81819861647736,61,earum,0,1,1,false,0.20803101103686655,2024-07-24T13:18:49.548Z,Yundt LLC,false
733efbc8-05af-4916-b6bb-e19719cb74f2,2023-03-22T17:23:01.136Z,Schenectady,Nebraska,Anguilla,-55.5689,150.1893,spes,capillus,suspendo,cedo,cui,audax,minima,95,238.2662346693098,99,impedit,4,1,3,true,0.1443790018893894,2024-10-19T05:53:17.740Z,Schoen - Romaguera,true
4c71ebc2-7134-4226-ab03-9df1bfea4971,2018-02-12T10:13:14.018Z,East Adriana,Nevada,Sierra Leone,48.5726,58.0559,cunabula,aspernatur,ascit,celebrer,doloremque,territo,curatio,39,23.369739357960846,97,ceno,6,0,4,false,0.08262720227633022,2020-10-27T22:22:42.253Z,Kuhn - Huel,true
9dab46d7-195e-457e-b4f9-e736a0529471,2025-05-05T20:49:11.570Z,Fort Lilianchester,New York,Jordan,16.4323,2.5357,stillicidium,arx,vesco,stips,spes,admitto,aveho,58,135.11274168343238,20,attero,2,0,4,true,0.2258328335761852,2022-11-02T06:09:04.096Z,Harvey LLC,false
52168aa5-7079-40d5-a9b2-0f1bd73e6a2d,2018-02-17T19:55:58.980Z,East Toni,Georgia,Iceland,27.1015,-150.5371,aestus,temptatio,cibo,pecus,aro,tres,agnosco,118,144.94849719412127,91,stabilis,3,1,1,false,0.078914616053566,2021-07-27T09:51:04.405Z,"Fahey, Hirthe and Bergstrom",false
a130a6d6-20bd-46d2-8f35-8ba52a8e947e,2021-08-04T15:20:32.580Z,Pine Hills,Idaho,Nauru,-79.2329,-147.3089,viriliter,capitulus,ago,repellendus,cupio,thymum,vehemens,123,158.09856047536792,41,armarium,1,2,2,true,0.055712339993044174,2021-07-15T12:37:48.375Z,Gislason Inc,false
1b7197c2-2fb1-4074-9deb-5ad946b22996,2019-11-07T13:44:22.460Z,Antioch,Vermont,Wallis and Futuna,87.5664,-94.3262,absque,defungo,magnam,deficio,utique,asper,magni,121,228.55252548910278,41,optio,1,2,2,false,0.16583766199771025,2021-11-01T21:31:00.162Z,Gottlieb - Upton,false
aa4169e7-a82a-4cc4-9eb5-86c0faabe68f,2021-10-02T10:19:27.731Z,Port Arianna,Kentucky,Belgium,58.5897,-154.323,carmen,adsum,universe,capio,deleniti,vespillo,assumenda,25,151.63750973181672,80,conduco,0,0,3,true,0.0478334300193789,2019-01-18T21:50:43.299Z,Emard - Skiles,true
9d8ba3d5-46e2-4c49-a467-7774ecdd3017,2018-12-10T10:39:39.412Z,Port Billie,Alabama,Kiribati,36.4415,46.9188,quam,crux,censura,avaritia,tempore,desidero,arx,31,195.92549560777374,41,soleo,1,1,5,false,0.045005566390606766,2018-07-03T21:49:09.499Z,"Spencer, Cruickshank and Pfeffer",false
a63a8e02-e487-4420-a75e-d63e3aca5628,2021-11-25T03:11:01.084Z,Moniquefort,New York,San Marino,-16.2483,116.6099,libero,amor,acquiro,tabgo,usus,cariosus,volubilis,48,155.5797622568905,39,molestias,6,0,3,true,0.08080194017844639,2018-04-11T20:47:54.110Z,West - Willms,true
1aa796d6-9d1e-4c80-841e-6e29db1104da,2020-10-10T08:23:02.781Z,Fort Dylan,Montana,Democratic People's Republic of Korea,-87.0581,-83.716,appono,despecto,tersus,cupiditas,deludo,debilito,vomito,123,72.09179740188696,20,viriliter,3,1,5,false,0.2352510719585773,2019-10-12T03:00:58.936Z,"Greenfelder, Jacobs and Durgan",true
be39e7dc-4072-4e70-86ac-8ffe7b481e6f,2019-01-31T09:44:53.240Z,Fort Zelma,Tennessee,Bangladesh,-55.6709,0.6558,illo,vomica,vorax,defleo,cariosus,architecto,accusantium,111,183.28164740671681,74,vilicus,2,0,5,false,0.1389369189098487,2021-09-01T19:23:03.448Z,Nader Inc,true
03567619-7b7e-4c84-869c-10f11f14c3d3,2018-10-11T21:41:27.537Z,Port Tellycester,North Carolina,Timor-Leste,49.4099,169.4628,voluptatibus,auxilium,laborum,statim,quam,aranea,cribro,73,156.11915476511257,49,aestivus,4,0,3,true,0.09684644789005853,2025-09-24T00:55:16.481Z,Padberg Group,true
ae5be04d-dd5d-4e72-9560-a2025c106eb8,2020-05-27T23:58:32.747Z,Port Luella,Washington,Isle of Man,-62.5959,-168.8692,vomer,decerno,cursus,cometes,itaque,vitiosus,terra,112,50.33784247677576,69,terga,3,1,1,false,0.1020683077177609,2024-10-26T03:05:38.910Z,Deckow - Frami,true
2e222597-bc43-47c6-aaf8-d8e2c840e1de,2018-03-11T06:50:00.780Z,Fort Nicolacester,South Dakota,Cayman Islands,62.2731,-67.8529,tepesco,sonitus,delectatio,tricesimus,vae,vivo,nulla,37,16.588401418096026,48,comedo,6,0,3,false,0.22032282545244403,2023-08-31T09:57:03.231Z,"Schinner, Lesch and Yost",true
cb188595-ddd0-46b7-8fb7-0972c71d49b4,2025-07-09T18:06:50.857Z,Juwanstead,Oklahoma,Cape Verde,88.6152,-120.3761,claustrum,triumphus,suscipio,credo,averto,vilis,tertius,77,209.16553647194198,17,combibo,1,1,4,false,0.17700149465522705,2021-12-21T00:59:14.827Z,"Armstrong, Corkery and Rohan",false
d8933d5a-3d13-48cc-8af1-bdf3e9decdaa,2025-05-26T12:37:06.858Z,North Albina,Colorado,Faroe Islands,-18.615,-145.2689,cohaero,atrox,demum,cognatus,contabesco,compello,bibo,54,142.05078986834073,58,demoror,4,0,1,false,0.01427826318401862,2022-06-22T21:19:34.202Z,Ernser - Cummerata,false
e2046595-9e2a-442e-80a7-d311921cec35,2018-09-26T03:19:17.426Z,Lake Madalyn,Rhode Island,Kuwait,81.9068,-176.6878,coniuratio,apparatus,ago,arbitro,temeritas,voluptates,bellum,117,195.4823187314515,72,ocer,6,0,5,false,0.08396457921288947,2023-07-07T00:00:36.749Z,Volkman - Legros,false
dcf4bcbc-5548-4af3-870c-3ac59fdbee3f,2020-02-01T19:58:15.800Z,New Maximeberg,Alaska,Cyprus,-61.9544,-81.1496,aufero,tui,apostolus,speculum,uredo,amita,tripudio,55,111.95245648050985,86,vinum,5,2,1,true,0.08924539663079956,2021-08-01T22:48:11.955Z,Leuschke - Turner,true
9de72350-36a3-4b84-b23d-7550ea016f18,2022-10-08T23:04:05.733Z,Dooleymouth,Ohio,Iraq,45.423,104.7318,pel,ter,accendo,fugiat,circumvenio,sursum,aptus,86,47.97376341282402,32,viscus,1,0,1,true,0.22078188492391418,2019-07-25T17:02:23.443Z,Mraz Group,false