accident_id,incident_datetime,city,state,country,latitude,longitude,road_name,road_type,intersection_type,accident_type,weather_condition,road_condition,light_condition,speed_limit,actual_speed_kph,driver_age,driver_gender,casualties,fatalities,vehicles_involved,alcohol_influence,blood_alcohol_level,weather_reported_at,reporting_department,pedestrian_involved
b9f7c7b4-7583-4a82-a8a6-09c780550248,2020-10-29T15:04:18.659Z,Port Kade,Washington,San Marino,62.8686,97.4426,cursus,civis,cinis,asporto,acervus,addo,defleo,106,173.81759247853188,34,cometes,0,0,3,false,0.009873370115861452,2018-07-05T02:58:54.715Z,Christiansen - Purdy,true
fcb30167-4a58-47c9-a12c-eecd9ab92b69,2025-06-26T14:20:42.812Z,East Biankamouth,South Carolina,Eswatini,-10.4112,-41.752,deorsum,demo,commodi,veritatis,curto,astrum,aliquam,43,117.50838710855786,81,viridis,5,2,5,false,0.06557550625605194,2023-05-30T02:39:41.062Z,"O'Kon, Hintz and Gerlach",false
facb50b1-41e3-4ea5-90f8-145c93ed3baa,2022-07-09T13:39:04.151Z,West Kamille,Oklahoma,Marshall Islands,-74.1452,-173.799,voco,distinctio,utpote,delego,agnosco,caput,cultellus,31,219.9476862053496,78,coaegresco,0,0,3,true,0.1281741573470253,2020-08-23T04:30:09.993Z,"Gutmann, Fay and Prosacco",false
923d0f54-1762-405b-88a3-52f70a52688d,2021-10-27T02:48:11.230Z,Akeemhaven,Virginia,Macao,-69.3737,89.829,maiores,vigor,dolor,sapiente,arma,deputo,suffragium,45,117.63147911509093,36,thesis,5,0,1,false,0.11107717212378954,2022-08-29T18:01:14.699Z,Dach LLC,true
5f647691-675c-4106-ae80-c87e368b36c8,2021-10-20T00:44:13.233Z,Port Imogenemouth,Wisconsin,Uruguay,-86.0069,-59.7826,deserunt,illum,aspernatur,claudeo,adopto,creptio,suppono,84,62.802443035627945,97,antepono,1,1,1,false,0.056456984793109594,2019-08-26T21:33:51.998Z,Hirthe - Dooley,false
a85e36e9-bf31-4f0a-b9d2-8003382497a1,2022-01-19T03:46:27.470Z,South General,Alabama,Burkina Faso,-86.77,-170.1786,volup,aperio,auctus,spiritus,turbo,vulariter,vulticulus,45,55.62189650107504,20,defungo,1,1,5,true,0.19937050808519768,2019-03-30T12:41:17.386Z,Kassulke - Welch,false
fa43bd60-de66-4491-8c0f-642f28d41b9b,2019-06-26T16:06:55.307Z,O'Haraport,North Carolina,Svalbard & Jan Mayen Islands,85.3883,157.7852,repudiandae,arceo,comminor,nulla,architecto,teneo,conculco,77,153.007370109658,75,cernuus,4,1,2,true,0.10518539753993428,2020-02-20T00:09:59.639Z,Ratke - Kertzmann,false
99cc9f3c-ae85-4213-b44b-49667df13f81,2019-02-13T10:11:30.739Z,Gussieshire,Idaho,Montenegro,-53.4082,84.5833,causa,antea,utique,trepide,volup,exercitationem,ducimus,116,13.011141910709103,77,utilis,2,0,4,false,0.03474890095153907,2021-07-07T09:56:12.421Z,Ondricka - Rice,false
1298ac3b-89c4-4c20-b7f7-b5f7157a0601,2025-12-18T06:17:13.117Z,Herzogside,New Mexico,Uganda,15.5106,19.0849,valetudo,voluptate,commodo,tunc,inflammatio,subvenio,speculum,73,118.67757042765436,43,arcesso,4,1,3,true,0.15206126284285587,2021-11-12T00:51:38.454Z,"Bartell, Jenkins and Durgan",true
f77fc2a4-dea1-4a1b-afba-52e29e579066,2020-04-26T13:56:44.978Z,New Lavonnetown,Virginia,Turkmenistan,32.6447,26.6097,theatrum,cohaero,nostrum,color,adimpleo,appositus,condico,71,113.53762517617184,43,sapiente,4,1,1,false,0.14667457351527294,2018-12-26T07:35:21.139Z,"Wiegand, Deckow and Hermiston",true
c9812b6d-b0ff-4d4e-ac38-05decd479e33,2024-01-20T00:43:34.641Z,South Ryleighside,Florida,Burkina Faso,46.6714,147.7164,cavus,casso,nobis,expedita,umbra,incidunt,surgo,97,209.9753113849772,99,crudelis,3,2,5,true,0.17275345613311593,2018-11-24T16:05:35.747Z,Cartwright and Sons,true
247bd5e4-9fc7-4e12-933e-52cd7386b91e,2023-11-01T08:44:20.628Z,Doyleberg,Washington,Japan,-55.4096,122.407,degusto,curtus,iusto,conspergo,coniecto,comprehendo,atrocitas,56,53.66523567589969,25,valetudo,5,1,3,true,0.21034944702802139,2025-10-25T16:34:49.151Z,Huels LLC,true
b578e1a7-1c82-4c6c-91de-384506feb08a,2021-11-23T11:59:08.008Z,Deionport,Idaho,Kiribati,50.3724,-79.725,curis,adaugeo,dignissimos,succurro,aqua,cui,virgo,79,174.80268298440893,28,commodo,6,1,5,true,0.0007667388934218533,2025-05-15T14:27:54.790Z,Hoeger LLC,true
6d75f106-ad87-467e-87ba-6d4f29dc9b6e,2020-11-27T08:11:44.150Z,Rowlett,Indiana,Kazakhstan,-58.7428,-80.8933,suscipio,vapulus,culpa,sperno,thesaurus,advenio,pecus,71,24.88072698571233,49,ascisco,4,1,4,true,0.12290690265701779,2023-10-28T21:16:49.328Z,Price LLC,true
a56101ac-73dc-4a08-85f2-c502fd2dc20b,2025-03-14T20:20:54.966Z,Lake Leilanifurt,Washington,Gibraltar,-38.404,-30.2908,angelus,tandem,contabesco,amitto,terminatio,deinde,aegrus,71,59.62268494367482,30,comes,5,0,3,false,0.08643849909141546,2025-01-03T12:12:18.274Z,Sauer LLC,true
45393338-2415-43a2-9461-c278955aef17,2023-09-29T15:34:26.754Z,Lakeville,Hawaii,Mauritius,-29.4778,78.8565,versus,ipsa,aer,vilis,thymbra,creo,debilito,118,99.55827662434496,55,eos,4,2,4,false,0.24652197153987224,2019-07-27T02:37:08.722Z,Satterfield Inc,true
036833c5-bee6-4be8-ba1b-11df0ce74019,2022-07-29T22:39:18.057Z,North Estellbury,Nevada,Estonia,22.2497,-52.4318,surculus,vicissitudo,tollo,alter,complectus,officiis,condico,106,92.18628077987611,19,defaeco,1,1,1,true,0.19752209017158756,2023-08-25T18:04:22.902Z,"Streich, Hane and Block",true
ef4423b2-9e58-4b19-99e0-a98cc1cb2091,2020-05-14T13:32:42.827Z,East Anitastead,Florida,Tanzania,11.5592,2.6278,crapula,sollicito,versus,voluptas,alioqui,demens,vesica,24,108.63538321363666,17,amplitudo,0,1,1,true,0.15200211641635444,2024-12-16T06:11:07.983Z,Hyatt LLC,true
73fc2364-f47e-415a-8149-54aeb192a7ba,2019-09-13T21:34:41.218Z,Fort Ilaland,Illinois,Svalbard & Jan Mayen Islands,-59.157,-99.2584,dapifer,utroque,curiositas,vindico,copiose,tergo,aliquid,107,55.540894321385494,98,maiores,0,0,2,true,0.24670932674245274,2018-07-01T00:14:46.943Z,Keebler - Johns,false
63e9ee56-b036-4d6c-b8ce-967dd3c48d95,2021-11-29T08:20:32.684Z,Tonyport,Ohio,Ethiopia,74.897,173.2871,adicio,adfero,aggero,deleo,voluptatem,tot,alius,89,78.41096749040177,86,vesica,0,1,3,false,0.0009211762500317411,2018-02-23T18:18:34.303Z,Little Group,false
3e779b0e-c52f-41e1-8e3f-fab2b9039098,2024-05-01T20:42:47.367Z,North Addietown,Idaho,Finland,2.8912,148.2138,eligendi,cibo,sol,chirographum,annus,peior,cruciamentum,57,22.050795457047066,36,arbitro,3,1,5,false,0.059206785319946525,2023-11-30T01:55:55.963Z,Stracke - Borer,true
72425355-8e92-4308-b6c2-92d2b1c1b56f,2023-04-17T13:19:41.844Z,Lake Sadyefurt,Massachusetts,Iceland,37.4999,161.6819,somnus,impedit,velut,veritatis,strues,brevis,vigilo,111,200.99577852574814,70,succedo,0,0,1,false,0.04163376713551967,2025-08-13T09:14:32.460Z,Reynolds Group,false
7289b04c-454e-4f60-b9a7-d7b3be96c533,2024-10-24T06:49:38.959Z,La Habra,North Carolina,Malta,45.3613,-159.2592,socius,cinis,neque,avaritia,valeo,delectatio,tempus,118,102.9038922588668,87,quibusdam,2,0,4,true,0.04582816468972056,2020-01-19T02:47:44.681Z,Corwin - Homenick,true
34b8f6c6-3d98-49eb-b8f1-47d23c229400,2023-10-24T21:13:13.867Z,Fort Myra,Texas,Falkland Islands (Malvinas),53.501,-3.4784,comburo,molestias,iure,vulgaris,demonstro,tendo,statua,61,142.37981033182507,60,vinitor,0,1,1,false,0.055976818780601456,2018-01-11T12:27:12.026Z,"Franecki, Cremin and Labadie",true
70836f51-a960-4e7c-b827-093efa2ba7de,2021-09-27T20:26:51.151Z,New Kristoferchester,Oregon,Hungary,-9.4389,-36.3752,acer,adsum,antepono,clamo,cattus,curso,placeat,25,148.08024046112038,77,cur,6,1,3,false,0.14341532893726197,2023-02-23T23:43:02.565Z,Senger LLC,false
06e0bccc-3b44-4d24-8aae-a191dc31c605,2023-10-13T01:11:29.840Z,Beertown,New Hampshire,French Guiana,61.3157,98.0549,terebro,aer,suscipio,tego,laboriosam,porro,facere,101,168.27801474442592,47,derideo,3,0,5,true,0.10152340785207264,2024-09-06T13:13:34.817Z,Cummerata Group,true
ce9f177d-b5c0-437d-8cc7-5a58be93270b,2021-02-06T22:32:03.941Z,Des Plaines,Connecticut,"Virgin Islands, U.S.",-8.8084,42.3918,audentia,utor,accommodo,defaeco,depono,tristis,tergeo,104,179.91575627675823,69,apostolus,0,1,5,false,0.23467747763613866,2018-08-27T13:31:23.831Z,"Ritchie, Stokes and Emmerich",false
0ef962b4-40b3-4c8d-b3b1-7605389c892f,2023-12-30T01:50:40.876Z,Yvettecester,Kansas,Djibouti,-57.5549,94.0436,repudiandae,tribuo,adeo,color,solium,solus,strues,81,213.963109961152,89,subiungo,3,2,4,false,0.1803020615349161,2021-07-12T18:22:39.960Z,Zieme - Smitham,false
72ca16ba-2866-422d-84f3-abdf5c8a4eb8,2021-07-11T14:17:49.053Z,New Colton,North Carolina,Sri Lanka,58.1773,-3.3758,cribro,acidus,tribuo,curriculum,atrocitas,consectetur,auctor,123,199.75230076147713,77,decimus,3,2,1,true,0.034085185272556634,2023-04-11T11:00:11.115Z,Koch - Kovacek,false
2340470a-0fa7-467f-b937-88fb504fdc66,2018-12-02T08:49:04.795Z,South Ansel,Minnesota,Eswatini,-80.262,-4.3511,adhuc,certus,valeo,ultra,vox,temporibus,vita,64,213.17364655702033,44,denuncio,3,1,5,true,0.20056242102957525,2020-03-15T20:11:12.833Z,"Altenwerth, Auer and Mosciski",true
fa13c839-fd0a-4f28-b6a3-13206e2e9995,2021-04-08T17:08:54.162Z,Port Wilburn,Washington,Aruba,26.3968,-132.4718,civis,tabula,auxilium,apparatus,derideo,aiunt,terror,74,125.0208809773883,16,depono,6,2,1,true,0.16860354898382238,2019-04-22T22:39:49.656Z,Renner - Kling,true
795db94f-0664-4509-9e12-ee828d36bb68,2022-12-02T14:05:39.304Z,South Manuelborough,Mississippi,Montenegro,-19.2059,118.1945,sollers,terga,vito,cometes,audio,sed,fuga,51,8.995170024752905,49,utor,5,0,5,true,0.14924190975832216,2023-05-10T20:28:58.913Z,"Block, Effertz and Howe",false
1195954d-8063-4d69-8cf1-21ae3e40d5ee,2021-10-18T02:49:39.609Z,Mozellland,South Dakota,Jamaica,75.0062,118.2308,claro,carcer,succurro,tondeo,aiunt,earum,vel,92,102.21888429015094,56,textilis,0,1,1,true,0.08352048891786831,2020-06-11T07:33:04.460Z,"Marquardt, Zulauf and Feil",true
281e8217-7d1e-49bb-8514-df9abc752d59,2019-11-21T14:35:00.852Z,North Josephchester,Oklahoma,Venezuela,26.8016,-41.9777,delectatio,acervus,alius,traho,avaritia,calamitas,terminatio,27,123.53709949563972,73,villa,2,2,5,true,0.08244918323283171,2020-04-06T06:59:41.754Z,Schuppe Inc,false
1e366bfc-e09d-452e-b0aa-048b8971df05,2025-11-28T12:16:42.959Z,Daughertyside,Arizona,Aland Islands,-56.0707,-174.3418,consuasor,tactus,cauda,minus,utrimque,ratione,candidus,83,117.30933217720148,92,brevis,3,2,5,false,0.026225600630011114,2024-10-01T17:15:52.271Z,Rau Inc,true
b025553a-33ee-478d-b027-96d3d6cb99f2,2024-05-01T22:10:32.946Z,North Clementfield,Rhode Island,Malaysia,84.5463,50.1847,circumvenio,ea,ventus,dignissimos,alienus,pax,bis,54,25.79850009056189,16,tum,2,0,1,true,0.06292929445610282,2022-02-08T01:37:07.463Z,Schaefer - Wintheiser,false
c3a32cb5-6b9e-4e6b-9089-b6af7fd5c9db,2020-04-01T21:42:01.355Z,East Jermeystad,Idaho,Jamaica,20.9811,29.3847,comedo,terra,esse,deleo,adsidue,canonicus,aro,110,49.600192641124494,71,aperte,2,1,2,true,0.10882231081474325,2023-09-13T02:00:48.852Z,"Roob, Tremblay and Emmerich",true
6318d4f0-6667-4b33-bd79-e6caed4a87b7,2019-11-24T16:00:42.309Z,Casa Grande,Iowa,Liberia,-59.6178,-121.8592,adinventitias,spectaculum,theologus,statua,abundans,communis,voluptas,66,174.01436697800284,37,abundans,4,2,3,false,0.0692449393999569,2020-05-14T21:32:15.020Z,Harvey LLC,true
786e34f4-ddb7-4e88-ac9c-4cc7bbe61347,2022-03-11T16:52:21.607Z,Powlowskifort,Rhode Island,Peru,-49.7927,166.7805,correptius,iste,tactus,careo,decretum,vociferor,voro,46,233.12014206091837,44,testimonium,2,0,1,false,0.018199023426741484,2022-05-05T04:35:41.010Z,Stoltenberg and Sons,false
33bf6a7a-651b-4392-aa29-bc22d27d1512,2024-06-10T13:24:58.168Z,Lake Efrenstad,Washington,Aruba,42.7493,-159.5916,casus,usitas,defendo,collum,alter,ultio,curiositas,108,100.4824560118145,72,deprecator,6,2,5,false,0.23666108376415593,2019-05-11T02:59:02.600Z,"Becker, Cruickshank and Runte",true
add738c7-a207-4803-9e42-d1cf250f599a,2021-05-28T14:08:17.568Z,North Bobbie,Florida,United States Minor Outlying Islands,-84.1319,127.6944,infit,infit,celebrer,demulceo,sub,amplitudo,caecus,93,80.25053817628748,54,autus,0,0,2,false,0.22311468300957552,2021-11-01T01:39:30.532Z,Considine - Wolf,true
74c61874-7533-4aeb-81a9-adc005b86a37,2023-09-04T11:30:57.006Z,North Tanyacester,Vermont,Solomon Islands,62.5075,164.98,sumo,cubicularis,conor,tribuo,doloribus,fugiat,pecco,42,42.58353163399956,75,nulla,1,2,1,true,0.11018758752674748,2023-03-14T15:38:40.756Z,Morar - Schumm,false
78c6f160-c487-4388-9daa-ecdbb11e8cd6,2024-07-02T22:24:53.536Z,North Laurel,Indiana,Micronesia,-76.61,12.0353,aliquid,cultellus,nobis,circumvenio,fugit,alius,umquam,26,40.10396263833158,94,eaque,3,1,5,false,0.07583099745474936,2020-04-12T00:35:04.608Z,"Welch, Effertz and Willms",true
7ec57a82-6b57-471e-817d-68dcad252c66,2022-01-17T13:42:35.977Z,Baileyberg,Maine,El Salvador,1.929,-170.4251,stips,vita,carpo,sophismata,canis,terror,sulum,44,214.95450163725107,37,concido,4,2,3,true,0.03317639970482755,2023-01-16T10:24:38.594Z,"Sporer, Franecki and Kshlerin",false
8a46cebf-f859-48e6-9077-3e9c2b6b9f82,2023-06-14T16:50:43.692Z,South Zelma,South Carolina,Lithuania,27.7592,-98.2428,adopto,defetiscor,decor,autus,surgo,administratio,anser,32,217.7585772385768,31,solium,0,2,2,true,0.1452734114188836,2019-12-18T11:44:30.605Z,"Johnson, Gulgowski and Ryan",true
8a2722d8-cd64-473c-af80-0883b67a9cba,2024-06-02T21:44:37.968Z,Kesslerburgh,Colorado,Syrian Arab Republic,21.0905,129.3101,bene,nesciunt,absum,congregatio,cur,adhaero,bellicus,53,121.93640681058267,67,auctus,3,1,3,false,0.20293954633500524,2020-04-26T21:29:20.821Z,"Monahan, Kihn and Crona",true
8ff79d12-e690-4711-a74f-a543aa124735,2018-05-08T21:13:49.265Z,Port Aldenchester,Oregon,Japan,-61.1,-176.0159,aequitas,deserunt,clamo,corrupti,tubineus,aqua,sustineo,119,106.00118792670732,82,asporto,5,0,2,true,0.19050190197988184,2020-10-18T06:30:24.874Z,Buckridge - Lubowitz,true
55f26fe5-bb1f-4750-a780-1881aaeac8d6,2019-01-08T22:36:55.452Z,Port Jaredboro,Oregon,Germany,51.9278,-130.2815,ager,vitium,vinco,amaritudo,ubi,aequitas,territo,24,112.44810382297543,25,possimus,3,0,3,true,0.031179444311807802,2024-03-15T04:04:58.589Z,"Jaskolski, White and Goyette",false
f80c79ee-a95b-483a-a607-2dcebde4d978,2022-07-21T00:52:14.829Z,Fort Smith,Oregon,Cuba,-55.415,110.13,attollo,concedo,caritas,toties,terga,iusto,perspiciatis,103,108.08268886040551,58,occaecati,5,0,3,false,0.06121565544916374,2024-11-26T01:27:47.559Z,"Wyman, Botsford and Borer",true
a8bfff75-4e31-4eba-b1d1-43740bbc8c6f,2023-05-12T22:27:42.911Z,Reinatown,Indiana,Cayman Islands,-14.3685,74.9157,tepesco,vado,viscus,vulnero,suffoco,decipio,advoco,109,19.95137371891124,37,tergeo,4,1,3,false,0.12743367436667868,2022-10-12T23:31:56.131Z,Moore - Bauch,true
bbc719e0-3057-4948-9aad-1e85da5e8782,2022-06-15T16:06:35.032Z,Port Karolanntown,Nevada,Uzbekistan,38.3944,-138.1111,copiose,credo,adicio,clementia,neque,tantillus,comminor,117,34.25344820009372,26,absque,1,2,3,false,0.21273063342664988,2025-12-06T03:32:43.594Z,Baumbach - Hammes,true
bb213ff1-f4c0-4e37-8da5-bccdcdc221ed,2018-06-06T04:12:12.961Z,Lake Brock,North Dakota,Ghana,15.9652,86.2802,illum,cribro,delicate,infit,cogo,abscido,venustas,44,175.89330759781595,100,neque,6,2,2,false,0.039653355611918045,2018-03-15T17:49:20.295Z,Dooley - Schroeder,false
339a1d49-a3bc-4a69-84b4-adc432c1aec4,2019-06-28T11:35:53.146Z,West Hilbertside,Minnesota,France,28.2956,-86.3855,curo,sumptus,thesis,defungo,torrens,corpus,minus,101,228.6787205364053,100,mollitia,0,0,5,true,0.2420708765934731,2018-06-15T18:46:11.368Z,"Klocko, Hartmann and Wilderman",false
98bf5500-ebc9-4db1-b605-24dc5a06ead9,2025-11-18T19:16:41.273Z,Margate,Louisiana,Somalia,-41.6676,165.5994,suasoria,solium,libero,cunabula,stips,utilis,argentum,95,0.7948823929083737,57,absum,0,2,1,false,0.08203911012621942,2019-12-24T06:34:09.926Z,Jacobi LLC,true
b0605df6-14a8-4107-985a-da7d0eac2052,2020-09-15T05:15:10.217Z,Watsonville,Florida,Bahrain,-9.9502,59.51,crinis,cilicium,accusantium,aurum,appello,cunctatio,congregatio,49,46.017568279570334,25,impedit,5,0,3,false,0.09503860412734358,2025-04-23T23:06:31.558Z,Marvin and Sons,true
9d7daa90-934e-4c5a-8ee3-148078d30b91,2025-10-16T13:31:33.253Z,Preciousburgh,South Dakota,Denmark,-78.9643,-162.6473,aqua,cupiditate,virga,explicabo,tyrannus,clementia,aequitas,74,214.14575371560616,71,textor,6,1,5,true,0.052172351341479906,2025-07-31T04:54:48.374Z,"Lockman, Thompson and Douglas",false
8ca1a60d-e96e-499a-9669-fe0c8a97e451,2020-12-21T07:35:16.659Z,Blockburgh,Ohio,Chile,-64.2678,-42.7629,thermae,adiuvo,sollicito,curriculum,cohaero,tabella,succurro,99,23.94436990737838,53,suspendo,1,2,3,true,0.17773338911365924,2018-12-07T00:35:05.066Z,Hills and Sons,true
e4d619cf-8af1-4a9c-b8f3-b3bc26d44e0f,2020-11-12T13:33:27.656Z,West Myriam,New Hampshire,Palestine,-47.9528,137.323,ipsum,debilito,amiculum,usus,demo,substantia,conventus,88,160.6551736266728,75,impedit,5,0,1,true,0.0999271178861546,2023-08-19T01:21:21.123Z,Walter - Stokes,false
fd066393-ddaf-4783-9955-a873264e1e64,2024-03-30T00:38:12.642Z,Port Teagan,Georgia,United States of America,-70.3499,143.5325,ullus,theca,alias,armarium,aegre,dolor,thema,101,200.99185422086668,28,carbo,0,0,5,true,0.1038925042725905,2019-06-29T08:58:39.341Z,"Wiza, Schoen and Gusikowski",false
dd048425-ce9d-49ed-8d65-3de065ae55c5,2024-02-06T02:17:30.840Z,Port Hadley,Wyoming,Tajikistan,-27.9066,-10.6232,suasoria,victoria,arx,cruentus,tum,communis,vesica,62,39.6681914937519,19,inflammatio,0,0,3,false,0.24703622389067004,2024-09-18T05:29:29.809Z,Gibson - Hagenes,false
418cd0d0-a35f-431f-80a8-6e2b42f737c3,2020-03-06T15:26:56.497Z,West Ned,Pennsylvania,Mauritania,-85.4107,29.3013,debitis,canonicus,alo,conculco,coadunatio,capillus,asperiores,116,74.99278900890198,87,carus,3,2,1,true,0.06585092911583806,2023-01-18T04:34:42.432Z,DuBuque and Sons,true
f6211fa2-d5ed-4bb2-8add-613a898fd1a2,2020-01-19T12:12:28.854Z,Helmerport,Indiana,Fiji,-16.0439,-175.5612,vigilo,somnus,torqueo,valeo,benevolentia,veritatis,iure,91,32.044065928267955,94,cauda,2,0,2,true,0.002589973656185046,2021-01-09T07:26:30.029Z,"Kirlin, Kertzmann and Upton",true
decaeb7f-a209-420b-9ca7-397dfeea4b54,2022-07-06T13:48:06.708Z,South Jonas,Idaho,Equatorial Guinea,-54.751,58.5515,benevolentia,deporto,adaugeo,terra,acidus,consectetur,deprecator,116,93.37855480083194,48,celo,3,1,3,true,0.03458677167567431,2023-11-27T17:59:58.986Z,Feil - Keebler,false
1cc197a7-d273-476b-9bdd-9cd5f4eeee30,2023-06-06T14:33:00.953Z,Fort Kolby,South Dakota,Syrian Arab Republic,-82.1875,-54.8357,charisma,itaque,aranea,bellum,vis,beatae,deprimo,73,51.07851813847198,36,tabella,1,0,5,false,0.047081829791052715,2019-07-23T16:58:55.065Z,Heathcote Group,true
2b52254e-a7c5-4b5e-9454-cb790495e832,2021-01-02T02:51:36.850Z,Grand Rapids,South Carolina,Italy,20.2714,36.8415,possimus,viscus,deserunt,video,curia,tollo,cognatus,68,102.35571394404235,54,exercitationem,2,2,4,true,0.2112196027569667,2022-04-15T00:50:20.663Z,Douglas Group,false
90e37872-d33e-4499-b60a-d159b98ea3e5,2023-02-09T15:34:16.617Z,Bridgeport,Hawaii,Azerbaijan,0.932,122.958,sodalitas,curvo,desidero,temptatio,voveo,colligo,deficio,123,86.13212477421688,81,ipsum,2,1,3,true,0.03110304224194166,2022-09-19T04:01:55.907Z,Ward LLC,true
5c9c9813-af28-433c-8d2e-36f23d2055c0,2018-03-26T01:47:22.982Z,Lake Noemi,Ohio,Saint Martin,8.3867,-153.2148,atrox,totam,vulticulus,vito,tracto,tamdiu,capto,60,70.80287352137307,90,solio,4,1,2,false,0.1284158925916827,2022-01-16T21:08:44.241Z,Luettgen LLC,false
eb2acf81-dd9b-4396-928a-8c6a09dbda81,2022-07-30T23:12:02.094Z,Blandaville,Virginia,Slovakia,-75.6819,157.9608,territo,carus,eveniet,arbustum,varietas,urbanus,solitudo,111,14.695325777251895,24,cursus,0,2,3,true,0.07056554146033198,2019-06-06T19:28:15.774Z,"Parker, Abshire and Rippin",true
91bc822b-c3ab-4aa5-af76-235feda6349b,2023-06-07T21:15:46.898Z,North Hoyt,Oregon,Namibia,-35.3548,-146.7303,deprimo,ulterius,carbo,capio,reprehenderit,damnatio,qui,84,72.12645293130612,60,bibo,5,2,4,true,0.17182736082333902,2018-12-29T04:52:02.272Z,Schaden LLC,false
14c7a31c-70a4-412b-97b9-fa745f3555d9,2021-12-29T15:43:47.440Z,Port Floyland,Alaska,Denmark,-8.8988,-60.4687,cetera,testimonium,vorago,validus,adversus,tamquam,textilis,48,227.3466926684428,82,adflicto,1,1,4,false,0.16623903674479157,2024-04-30T03:02:05.700Z,Beahan - Glover,true
97291ab1-4773-4c75-92a9-24555639dc0b,2018-03-19T02:12:53.771Z,Creminstad,Virginia,China,10.3165,81.9143,virga,bellicus,baiulus,accedo,tunc,debilito,damnatio,82,225.2497281577199,43,coerceo,0,0,2,true,0.0021201386459857308,2020-12-06T16:57:16.060Z,Metz - Schimmel,false
50eb9063-378b-4387-bc24-3a4d9201b146,2020-01-01T10:40:26.910Z,North Travis,Nebraska,New Zealand,59.3898,-0.2864,accendo,constans,itaque,solitudo,tolero,soluta,alo,71,48.10666955567159,55,accusamus,0,0,2,false,0.04782531026781592,2021-12-27T22:39:14.481Z,Rau - Davis,false
b8a4c065-a3af-44d7-b5bd-f5cd20955f81,2021-05-09T10:26:29.606Z,South Gissellecester,Kansas,Liberia,76.2361,59.5772,cunctatio,ustulo,tamisium,velit,custodia,dolores,creta,37,173.0317528844724,30,crastinus,4,1,2,false,0.12493545161095349,2022-02-24T13:24:23.395Z,Prohaska LLC,false
968845b2-1841-4c3c-9bcf-bed671532a3f,2019-01-30T06:10:32.578Z,West Ledastead,Pennsylvania,Cape Verde,-18.7521,-47.0495,surculus,collum,causa,solutio,cohors,ea,curso,122,46.19783413392216,53,tribuo,0,1,5,false,0.22521719215943534,2022-05-17T22:45:07.683Z,Hermann LLC,true
471f3b95-0968-45e3-8b00-5b737cef5a73,2019-07-27T12:36:11.296Z,Lake Tyrese,Texas,Sudan,-66.7141,-149.9662,canonicus,eligendi,quia,cupressus,cubicularis,appono,a,74,91.48556784679207,67,suscipio,5,0,3,false,0.1619686316270651,2019-03-05T20:17:35.299Z,"Bauch, Bednar and Mohr",false
cde90579-540b-4a72-b59f-2f748d33d138,2025-10-22T08:58:50.794Z,New Jeffrychester,Wyoming,United Kingdom,5.4151,173.0196,quasi,torqueo,eos,causa,ater,textus,stillicidium,102,15.940759073135125,69,tametsi,6,1,4,true,0.06192922398239559,2021-05-13T21:19:33.640Z,Wisoky - Jaskolski,true
0b5dff63-a73a-4a0e-b5d1-86418f6cbf44,2018-07-11T10:51:31.543Z,North Ramonstad,Ohio,South Georgia and the South Sandwich Islands,10.777,-51.4172,adimpleo,aeternus,pecto,quia,cado,tondeo,reiciendis,72,221.8043343730001,63,ad,3,0,4,true,0.18766985558639993,2021-01-15T21:34:23.199Z,Steuber and Sons,true
666b4bf3-e01c-412b-80d5-5575f7356cb6,2019-09-14T22:36:06.758Z,McGlynnshire,Alabama,Slovenia,-65.2959,168.5241,arceo,coniuratio,odio,ciminatio,rem,spero,solutio,90,138.71265771016812,75,derelinquo,5,0,5,false,0.19970568731718474,2022-09-21T11:34:44.740Z,"Zieme, Heidenreich and Stracke",false
556800c4-1134-47b4-9026-6dfae1789633,2024-05-27T03:51:12.732Z,Bethesda,Alabama,Slovenia,-53.4095,63.4552,auditor,creo,adsidue,tui,totidem,est,commodo,59,175.03913162933497,41,verbum,0,0,1,true,0.15913397920417197,2020-02-05T10:46:53.366Z,"Gerhold, Lubowitz and Bradtke",false
52dde285-9888-44a2-b1c9-556f44a6b5b1,2018-03-24T17:50:00.023Z,Feestport,Maine,Solomon Islands,-21.1825,-162.7114,audeo,suffoco,tamquam,ipsum,venia,universe,textilis,116,117.71042599717121,29,trans,4,1,4,false,0.031109342389260303,2023-05-12T18:42:23.109Z,Runte and Sons,true
4e5579ff-32a3-47c0-bdc5-23f407d05a44,2023-01-08T02:24:27.215Z,Edwinastad,Missouri,Eswatini,11.8098,80.0392,aeternus,correptius,calculus,dolore,infit,ubi,capto,60,88.87278208813802,93,tabula,6,2,3,true,0.1511950968982652,2019-10-25T12:50:05.233Z,O'Kon LLC,false
b282f6a3-520f-4509-be22-22b9eda86360,2022-02-13T22:53:07.538Z,North Zaneshire,Maryland,Christmas Island,-39.9454,-10.9713,sunt,desidero,averto,temperantia,cotidie,valde,sapiente,36,9.955596650213385,46,tempus,3,0,5,true,0.1271612402854743,2018-04-10T06:12:15.989Z,"Gerlach, Conn and Kshlerin",false