accident_id,incident_datetime,city,state,country,latitude,longitude,road_name,road_type,intersection_type,accident_type,weather_condition,road_condition,light_condition,speed_limit,actual_speed_kph,driver_age,driver_gender,casualties,fatalities,vehicles_involved,alcohol_influence,blood_alcohol_level,weather_reported_at,reporting_department,pedestrian_involved
cc67830b-c153-4176-afd1-c22e6b123093,2025-08-29T12:17:18.305Z,Port Tobinbury,South Dakota,Pitcairn Islands,-21.6505,57.4475,vix,advenio,carpo,derelinquo,voluntarius,vesper,blandior,25,153.8293664328826,51,vos,1,1,4,false,0.012137471055322674,2023-03-18T09:39:41.310Z,"Bartell, Auer and Collins",true
9149a0ae-c0a6-44c6-9cd1-ae7ae72ef5e2,2025-01-07T04:43:18.272Z,West Woodrowview,Connecticut,Chad,44.3286,124.9961,patruus,conduco,derideo,error,valde,antiquus,benigne,106,167.9673972273333,71,cupio,1,1,4,true,0.20224876508141754,2019-12-22T12:26:12.189Z,Stehr - Abshire,true
e69f14cb-9644-4c2f-87ac-67380b6d7812,2021-02-01T07:33:54.903Z,North Cleta,South Dakota,Grenada,17.2328,6.795,curtus,eligendi,texo,crux,caveo,crinis,demergo,26,78.56018957592366,61,ultio,3,2,5,false,0.05066660015228744,2020-07-25T01:00:10.279Z,Rodriguez - Bednar,true
0eadf021-1716-49f8-9109-e9805b268197,2020-04-02T22:08:17.406Z,Genovevaburgh,Georgia,Morocco,45.2503,167.7124,thema,ambulo,aperio,deripio,quasi,dignissimos,velut,63,59.437396963555614,85,autus,2,2,2,false,0.16718529248462033,2018-05-24T15:47:49.558Z,Lind LLC,true
e96fa757-ac48-4f69-adb6-75b80786e843,2024-04-14T10:38:44.772Z,East Delbert,Missouri,Saint Kitts and Nevis,-21.4995,48.7056,aufero,tutamen,adiuvo,acidus,abduco,ratione,labore,50,183.5843296365278,67,trepide,0,0,4,false,0.09339316036274758,2019-01-17T00:32:32.430Z,"Kunze, Reichert and Hauck",false
493657f4-2929-4a60-8d04-f0a76810ba13,2024-08-05T19:59:20.235Z,Port Violabury,Oregon,Puerto Rico,-36.1947,-147.0559,alius,bellum,conturbo,subseco,averto,creator,ait,114,10.200034826360165,76,suffragium,4,0,2,false,0.21991261290517297,2019-08-18T07:23:23.115Z,Feest - Bruen,false
5872f8c0-1d88-4a0d-9a75-793cc15cbbec,2020-12-28T08:02:47.701Z,Dachfurt,Virginia,Saint Barthelemy,52.8691,145.1886,decor,assumenda,audax,curis,thema,tot,delinquo,72,129.0603875884514,29,assumenda,6,2,2,true,0.09908892884053055,2020-11-07T18:48:08.260Z,Ruecker Group,false
c5bd11d9-23e9-4ca7-b9bb-1c19632d9556,2025-12-09T15:41:42.942Z,Emiliaview,Colorado,Monaco,-7.3555,94.6371,excepturi,defluo,volup,demulceo,amicitia,abduco,carpo,58,183.35114155165547,72,carbo,6,1,4,true,0.16508630069144853,2018-02-03T13:08:10.557Z,"Morissette, Cormier and Zulauf",true
f58f713c-0f8f-45b8-8086-bee383562eba,2021-04-06T10:37:32.455Z,Jaimehaven,Illinois,United States Minor Outlying Islands,-2.2296,-81.8934,voro,ascisco,uberrime,vilis,terminatio,balbus,voco,24,61.40132129581181,28,demitto,1,0,2,false,0.20102251378149433,2019-03-04T16:48:04.058Z,Runte - Breitenberg,true
2689f248-a45d-4f6c-8655-6fdf22a4ecc8,2022-10-22T21:58:44.390Z,Jacquesboro,Massachusetts,Burkina Faso,-11.4131,52.3548,adeptio,summisse,volutabrum,exercitationem,animus,solvo,desolo,87,219.40795430550367,85,curvo,3,0,3,false,0.17467698202118367,2024-06-09T11:45:30.516Z,"Koch, Wolf and Stark",false
de9befdd-30fb-4914-8e0c-b66801e850ad,2023-06-23T06:19:25.403Z,Bettyeshire,Michigan,Marshall Islands,-29.7943,-32.7296,alienus,absum,assumenda,quam,aetas,damnatio,viridis,53,220.54227130647817,70,soleo,6,0,3,false,0.2124168987156865,2020-05-08T18:27:01.246Z,Bednar - Effertz,true
3b0c9627-c2a7-4e7d-aa42-2ad14a26d287,2025-04-12T04:18:03.514Z,West Allis,Louisiana,Algeria,-38.0505,146.7728,aduro,bardus,antea,facere,voluntarius,texo,natus,24,122.69352910670246,90,aggredior,2,2,5,false,0.09984765203470033,2024-04-24T05:58:19.654Z,"Wilderman, Morissette and Ortiz",false
a15a2563-d919-4105-9041-0fad53105e5d,2025-03-02T06:32:32.582Z,North Amy,Maryland,Malawi,3.6237,108.1627,dolorem,censura,fugit,torqueo,vox,arcesso,iure,116,164.8425551338298,90,quis,0,0,4,false,0.15963118917661656,2023-07-05T20:44:22.632Z,"White, Wilkinson and Johnson",false
bae415d7-3da2-47f5-974c-b3961e9e39e3,2025-05-08T13:18:01.757Z,Lake Jadenton,Alabama,Haiti,-74.509,12.0714,adeo,clamo,terminatio,carmen,turbo,coerceo,sophismata,107,215.14082718365174,44,aurum,5,0,4,true,0.1984168917238918,2021-04-17T20:17:47.804Z,"Walsh, Orn and Crona",false
f53ec0f4-b854-415f-81c0-93ab1b58b839,2023-03-31T20:34:17.986Z,Port Irvingmouth,Virginia,Greece,17.066,17.6291,truculenter,depraedor,tenus,apto,ex,totam,arma,73,218.00144604294906,37,aestas,6,2,1,true,0.01607231285697261,2022-08-20T18:26:49.447Z,Ondricka - Grant,true
7a77c318-16d8-484f-a0af-d6c71b26f728,2020-05-26T18:18:07.115Z,Lake Forrest,Massachusetts,Gibraltar,-81.1569,-147.077,admoveo,crebro,dolor,cras,expedita,stillicidium,verto,59,135.62143044844592,61,congregatio,1,0,3,false,0.12910997661630605,2023-11-09T02:31:26.553Z,Bins - Koss,true
dd6d7e31-7071-4655-a343-48826e00e94a,2023-01-31T23:28:44.957Z,Palo Alto,Nevada,Iceland,10.4973,-43.1009,canto,valetudo,molestias,concedo,approbo,volva,colo,72,167.64257361994677,81,deprecator,3,1,1,true,0.030784853800396778,2021-01-07T10:58:56.125Z,Hoppe Group,true
33d96a54-b5ca-48bf-a080-a4ee0cf6e722,2025-11-11T18:28:55.453Z,Baumbachstead,New York,Slovenia,74.4155,44.7689,soleo,custodia,desino,suffragium,corrigo,desino,totam,26,33.08527355690682,41,ipsum,1,1,4,false,0.17024870437523573,2023-12-25T06:30:37.452Z,"Rau, Bednar and Zulauf",true
5d290d61-cf72-49ce-9e7f-b7e5f2274dba,2022-06-09T20:35:08.708Z,Noblesville,New Jersey,Antarctica,-24.2247,-26.2235,attero,maxime,doloremque,verumtamen,arbustum,audio,virtus,22,153.02450401103988,50,tabella,4,0,2,false,0.171594307015372,2021-03-26T21:40:38.816Z,Streich - Greenholt,false
4ce376f3-ed98-4671-82f4-2d674556f3d9,2024-01-20T07:40:45.097Z,Wademouth,West Virginia,Cote d'Ivoire,-53.4538,-154.4277,collum,apud,appono,cultellus,repellendus,bene,adsum,98,238.24352875207302,68,clibanus,5,2,5,true,0.002565760082155588,2025-05-07T02:11:14.573Z,Hintz - Lynch,true
3b2f1063-7372-490a-b3f1-3cd583549d80,2019-04-07T21:34:53.847Z,Westland,New York,Cocos (Keeling) Islands,-4.7952,-21.286,amet,eligendi,defluo,vulpes,suffragium,cogo,vociferor,33,95.00175056953427,67,nostrum,5,1,4,true,0.08226767288379566,2018-12-31T18:22:07.739Z,Daniel - Crona,true
36723852-7309-4e8d-bc10-e86e7d8e33ce,2023-09-14T23:44:58.848Z,Cassinhaven,Delaware,Northern Mariana Islands,-71.1854,-148.9233,viscus,ait,tenus,victoria,defaeco,terga,considero,111,6.646286248215505,31,tabgo,2,1,4,false,0.07969771952839219,2025-05-07T09:36:01.568Z,"Turcotte, Braun and Herzog",true
3eef239e-0e93-4483-8f4d-0c8ad7dfcb65,2018-05-25T19:35:01.166Z,Lake Felton,Virginia,Hong Kong,-87.0967,-104.3157,agnosco,cui,sperno,xiphias,alius,studio,centum,54,151.80350593034674,48,derideo,6,0,1,false,0.09284113429371035,2018-05-10T10:07:11.529Z,Lind Inc,true
45f7fa86-1d7a-402e-8868-9ca24299f6e5,2023-12-02T08:34:50.280Z,Laguna Niguel,Connecticut,Burkina Faso,-59.3421,83.6895,tibi,auxilium,curia,alienus,ea,appono,careo,42,151.6834814232424,49,vel,3,0,5,true,0.23412642351108795,2018-11-24T20:51:51.603Z,"Terry, Roberts and Mohr",true
c60e9e5d-b26a-4d02-a69e-7a25be931f95,2022-05-06T17:30:05.327Z,New Modesta,South Carolina,Romania,24.2092,-0.4566,aperte,impedit,ultra,patria,alioqui,cras,conforto,104,150.0179276069284,31,addo,4,1,2,false,0.03974795934593131,2021-09-14T08:01:41.016Z,Wilkinson - Labadie,false
1c16d0c3-5c0e-4dbb-8d9a-d73f61a4d776,2021-09-11T18:55:50.384Z,Vineland,Michigan,Iceland,10.1488,41.2816,conitor,admiratio,supplanto,subseco,strenuus,thermae,defendo,60,71.8341703360614,40,stultus,5,2,3,false,0.19686951894745966,2021-12-11T22:15:37.019Z,Mitchell and Sons,false
4284e6c8-bf8a-4efb-91b7-e971c51d5295,2021-07-15T20:30:53.345Z,Fort Fritz,New Jersey,Saint Pierre and Miquelon,32.736,-13.8851,casso,strues,sumo,thymbra,dignissimos,tantum,comedo,25,232.26729134793848,67,varius,6,2,5,true,0.08747445902055731,2021-09-21T19:35:46.703Z,Von and Sons,true
7fe7a6b4-b808-4bf9-956b-0e2f8c69891c,2020-11-20T21:48:05.795Z,East Alfredoland,South Carolina,Angola,-25.8574,-4.6918,ipsa,abundans,velut,undique,mollitia,aeternus,barba,22,6.392463923663714,39,solium,3,0,4,true,0.2082079722131137,2021-12-25T14:40:22.934Z,"Grady, Koelpin and Gibson",false
7ff1a374-bb7e-4487-93f5-754af4189291,2021-10-19T16:11:51.201Z,Fort Wileyworth,Maryland,Micronesia,10.6655,127.7438,abundans,tenus,voluntarius,tredecim,delinquo,undique,confugo,66,171.83602440299302,95,cupio,6,0,2,true,0.18330431980626927,2019-08-02T10:07:43.195Z,"Pollich, Schiller and Champlin",true
e77ca914-1e23-4898-9381-46e77a170a5b,2020-07-22T00:32:22.867Z,Edina,Delaware,Taiwan,-9.1764,56.0428,advenio,vix,ulciscor,defluo,decens,clamo,spoliatio,57,214.14949058459803,60,corroboro,5,1,1,false,0.11851844009882462,2020-04-03T01:28:21.444Z,O'Conner LLC,false
f3ecdf30-40f1-4847-9020-728f50780f25,2020-01-09T18:21:37.987Z,Port Hectorfurt,Florida,Saint Vincent and the Grenadines,42.3643,52.0758,demitto,aliqua,cernuus,amoveo,verto,occaecati,urbanus,50,2.8032296794041667,40,degusto,4,1,5,true,0.08627515856057819,2018-06-14T23:06:28.086Z,Wyman Inc,true
11b2be43-5303-4e40-abb3-3e40651aa130,2024-08-12T17:33:09.482Z,Geraldmouth,Massachusetts,Kiribati,22.2679,75.3847,celebrer,iste,alii,nisi,titulus,patruus,cupiditate,118,4.2545817783678785,74,demitto,5,0,3,false,0.005520288602922557,2020-01-06T18:43:42.916Z,Watsica - Bauch,false
8958f025-a43d-4528-b0af-4f52ef5452f5,2020-11-03T11:35:41.129Z,Brownsville,Arkansas,Vietnam,28.0285,122.3318,facere,accedo,abscido,traho,asper,adhuc,tantillus,21,231.580404664488,49,theatrum,6,0,4,false,0.029926404787555094,2018-11-09T23:12:30.210Z,Koepp LLC,true
428b7118-d2f0-40ed-a05e-b057bcc3c5d4,2024-01-12T00:31:59.054Z,West Nathenburgh,Illinois,Dominican Republic,35.4892,167.2326,bellicus,dapifer,vestrum,utrum,tametsi,confido,ex,89,5.883578916599124,89,thema,3,1,1,true,0.11360748488334518,2025-01-27T10:07:55.925Z,Willms Inc,false
f96f81a9-14b4-4839-8bdf-f8d18ef77bc3,2020-04-27T05:07:26.645Z,Port Casandraburgh,North Carolina,Sweden,-38.181,-86.0085,surculus,admitto,sortitus,cinis,trepide,vaco,cupiditas,92,63.528868288140224,53,coruscus,3,0,2,true,0.15039595401849007,2022-02-24T06:50:46.421Z,"Medhurst, Gislason and Schneider",true
0b89f101-321c-4baa-b7ad-7e948d038435,2018-05-30T16:28:10.300Z,Bechtelarstad,South Dakota,Mayotte,-72.8307,-160.641,conventus,tergiversatio,commemoro,cogo,atrocitas,amor,rerum,24,178.62641533734367,72,amet,6,2,2,false,0.17995321943059198,2025-11-08T14:01:35.473Z,"Kris, Pacocha and Stiedemann",false
41af0713-3aab-4a96-8afe-8698a1a6916b,2023-07-25T20:03:04.290Z,East Cordiaboro,South Dakota,Central African Republic,89.9208,-129.7122,vinculum,error,conventus,vinum,amplitudo,bellicus,valeo,120,186.30063745291287,90,theca,1,1,3,false,0.15155062555884444,2025-04-07T21:46:56.340Z,"McCullough, Cormier and Hackett",true
cfaaea3a-3187-43bd-aad4-66f35d31ed83,2021-10-23T05:08:19.328Z,Turnerville,Rhode Island,Chad,-46.7262,-25.1653,corrigo,ars,neque,nesciunt,spiritus,esse,supellex,81,236.17155974860503,23,arx,0,0,5,true,0.18105286873736245,2025-04-28T19:57:52.415Z,Hahn - Stokes,false
4204c946-337b-48bb-8b88-234a192fe7cb,2021-11-15T20:57:38.696Z,Austynchester,South Dakota,Bolivia,-12.7674,171.7932,artificiose,angulus,aggero,curia,currus,praesentium,solvo,92,9.869017305025345,31,careo,4,1,5,true,0.017516596403036794,2023-10-26T23:13:12.140Z,Bartell and Sons,true
a5904578-28f7-43f0-88b9-68c0b1fae61c,2025-04-25T00:15:35.781Z,New Efren,West Virginia,Uganda,48.8255,100.5947,deinde,labore,coepi,defetiscor,ultio,ipsum,adopto,31,102.99979538048393,19,voluptas,3,1,2,false,0.04410877732073484,2023-06-23T13:00:41.265Z,Haag - O'Connell,true
d2d99233-654b-4f81-9123-d96d8b21916b,2025-05-02T08:49:17.706Z,Rubyechester,Oklahoma,Bangladesh,-86.8275,138.1865,curo,cunctatio,adduco,attero,copiose,viridis,ipsam,24,137.7748375515233,57,cervus,4,2,4,true,0.18145201729270566,2019-09-24T21:06:24.477Z,Olson Group,true
5fd458fa-5033-4ef2-bd88-ec9563b1776c,2021-05-05T22:40:22.410Z,Ebertberg,New Mexico,Wallis and Futuna,-19.3433,117.721,saepe,via,ocer,taedium,taedium,deficio,tenuis,104,186.42099896024365,34,celebrer,6,0,2,true,0.16384851181793877,2019-03-22T23:48:51.535Z,Beahan - Prosacco,true
23e79f80-5135-4495-9054-5c68a49ddbf6,2021-11-16T21:59:13.442Z,Temple,Idaho,Brunei Darussalam,-70.2239,77.0514,voluptatibus,decerno,contego,vicissitudo,sollicito,aggero,coma,83,32.36663172938405,38,thorax,5,0,4,true,0.11843037942089249,2021-03-23T22:18:36.006Z,Kozey - Hermann,true
84615d49-ce8f-405c-b49a-002437ba1f80,2019-02-13T11:13:51.381Z,Lulaboro,Oregon,Cyprus,46.0929,52.3195,ago,cupressus,speciosus,est,uredo,ratione,subnecto,79,23.4868462431631,44,aqua,3,1,4,false,0.04196736283945732,2024-08-17T03:22:09.241Z,Ledner - Simonis,false
2cdf242b-d769-4463-a397-b1b0e7d09ee9,2020-05-23T21:45:21.389Z,Doloresburgh,Missouri,Guinea-Bissau,-58.3494,-52.2883,tempora,video,vestrum,sponte,admitto,sursum,bellicus,55,102.79040852365699,18,uter,0,2,2,false,0.23749478779954164,2018-11-14T03:36:31.582Z,"Lynch, Wisozk and Braun",false
a54accc7-1a23-4cb8-9966-b32f5ffab054,2020-11-21T01:37:32.247Z,Leesburg,New Jersey,Burkina Faso,34.5148,39.6682,ullus,consectetur,victus,cogito,pecto,tabgo,utrum,39,55.49493735708963,35,praesentium,5,2,3,false,0.17818155570330732,2018-03-26T08:33:31.428Z,Homenick - Shanahan,false
bedc80bd-18b6-4394-b557-3b42e5830357,2025-04-12T09:40:54.469Z,South Zelma,New York,Gibraltar,-79.2826,-85.0543,vos,natus,denego,aspicio,coniuratio,ipsam,campana,86,157.7371738869978,37,celer,3,0,1,true,0.05131925600734505,2021-08-23T15:51:09.506Z,Wuckert and Sons,true
b443c8d7-7d13-44b9-972f-a8bd5e45257d,2023-12-02T15:30:57.851Z,Hagenesworth,Oregon,Tunisia,-34.4973,-158.7432,deludo,defero,animadverto,dolore,cunctatio,sum,theologus,34,41.68213381321798,71,derelinquo,5,1,2,false,0.23934731583125826,2019-03-31T23:29:54.879Z,"Walter, McCullough and Mosciski",true
7c84401a-b9c1-4569-bccb-ec2bebb3ac70,2019-07-30T16:27:05.614Z,East Kipbury,Minnesota,Cook Islands,26.532,20.2136,appositus,ceno,denego,supellex,ullam,dolorem,omnis,29,220.68483150229207,24,denego,6,0,4,false,0.1817330026077918,2024-12-03T11:12:41.162Z,"Franecki, Rohan and Sauer",false
5464d118-b47a-4ceb-9ad6-252dda43d9de,2024-12-24T23:12:10.276Z,Pacochachester,Arkansas,Wallis and Futuna,37.6157,-46.9136,arcus,uredo,paens,derideo,subiungo,vulnero,circumvenio,67,236.43623121660877,71,delicate,3,2,1,true,0.23485664143564855,2022-08-09T17:03:11.431Z,Bode Group,false
9f948cb2-1ade-424c-83a6-156b4b46e93b,2020-03-21T04:17:24.680Z,Littleshire,Louisiana,Antarctica,-9.4405,-178.3154,vinitor,acervus,ara,somnus,vester,testimonium,virgo,127,24.439017026851204,33,eligendi,1,0,3,true,0.19074133759192208,2019-06-23T14:46:02.580Z,Klein LLC,true
058b930a-59bc-4ad1-9f23-391d7d06680f,2020-10-23T00:42:17.400Z,New Ameliecester,Alaska,Saint Helena,-40.3482,31.5491,alii,subnecto,careo,celer,templum,theca,adopto,129,186.87513698031606,79,taceo,6,1,1,true,0.053536859709864965,2019-06-10T05:33:18.300Z,Jacobson Inc,true
293e9fe4-d201-4242-9d26-704f97057701,2018-10-02T02:44:17.927Z,Alfordhaven,New Hampshire,United States of America,11.9664,115.3576,cursus,tabella,theologus,cruentus,culpa,vinco,tricesimus,60,189.01141448853826,28,dicta,6,2,5,false,0.1858134019997053,2022-12-14T21:55:38.699Z,Wunsch and Sons,true
b74d78d7-8f5b-45a4-be54-53c0de6e5ecd,2025-02-23T21:54:37.636Z,East Jayloncester,South Dakota,Guadeloupe,79.6742,76.4673,ago,harum,tenuis,officia,assumenda,possimus,est,84,16.611835311054193,70,cruentus,3,2,1,false,0.14198720876732812,2019-12-21T23:52:46.658Z,Wehner and Sons,true
0e26bc24-97ab-4dda-be88-fe71216dac13,2025-02-10T15:22:41.729Z,Cheektowaga,Alaska,Azerbaijan,-51.7048,30.9739,caput,advoco,tredecim,demonstro,commodo,apto,aegre,69,224.8773975438636,21,sapiente,6,1,1,false,0.19100454264989408,2020-02-05T10:37:50.620Z,"Johns, Cassin and Schmitt",true
9df98a18-8979-4192-8d57-69916b53f029,2024-05-20T23:09:02.529Z,Lake Anthonystad,Alabama,Cameroon,-37.659,-90.5358,synagoga,eos,crudelis,aro,tristis,substantia,cattus,37,141.4738268691748,67,temeritas,6,2,5,false,0.15643746781492354,2021-10-29T04:16:05.157Z,Cole LLC,true
ecf48f80-faee-4c89-9400-6fb89b2a7b8d,2020-04-19T09:26:46.101Z,North Magdalen,Rhode Island,North Macedonia,36.9024,-17.9282,carcer,depereo,cernuus,ab,utique,ipsa,cornu,23,193.3174377138931,19,denique,6,1,2,false,0.10358229931613774,2022-03-23T19:57:59.869Z,Crona Inc,true
6d13fae4-b590-4944-b803-d1a1d30b0172,2025-06-22T22:23:42.530Z,Huntsville,Washington,Monaco,89.3492,-87.0104,pax,tondeo,amita,derelinquo,voluptatum,iusto,adfero,109,111.11833413012104,34,tabella,4,0,2,false,0.2385156217600827,2019-03-13T09:53:43.474Z,Murray - Gislason,false
ee48a68b-60c5-4076-8c75-733daea6076a,2023-03-31T12:51:55.459Z,West Graciechester,Michigan,South Africa,-46.389,-70.7724,antea,chirographum,repellat,congregatio,similique,solus,deprimo,126,12.797936138871844,44,virgo,4,0,4,false,0.11516060542172449,2025-02-04T10:09:53.827Z,Senger - Conn,true
3c041ced-7184-4cdb-99e0-b304a1e59e41,2020-08-10T10:47:27.157Z,Kailynhaven,Louisiana,Guinea,-74.2083,-106.0854,pectus,arma,bellicus,ustilo,demens,fugiat,deprimo,70,87.4310019744027,66,carus,2,0,4,false,0.05231427900086405,2019-06-14T00:04:34.337Z,Jones Group,true
48e6cc79-b855-4b99-8d0a-1fadfa41bb24,2018-04-23T20:15:54.336Z,Ernestfurt,Oklahoma,Mongolia,46.3787,-111.3169,voluntarius,solio,aestus,tamdiu,consectetur,angustus,stips,39,103.30172763539139,20,vicinus,4,0,3,false,0.24734977863861826,2023-08-03T22:08:58.539Z,Satterfield - Rosenbaum,false
f8527072-2dfc-4ae4-932f-14454d669fb2,2018-12-06T03:39:05.845Z,Ravenshire,Pennsylvania,Cameroon,-35.3273,157.9943,sulum,cinis,arca,placeat,succedo,subvenio,paens,50,28.287040691651832,67,demitto,3,0,3,false,0.023668313852541867,2024-01-02T15:12:31.811Z,Dooley - Bartoletti,false
26bbed81-bb64-4e6f-ad66-d80537c5ed2c,2025-09-13T17:52:49.334Z,Chicago,Indiana,Tanzania,-51.7276,173.7493,theatrum,casus,demoror,somniculosus,adeo,tum,tum,45,151.3169439137371,83,culpo,6,2,5,false,0.161458610502991,2024-11-19T21:26:49.458Z,Dicki - Becker,false
87f2d8c0-2f7e-4410-9f32-aa327e540066,2023-08-26T21:56:34.657Z,Lake Maryam,Maryland,Guadeloupe,-79.2418,89.5859,aranea,appositus,acervus,comburo,sustineo,arcesso,debeo,32,21.078830968877398,80,voro,2,2,5,true,0.03154279396578141,2018-10-31T21:24:09.983Z,"Mraz, Metz and Farrell",false
bdfe7673-394f-4d8c-ab0c-a560659f400a,2023-05-31T01:30:26.661Z,Freeport,Maine,Guinea-Bissau,50.2013,-90.9643,charisma,aspernatur,saepe,vespillo,comprehendo,pel,architecto,27,174.03565235070582,27,abbas,6,2,3,true,0.012937036724132711,2025-01-30T00:50:07.025Z,"Hagenes, Bins and Pacocha",true
1f128b80-fe6e-434e-935c-b9b4bebd76c6,2024-07-29T15:53:58.195Z,Vivienshire,Minnesota,Montenegro,-43.7381,25.3274,armarium,pauper,bellum,arto,carus,voco,alii,90,220.95439774273825,63,adhaero,2,0,4,false,0.09817671251751214,2020-12-07T21:18:03.966Z,Rowe - Mueller,false
8a998fd5-612c-44df-9650-db54b33d1980,2019-12-01T02:47:41.609Z,Berniermouth,Oklahoma,Niue,3.5402,160.582,synagoga,totam,vulnus,arguo,pecus,teneo,colo,91,194.3661258884433,82,blandior,2,2,1,false,0.08781270576395497,2020-08-24T08:48:46.756Z,Donnelly Group,true
bdd34124-a62f-4c62-b08b-a773abb1cd71,2018-10-19T05:34:45.858Z,Seattle,New Mexico,United Kingdom,62.7399,110.5011,averto,illo,neque,cinis,vehemens,magnam,inflammatio,26,92.12826469223877,48,vomer,4,0,2,false,0.032735096351017456,2020-01-02T07:28:47.222Z,Boyle - Murphy,false
4212e259-f2a0-40c9-9f30-35b981212571,2022-10-24T23:13:28.496Z,New Felicita,Texas,Jordan,-49.4439,14.7613,acquiro,ara,tamquam,vomito,ambitus,arbustum,supplanto,130,225.76571823991054,68,alioqui,0,1,3,true,0.07575826802545232,2025-12-27T09:49:04.906Z,Ondricka LLC,false
a7352690-7195-448f-ab3f-91c3b6ccc936,2022-05-09T08:23:40.177Z,Rubyeville,Nevada,Croatia,67.461,28.8048,cado,reiciendis,ad,certe,demitto,derelinquo,carus,34,22.947842810619477,32,nostrum,0,1,1,false,0.21308257777750103,2022-07-14T08:09:55.649Z,"Skiles, Kertzmann and Miller",false
2ab565f0-dc27-4e45-b430-a0e0a0caf9f2,2024-09-15T14:19:42.214Z,Karinaton,Idaho,Palestine,79.793,-148.2265,sublime,adfero,laboriosam,modi,sublime,titulus,carmen,77,99.53411943465439,58,alii,6,2,1,false,0.04781069025670759,2019-01-27T14:48:38.856Z,Grant - Lebsack,true
5c3a762e-45e4-497d-b479-4a06a84f2973,2018-10-21T07:31:40.699Z,New Arnoldoside,Illinois,Lebanon,75.3716,84.7454,solium,volva,annus,commemoro,curo,arto,tabgo,23,199.27294542399267,100,vinitor,2,2,3,false,0.1265615165461531,2024-06-07T01:43:39.377Z,Herman LLC,false
88512905-381f-4ae1-bb0b-b12eb8ddfc8f,2023-06-08T03:59:57.441Z,Princesstown,Indiana,Tuvalu,-60.8148,-20.2867,adversus,sit,volaticus,similique,nemo,tempus,conatus,46,129.52227408384,50,nihil,5,2,1,true,0.11446587795704122,2025-08-11T11:40:49.444Z,"Hane, Ruecker and Mueller",false
1a6dfea2-e647-4bec-b1fe-6f4828d1967b,2021-08-24T03:16:32.145Z,West Luciouscester,Arizona,Cook Islands,5.9976,-61.8316,supplanto,architecto,minima,currus,inventore,tamquam,verecundia,56,185.78179647529794,52,certus,4,0,4,true,0.07143682664702189,2020-05-17T07:37:46.385Z,Lueilwitz - Powlowski,false
4d90ffa1-a279-4bde-b120-5b7ce271c1fd,2024-02-15T03:00:51.135Z,Lake Leonard,South Carolina,Sierra Leone,10.6246,82.1166,hic,dolor,ulciscor,caste,crur,absens,ver,89,231.98768424358082,30,cultura,1,1,3,true,0.09480240219046654,2023-06-28T20:45:12.279Z,Kutch Inc,false
9afb9ed7-f679-4f7f-bc24-644bd946eaea,2021-01-01T03:10:20.924Z,Nikkofurt,Michigan,Haiti,-19.668,-28.6338,aro,volup,sum,illum,clam,spiritus,undique,102,201.78679691962006,62,molestias,2,2,1,true,0.23407537735532463,2024-04-15T21:28:32.598Z,O'Kon - Deckow,true
bb49fe6a-ccdc-4a02-8903-79c93b6fe1c3,2023-11-12T17:13:50.787Z,Port Johnpaul,Washington,Suriname,10.765,103.4286,venio,ullam,corroboro,minus,undique,velit,calcar,89,1.9188480881881986,61,tabernus,4,1,4,false,0.181656435201465,2023-06-02T19:30:39.067Z,Powlowski - Considine,false
89000957-0ba9-427c-afca-d5a55f38c6b9,2020-04-21T04:32:35.904Z,North Rodgerfield,Nevada,Italy,-72.2162,13.8472,vulgo,alias,aspernatur,brevis,crapula,aegrotatio,turbo,118,35.1245543947626,46,decumbo,2,0,4,false,0.130534672840588,2021-03-22T17:00:03.978Z,Lakin LLC,false
3c948218-803b-4ca2-b643-952b2e9ddfb8,2024-07-30T12:49:22.949Z,Broken Arrow,Pennsylvania,Pakistan,79.2807,158.439,vobis,venio,cerno,sonitus,ait,antepono,magni,53,172.43572075464476,98,vilis,6,1,4,false,0.07894067040706793,2023-04-03T18:34:03.643Z,"Hoeger, O'Kon and Skiles",false
ac34db37-432d-43a2-836c-512d65d24dcf,2024-03-05T15:22:26.055Z,South Audie,Nevada,Turkmenistan,65.0564,126.5963,argentum,denuncio,valetudo,tunc,trado,benevolentia,vae,88,96.13319049692873,66,vomito,5,0,1,false,0.20596989797159942,2022-10-02T11:04:43.515Z,Ernser - Prosacco,false
cc2edc74-670c-4264-8f1d-f7671694dee4,2018-03-16T17:32:04.645Z,West Glendafort,West Virginia,Austria,76.2161,3.9341,cresco,creber,tego,esse,defleo,arguo,cohaero,59,162.3433010620587,45,deporto,1,0,3,true,0.18281281892952186,2022-09-17T18:44:08.550Z,Klein LLC,false
94386868-ad72-40ad-9b02-67759f44b890,2023-04-16T03:35:28.539Z,West Chaneltown,New Hampshire,Guinea,56.3181,-140.4642,conventus,deficio,texo,caelestis,corrupti,eius,amita,121,153.4706426791262,77,admoneo,5,1,1,true,0.07067688154069712,2022-11-19T06:29:46.527Z,Christiansen Group,true
ed07f0a8-8a4b-41f9-aca5-7ed27fa158fa,2018-08-26T19:31:06.414Z,New Desireechester,Oregon,Sweden,37.7538,-23.3284,denego,adipiscor,consectetur,tamen,dolorem,sublime,venio,108,142.94147821480774,83,libero,5,2,5,false,0.1594941299460954,2024-06-21T08:39:20.865Z,Hammes - Toy,true