accident_id,incident_datetime,city,state,country,latitude,longitude,road_name,road_type,intersection_type,accident_type,weather_condition,road_condition,light_condition,speed_limit,actual_speed_kph,driver_age,driver_gender,casualties,fatalities,vehicles_involved,alcohol_influence,blood_alcohol_level,weather_reported_at,reporting_department,pedestrian_involved
e212d689-08e7-4601-9e5f-c8e6dd1c40c8,2020-03-31T04:31:42.280Z,Fort Lauretta,Maine,Sri Lanka,-21.2502,85.3256,auctus,animus,cubitum,caste,ventosus,velut,solvo,95,189.91783292110176,63,defluo,2,1,3,true,0.155720130661477,2022-08-26T07:25:43.195Z,Breitenberg - Boyle,true
6621ce28-9f71-45a2-93df-a62e44da14d6,2024-08-24T04:53:48.537Z,Luciletown,Kentucky,Iceland,74.1205,34.3395,quae,cinis,supra,cornu,decimus,currus,peccatus,39,102.82466803063257,35,eligendi,6,1,5,true,0.18674655835416365,2021-11-16T10:02:02.715Z,Mraz Inc,false
5f379eae-2b57-432a-894f-9c75693fcf80,2024-11-05T14:31:59.694Z,Florissant,Illinois,Sri Lanka,-3.0489,98.8421,tempora,centum,abscido,accedo,vicinus,a,terra,22,211.8798310439594,57,commodo,2,2,3,false,0.1914080015111027,2025-09-19T10:08:25.054Z,Nader Group,false
8169e97c-8b87-43c0-abaf-95ed566ec164,2024-12-17T18:46:30.829Z,Redding,Kentucky,Spain,-70.0242,-41.8832,ultio,doloremque,dicta,cauda,usus,conduco,infit,130,6.118536729469728,49,adfero,1,1,1,true,0.15337963856876413,2022-02-22T17:03:17.736Z,"Maggio, Altenwerth and D'Amore",true
f3ca5cdc-d919-4f7e-aa02-04eaa4f742d3,2025-01-31T03:21:30.275Z,Effertzshire,Nebraska,Albania,85.3885,-111.262,adinventitias,suffoco,aspicio,decet,dolores,sto,thymbra,66,95.78552142912255,20,terebro,5,1,4,false,0.13499346127571127,2024-11-23T00:24:39.182Z,Buckridge - Wiegand,true
39c31bc4-8ada-433c-b675-7dfec089b568,2025-07-06T13:09:49.148Z,North Jonathan,Pennsylvania,Central African Republic,83.5869,-116.4933,cursus,contabesco,valetudo,sed,vesica,tutis,tametsi,57,202.5578665523492,39,decumbo,6,1,4,false,0.22508031407072995,2023-09-10T13:02:11.615Z,Koelpin LLC,false
f9582c21-50aa-4065-99f3-a515e1ee6c2a,2020-10-27T05:18:58.672Z,Lenexa,Wyoming,Panama,77.0454,107.8158,tamdiu,reprehenderit,veniam,ocer,ambulo,ipsam,conspergo,25,100.11103590118384,80,soluta,3,1,5,true,0.1839023216008806,2021-11-04T06:53:06.655Z,"Crist, Hodkiewicz and Thompson",true
7c54317d-e3c0-422d-8066-a809be4b5ee9,2024-07-05T00:55:22.979Z,North Brucefurt,New Jersey,Iceland,5.3315,-157.9019,vae,verecundia,magnam,somnus,animus,demum,angelus,119,120.22719210318701,73,tenuis,5,2,1,false,0.10700038995392996,2019-05-20T00:15:52.212Z,Pagac - Bednar,true
6782e6b6-4ba7-4d09-bfa5-361955170556,2018-04-19T11:38:43.117Z,Lake Florencestead,Arkansas,Fiji,-82.9614,-155.9019,triumphus,quis,aduro,colo,desidero,delego,curvo,52,221.69039357205222,30,speciosus,3,1,5,true,0.06492601691881542,2019-06-28T21:04:12.380Z,Mraz - Reichert,true
414b26d8-3309-40b6-9d01-c2b24690838f,2022-05-19T04:53:18.887Z,Haagboro,Maine,Namibia,-55.7198,62.0457,tunc,solio,compello,defetiscor,utilis,eius,accusantium,29,235.67826669347474,77,iste,1,0,5,false,0.14334368493175093,2018-10-26T20:43:45.290Z,Rohan and Sons,false
30caf2a6-13ad-41fb-92a7-fa43e913cc8b,2025-08-21T01:06:08.914Z,West Olin,Oregon,Libyan Arab Jamahiriya,50.5869,55.4149,delinquo,antea,ambitus,claudeo,alienus,tendo,blanditiis,29,60.6391258448125,21,tendo,6,0,2,false,0.19435942650467014,2024-03-12T10:16:07.969Z,"Morar, Zemlak and Bartell",false
aa94ce7b-a4d5-4bed-a8ca-ce2900134552,2025-03-13T21:57:50.647Z,Lake Erickaport,Vermont,Puerto Rico,-8.0439,17.2987,vulgo,tubineus,adulescens,speculum,tamen,saepe,minus,111,0.5127832045666381,88,balbus,2,0,3,false,0.05702724790381858,2024-02-01T04:30:08.245Z,"Reilly, Stiedemann and Hilll",true
3e87c757-e9d9-4c06-a467-79c5f5d2b60d,2020-01-31T02:49:48.355Z,Joplin,New Mexico,Angola,48.8375,159.2941,apud,decumbo,adipiscor,debilito,celebrer,temptatio,summopere,65,139.50620099276145,74,cariosus,6,1,2,false,0.11042556806063508,2025-04-09T12:41:28.559Z,Upton - Bauch,false
6fb1663e-6222-4eaf-905c-b349b3457dc3,2025-01-20T01:35:19.255Z,Stratford,New Hampshire,Sao Tome and Principe,-8.8334,-84.6704,suffoco,subnecto,summisse,bestia,vero,sui,deputo,38,13.516483694641517,79,molestias,3,1,3,true,0.043940477992011506,2025-01-18T15:39:59.621Z,"Ernser, Cassin and Hamill",false
f1e73b93-45dd-48da-98d3-1097a26425c7,2018-03-15T08:02:15.231Z,Pourosside,Minnesota,Slovenia,-1.9231,-136.3753,vigor,crustulum,tui,denique,cotidie,urbs,stella,87,142.50789616500873,97,cubicularis,3,1,3,false,0.21785458727485774,2020-01-17T12:09:04.988Z,Hermann - Jacobi,false
3b582667-c1c5-49d0-aaf4-8f2597cc9263,2025-09-05T01:50:55.067Z,Hialeah,New York,Togo,39.8935,-48.5566,alveus,terra,apto,adduco,solium,dolore,custodia,84,45.52948241545969,58,coniecto,4,0,3,false,0.11543969103398019,2025-08-17T19:08:23.150Z,Franecki and Sons,false
1ed4d98c-7a49-43a2-8c6e-f5bfc64a664f,2025-10-14T16:12:39.813Z,Port Nelda,Virginia,Poland,-76.4462,-120.234,deputo,adflicto,tametsi,pauci,decens,amo,abutor,130,163.8791372452024,34,placeat,0,1,3,true,0.051074595346978224,2019-05-15T02:34:27.696Z,Jenkins Inc,false
552c9544-a21b-4c93-b4f4-884fb695072d,2021-03-06T14:36:18.354Z,Ritchieboro,Vermont,Tuvalu,-12.1873,101.5822,vorax,dolor,damno,aptus,carus,adflicto,cariosus,24,225.51400446916185,86,atqui,4,2,3,true,0.06874634368335522,2024-11-01T14:33:03.510Z,Kiehn - Balistreri,true
6b351238-8e24-4ca6-9315-7bc0c6939900,2018-12-18T18:31:50.295Z,Mertzhaven,Wyoming,Ecuador,-86.4973,38.879,provident,adhuc,cicuta,molestias,succedo,officiis,curto,31,38.05862379021879,68,at,0,1,3,false,0.04050530724764656,2021-06-08T02:14:37.651Z,Cartwright LLC,false
4a58f41c-782a-453f-a41e-b76634f92aef,2018-11-29T09:35:12.427Z,New Xzavier,West Virginia,Guam,53.9482,-143.4656,canonicus,vobis,avaritia,omnis,aurum,tutamen,termes,127,22.970973552493703,61,verbera,2,1,2,false,0.19067833120344818,2021-08-26T09:01:10.872Z,Cruickshank - Ledner,false
68cf20f6-40c6-48fc-9558-9fbf8ca60307,2024-04-30T05:29:48.905Z,West Bernie,Alabama,Singapore,0.0255,179.493,voluptate,aggero,terror,synagoga,dedico,aeger,creo,20,130.2292916522531,31,cultura,1,0,3,true,0.037830107363697074,2023-01-14T12:13:29.490Z,Predovic and Sons,true
f11ab0c6-8f98-4a0d-b3cd-c355e1209b49,2022-08-12T08:34:48.162Z,Suffolk,Maine,Egypt,78.5231,-98.6141,tenetur,terra,nisi,ceno,talus,vitium,non,24,11.879503670721627,84,testimonium,5,2,3,false,0.14095631276081955,2023-11-15T21:02:35.874Z,Block LLC,true
d63be03f-5fb8-440a-8fb1-4addf5b51b61,2018-01-02T06:05:49.748Z,North Courtneytown,Oklahoma,India,-5.9233,-50.5668,aliquam,contra,adiuvo,considero,volo,solum,dolores,26,95.1445435461265,16,spargo,2,1,2,true,0.23566050618394044,2025-12-30T21:20:28.330Z,Gorczany Group,false
3a445546-c72e-4a6f-9409-87056e479b72,2023-08-24T17:13:07.044Z,Nicklausstad,Wyoming,Syrian Arab Republic,17.2873,161.5134,volaticus,curvo,creo,dolorum,colligo,calculus,defessus,53,144.5908106077418,33,surculus,3,0,3,true,0.07313806247734819,2019-09-02T07:08:03.885Z,Ryan - Howe,true
1eb40605-6a98-4654-8ca8-1d98f7c08afb,2023-06-22T12:04:59.774Z,Port Eulahworth,Arizona,Belgium,-7.9462,-63.1005,cribro,terga,cruentus,absconditus,absque,vero,abeo,81,192.7692499934803,40,strenuus,2,1,2,true,0.1368017234465317,2024-08-05T12:31:29.646Z,"Gorczany, Cronin and Hauck",true
a18de164-1045-4dfb-9b14-6df2d635256c,2025-09-26T17:03:09.840Z,East Myleneport,Illinois,Haiti,-15.1488,132.3934,succurro,sulum,pecco,molestiae,vigor,deporto,talus,50,186.7789794672581,60,ante,4,2,1,false,0.05990829831344352,2025-10-27T01:15:46.464Z,Treutel LLC,false
ed7dfbbe-4d6f-49ea-82d1-e151441bf914,2024-04-21T21:43:53.972Z,Riceland,Idaho,Palestine,-54.8684,56.1089,arma,debeo,solus,termes,vinum,depopulo,creptio,127,224.04673282882166,42,clam,0,0,3,false,0.23368880598898822,2023-11-19T22:51:55.486Z,Carter - Kessler,true
2744d436-64d4-44c8-860f-fb17dbe7f934,2025-05-14T01:52:02.247Z,Oriestead,New Jersey,Ecuador,-55.4174,60.3736,conor,doloremque,alveus,constans,quos,uberrime,recusandae,128,30.13750452227299,39,adstringo,2,1,2,false,0.08784355532799348,2022-07-08T08:11:04.928Z,Bechtelar LLC,true
181822fd-ed09-46f5-a7ee-c17ac0d41465,2020-01-19T00:41:28.489Z,Madisenstad,New Mexico,Anguilla,-10.7069,8.9586,aliqua,tabula,contego,adsidue,color,pecco,sed,116,60.563014918979185,54,excepturi,4,2,3,false,0.2360788041363846,2020-08-17T19:31:04.329Z,"Stokes, Medhurst and Kuhic",false
d4c096b5-82cc-43ef-8d58-1ec8e1541971,2025-02-20T14:57:44.698Z,New Dorianport,Washington,Australia,-66.4737,-106.4578,libero,cibus,solus,vulgus,spargo,colo,debitis,84,62.632352838462715,35,ultio,3,1,2,false,0.021178239497558038,2021-08-21T16:50:22.192Z,"Johns, Franecki and Parker",false
25aecd8d-483a-4a62-917d-ba25ba6e0572,2020-02-11T01:25:29.200Z,West Brigitteshire,Maine,Gambia,50.7065,-102.7349,asper,tergum,dolore,umquam,ut,magni,tenax,129,220.51637693025657,72,tonsor,1,1,5,false,0.04144721361768319,2019-08-15T14:16:28.155Z,Stanton and Sons,true
0c3abbb3-33bd-4e50-8be8-74e2c9efb97d,2019-07-18T20:23:36.660Z,North Favianhaven,Virginia,New Caledonia,-26.0673,-126.6189,correptius,porro,delego,aurum,aeger,veniam,avarus,58,74.06104585746647,67,amplexus,5,0,4,false,0.22463044989265607,2019-06-27T14:17:27.896Z,Maggio - Jones,true
c81ff0a3-d32f-4b69-8070-3806173128a2,2018-08-19T14:20:25.131Z,South Omerstead,Oklahoma,Australia,-23.3769,88.6805,aptus,vindico,attollo,demitto,subvenio,careo,molestias,64,205.582576677,33,vulpes,3,2,1,true,0.21052346077057343,2024-02-23T11:33:39.532Z,"Hyatt, Strosin and Roob",false
675d5753-08fb-4eef-b251-9e21df8a1c25,2025-06-26T05:07:58.453Z,Galveston,Wyoming,Russian Federation,-75.5815,70.0855,decens,coma,ait,somniculosus,verbum,vulgivagus,dolorem,110,117.04964662763169,50,candidus,1,1,2,true,0.17593430040298266,2022-06-21T02:58:52.946Z,Littel and Sons,false
17eae080-48aa-49d4-88c5-b5bb83747352,2023-09-19T15:54:01.575Z,Yakima,Washington,Mauritania,60.2334,24.119,labore,coniuratio,vigor,cognomen,maxime,curatio,adfectus,74,172.2983199072133,68,crapula,5,1,4,true,0.1282912399789521,2020-05-09T18:31:50.006Z,Schimmel - Denesik,true
c1be7b20-ecab-4daa-afdd-f3f7e9dfa214,2018-09-17T22:09:09.741Z,Arneshire,Michigan,Nepal,-33.7189,47.1755,aro,utroque,cometes,adfectus,decens,calculus,est,63,228.9363936076066,21,depono,1,0,5,true,0.09268213367917741,2021-05-08T12:15:04.007Z,Crooks - Anderson,true
7704c876-3ad0-44b1-bacb-6a823a5d2415,2018-08-24T04:21:21.775Z,Gerholdtown,Utah,Western Sahara,-12.8389,131.3137,tot,tonsor,adeo,deorsum,pectus,molestias,bonus,124,136.6062841545729,48,tergum,2,2,3,false,0.12117599164455561,2025-06-28T13:35:56.265Z,Stiedemann - Howe,false
e9e6c536-37ba-432d-8c16-558cf106a5ca,2021-02-25T09:34:10.074Z,New Davemouth,Florida,Macao,-65.7952,-77.6629,ventus,adeptio,totus,condico,contigo,allatus,crur,108,113.7796777210017,100,spes,4,0,3,true,0.12227958454323132,2025-11-27T06:41:17.285Z,O'Kon Inc,false
20edffcd-8530-439e-961d-aa2a0a25a2ad,2021-03-19T06:03:09.809Z,Kautzercester,Arizona,Malaysia,-15.8667,54.7771,tametsi,virgo,aeternus,tremo,comminor,conor,comburo,113,222.61745692346236,62,tendo,6,2,3,false,0.17972068524189297,2023-07-14T22:34:44.770Z,Wilkinson - Tillman,false
adb9e6e2-dc7b-449b-8d47-051d7afbb126,2023-05-26T19:52:13.933Z,Port Kali,Georgia,Canada,-20.0345,-118.6167,claro,cui,earum,eius,solvo,cornu,cupio,120,223.72547372254033,97,audio,6,1,3,false,0.1016312629490366,2019-10-06T12:04:15.456Z,Champlin - McCullough,false
bfa1f2c0-d25d-4e87-b013-bd08d97f2390,2025-09-21T12:24:19.865Z,Lake Mortimer,Kentucky,Sao Tome and Principe,55.8933,-153.9473,speculum,clarus,angelus,doloremque,decretum,ulciscor,asper,128,78.5822642611713,21,tempus,5,2,5,true,0.24646620872162248,2021-08-10T21:19:52.029Z,"Lang, Fahey and Littel",true
fcd7cee3-a961-44fc-b718-50c2b9691f62,2022-04-09T21:38:40.852Z,Palm Springs,Louisiana,Iceland,32.7502,157.0956,cras,succurro,thema,comprehendo,universe,alias,argentum,104,175.08226745956873,39,cresco,6,1,1,true,0.041969014073236915,2020-04-10T04:45:02.114Z,Rice - Bernier,true
116c8073-2519-482a-b131-8ac046b8bc7a,2025-04-18T19:32:34.504Z,Woodland,Indiana,Democratic Republic of the Congo,-66.968,-24.3035,defleo,deporto,deporto,vigilo,complectus,urbanus,dignissimos,33,142.58304448530035,54,damnatio,4,0,2,true,0.05594696391149365,2024-07-22T21:50:22.788Z,Rutherford - Hermiston,false
47f1eae1-4f2b-4056-b64d-458e5e19cac8,2019-06-07T17:00:04.848Z,Emmyville,Colorado,Portugal,-28.1835,-122.0018,cohors,conitor,delectatio,commodi,animi,audacia,vesica,127,230.09720819971884,98,suadeo,3,1,1,true,0.1895137086243628,2025-07-04T07:43:48.141Z,"Gleichner, Witting and Cummerata",false
f68fbb7c-64f7-4ce1-b633-04da8af97458,2022-10-29T17:29:03.870Z,Omaha,Florida,Argentina,48.4615,-145.6949,consequatur,coaegresco,curriculum,spiculum,cena,quaerat,vomica,110,191.18616154812423,96,defaeco,0,0,3,true,0.10005171850848657,2024-06-22T05:01:55.613Z,Kerluke - Lynch,false
4d48d253-a007-4c40-a783-2d7497694e59,2023-12-18T21:32:21.016Z,Arlington Heights,Alabama,Belize,-39.3111,-171.3565,modi,necessitatibus,claustrum,sortitus,surculus,suus,verto,66,15.381652490560507,22,summopere,5,0,1,true,0.039323916484341914,2022-08-16T12:31:59.754Z,Zulauf LLC,true
f39d6b6b-5b59-4cb3-b129-9c8b4eead011,2018-04-07T05:33:54.714Z,Skilesborough,Washington,Hong Kong,16.489,-177.3272,adulescens,subseco,blanditiis,vivo,copiose,cruciamentum,alii,58,205.46824438180585,63,aperiam,2,0,4,false,0.0704580204268977,2024-05-05T13:58:21.257Z,Mills LLC,true
a30d2c40-d758-445e-bcbf-ae535f6f2f12,2025-05-20T09:51:44.339Z,North Alta,New York,Mauritius,-88.1673,-81.1519,coruscus,adiuvo,tamquam,sum,arbor,cubitum,desino,26,185.51378371991365,80,vereor,6,0,5,false,0.010784412193993481,2024-11-03T07:10:11.445Z,Franey - Lebsack,false
da2032a3-8808-4444-863a-8654eef533b8,2019-12-25T17:51:49.344Z,East Wilfredo,Texas,Austria,5.0143,160.5766,virtus,averto,dens,veritatis,amor,vomer,cubo,73,148.72929119963135,90,aspernatur,5,1,2,true,0.041109192449847565,2023-01-31T23:17:00.171Z,Pouros LLC,true
a8dd67fe-75ab-4074-b68d-c67d77135859,2022-12-24T14:17:12.227Z,Katarinafort,Wyoming,Samoa,87.1631,172.8209,avaritia,circumvenio,sopor,crepusculum,quam,vis,delectus,42,82.8259477934445,100,cur,6,1,5,true,0.06366530150453706,2018-01-06T23:38:52.512Z,Lueilwitz - Rath,false
ec809454-39db-4eed-9d67-32949602966f,2025-03-09T03:56:55.282Z,Cristinaton,New York,Yemen,-87.1342,-170.1571,quisquam,eligendi,aureus,tum,cultellus,uterque,confero,73,181.6450433034442,18,placeat,5,2,1,false,0.14583253527198287,2019-08-16T06:26:20.744Z,Goyette Group,true
3b327945-45ca-419c-931f-824126671b50,2019-10-09T17:22:24.856Z,Minervaton,Wisconsin,Sudan,12.6384,-66.7384,debitis,concedo,vulgus,modi,tum,vito,alienus,78,10.712660110553758,43,creber,0,1,5,false,0.169044617592877,2020-02-04T05:35:20.661Z,"Shanahan, Emard and Schimmel",true
ad6a1f6b-9d6c-4257-953f-38def93317cc,2020-12-29T06:53:27.830Z,Lynchview,North Dakota,Taiwan,-70.9725,-94.4406,administratio,vesica,antea,conculco,causa,dolores,tondeo,51,132.67089607073297,54,tempore,3,2,5,false,0.1308297698691844,2020-01-20T08:22:22.074Z,Price and Sons,true
9fde647f-0e49-48da-979f-8266ca0f26f7,2023-09-11T14:52:15.415Z,South Clementina,Arkansas,Tuvalu,-20.0535,-112.3558,nisi,ex,aptus,adopto,totam,aer,sapiente,90,36.47941937749012,66,tergeo,0,0,4,true,0.08382457686493536,2018-10-18T11:36:42.636Z,Deckow - Bernier,false
804b6b50-087a-40a6-8fc6-806d4330f539,2023-04-15T18:34:09.611Z,Lelialand,South Carolina,Ireland,6.9826,53.082,peior,teres,confero,articulus,laborum,damno,iure,42,97.01033856496997,94,charisma,0,0,1,false,0.1247475012327989,2023-01-08T12:55:46.989Z,"Kutch, Barton and Kassulke",false
6e54848f-055e-4bad-9bbb-c0d2de4b6b30,2022-05-25T04:01:00.434Z,Dubuque,South Carolina,Kazakhstan,60.5629,-4.2655,campana,cras,placeat,assentator,deripio,speculum,vitium,50,165.01074836565593,32,surgo,5,1,5,true,0.032530440853015985,2022-01-01T05:35:24.681Z,Witting Inc,true
d5708731-718c-45e6-8640-2f17551de757,2019-07-15T14:12:41.204Z,Adalineport,Colorado,Palau,64.7313,-89.0192,vorago,adversus,eos,confugo,decor,vomer,vomito,120,63.57949985600016,36,tremo,0,2,3,true,0.12051896705131573,2023-11-28T11:06:59.554Z,"Homenick, Wilkinson and Leffler",false
2386c937-69f9-488a-9436-d1090a8ef84e,2022-03-11T22:50:31.472Z,Erynfort,Arizona,Jordan,57.9124,-14.1679,concido,verbera,deorsum,copiose,speciosus,sint,adinventitias,79,19.188148220961388,72,desipio,6,1,3,true,0.23042475611407776,2020-10-06T17:46:00.966Z,Heidenreich - Kreiger,true
6ff6cd2a-a17e-46f8-ad2b-006faf4974bf,2020-09-12T21:54:09.124Z,Aidamouth,Michigan,Faroe Islands,-67.3797,101.2493,virtus,cursim,claudeo,coma,infit,triumphus,perferendis,125,85.29759930499435,83,rem,1,2,3,false,0.11584179027377928,2018-09-17T01:34:20.744Z,"Heaney, Rath and Simonis",false
3a787b08-7cfd-4db7-9507-4272f0c23152,2019-08-02T08:16:32.672Z,Fort Rosendoland,Wyoming,United States Minor Outlying Islands,-79.9937,-48.2824,aegrotatio,concido,ancilla,amoveo,tabesco,voluptas,volutabrum,74,97.46606351728617,19,admiratio,3,0,4,false,0.16931160182491584,2022-01-01T08:33:19.664Z,"Emmerich, Altenwerth and Reinger",true
e43fff11-cb31-4e32-95e8-3e9a7ff0cf74,2018-05-25T04:27:24.710Z,Edina,Pennsylvania,El Salvador,55.9578,-32.4124,arbitro,sub,veritatis,verbum,viscus,degusto,toties,52,212.38465832937882,83,cohors,3,0,2,true,0.06324522171437988,2021-09-20T10:30:38.457Z,"Mueller, Hoeger and Sauer",true
869adea3-437e-4681-975c-23411cf6ad54,2025-11-18T10:52:05.313Z,St. Paul,Nevada,Haiti,12.9983,-102.4887,aegrus,ancilla,crastinus,acquiro,carbo,consectetur,atque,72,136.14098558981038,16,alii,1,2,3,false,0.05856584076071006,2020-08-25T10:46:06.029Z,"Durgan, Ziemann and Legros",false
4ca6cd0a-d62e-422f-a842-3ffe35f2ddb8,2022-03-17T14:01:05.321Z,Rebeccafield,Florida,Cocos (Keeling) Islands,-43.6939,-78.7742,a,cedo,occaecati,cui,surgo,architecto,sortitus,93,100.51132744867512,76,modi,6,1,3,false,0.17120710074638334,2023-11-02T18:40:08.545Z,"Howe, Mohr and Runolfsson",false
d7ea4dea-cdd4-45dd-8b6a-c81928a6cba3,2024-08-18T03:32:30.225Z,Lawrence,Illinois,Liechtenstein,61.8012,-33.5577,amet,eos,vallum,antiquus,velum,defessus,arbor,36,47.25644995791444,69,voluptatibus,4,0,2,true,0.11242910001994938,2024-09-06T22:22:51.624Z,Ledner - Price,true
fe9474f0-1b7b-4785-ae14-8d6625f1b059,2019-03-27T08:46:24.522Z,New Troyworth,Hawaii,Grenada,33.1831,164.3307,curto,sordeo,aeger,viduo,bonus,contego,volubilis,72,46.93909376199563,83,doloribus,6,1,5,true,0.13435346727658362,2025-03-24T18:41:47.148Z,Barton LLC,true
f2b9a05a-5635-467c-8f77-6242274a3eb2,2019-03-23T09:25:45.332Z,Flaviofort,North Carolina,Turks and Caicos Islands,-35.3886,-84.1763,celo,caute,suggero,eaque,cilicium,appello,ambitus,35,7.659357621990344,99,demoror,5,2,3,false,0.14717952800863854,2021-03-08T14:19:30.527Z,Jones Inc,true
ba0d8e32-8a5e-457e-a043-26d8ce3419e8,2022-03-07T06:25:12.167Z,East Jaden,New York,Tuvalu,39.1063,-91.901,conservo,casso,vorago,coma,cornu,deporto,cognomen,69,33.98600436515104,92,voro,5,2,5,true,0.24944241057340782,2022-03-28T16:35:55.303Z,"Rohan, Hand and Bahringer",true
921953b9-d0d6-4bbb-ad36-2b74466379e4,2020-07-14T14:33:01.984Z,Shayleetown,Pennsylvania,Lao People's Democratic Republic,-24.6961,-95.3327,cetera,sono,laboriosam,sublime,tactus,infit,creber,127,133.1259110188188,64,supellex,6,2,4,false,0.1781007046686479,2024-04-16T09:27:30.697Z,Dooley LLC,true
54a0456f-8445-41b1-a835-faf603a9ab24,2019-11-27T22:16:28.419Z,East Herminiachester,New Jersey,Macao,10.0178,6.1032,sollicito,videlicet,stillicidium,appositus,textus,blanditiis,excepturi,30,132.21613580453584,58,aequitas,6,2,1,true,0.21404449798560068,2024-03-09T00:20:38.150Z,Casper - Huel,false
706c6768-4132-4b82-8cb9-500741010254,2019-02-08T03:13:35.322Z,Gorczanyfurt,Nevada,Kyrgyz Republic,-73.2696,77.9384,accommodo,ustulo,rerum,supellex,vesco,cogo,maxime,107,157.74540621507984,41,umbra,5,0,5,true,0.23911872662879063,2025-10-26T21:30:31.410Z,"Cormier, Sporer and Gibson",true
92a89739-ee03-42c6-b7ce-a87e10c65ec7,2018-05-27T23:49:44.617Z,New Jeremie,Delaware,Mauritius,47.306,-1.9645,defendo,carmen,vindico,campana,adinventitias,viriliter,bardus,105,153.1688384233249,31,sursum,5,2,2,false,0.08519086172934118,2019-08-25T23:34:42.487Z,Macejkovic - Corwin,false
f4363e16-b3e0-4c66-b62d-eb279e9c2255,2024-11-04T02:16:04.428Z,Richardfurt,New Jersey,Namibia,54.9894,-102.4361,bellum,beatus,sordeo,aestas,creptio,sto,callide,101,94.46233293988074,89,deinde,5,1,1,false,0.17956520857096017,2021-05-29T01:52:07.282Z,Ferry LLC,false
94c1dfa1-c0fd-4d93-bf36-ac07f874968c,2020-03-24T16:04:24.964Z,Shayleechester,Arkansas,India,-6.858,162.2364,turpis,contra,fuga,thymum,argentum,stultus,omnis,113,155.2478928859466,38,corrigo,5,0,1,false,0.07706301859633094,2025-02-28T16:10:53.882Z,"Ryan, Barrows and Kub",true
50f85503-2e73-4db7-b783-61b7105fa28b,2022-03-31T12:50:40.178Z,Iowa City,Alabama,Pitcairn Islands,88.7201,-31.739,deputo,vix,deleo,decumbo,quae,deripio,abeo,126,67.8370371869603,51,textor,6,2,3,true,0.056695755017770855,2020-12-30T05:55:17.360Z,Wolff - Lueilwitz,false
ed225b00-d2c3-4d81-ac05-4e9471ac5055,2018-03-29T05:15:35.882Z,Jaydonfurt,North Carolina,Italy,-81.999,-16.9293,coniecto,ocer,dapifer,derideo,cariosus,animus,quae,86,57.000593953616004,29,paens,6,2,5,false,0.01405817183333477,2022-10-01T02:15:12.013Z,Sporer and Sons,true
468b8538-aaf5-4134-94ef-fa41cace8046,2020-07-27T05:11:20.227Z,Fort Brannonside,Massachusetts,Cameroon,-75.9336,-158.5437,crepusculum,timidus,velut,vox,paens,strenuus,tot,25,21.973726353911562,82,autem,4,1,5,true,0.17211293778192727,2019-09-04T04:18:23.123Z,"Denesik, Schumm and Schmitt",false
fbd19ec0-ac1a-4868-8efd-6918270ac289,2021-01-22T06:12:49.910Z,Port Chadd,Wyoming,Croatia,29.1763,19.1041,valetudo,voluptatum,corrigo,supplanto,suscipio,capitulus,accendo,89,119.62220488669124,80,crustulum,6,1,4,false,0.21827614568530151,2025-09-02T15:40:09.023Z,"Brakus, Gottlieb and Weimann",false
833c4604-97a3-4065-b685-2705da259d4d,2024-03-29T06:34:57.446Z,Kassulkemouth,Wyoming,Turkey,-22.0684,86.6053,demum,tubineus,paens,defendo,auditor,in,demonstro,46,145.29780487849203,96,soluta,3,2,4,false,0.02796291444218027,2024-07-09T04:25:58.701Z,Walsh Group,false
890ea24d-2006-4d79-ab32-4cdd5ce1404c,2020-02-19T00:50:35.444Z,Billings,Idaho,Albania,-54.5962,-135.7283,stella,demoror,argumentum,depereo,celer,contigo,alii,98,7.980933478571961,52,occaecati,1,1,2,true,0.18992387726876062,2021-11-30T21:02:51.372Z,"Kub, Bogan and Kozey",false
867e7751-c9e7-47b3-bbb8-e7b4018b27b4,2025-08-27T16:03:17.061Z,Lake Larry,Minnesota,Saint Barthelemy,-44.5999,-92.7615,degusto,anser,voluptas,decumbo,corroboro,taedium,appello,59,51.910614878696755,46,clamo,1,0,1,true,0.030705593865534175,2023-08-03T11:42:52.063Z,Yost - Schimmel,true
2eefdc09-2de9-48d1-91ad-2be917f9d5f6,2024-08-27T18:05:45.264Z,South Gerhardhaven,Wisconsin,Mayotte,0.9759,-140.962,aeger,tero,combibo,timor,dolores,voluptatum,ceno,79,190.40538229268444,18,atrox,3,1,3,false,0.22358301457863783,2018-07-07T16:14:18.228Z,"Green, Conroy and Miller",false
6aebd70f-0c07-4019-918f-21761ab8631d,2019-03-17T17:03:33.433Z,Lake Darrenland,Missouri,Tokelau,-66.5127,-165.2958,laudantium,valeo,voluptates,creptio,ciminatio,consequuntur,ascit,34,17.95503713770117,96,adipisci,6,1,3,true,0.12862617526559042,2023-07-01T13:05:56.643Z,Collins - Mann,true
61e59fda-d057-4f1d-8803-152ab30ba66f,2021-06-16T11:52:19.849Z,Fort Kathryn,Nevada,Zimbabwe,28.4157,38.2886,suus,perspiciatis,supellex,ancilla,cauda,crinis,thermae,31,145.47719911664728,92,triumphus,0,2,4,false,0.20188916262961734,2021-10-19T03:54:16.192Z,"Sawayn, Dickens and Dibbert",false