accident_id,incident_datetime,city,state,country,latitude,longitude,road_name,road_type,intersection_type,accident_type,weather_condition,road_condition,light_condition,speed_limit,actual_speed_kph,driver_age,driver_gender,casualties,fatalities,vehicles_involved,alcohol_influence,blood_alcohol_level,weather_reported_at,reporting_department,pedestrian_involved
6be6126d-eed6-4c33-a47d-db68fcb715b8,2018-08-25T22:55:35.941Z,Fort Freddiefield,Arkansas,Ghana,-77.8937,-163.0008,clementia,ager,illum,arguo,aranea,stips,stella,50,223.83803447592464,60,cur,2,0,3,true,0.004411529879603304,2018-09-20T02:12:51.102Z,"Herzog, Swaniawski and Halvorson",false
d1f5725a-21a6-4be1-bb1b-493624f7fede,2021-04-29T12:37:29.974Z,Fort Ethan,South Dakota,Montserrat,-12.5425,-113.5902,terra,socius,voluptatem,conforto,vulgaris,deinde,umquam,84,178.13499413122113,84,ultra,5,1,3,true,0.1302338355513982,2024-05-08T19:28:24.918Z,Fritsch - Russel,true
8a7fcc8f-9519-4be6-84c2-d1387c2000d0,2024-06-15T01:45:49.390Z,Pagacstead,Michigan,Belgium,53.2492,-173.0552,audio,cognatus,cresco,calco,eveniet,contra,clamo,115,231.0674055200822,77,sordeo,3,2,3,false,0.0459775968443778,2023-04-10T12:57:16.516Z,Haley - McLaughlin,false
1eda81fe-608e-4146-a409-380c3eb381aa,2021-03-10T15:03:52.351Z,Hendersonville,Arkansas,Kyrgyz Republic,48.5904,120.7751,volo,dedico,velit,torqueo,traho,arcus,torqueo,129,172.2003075441646,61,demo,5,0,4,true,0.04030202038908087,2020-04-28T22:03:52.270Z,Parisian and Sons,true
70934d19-a5d8-4610-beff-fb29101ba8bb,2025-07-09T11:23:26.765Z,Nathanialberg,Maryland,Micronesia,18.7963,-46.1873,vado,venustas,vita,cinis,quidem,artificiose,utor,39,168.9918629430394,38,tabula,5,2,5,false,0.06424236695129781,2018-01-22T07:32:24.162Z,McCullough - Dooley,false
be3f7f8e-450b-4a3d-9876-2120e7b06033,2019-09-05T23:34:10.682Z,Fort Lilla,Connecticut,American Samoa,79.418,-9.0605,supellex,tepesco,tredecim,inflammatio,solutio,explicabo,teres,33,207.14459758654854,23,cohaero,3,0,1,true,0.06028270519540088,2021-06-30T21:33:46.932Z,"Howe, McClure and Hessel",true
f94df16a-d777-4156-b0df-7059f17fcb1d,2019-06-06T18:14:13.168Z,Harrisonburg,Vermont,Malaysia,-72.8538,128.294,ambulo,capio,venia,textilis,deduco,tactus,acquiro,82,38.166481700057005,34,thymbra,2,0,1,true,0.18058265733825987,2024-07-25T02:23:30.300Z,Bauch Inc,true
c75a91e7-977c-4532-afa8-b24d592d6bc5,2019-01-09T20:17:16.369Z,Heathcotemouth,Illinois,Vanuatu,-82.3912,44.8066,audentia,labore,conatus,tergum,cubitum,audentia,creo,126,188.901231298731,88,eius,1,1,1,true,0.1385656591891274,2025-11-25T23:46:28.347Z,"Pacocha, Greenfelder and VonRueden",true
648dae05-5d7b-463c-ae38-5ef80f2ce4ce,2025-01-18T05:26:19.253Z,Murphyland,West Virginia,Trinidad and Tobago,11.0845,-52.1609,textor,vos,voluptatem,tutamen,conculco,auxilium,quas,117,56.04994884422483,52,repudiandae,5,1,5,false,0.23266816972974566,2022-06-20T18:48:17.739Z,Schmitt - Turcotte,true
934eed0c-141e-480e-9ae5-5945f02661d0,2024-11-10T23:49:06.772Z,Wittingstad,Georgia,Democratic Republic of the Congo,78.6941,-111.3115,laboriosam,somnus,vulgo,cubitum,adstringo,coaegresco,ipsam,71,196.47491667669834,74,benigne,3,2,4,false,0.09548917778147661,2023-07-16T11:15:36.186Z,Fay and Sons,false
062ee67a-6e9c-4435-86ad-072935e58d4b,2018-03-23T13:21:06.298Z,Fort Leila,Wisconsin,Cote d'Ivoire,-22.7648,117.9034,pecus,celer,cursus,subseco,caries,suus,suus,54,210.5832201899496,58,talus,4,0,5,true,0.11251502381197684,2022-10-02T18:44:37.598Z,Pagac LLC,true
f632a3ce-5027-4970-b84a-c63a226fee86,2025-08-13T10:20:09.101Z,Fort Devonteberg,Rhode Island,Colombia,42.3075,90.2933,comptus,cavus,tempus,comptus,abeo,vel,rerum,125,49.06713282434403,84,ultio,1,0,5,true,0.1806882259835134,2023-01-03T06:59:04.487Z,Schinner - Halvorson,false
160694b9-0dd3-4c6c-9d69-1b127ad95907,2024-02-05T00:24:32.304Z,Lubbock,New Mexico,"Virgin Islands, British",-81.4832,78.0329,subiungo,alias,ater,depraedor,allatus,turbo,quod,27,161.72667395072705,46,traho,2,2,1,true,0.12781205881646004,2025-08-19T10:06:06.594Z,Leuschke Group,true
b7e91b0e-5de8-4c4a-9295-d71329f5757d,2025-09-23T11:36:42.180Z,West Alden,Nevada,Syrian Arab Republic,-63.7223,151.2321,congregatio,vorago,argentum,deduco,contego,vetus,minus,93,195.54483697112292,30,congregatio,4,0,5,true,0.24937177984042871,2022-02-03T13:39:06.893Z,Marvin - Nienow,false
34180941-9db6-4a2a-a608-ca76ea499d9c,2020-10-24T04:31:50.810Z,Marysville,Wyoming,Maldives,67.6972,-70.7678,molestiae,comburo,soleo,vesco,terebro,audeo,templum,59,237.62844559181337,37,atrox,3,1,5,true,0.11239552630764518,2018-02-07T06:27:53.637Z,Lakin Group,true
1e38ecff-5468-47f8-ad01-b6fe1031f872,2021-08-21T15:49:53.511Z,New Ceasarberg,Virginia,"Bonaire, Sint Eustatius and Saba",-24.6416,-167.0191,a,nulla,volutabrum,vinculum,deprimo,volva,pecus,36,217.97535953219338,29,nemo,0,1,4,false,0.23484255407590296,2018-06-04T06:29:51.409Z,Klocko and Sons,false
9325ba06-f26e-44f0-af04-82f7b069bb18,2025-06-28T00:29:05.996Z,South Shany,North Dakota,Aland Islands,18.1963,-131.1628,absque,cattus,earum,abutor,supellex,vae,adimpleo,79,182.8032190791005,19,apparatus,3,0,4,true,0.01635510968040471,2022-03-04T19:35:07.895Z,Prosacco LLC,true
84e5636a-484b-41a2-bb48-c5d053a4dd19,2021-11-28T06:58:44.925Z,Skokie,Maryland,Faroe Islands,38.9512,-103.0734,sub,sapiente,atqui,defaeco,contego,coma,absens,40,225.8177731749201,44,ventosus,3,1,1,false,0.12750571364797803,2021-07-09T00:16:06.063Z,Krajcik Inc,false
9afb21d6-9563-445a-8690-0c8b9b2b4449,2018-12-31T19:36:56.103Z,Kuhlmanhaven,Hawaii,Angola,14.6826,158.6202,inventore,illo,conqueror,terreo,taceo,maiores,viridis,28,208.16521322945712,47,delego,1,1,2,true,0.18342710191470274,2022-01-19T16:17:25.945Z,Wisoky - McKenzie,true
3c675e01-c033-4d35-9f47-443b48a35625,2021-11-11T15:26:16.764Z,Goodwinville,Kansas,Singapore,10.8263,-99.5692,suadeo,tabula,cito,deleo,verumtamen,succurro,sopor,44,154.72188487290032,59,cervus,0,1,3,false,0.1192306868066724,2018-01-07T06:12:00.149Z,Larkin - Bins,true
1c3e84e9-d4ee-45fb-b725-5bbabda0e7cd,2019-04-01T14:19:18.401Z,St. Cloud,Nevada,Spain,-15.3308,-18.6506,nihil,demulceo,culpa,cogo,vestigium,vociferor,umquam,32,4.273629213954608,69,cerno,5,1,1,true,0.12969447818473007,2024-07-29T19:45:12.239Z,Boehm Inc,false
756f7d35-a5e0-4f1a-b9ea-4aad2281b12f,2021-07-13T13:33:26.652Z,Lake Julianneland,Alaska,Vanuatu,-79.1538,165.5945,denique,molestiae,sortitus,patrocinor,cogo,vigor,defleo,63,92.86982411578224,40,tremo,5,1,4,false,0.14932535345589634,2021-09-05T03:50:02.422Z,"Kunde, Hettinger and Towne",false
8e23d4ea-3bd9-4256-9e99-663062958734,2021-02-08T08:31:14.958Z,New Eloise,Maine,Ukraine,57.8022,153.9438,apud,tersus,ver,et,timor,cruciamentum,crepusculum,30,139.05795064252334,90,amplexus,0,1,3,false,0.03310261024717931,2023-07-27T23:48:02.211Z,Roberts - Abshire,true
a2c8a080-ff31-4f38-90f8-848f383f8660,2023-12-04T07:50:08.635Z,West Cordieview,Hawaii,Guatemala,36.3363,-75.1549,solutio,alioqui,bos,demonstro,tricesimus,alter,strues,110,169.8687547713898,74,porro,2,2,1,true,0.09645435180894849,2018-09-24T19:53:27.672Z,Bashirian - Rohan,true
f538de99-34b3-4d4d-8dbc-8bc93cf44bb0,2025-07-19T23:09:34.656Z,South Marquesshire,Connecticut,Guernsey,-6.6527,140.4899,cuius,surgo,reprehenderit,tenus,peior,debilito,tollo,66,149.81440158790718,26,spectaculum,3,1,3,true,0.20262096331785026,2021-11-14T20:02:20.215Z,Krajcik - Crona,false
1f8e8b81-124f-4333-8463-c3333de73db6,2021-12-07T02:47:38.067Z,Rohanland,Nevada,Saint Martin,68.7814,16.3416,totam,deserunt,aedificium,color,vociferor,suasoria,astrum,20,166.58001327357695,57,venustas,1,1,5,false,0.24785177642165743,2023-01-19T06:35:16.090Z,Orn Group,true
44892db9-ebac-4d87-b652-f259312d9c85,2019-06-22T12:45:38.605Z,Corkerycester,Oregon,Palestine,46.2777,-24.4088,alveus,chirographum,synagoga,curvo,itaque,conspergo,sub,85,122.77992866714386,16,adeptio,4,1,5,true,0.02090518215726364,2021-05-17T20:09:56.386Z,Pagac - White,false
4a838709-685d-47c1-a20e-3f975ab2af7c,2020-03-19T20:26:50.031Z,New Dangelo,North Dakota,Pitcairn Islands,40.6594,-166.7932,statim,cetera,spargo,stips,valens,patruus,subseco,80,168.81320007502416,56,suffoco,6,0,2,true,0.11061671807933784,2024-06-19T00:49:53.591Z,"Kutch, Gleichner and Ziemann",false
b2ff41cd-bbdc-4d20-995c-e614fea3139c,2022-01-28T11:24:25.921Z,East Jacky,West Virginia,Pitcairn Islands,88.8034,155.3721,viscus,ultio,crapula,conscendo,saepe,tego,aggero,91,35.20369861573244,38,officiis,3,1,1,true,0.17676339361280669,2025-04-23T15:55:28.803Z,Harvey LLC,false
c1358a08-bb8e-4c97-9c84-3e1659f4f85e,2019-01-31T00:08:35.573Z,North Torey,South Dakota,French Southern Territories,60.9189,-81.2593,dolorum,comes,angulus,ultio,decretum,sequi,demitto,84,194.42846441402827,85,cui,5,0,4,false,0.1683985643041159,2025-01-22T01:28:08.723Z,Ankunding and Sons,false
14a8725c-4b49-4e23-96e2-147ff4c63637,2018-03-30T17:48:41.905Z,Kylieshire,Vermont,Latvia,31.1698,-76.3835,calculus,cumque,templum,voluptatum,defendo,aperiam,coadunatio,107,44.802769048230864,48,callide,2,1,2,true,0.24520793588026998,2023-07-08T21:17:01.098Z,Graham - Dibbert,true
f156ad1d-ef80-47df-b4a2-b06c0b352265,2025-12-03T05:35:56.500Z,Schinnermouth,Nebraska,Azerbaijan,89.2648,-55.2586,tantillus,alter,uredo,sponte,ultio,sufficio,assentator,112,41.77068829425876,98,subito,6,0,2,false,0.12870891144056107,2024-05-25T09:14:23.982Z,"Torphy, Hayes and Zboncak",false
fb4278a7-205b-4b11-96b1-2148dcf915ea,2021-05-18T09:57:30.284Z,Kieraberg,Florida,Guam,-16.6816,127.5789,succedo,audentia,depromo,praesentium,sol,auctor,autus,72,135.67053528433155,46,aranea,3,0,5,true,0.015102251624207197,2019-03-02T13:12:20.246Z,"Hayes, Upton and Weimann",false
a24d83a2-aabe-49c5-a767-8c887ae619f5,2018-05-20T23:36:05.786Z,Shirleycester,Hawaii,American Samoa,-69.2757,-152.3365,voro,utor,defendo,coniecto,colligo,sapiente,aliquid,48,130.21788914254913,68,crux,4,1,2,false,0.1342502555791548,2019-05-07T20:19:15.970Z,Powlowski and Sons,true
91a44ae4-2228-496c-809c-952e378c760b,2024-09-24T00:20:54.486Z,Lawton,Georgia,French Guiana,-60.4941,59.2414,corona,audio,suasoria,adfero,abscido,vicissitudo,teres,91,26.837631290372492,27,ater,1,2,2,false,0.1787807589062644,2022-11-29T21:04:10.093Z,Schowalter - Walter,false
7d72f086-fcaa-40ed-a379-7ff71a09c91c,2020-12-23T11:12:43.995Z,North Walkerborough,Massachusetts,Malawi,46.8883,-139.6923,pel,deficio,demonstro,cursus,calculus,alioqui,congregatio,60,195.42848059828628,54,abduco,4,1,3,false,0.1186889498904097,2018-11-29T18:59:27.560Z,Brown and Sons,true
f8adace3-83a0-42c7-9856-8153dbc6495f,2025-02-09T17:59:13.310Z,Rosaleeside,Tennessee,Bermuda,1.5849,-57.7111,accedo,possimus,infit,laborum,theologus,dedico,tollo,82,153.42806423081328,82,cras,3,1,2,true,0.006637917363497364,2018-11-10T06:09:31.049Z,Kuhic LLC,true
ba948271-0105-4ab5-b7c8-8f7cd1acd8fd,2022-12-21T04:08:28.219Z,Port Melyna,New Mexico,Heard Island and McDonald Islands,-47.7746,-137.4229,supplanto,tenuis,aperio,comparo,tactus,recusandae,degero,29,45.88187897502643,41,alter,3,0,3,true,0.0029100834443775425,2023-01-11T11:41:27.683Z,Yost Group,true
62c7829e-70d4-4c66-b4ef-83889175dff0,2025-10-04T13:30:57.996Z,Farmington Hills,Idaho,Iceland,-81.8813,-148.7226,appositus,arbor,solium,cupressus,demens,addo,aliquam,75,231.12682264638065,21,modi,1,1,4,true,0.22905610453281502,2020-10-27T07:14:22.218Z,"Corwin, Reinger and Wolff",true
98ff8f61-0119-46aa-ad3e-b308569a16e7,2025-06-07T03:00:18.325Z,Jackieland,Nevada,Dominica,41.5879,88.6813,studio,textor,accusator,cimentarius,accendo,deficio,quas,103,158.6615322260489,88,aegrus,1,2,5,false,0.20742246203112816,2023-11-05T10:25:11.230Z,Lemke - Hand,true
50cc7161-1d31-460e-80da-8b43c6f31f93,2018-07-06T03:32:40.852Z,Lorenzworth,New York,Micronesia,-9.0891,-123.8488,conventus,dolorem,audentia,denuncio,molestias,angelus,uxor,115,81.1195053229536,37,cattus,0,2,2,false,0.21133499809155767,2018-04-21T00:23:17.740Z,"Schaefer, Douglas and Franey",true
fefa821c-0c3c-412f-a50d-b4fd006ae5e5,2025-04-13T21:00:25.791Z,West Mossiestad,Tennessee,Saint Lucia,33.5227,22.0411,quibusdam,explicabo,cunctatio,expedita,nobis,amitto,apparatus,98,83.3291348925834,36,arguo,5,2,5,false,0.20833306757811118,2018-11-03T03:06:54.833Z,Hoeger - Boehm,true
90c70757-a573-4d38-8c6f-dc3e7bd60b95,2019-09-17T21:25:28.708Z,Goodwintown,Louisiana,Saint Martin,-18.8741,-51.2263,accendo,aurum,suffoco,tum,natus,territo,combibo,64,110.29517264602052,48,appello,1,2,3,false,0.07909455503297877,2021-10-28T13:24:27.697Z,"Mraz, White and Gislason",true
c59a56e3-81de-40e9-b3af-d38436bd3d87,2020-06-02T11:01:51.923Z,Bartchester,North Dakota,Bouvet Island,65.4331,-178.3392,clamo,basium,vetus,voveo,viscus,timidus,thalassinus,45,81.01882780307666,24,ad,6,1,4,true,0.2148969643581164,2023-11-15T14:51:17.994Z,"Smith, Thiel and Champlin",true
b8e48ce9-391a-47b1-a6ac-66c243700d4f,2018-10-14T15:48:30.708Z,North Saulland,Ohio,Croatia,85.5287,-147.002,tibi,vindico,sequi,stabilis,degenero,ascit,varius,57,129.2384289665528,74,cavus,0,0,3,true,0.05552975735393656,2018-10-02T23:48:28.400Z,Strosin - Abernathy,false
9b74f20d-113b-4477-80fa-67309b766e16,2021-06-24T05:49:21.215Z,North Mossie,Utah,Fiji,24.8229,73.477,repellendus,vinitor,valens,aer,verecundia,villa,reiciendis,68,196.72368692916154,53,volva,0,2,4,true,0.09996344254935116,2023-02-17T06:55:12.308Z,"Buckridge, Boehm and Considine",false
e85d6734-fa03-4522-9586-9b75ccb9f5ae,2025-04-28T22:31:30.877Z,Osinskicester,North Dakota,Malawi,74.094,107.2666,calco,angelus,textilis,terminatio,suggero,bibo,utrimque,92,65.1347089705402,59,corrigo,5,2,1,true,0.19635306711175804,2020-08-15T16:02:44.736Z,Senger - Vandervort,false
00ab1772-2d34-435d-ae6f-b9de266cb8db,2019-02-16T13:10:31.493Z,Rosenbaumbury,Maine,Brazil,29.2121,-122.6473,crapula,hic,tracto,votum,contabesco,summopere,cubo,25,117.2677419708483,38,vel,4,1,5,true,0.05918123725644178,2023-05-07T17:09:51.015Z,West - Carroll,false
5ad6eec1-aceb-4ef2-acd5-1619731d7b91,2019-04-18T22:36:25.687Z,Genevieveshire,Texas,Falkland Islands (Malvinas),-82.1397,154.5641,compono,abeo,trucido,voro,tremo,curvo,excepturi,93,209.93719899429303,66,cresco,3,1,1,false,0.18744788224605316,2024-10-25T17:37:30.018Z,Bogan - Wisozk,false
e0ed3fc3-447e-4175-8351-45d38074a881,2025-09-03T21:21:00.611Z,Pasqualeton,Wyoming,Iceland,-11.8787,-144.3768,temperantia,capillus,tripudio,quos,doloribus,bonus,decet,26,48.59846756591368,71,vitae,4,0,4,false,0.12547602882697104,2018-09-15T14:35:00.768Z,"Franey, Crist and Stiedemann",true
16077247-df56-4c86-a13b-b20b87022662,2018-02-28T13:47:12.478Z,Fort Henrietteworth,Nebraska,Japan,49.7617,175.5973,accusantium,adfero,attollo,derelinquo,tonsor,aequitas,socius,121,189.61609064335616,37,causa,6,2,4,false,0.15549563876180075,2022-12-04T20:31:29.783Z,Muller Inc,true
0d5b6238-f6b4-4a96-84f6-1efffb825ae0,2018-12-07T02:42:20.039Z,Decatur,Arizona,Gabon,-44.7027,59.7943,suus,tenus,nostrum,attero,despecto,tamisium,thesaurus,24,156.92146220978233,77,cursus,3,1,3,true,0.22767951822382998,2025-07-20T09:56:55.632Z,Abernathy - Stark,true
92e17736-7ade-46a3-a4a8-c0f8c3345c02,2022-12-03T09:49:35.229Z,Danielport,Pennsylvania,Netherlands,32.3016,-178.3241,summa,correptius,vigilo,pax,deprecator,viscus,arcesso,112,235.26947983700816,51,molestias,4,1,1,true,0.054548806340822625,2020-03-11T15:49:01.170Z,"Lesch, Rau and King",true
db126024-1774-4a20-bc1a-152c531c9447,2024-12-28T16:20:46.556Z,Caryshire,Massachusetts,Italy,24.8315,-20.6157,claro,subseco,contego,alveus,summa,delectatio,aranea,56,2.5047608518658215,43,pauci,1,2,2,true,0.2427340109129202,2020-03-22T09:02:18.205Z,Bergnaum Inc,true
597b2175-fb9f-4f2c-bedb-eb79105e4fae,2020-01-25T01:46:38.414Z,Jewellcester,Virginia,Ethiopia,-52.4077,141.0105,talio,communis,delibero,admoneo,chirographum,cras,numquam,70,160.16562499461614,28,charisma,0,2,2,false,0.07483157955605849,2023-04-20T06:35:15.331Z,Conroy - O'Keefe,true
5eeb48c9-1215-421a-945f-19b53e5f0df2,2018-07-14T02:51:45.616Z,Erikview,Arizona,Sao Tome and Principe,15.1594,-140.1851,accendo,inventore,pectus,viscus,desidero,vinco,ademptio,129,238.66984465858732,61,viriliter,3,1,3,false,0.15558543243390652,2023-09-20T00:57:56.637Z,Rippin - Blick,false
9af67004-df89-46b3-8226-62648bbf9961,2021-07-30T17:11:42.152Z,Lake Dejon,Utah,Eritrea,-82.5363,86.911,comis,dicta,terebro,spiculum,dicta,congregatio,tandem,116,60.984939781730006,36,callide,1,0,1,true,0.0736071490597563,2018-10-11T09:18:13.740Z,Kilback - Hansen,true
eb3c6fd2-21c7-4d0e-82aa-ad48b7546815,2023-09-07T15:49:11.261Z,Bertburgh,Vermont,Cuba,-21.4106,-75.7631,ater,cogo,vestrum,itaque,bardus,spargo,alius,98,12.388696283065359,24,inventore,4,1,5,true,0.22240992891926223,2020-06-06T08:34:58.255Z,Corkery - Hoeger,true
feca5c9a-2fff-4ccf-8490-bc38c9f47909,2019-05-16T06:04:03.525Z,Yasminstead,Colorado,Kuwait,-85.2518,105.8735,abeo,creator,sit,approbo,cedo,ademptio,capitulus,44,161.97772424546463,49,neque,3,2,2,false,0.15759393512073783,2023-06-06T19:57:47.874Z,Howe LLC,true
7f8b15b9-d5a9-4123-a131-a6d91d130022,2019-02-19T14:28:10.739Z,Fort Todland,Florida,Maldives,3.4595,-33.2105,tunc,amplus,ter,tametsi,clam,versus,vigor,60,230.61938299154656,83,cuius,0,1,3,true,0.02245859365825731,2025-09-19T03:51:51.562Z,Wilderman Group,false
396d7ec7-498b-47f3-b930-416873ef3d41,2018-01-02T11:51:04.187Z,Fort Susanacester,North Dakota,Uruguay,-67.4041,-14.1099,cornu,vilis,suasoria,thema,optio,bonus,taedium,110,10.991157683366719,54,pel,6,0,5,false,0.19272979487368866,2018-04-01T19:55:59.100Z,"Harvey, Predovic and Sawayn",false
7eb5b586-6005-4329-be1c-53f1029f5a8d,2018-11-08T20:46:06.970Z,Joyceberg,Illinois,Bahrain,61.4774,-96.6748,consectetur,vomica,cultellus,cenaculum,tamquam,quod,adhuc,24,164.57154784613272,98,defetiscor,1,2,2,false,0.14607597512443385,2020-09-03T23:33:16.239Z,"Raynor, Kuhn and Funk",false
b75d5e9c-e2f0-4bd8-9992-acd08cf6a91a,2025-12-29T00:02:52.197Z,Demarcomouth,Illinois,Puerto Rico,-57.8589,52.8627,perferendis,xiphias,cohibeo,conturbo,antiquus,arcesso,tepesco,96,215.11224372756502,90,addo,0,0,1,false,0.18557308787250512,2023-01-27T18:12:26.997Z,"Buckridge, Hand and Collins",true
158f53ef-b701-4ccc-8675-2fcdb0519536,2025-03-12T11:33:23.016Z,Bradcester,North Carolina,Guatemala,57.0016,47.9262,amplexus,voluptate,qui,cernuus,adopto,adhaero,calco,96,209.682788205974,26,derideo,6,0,1,true,0.19570092549048557,2022-03-18T02:43:12.795Z,"Smith, Bogan and Jenkins",false
11b7ccdc-971f-4d16-b8a7-33321a805a83,2019-04-26T23:18:55.794Z,Joseberg,Florida,Kenya,-11.0468,-122.6106,absconditus,calco,dens,minima,conscendo,currus,universe,24,7.180778465101856,78,vilitas,4,1,1,false,0.135546273895557,2019-03-29T12:32:32.139Z,Bashirian and Sons,false
dbcec1e2-2281-4f95-9102-47ed16a65ba9,2019-06-28T05:12:00.720Z,Batzborough,Illinois,Bouvet Island,-36.5205,96.8208,claro,odit,admitto,stultus,commodi,ter,tenuis,71,17.248312303903823,22,distinctio,3,2,2,true,0.21239450269307616,2021-11-02T08:23:14.054Z,"Schowalter, Weissnat and Windler",true
1be21484-3bb1-4d43-8931-1f3db380badd,2018-01-25T18:26:56.845Z,Khalidhaven,Idaho,Bahrain,5.9973,89.167,utroque,cum,tener,vilicus,thalassinus,trado,odit,33,16.90922220737667,74,tonsor,4,0,3,false,0.02203241913302245,2019-10-02T14:48:30.030Z,"Hudson, Hane and Kuhic",false
7f2f1e32-93b7-4321-9a75-fb9d7626b218,2020-05-12T23:36:37.715Z,New Edmund,New Jersey,Canada,-47.46,150.2128,ventosus,antiquus,tripudio,suppono,accendo,sperno,thymbra,85,97.12625211526962,56,aetas,2,2,2,false,0.2315979888207933,2022-02-15T21:14:10.773Z,Satterfield Inc,false
e89cb709-1a3c-48a0-87d2-bc2f015a1cf6,2020-03-19T11:56:03.520Z,Fadelland,Minnesota,Benin,-11.476,-133.6875,curis,temporibus,terror,acquiro,amplus,corpus,tubineus,26,226.28705222376618,31,clamo,1,0,5,true,0.13113342091514593,2020-06-05T14:03:48.694Z,Abshire Inc,false
4f21af89-f9a3-457a-8be9-854b3e8ab1c6,2023-03-11T19:09:40.071Z,Port Dallinchester,North Dakota,Libyan Arab Jamahiriya,-14.037,49.4589,cito,nisi,aspernatur,vinum,tergum,suadeo,tabesco,43,69.13117993115877,57,coepi,2,0,4,true,0.04319467212396383,2019-06-18T23:41:03.834Z,Kozey Inc,true
6d57002f-7764-4d77-a72b-0bc477a312af,2020-07-01T07:06:56.304Z,South Amelia,Maryland,Nepal,-1.229,-147.2623,atqui,accusator,sulum,vorago,corporis,vigor,defendo,26,31.928278698357193,62,accommodo,0,0,1,true,0.02976575720586941,2019-05-14T14:05:03.060Z,Kerluke and Sons,true
95dfb141-dba3-4a83-b8a2-dd09dcd3d31f,2024-12-22T19:19:20.349Z,Kingfurt,Utah,Cameroon,44.3761,-104.7072,suspendo,degero,comminor,sonitus,demum,allatus,sursum,91,219.80453762523274,25,sum,1,2,1,false,0.17626592264056737,2019-09-22T21:03:33.157Z,"Klocko, Hartmann and Wiza",false
385f8b91-382d-4233-847d-b8a01b77e69c,2019-10-05T05:45:16.711Z,Santee,Mississippi,Haiti,5.5872,50.6857,turpis,convoco,sit,attonbitus,teres,deserunt,cur,113,55.9313065213326,56,amet,3,1,4,true,0.05515234816512912,2023-08-23T09:46:32.241Z,Cremin Inc,true
620da414-8592-456b-b436-cbcd541f04d3,2023-12-14T21:36:45.723Z,Fort Arneland,Oregon,Belgium,6.0037,170.5739,atrocitas,vacuus,reprehenderit,odit,reprehenderit,theologus,cupiditate,55,35.067142404059446,25,repellat,6,0,4,false,0.24387267351801012,2023-01-11T16:54:05.780Z,Nitzsche - Vandervort,true
b643d41b-2a48-4d3d-9238-f0db9aae3ef6,2024-02-04T03:50:05.692Z,El Dorado Hills,Missouri,Italy,-14.403,73.9534,vel,aggredior,eos,vulgus,corrigo,demergo,occaecati,44,233.96655814731125,30,odio,4,1,4,false,0.07273565569383356,2020-06-27T12:50:27.788Z,Boehm - Sanford,true
cfdc6340-2c26-42b7-9c17-68e065e5f1f1,2021-03-05T10:18:00.486Z,North Easton,Utah,Ghana,-34.2262,161.9702,alo,aqua,thymbra,degero,vilis,attero,hic,98,119.59379716612746,20,tenetur,3,1,4,false,0.04579653265123956,2025-03-14T12:03:51.053Z,"Schuster, Connelly and Wiza",true
bce63e02-e1fa-4888-88c8-2dd830c4be26,2025-02-02T11:43:15.136Z,Lake Rickeyshire,Maine,Costa Rica,-83.7984,-86.8264,vitium,vinculum,virtus,amoveo,vitiosus,umquam,aeneus,109,216.6000088767619,70,bene,4,2,4,true,0.021672911528225508,2024-02-02T06:15:23.494Z,Kohler - Morar,false
bd836c53-2ef0-4e78-a432-18a546bb5ec1,2020-05-25T23:19:53.547Z,West Joaquinland,Alabama,Nauru,-67.8707,164.2115,civis,vivo,ubi,molestiae,vomito,aurum,carmen,58,50.44438256733196,62,cruciamentum,6,1,2,false,0.16913172680741442,2023-08-21T02:24:30.210Z,"Schoen, Nikolaus and Tillman",true
34dd0db9-622e-4550-99c8-ce090c70f50d,2021-08-28T16:51:29.911Z,Pawtucket,Arkansas,Australia,88.9697,145.5812,solio,ab,saepe,alioqui,ars,certus,vulariter,39,157.60461652098536,68,ater,0,0,5,true,0.16484537409700478,2020-01-16T16:26:06.148Z,Strosin LLC,false
06df10b3-0c48-4f6d-a5ff-f51f2566d61f,2024-12-28T14:05:26.910Z,Albinchester,Texas,Faroe Islands,-52.5532,53.7595,voveo,sumptus,casus,vulgo,vae,coma,sol,71,159.2869870946828,50,turpis,0,1,5,true,0.15964813017376578,2025-01-16T18:25:30.482Z,"Effertz, Heller and Ruecker",false
ef788942-7010-4a27-9b66-5cc4a7989f1d,2023-08-14T10:41:19.187Z,Johnsonbury,New York,Western Sahara,28.82,111.9627,cuppedia,aiunt,bestia,vox,cibus,curto,cras,21,32.52656681523099,18,alo,0,1,3,false,0.14826898615100856,2022-08-18T21:38:53.474Z,Bins - Hermiston,false
c8cda986-d09e-4ac8-b0b3-a12cd3daad88,2022-08-31T13:49:32.267Z,Margotboro,New York,Japan,48.6373,-172.5509,turpis,comes,cetera,demoror,attollo,cruentus,defetiscor,99,160.44818549949417,55,praesentium,3,2,4,true,0.18680972549370903,2020-05-16T14:18:02.466Z,Little Group,false
d2b1c217-806e-44f8-a801-081f89103d5b,2023-06-24T20:19:06.696Z,South Adelia,Illinois,Antigua and Barbuda,-79.4575,-46.2469,spectaculum,crux,circumvenio,dolore,spargo,utique,verumtamen,61,222.70300549000976,38,adstringo,5,1,3,true,0.15370435618247158,2021-05-03T09:04:59.401Z,Reynolds Inc,false