accident_id,incident_datetime,city,state,country,latitude,longitude,road_name,road_type,intersection_type,accident_type,weather_condition,road_condition,light_condition,speed_limit,actual_speed_kph,driver_age,driver_gender,casualties,fatalities,vehicles_involved,alcohol_influence,blood_alcohol_level,weather_reported_at,reporting_department,pedestrian_involved
b052d53c-356d-4767-8f8c-2b69a63519b6,2025-03-16T22:39:35.161Z,New Maria,Maryland,Costa Rica,33.1718,-31.2847,uredo,territo,careo,officia,amo,tonsor,civitas,126,80.27082090449437,35,cilicium,1,1,5,false,0.102571853324673,2022-03-06T23:03:27.104Z,Leffler and Sons,true
92f6cbb0-9e8e-4664-b5c0-2f9aceeb565c,2022-12-21T21:58:32.340Z,Jaymechester,North Dakota,Botswana,-73.7139,52.9952,volutabrum,atque,vado,confugo,molestiae,ambulo,velociter,117,6.823649760767392,96,ulciscor,0,1,1,false,0.011183579061733256,2022-05-04T08:05:56.630Z,Boyer LLC,false
9c815cfb-e755-46ed-83e6-287d893233d4,2024-02-05T20:49:24.980Z,Patriciatown,Arkansas,France,89.3176,25.2051,suppellex,virtus,volaticus,admoneo,tempora,quis,tam,106,73.58554169377949,72,tempus,5,0,3,true,0.020442917938397392,2020-10-25T01:51:33.719Z,"Smitham, Glover and Ratke",false
989a7ef0-4b5a-41a4-bd5e-6dc0128cdd76,2022-03-18T09:20:56.757Z,Wilfredohaven,Oregon,France,-60.4489,-71.863,accusamus,cubo,cubo,spoliatio,cibus,asper,tener,90,121.69049670393672,62,sperno,0,1,3,false,0.08249641606361063,2021-08-22T08:14:21.478Z,VonRueden Group,true
06ad0afe-63af-4c17-8c16-4cac30209fa1,2022-06-04T15:13:21.846Z,Eugenefurt,Wyoming,United States of America,28.1916,-175.5605,curiositas,capio,adfero,vere,inflammatio,correptius,tantillus,114,181.6477235025437,84,virgo,5,1,4,false,0.19982973450231659,2020-10-05T04:04:12.436Z,Padberg and Sons,true
ed2ffa94-63f0-4b24-843a-4afbfba5a13d,2019-09-11T12:10:27.101Z,Walkertown,New York,Uzbekistan,64.2796,-70.0297,coniuratio,aliqua,copia,carus,degusto,ver,quod,68,234.03293023396728,36,sum,5,0,1,true,0.04319610188520473,2018-02-17T21:09:04.997Z,"Hilll, Klocko and Parker",true
362b0cad-0d09-45d2-86ee-d79ba9066941,2019-08-22T15:46:34.492Z,West Nyahland,Illinois,Zambia,-31.7936,-9.0376,distinctio,aperio,civitas,vitium,ceno,contego,vito,113,190.9581649375763,22,annus,6,2,2,false,0.1753094524578633,2024-02-04T14:59:14.762Z,"Bashirian, Raynor and VonRueden",false
bfb26135-3135-443c-a4c6-6806f71f6d2d,2021-12-23T23:49:58.476Z,Bozeman,Missouri,Australia,60.0239,32.9573,creo,cotidie,adsuesco,tergiversatio,quia,decerno,solutio,36,39.54446630241534,33,comburo,5,0,3,true,0.10873896855737913,2022-03-19T23:41:21.275Z,Heathcote - Gerhold,true
fd329d40-52ec-4f0c-869b-78ef42ca65aa,2022-01-18T08:09:58.880Z,Cleoraburgh,Michigan,Uzbekistan,-22.9008,-61.8907,appono,quidem,ultio,derideo,decerno,turpis,tabella,45,148.84088610147694,41,solio,2,2,4,false,0.056072984329979314,2025-05-15T18:50:05.471Z,Pacocha - Ortiz,false
22c0d66d-a798-4b2c-880d-5d7c4421c147,2018-02-15T11:46:14.361Z,Terryberg,Idaho,Papua New Guinea,19.1152,-48.4087,vomer,vetus,templum,laboriosam,dedecor,arceo,curto,67,172.0974428205475,84,animadverto,2,2,2,true,0.0655648521424784,2023-05-11T03:52:33.359Z,Rosenbaum Inc,false
c3638d70-0384-4bc9-8184-979662f4df78,2020-09-04T04:32:42.565Z,East Skye,North Dakota,Marshall Islands,-12.3201,-21.0054,charisma,cunabula,ipsa,super,blandior,verus,spiritus,108,23.221349299552514,99,cometes,2,2,3,false,0.17043968196445614,2018-07-11T06:12:30.873Z,Wiegand LLC,false
73925004-215f-4620-b317-f6eff45b0e80,2018-01-05T18:20:41.393Z,Mount Pleasant,Colorado,Mayotte,-60.7516,-114.7008,nulla,alo,volup,ultio,demoror,tener,thorax,114,205.11888619553167,93,cuppedia,2,0,3,true,0.23151271781732966,2021-11-27T21:09:01.665Z,"Hodkiewicz, Roob and Jacobson",false
f2ee434f-9ec2-4051-bee9-877af1e48596,2025-07-08T08:19:47.831Z,Antonechester,Texas,Qatar,-81.5238,45.1652,accendo,quia,distinctio,sed,verumtamen,nemo,deludo,44,228.34418050166056,68,vito,5,1,2,false,0.08669476529740996,2022-08-31T04:01:37.310Z,"Block, Padberg and Bailey",true
7dcd25f0-ce52-46e3-bc07-6e7cf6d72db3,2024-06-13T23:26:01.141Z,Myriamcester,Oregon,Aruba,-82.077,70.5962,circumvenio,cogito,vulgo,caput,explicabo,cito,ipsam,98,0.5068377970391413,69,deorsum,1,0,5,true,0.01188203524420925,2022-05-06T00:42:57.008Z,Strosin Inc,true
334c8b3c-2fcb-4518-a333-8b8a5251d40e,2023-10-01T08:21:05.014Z,North Ross,New York,Belgium,36.4743,-41.6954,color,acer,absens,truculenter,vito,delinquo,vulgus,104,117.30176938873628,72,modi,3,0,5,true,0.12540742451247575,2020-08-05T02:33:59.033Z,"Connelly, Jenkins and Miller",false
72f8073f-0f21-4588-903f-440e8246bad2,2022-01-14T10:07:39.195Z,Kutchview,New Hampshire,Afghanistan,22.5296,33.7523,cattus,dolores,vespillo,pectus,bardus,strenuus,repellat,92,68.87607331716171,18,defaeco,4,1,2,false,0.2093968122857631,2018-01-02T07:52:05.241Z,"Moen, Welch and Marquardt",false
183b08a4-99db-4833-ac06-166e081a660a,2019-05-29T20:35:03.113Z,Wiltonshire,South Dakota,Pakistan,-22.4929,113.7744,eum,ulciscor,clamo,adipisci,amplus,cogito,civis,25,63.441179164598836,74,tergo,4,1,3,true,0.16527257077400023,2025-07-24T08:14:41.884Z,Johnston LLC,false
04d10849-03ad-4dfe-bf5a-da7a46c45d63,2025-01-21T21:54:23.843Z,South Angelitafield,Ohio,Greece,59.0791,0.194,averto,teneo,somnus,thorax,victoria,taedium,adulatio,90,182.00262088848373,31,decerno,0,1,2,false,0.13406575185126174,2025-03-09T04:42:50.055Z,Harvey - Effertz,false
efbc8516-249e-467f-85ae-bbc23a748bd7,2022-05-24T06:01:11.486Z,Schinnercester,Iowa,Kyrgyz Republic,-36.5258,-7.8208,adduco,curriculum,spoliatio,distinctio,turpis,doloribus,reiciendis,66,62.46916807573144,18,repellat,0,2,4,true,0.05041705448975678,2018-01-03T12:23:43.120Z,Hudson Inc,false
936263f4-807d-4bde-8ef1-505a9dd149ba,2021-07-18T18:19:32.892Z,Pagacberg,South Carolina,New Zealand,23.8251,29.4601,astrum,defessus,cariosus,porro,audacia,quam,amaritudo,91,1.596525120556942,78,victus,0,0,4,false,0.06252371027293424,2022-04-08T15:00:47.524Z,Cole LLC,true
ea497179-7b0c-4738-a068-48e7d8e2be8d,2024-08-13T20:42:28.840Z,West Virginiaview,New York,Falkland Islands (Malvinas),-10.9199,3.7077,curriculum,adduco,angulus,vulgivagus,succedo,demulceo,virgo,68,195.03339141619003,16,voluptate,0,0,1,true,0.2119312887840345,2018-11-24T02:17:22.105Z,Hoppe - Bins,true
53dae4cb-f0ab-460a-870c-0fd7a6a55aab,2023-07-08T11:12:36.784Z,Russelview,Indiana,Saint Vincent and the Grenadines,80.6462,87.6124,cavus,celer,abeo,uter,carpo,solutio,coaegresco,119,44.95204313526158,68,strenuus,1,1,4,false,0.18122248838878705,2019-11-02T10:36:46.364Z,Turner - Harvey,false
1c181369-07fd-4303-8e5a-95f17cf7efaf,2018-12-16T18:52:26.318Z,Maggiofurt,North Carolina,Cote d'Ivoire,7.7304,32.7174,admoveo,peior,casus,ipsam,sulum,inventore,solum,62,114.9967278352929,68,cognomen,0,0,1,true,0.13535001809902564,2019-06-30T01:28:39.547Z,"Funk, Schulist and Brown",true
09844f14-59e4-4a73-a59f-a475260cb8d5,2021-06-07T08:47:38.640Z,New Marcport,Virginia,Madagascar,-60.5785,-49.3129,et,aequitas,canis,admoveo,comitatus,asperiores,accusantium,28,109.43149259009179,85,viscus,2,1,5,true,0.08846215714557068,2022-09-24T16:01:55.762Z,"Stark, Conroy and Schamberger",false
f6e61935-7688-4719-add6-7860baeb5770,2018-12-17T20:56:23.149Z,Kingside,North Dakota,Bosnia and Herzegovina,-25.6266,-176.9787,aliquam,volo,canonicus,alienus,copia,copia,turpis,87,15.28306184019847,62,patruus,3,0,5,true,0.0777730403102562,2019-08-09T08:41:00.728Z,Schuster - Crooks,true
73e51f9c-b4cd-4b79-9cab-734ddc67cc1f,2020-07-09T04:43:37.790Z,Tillmanworth,Iowa,Western Sahara,11.413,165.4363,calamitas,defero,thesis,tenax,cuius,subnecto,thymum,89,22.620601376185235,36,sodalitas,0,1,5,false,0.11187777521023731,2023-05-31T17:42:09.466Z,Bernhard and Sons,true
14b3b257-23e5-4544-b6d1-ce5824a2e5a6,2021-12-12T14:31:32.659Z,North Curtis,Kentucky,Monaco,78.6321,-67.7376,deduco,arceo,rerum,demoror,nisi,voro,contra,37,46.6049675241178,24,vestrum,6,0,2,true,0.09525563375975843,2020-06-10T02:19:07.962Z,Predovic and Sons,true
d7801438-aff2-40b6-94b9-e4148cfb4f2c,2018-07-05T21:53:08.892Z,East Chadrick,Oklahoma,Djibouti,63.8356,-62.8055,aperte,celebrer,vestigium,ars,commemoro,thorax,vesco,95,196.99077954617732,40,tondeo,1,1,4,true,0.03691707185990009,2023-05-19T13:55:25.931Z,Lowe - O'Keefe,false
b75d3201-f656-47c2-af92-6401a0e0ad1d,2021-12-28T10:51:39.775Z,North Jarrett,Indiana,New Zealand,5.8369,26.0945,culpo,vox,terra,viscus,ara,balbus,animus,99,225.5587615255004,77,decimus,5,1,3,false,0.23015283180076238,2023-09-30T09:46:34.966Z,"Leannon, Swaniawski and Dicki",true
7defb409-832b-4878-9c91-68ab47134495,2025-01-14T09:32:02.666Z,East Kathryne,Virginia,Venezuela,-57.2402,-48.2499,cognatus,turbo,demulceo,turpis,dolorum,stillicidium,terminatio,25,3.4708813606613376,19,vicissitudo,1,2,1,true,0.16121973568244943,2019-03-12T10:09:33.762Z,"Cole, Anderson and Walter",false
2743fb47-b206-40fa-9466-03196fe3f759,2024-10-08T18:26:24.330Z,North Rachelleburgh,West Virginia,Liechtenstein,-12.7799,-161.8945,adsum,copiose,earum,credo,absconditus,deripio,stultus,47,52.287231205752,88,repudiandae,0,1,5,false,0.12234439257686375,2021-12-30T04:40:36.177Z,"Rosenbaum, Hartmann and McClure",true
deb1aa3d-e275-44ef-840f-6214b6e891ce,2022-02-25T04:59:46.071Z,Sigridfort,Michigan,Netherlands,-7.5607,111.9572,tui,tabella,voco,calculus,cariosus,auxilium,demergo,119,4.828760002424222,37,argentum,1,0,3,false,0.23229874689656324,2018-09-28T14:13:38.452Z,"Deckow, Prohaska and Hettinger",true
3b557ed0-e541-4573-b84f-3beec25631de,2022-07-26T10:40:50.144Z,Kleinstad,Arkansas,Ghana,21.975,85.5472,architecto,usus,aiunt,suspendo,cumque,venustas,virga,31,49.013962833741104,98,voco,6,1,5,true,0.09339873357461936,2024-03-27T14:56:33.888Z,O'Connell - Klein,false
6d37ef99-a889-49db-9cf2-8b7df4763378,2023-05-05T15:09:08.084Z,Fort Althea,New York,Libyan Arab Jamahiriya,-80.5901,-164.6523,cuius,blandior,defaeco,debilito,magnam,perferendis,convoco,108,16.379917940014003,84,cattus,3,1,2,false,0.06888908043004385,2021-12-18T00:21:54.704Z,Franecki Inc,true
88d5fc0e-7fe2-437d-87d6-21796cd4635e,2021-10-28T16:18:04.559Z,Clydeborough,Minnesota,Oman,-57.7102,71.3903,quos,atqui,pel,suadeo,arx,bardus,eius,36,116.47938116728726,34,tunc,5,1,5,true,0.17515346160062295,2020-03-12T18:46:35.479Z,Schulist - Abshire,true
64bd45b0-c30f-4ac0-bb94-c326306b24ea,2018-03-01T19:20:40.568Z,Fort Griffin,Delaware,Sao Tome and Principe,-21.1737,133.1384,tactus,dolorum,versus,magnam,auctor,amicitia,sit,106,197.59001316015244,55,velociter,3,2,3,false,0.2089228103480495,2025-12-10T21:34:34.588Z,Barton - Murphy,false
672058fc-4014-4ba5-8c00-ef4db06ca503,2019-12-18T00:36:54.384Z,New Miltonland,Texas,Macao,-71.4002,-68.4133,degenero,adopto,excepturi,articulus,cohibeo,caelum,curiositas,124,83.97376900672158,45,desidero,5,0,2,false,0.08897964715693849,2018-11-28T02:24:11.423Z,"Crona, Hyatt and Funk",true
7301014c-4903-42de-987e-d478504d1a02,2018-09-24T18:39:15.549Z,Kuhlmanton,Iowa,Argentina,-0.0707,-173.8674,temptatio,eaque,patior,trado,suspendo,defessus,balbus,126,122.10934998011635,72,nisi,3,0,3,false,0.22370406532882708,2021-06-29T13:31:37.211Z,Rolfson Inc,true
dfdf86a0-5176-47ef-bfac-0675e7f67ad8,2023-10-30T05:16:44.124Z,Bayerfield,Hawaii,Northern Mariana Islands,53.082,37.3316,vestigium,charisma,beneficium,pauper,temporibus,expedita,calcar,50,195.2645631404186,23,creber,1,0,2,true,0.23713539757766794,2020-01-21T15:00:59.407Z,Kreiger - Schinner,true
dc55de1d-7760-4da2-a2ca-ddf28677d8c7,2025-08-08T13:02:23.730Z,Gutmannstead,Nebraska,Ukraine,79.4549,139.3978,talio,triumphus,theca,optio,censura,aliquam,attonbitus,27,189.57447070923502,38,acceptus,5,0,5,true,0.12821202680038193,2023-02-03T06:56:16.846Z,Quigley - Erdman,true
f659504b-6ace-480d-a76e-d060a549992c,2020-06-17T05:06:07.092Z,Sipesport,Virginia,Zimbabwe,-39.9615,-129.6867,abundans,pauper,thorax,amicitia,nam,spes,tunc,24,139.38628732227988,21,celer,4,1,5,false,0.061537069099244834,2019-03-28T17:21:45.012Z,"Kozey, Kunze and Goyette",false
0b6e03e8-7826-40a2-9d54-7cdf17bbcd3e,2025-09-30T20:19:37.167Z,North Keanu,Iowa,Togo,55.2263,8.847,thema,sodalitas,caelestis,clementia,decet,taceo,arguo,34,113.80849357667677,23,soleo,5,2,5,false,0.21513518227445486,2024-08-28T15:13:35.540Z,"Beatty, Waelchi and Lesch",false
6600dd71-65ec-451c-8bc5-11cbb243945c,2024-10-15T13:48:17.897Z,Orlandton,Colorado,Guadeloupe,-6.6595,-28.5379,soluta,vinum,toties,denego,usus,comburo,tantum,55,188.14868645155147,33,vita,2,0,1,false,0.08285961697903396,2023-01-03T20:13:58.015Z,Ortiz - Mosciski,true
f22d78de-4054-46a0-818f-d6b31aa05f32,2020-03-18T11:21:59.841Z,New Devonteland,South Dakota,Czechia,77.6607,-17.4186,apto,uberrime,summa,claudeo,comminor,degero,desolo,122,57.826715409155504,87,aggredior,1,1,2,false,0.13309465911819723,2025-10-23T10:28:07.178Z,"Grant, O'Kon and Braun",true
9514d021-e160-4444-97c0-9f79230f7606,2025-03-22T00:01:50.455Z,Greenfelderberg,Michigan,Latvia,-48.467,-117.5155,summisse,ciminatio,conicio,balbus,viridis,consuasor,voluptatibus,100,229.20162159065296,85,catena,1,1,4,false,0.13633074423397823,2023-11-12T06:54:41.129Z,"Mueller, Cruickshank and Kutch",false
fc18d85c-d65e-4dbf-b29e-68069b0d2f62,2018-11-27T18:01:12.326Z,New Asaville,Alabama,Seychelles,-62.2503,-6.8083,atrocitas,super,auctor,deprecator,taedium,titulus,stips,37,23.472080335469265,21,cupiditas,3,0,1,true,0.2334958388016266,2018-07-05T00:16:48.970Z,Herzog - Herman,false
488411f2-7f73-4c11-b44d-adbc284ec9f7,2022-02-20T17:36:58.058Z,Livonia,Missouri,Nigeria,-50.5433,-50.4616,candidus,admitto,sponte,sit,amoveo,corpus,amicitia,81,68.97951127898244,60,communis,6,2,2,false,0.1638936400856871,2018-10-23T10:23:15.996Z,"Schowalter, Osinski and Jenkins",true
95e804a0-ec35-4766-82e7-7de1b0f5fef6,2020-07-23T15:40:21.146Z,Boynton Beach,Michigan,Angola,-23.5667,1.9142,antepono,tersus,tyrannus,adsuesco,solutio,voluptate,taedium,73,93.80720683982125,33,deprimo,3,0,3,false,0.14845380737332453,2018-01-09T00:31:12.425Z,"Hagenes, Mosciski and Bailey",true
d0003de0-8301-40c7-9c2f-3ada85b1b6e9,2022-04-25T00:46:58.009Z,Vanessamouth,Minnesota,Cote d'Ivoire,83.4488,113.7365,apparatus,utrum,conatus,cernuus,torqueo,fugiat,surgo,84,148.58427387178725,42,vacuus,6,1,2,true,0.15355683688477575,2019-06-16T23:18:15.555Z,Emard - Gulgowski,true
b2800f9a-76d6-4805-9a63-a687073d9ab6,2023-01-27T04:14:11.770Z,Dorthafurt,Oregon,Anguilla,-17.5729,74.3155,vociferor,causa,absconditus,vigor,adstringo,denuo,benevolentia,46,68.92039742461877,66,agnitio,6,1,2,false,0.03026434170402645,2019-08-21T05:56:32.370Z,Pagac Group,false
fae96968-8630-4df2-9ce7-737e593c476b,2020-01-07T04:34:56.492Z,Fort Maida,New Hampshire,Kenya,47.7436,-127.4265,cunctatio,tego,claudeo,spiculum,viridis,cado,clamo,57,193.33254164371843,27,charisma,5,0,2,false,0.08296917177129456,2018-06-22T01:23:22.136Z,Corwin - Larkin,false
bd449014-034a-4a19-852a-50a9928dd735,2019-05-13T17:55:13.549Z,Schoenshire,Wyoming,Saint Martin,55.0115,-78.8065,suasoria,aiunt,arceo,termes,colligo,adfectus,veritatis,61,43.529584424395075,46,ars,1,2,1,false,0.24047326884383655,2023-12-31T07:27:11.054Z,Orn and Sons,false
33679213-8db8-4814-8fb8-9a7962e005d5,2019-02-15T10:24:47.240Z,North Rogercester,Tennessee,Tanzania,-49.8307,70.3987,spero,vomica,arma,decretum,in,statua,coaegresco,26,40.286461697264045,81,ciminatio,4,2,1,true,0.09408935895550624,2019-02-02T05:00:53.344Z,"Schroeder, O'Reilly and Mertz",false
08ea5330-876f-4029-b4fa-8f42d4fe7ca7,2023-09-25T03:51:58.253Z,Hanford,West Virginia,Syrian Arab Republic,-14.3336,32.7857,tenuis,defessus,antea,vinculum,tenuis,charisma,suffoco,45,49.295638957115486,16,certus,5,1,4,true,0.00749505317667884,2019-04-09T17:41:06.931Z,"Hahn, Daugherty and Swift",false
bab4a13c-7b5a-4c50-8f39-4b3f3f88fde6,2024-03-03T20:29:38.794Z,South Jerry,Nebraska,Nepal,66.5074,169.4846,terminatio,contabesco,eum,conservo,compello,appono,astrum,84,144.00739891898507,28,solum,2,0,5,false,0.23984576232161273,2021-05-28T18:31:12.213Z,Gerhold LLC,true
6f76b5d3-f0f8-421f-bede-1a64771cf525,2024-01-07T22:10:19.122Z,East Reecebury,Wisconsin,Reunion,-37.4429,-165.3348,velum,appello,conventus,timidus,uredo,apud,attollo,127,160.04630737832878,19,asporto,1,1,2,true,0.007094406036220219,2022-06-23T15:29:19.650Z,Stark and Sons,false
cd819f41-1bd1-4c37-b21b-82bbeb297358,2019-02-04T10:57:41.731Z,West Rolandoburgh,Hawaii,Maldives,11.3856,42.7471,tener,perferendis,aveho,tamisium,vere,tripudio,curo,90,217.74603653654816,99,et,2,2,1,false,0.004449705763374973,2022-01-04T18:54:08.236Z,"Ward, Grant and Bauch",true
ae46a4e6-1184-4a28-aa0e-19b3fb9a9db8,2018-11-19T13:52:35.600Z,Fountain Valley,Illinois,South Sudan,-88.3337,19.48,vomica,cubicularis,artificiose,tutamen,aequus,bonus,dolores,45,184.31275432649164,20,tum,0,1,2,true,0.07461010693611458,2018-11-09T15:00:32.035Z,Smitham Group,false
88205ef3-dc2d-43ce-9b48-73813600cb37,2019-03-04T02:21:15.922Z,Earlberg,Maine,Guyana,-3.522,165.1392,vero,demulceo,termes,patrocinor,accommodo,dolorem,balbus,49,171.32627440057001,68,tracto,3,2,4,true,0.11730305934211155,2021-05-27T04:37:01.793Z,"Muller, Runte and Steuber",true
a639ba33-6cfd-4b50-9610-75751b3b9152,2023-05-19T16:02:56.448Z,Bahringerberg,Hawaii,Republic of Korea,-25.9035,178.2376,ulciscor,corrumpo,apto,dolorem,dolorem,absorbeo,cursus,63,221.77237522702563,17,varius,3,2,4,true,0.102601835005106,2020-08-15T13:26:57.318Z,Frami - Barrows,true
e22c46f1-caee-48e9-b4c5-cd303e8b73a9,2020-07-10T04:09:48.093Z,Ricardoland,Mississippi,Togo,60.2012,-115.4579,vae,sublime,curvo,fugit,cunabula,defetiscor,ulterius,58,80.6195838177087,43,virtus,4,2,1,true,0.19987948360371352,2024-12-13T11:08:22.901Z,"Johnston, Lebsack and Doyle",false
b6664e77-08aa-4745-80c8-6f92363e834d,2024-02-12T04:44:18.550Z,New Brunswick,Missouri,Mozambique,24.0384,-109.8314,addo,eligendi,aeger,inflammatio,accendo,comminor,neque,79,125.09277769917686,83,adeptio,3,0,5,false,0.2209485671781135,2024-01-09T23:49:32.372Z,McDermott LLC,false
e673ed31-df36-47d6-a942-12447499a9f3,2022-08-18T00:40:33.143Z,Desireeton,Pennsylvania,Slovakia,83.864,-83.2282,minus,comminor,arguo,ullam,minus,asporto,spero,99,12.454580646678233,21,pecus,2,2,3,true,0.11718327354813732,2025-12-20T11:11:07.249Z,Luettgen - Connelly,false
683ce9d8-c28f-48a7-8255-da59b7f789e9,2018-12-29T03:51:29.446Z,Port Alphonsotown,Hawaii,Ethiopia,61.6098,25.816,tergiversatio,auctus,abstergo,cernuus,capillus,annus,comis,59,210.19883568707024,58,audeo,1,2,1,true,0.18304134499715138,2018-04-28T09:08:29.409Z,Olson - Connelly,true
4f9952c6-c06d-4703-a025-6988d0c2eb2c,2025-07-22T05:33:21.083Z,Klington,North Dakota,Poland,-61.4368,-11.258,comedo,benigne,vester,validus,addo,adsuesco,veritatis,26,189.07412339694196,69,creta,4,1,3,false,0.020706180128736068,2023-01-05T19:35:30.422Z,O'Conner - Crooks,false
0ba0bbd5-49b3-464c-9a88-aa33f5665fc5,2021-10-18T18:43:13.926Z,Geovanyland,Ohio,Turkey,-1.9921,46.0595,carus,demitto,deludo,thymum,nisi,voluptatum,vilitas,97,135.619044147438,95,avarus,4,1,3,true,0.020968561810220138,2019-05-01T13:32:43.614Z,Dooley - Rempel,false
b2b5b041-bdcd-48a2-9c70-ffb751d4c196,2022-05-26T19:51:42.048Z,Javonstead,Wisconsin,Andorra,-51.9129,155.6909,perferendis,acidus,despecto,depromo,theca,voluptatum,at,45,194.8123654287057,63,cultura,1,1,5,true,0.03922114018421416,2021-10-09T16:06:52.505Z,Lemke - Morar,true
06f07b4f-33c2-4707-a91f-a8ae0d0768a3,2022-01-14T17:39:32.211Z,Kautzerfurt,Arizona,Rwanda,-59.0756,-117.9935,sit,dolorum,carus,aestivus,video,textus,adamo,87,31.995271535846086,49,advoco,1,0,4,true,0.04465840775491697,2021-11-12T14:34:57.828Z,"Pfannerstill, Ritchie and O'Connell",true
1fc75bb9-f67c-4c4e-8e57-81ab559c025d,2023-03-06T01:38:54.930Z,Coon Rapids,Mississippi,Gibraltar,-27.8673,113.1212,derelinquo,corrupti,dedecor,auxilium,attollo,verbera,viridis,37,196.76596539433174,86,vomer,6,2,3,false,0.1555967577759869,2024-11-22T08:01:42.466Z,"Lind, Leannon and Kunde",true
c4018312-01d9-4959-8b16-331edb8db79a,2018-05-16T08:17:55.170Z,North Johnsonburgh,Arkansas,United States Minor Outlying Islands,-33.3114,26.1692,cedo,canto,explicabo,vilitas,curriculum,comprehendo,tum,64,2.6914949100794683,66,solutio,3,0,5,true,0.10319047825949423,2020-08-07T20:03:45.149Z,"Will, Altenwerth and Mante",true
af442cb3-5bf4-436f-8a06-57ecebb5c9f9,2018-08-21T04:25:05.049Z,Fort Noemie,Maine,Ghana,33.2075,-170.564,comis,sodalitas,in,decens,deficio,cunabula,quibusdam,127,179.39753884890095,44,peccatus,1,2,4,true,0.24516092940176357,2018-11-12T19:07:00.890Z,"West, Schinner and Buckridge",true
a9d04743-eb72-41b1-a919-8ab9dbce16e9,2024-06-06T19:51:35.200Z,Willworth,New York,Reunion,-55.4033,-42.6886,desidero,desino,credo,quidem,avarus,vero,deserunt,73,34.920535325033946,66,nihil,2,0,2,true,0.13474238487064816,2022-12-13T00:33:00.389Z,"Zboncak, Gerhold and Murphy",false
91067fda-2ec0-4b71-8ab5-4e7841567458,2022-07-23T21:04:33.801Z,Fort Samaraside,North Carolina,"Bonaire, Sint Eustatius and Saba",-5.965,-106.9825,aspernatur,denique,officiis,soluta,eos,cupio,crastinus,98,89.63369684705954,71,absconditus,3,1,5,true,0.053861043321419,2023-05-21T01:57:13.786Z,Upton Group,false
20b5d273-0f89-4062-ae16-0dcb6607befa,2019-12-08T15:52:05.440Z,Collinview,New Jersey,Honduras,9.1755,85.6974,sequi,aegrotatio,modi,addo,alo,pauci,copiose,58,78.27271588037883,98,vado,1,0,1,true,0.1658585096516873,2019-07-13T02:42:20.381Z,Gleichner - Dooley,true
11674c8d-96df-4d01-89a8-cc6486af0e44,2021-10-11T21:21:57.915Z,Olympia,Arkansas,Holy See (Vatican City State),13.7705,63.6452,vitium,addo,altus,cubitum,benevolentia,timidus,tredecim,126,140.59077355076954,25,amplexus,0,2,4,true,0.030224256831069246,2024-06-06T05:32:53.346Z,"Hamill, Torp and Stroman",true
de6c1aeb-ad8c-4dc5-ab8c-2d2d6ac0aa33,2019-12-15T06:46:39.938Z,Durganboro,Wyoming,British Indian Ocean Territory (Chagos Archipelago),-55.4462,84.699,cena,tyrannus,adsidue,victus,coniuratio,tersus,summa,93,26.324256200315872,22,demum,2,0,4,false,0.03267092699380489,2025-08-09T13:32:03.738Z,Russel LLC,true
495245ba-5cc1-4a3b-9eaf-2410d2f3294b,2018-05-19T01:10:25.105Z,Donaldtown,Kansas,Ghana,-85.2728,-178.6144,thesis,sophismata,accedo,umquam,trado,stabilis,venustas,101,51.11477812111051,26,tamisium,2,0,1,false,0.13818553232385916,2018-11-05T19:09:01.596Z,Wolf - Bayer,true
a2da45d0-761f-45cc-976c-27d6360360b2,2020-01-25T14:48:48.753Z,Fort Reubenville,Tennessee,Norfolk Island,21.7837,-145.2563,tam,attonbitus,vorago,verto,amiculum,aetas,stultus,26,130.08156954381965,53,decerno,3,1,2,true,0.1677720617641365,2020-09-08T06:24:06.552Z,Toy and Sons,true
b5ee1c49-9005-4cf9-b320-c5eeb01df034,2021-01-31T09:51:31.323Z,Margate,Washington,Iran,-45.6227,-153.7726,texo,numquam,itaque,aeger,vos,bis,coma,86,88.34908006946603,21,volutabrum,5,0,1,true,0.13482429007022706,2021-12-12T09:45:42.627Z,Bergstrom - Emmerich,false
a8cf750c-f6f7-4ea7-ade7-37e23fd42d20,2024-01-10T06:41:13.577Z,Lake Thomasland,Washington,Christmas Island,88.8058,67.5315,sponte,dignissimos,victus,ara,repudiandae,non,tendo,44,213.0341141635589,93,absorbeo,3,1,4,false,0.1834404464524121,2023-08-28T06:27:51.871Z,"Hyatt, Shields and Graham",false
a0539758-c9d0-4510-b94a-7d5e993483d2,2019-11-01T12:19:59.801Z,Jakubowskiboro,Colorado,Iceland,70.6737,-60.8841,suus,depopulo,sint,viduo,socius,quas,valetudo,114,66.27384231425086,63,timidus,6,1,1,true,0.004808880343505795,2019-01-26T23:50:52.500Z,Terry Group,false
692919cc-95ea-45e9-b856-e61c9d9129a7,2019-04-10T12:42:50.107Z,Leilanimouth,Vermont,Venezuela,-54.3314,-176.9581,damno,tergeo,pariatur,alii,ut,surgo,surculus,74,38.93636241554422,84,arcesso,2,0,4,true,0.10370372875042011,2024-04-23T05:34:04.260Z,Howell and Sons,false