accident_id,incident_datetime,city,state,country,latitude,longitude,road_name,road_type,intersection_type,accident_type,weather_condition,road_condition,light_condition,speed_limit,actual_speed_kph,driver_age,driver_gender,casualties,fatalities,vehicles_involved,alcohol_influence,blood_alcohol_level,weather_reported_at,reporting_department,pedestrian_involved
9ebc9fab-313e-4af8-9941-60cef81d114a,2020-05-12T13:31:43.539Z,Yostshire,Montana,"Virgin Islands, U.S.",-36.8262,114.1784,confugo,cupiditas,asperiores,theca,cotidie,laudantium,altus,116,34.83412204285645,41,accedo,6,0,4,true,0.16717321305723915,2022-08-26T19:02:40.748Z,Kling Inc,false
040ef6f4-785f-4ee7-935c-ca6ededc2e6a,2019-11-27T07:41:03.127Z,Creminchester,Virginia,Palau,-77.2121,-0.6935,solio,labore,tandem,sto,accendo,tendo,substantia,25,14.495723714547086,76,brevis,3,2,4,true,0.19980508335152616,2022-09-08T14:50:04.002Z,"O'Keefe, Gibson and Corkery",false
923d2e4a-ddf2-4dcc-bbd6-a7f37748b8af,2018-07-08T15:58:32.655Z,South Devon,Vermont,Kiribati,-73.1455,82.5831,quibusdam,villa,suppellex,sophismata,teres,denique,vitae,111,51.42226058803899,80,solio,3,2,1,true,0.08169683445910039,2022-11-19T16:33:59.899Z,"Heaney, Morissette and Schumm",false
cdef5b3f-055b-496f-bf2a-99779f9d53fd,2024-07-21T18:25:44.568Z,Royton,Hawaii,Mexico,59.7819,56.929,usitas,deludo,colligo,aro,carmen,assentator,verecundia,78,16.030218625718284,36,tardus,6,2,3,false,0.030416468700218885,2023-05-09T18:38:35.388Z,Morissette - Moen,false
cddf916d-8a68-4dee-a782-21106512986d,2025-09-05T17:19:03.471Z,South Presleyside,Tennessee,Democratic Republic of the Congo,81.8699,-30.1794,nam,cicuta,subito,utor,cometes,tunc,bellicus,80,74.07159529331055,58,alias,6,2,1,true,0.06512420731987878,2022-11-05T03:31:31.626Z,Marks - Sipes,true
d465f348-6ae1-498f-9f21-3aee676fa8f8,2022-03-03T20:00:44.095Z,Piperboro,Wyoming,Moldova,88.9142,100.3976,contigo,adipisci,decretum,saepe,delibero,causa,summopere,77,13.50444290788027,66,claudeo,2,2,1,true,0.026183574782180863,2023-02-28T18:28:12.524Z,"Flatley, Emard and Bauch",false
7a414349-8390-4074-9b81-c3f2680279d8,2023-02-06T03:02:32.197Z,Tamiami,Pennsylvania,Saint Barthelemy,28.9442,-137.727,aliquam,censura,victoria,audio,vulnus,omnis,summopere,52,75.39219304430301,52,repellat,2,1,2,true,0.07920869233047212,2018-09-29T22:30:40.367Z,Ritchie LLC,true
b326c903-dcef-42ac-a501-af7b974570c7,2021-04-16T02:03:28.118Z,Langoshboro,Rhode Island,French Guiana,-75.0848,-37.5095,aiunt,ademptio,rem,despecto,terga,comis,atque,22,163.05872572565693,74,illo,3,0,1,false,0.13294146580048036,2025-06-15T19:57:28.880Z,"Baumbach, Sanford and Goyette",false
7c34fa6b-4bf3-47ad-a500-2514db32971c,2020-05-01T20:42:14.600Z,Erie,Alabama,American Samoa,-53.6331,44.2606,tribuo,studio,claustrum,venustas,curvo,templum,causa,20,235.5113464442716,77,supra,0,0,5,false,0.046125230773544496,2024-01-16T20:19:23.080Z,"Emmerich, Torp and Farrell",true
99c37a4d-488f-4fe8-a10b-9d3015b5677d,2018-12-22T22:54:39.058Z,Fort Dayanaside,Arizona,Grenada,16.4004,-147.3641,appositus,tabgo,ciminatio,sollers,tot,spoliatio,suus,104,26.877289524933072,96,pauci,1,0,2,true,0.2256477206734204,2020-04-15T10:11:51.025Z,"Windler, Fadel and Koss",true
7e0e6daf-3161-45df-8f1b-9dfbbdf6208c,2022-01-18T13:05:49.267Z,West Sacramento,Montana,Eswatini,31.7749,75.6282,balbus,tero,pax,callide,illum,cibus,universe,127,58.92369767558808,67,catena,1,0,1,false,0.1848935516805457,2025-10-27T03:08:57.232Z,Romaguera - Stiedemann,false
f8ec656a-9635-4688-a581-c7f91d52a5aa,2024-11-11T10:14:33.395Z,Jupiter,Michigan,El Salvador,-29.3751,-96.8153,defetiscor,creber,omnis,suasoria,super,amplus,trado,87,219.3791857568118,70,temperantia,1,0,1,false,0.08305876387136751,2024-07-21T11:40:40.390Z,Sipes - Marquardt,true
0ba744cb-dd8c-4df1-b993-791fbf32a926,2023-04-09T03:56:35.135Z,South Okey,New York,Tuvalu,60.0474,0.1845,vulariter,commodi,corona,absum,temeritas,curto,error,89,150.45718875090895,70,paens,6,0,1,false,0.09520075762319,2021-09-25T04:06:01.858Z,O'Keefe Inc,true
2e87e0dd-b947-44d3-aaa9-b1f6b06f2ade,2018-07-22T13:14:31.004Z,South Ramonville,Kentucky,Peru,88.3901,127.9855,dignissimos,aequitas,curia,subnecto,verus,appositus,cervus,111,206.36386103622033,86,certe,5,1,3,true,0.2284470581406,2018-11-16T22:29:02.644Z,"Ritchie, Hartmann and Nicolas",true
278187fa-a094-4fb1-ab5d-e0a34486df9d,2019-03-14T09:25:46.215Z,D'Amorefurt,Washington,Tonga,31.3166,109.8788,adeptio,attonbitus,tubineus,usitas,harum,celo,attollo,54,60.382850057364735,22,error,2,0,4,true,0.07365644964377113,2025-02-01T11:50:55.791Z,Weber Group,true
9e01ca3c-693d-4fab-8a2c-c53a22791121,2018-05-14T09:40:20.089Z,Lauryton,Pennsylvania,Kuwait,23.682,108.2684,ventosus,arbustum,vae,vae,utrum,abbas,verbera,65,232.0973678674753,68,repellat,6,2,2,false,0.18760263913240807,2020-09-25T02:40:40.926Z,Collier and Sons,false
529f8baf-afe2-4782-99a1-f44e77f2ad2b,2020-10-17T17:46:55.937Z,Bonniebury,Missouri,Mexico,44.657,-84.7674,cognatus,doloribus,adnuo,cena,territo,vulariter,acerbitas,28,63.42658950295587,93,alioqui,5,0,4,true,0.23417936881976167,2021-10-21T11:50:08.567Z,"Bergnaum, Schumm and Moore",true
fe919b4e-cb2d-4524-a85c-86d4050550f9,2018-11-15T19:18:13.283Z,North Casimerworth,Alaska,Tajikistan,-61.7094,39.5149,turpis,ventus,varius,solitudo,civitas,cena,reiciendis,43,109.31728646161817,69,admitto,0,0,2,true,0.23319279941205737,2023-07-21T22:33:02.241Z,"Rowe, Kulas and Beatty",false
20e3888f-7a60-4e4f-8f4a-9a4c25e1598c,2022-10-03T11:22:43.897Z,Charleneville,Missouri,Japan,-22.4126,79.6586,tres,corona,conventus,sublime,ambitus,vita,adinventitias,80,129.86252329101995,41,tergum,3,1,3,false,0.02826226969371115,2019-11-16T18:42:32.353Z,Lakin - Hahn,true
d90d3ee3-eb11-4872-a8ea-02c3560ba196,2022-08-05T23:25:36.657Z,West Franco,West Virginia,Uruguay,-55.395,77.2222,minus,creta,admiratio,adulescens,sustineo,attollo,sol,30,35.01522589948941,17,spero,4,0,5,false,0.15032918731393294,2019-08-29T15:22:46.460Z,Klein - Langworth,false
8acba0ee-9bc4-4e52-b87a-02a2a8b362f5,2020-10-29T07:50:12.991Z,Lyricton,West Virginia,Eswatini,87.2249,74.3489,infit,veniam,viriliter,cursus,stabilis,deprecator,vel,109,221.7132979607276,30,summopere,2,2,1,false,0.07581755700065607,2018-03-12T10:16:56.702Z,"Kris, Rutherford and Keeling",true
9596857b-47ae-4367-bf12-8f0245a290ee,2021-10-30T10:09:53.605Z,Santa Ana,Oklahoma,Latvia,-7.746,-174.8588,appositus,vomica,copia,blandior,cito,porro,conventus,104,96.06403399761578,49,consectetur,4,2,3,true,0.19387238948653562,2020-03-17T10:30:51.617Z,Crist - Yundt,false
80a3901c-2f80-489c-92b1-52f4de8632d8,2022-04-23T03:07:42.843Z,Sandrinechester,Arkansas,Niger,18.1413,-106.3051,corrumpo,vomito,supellex,denego,earum,basium,voluptas,82,88.19365748459776,61,adopto,1,1,5,false,0.0064063225241612065,2021-10-24T23:58:32.778Z,Hammes Inc,false
bdf17c09-3719-4ae7-b256-ef7fa3e89644,2021-01-14T20:45:59.956Z,Sunnyvale,Iowa,United States Minor Outlying Islands,0.7512,-83.6988,deludo,curia,nisi,vesper,turbo,tenetur,consectetur,127,86.11117178809045,67,stipes,5,2,4,false,0.03666813547886666,2020-05-16T06:58:41.169Z,Donnelly Inc,false
0cad0c3b-6332-4c50-82f0-d9f86b03259c,2024-03-11T11:49:30.310Z,Port Busterborough,New Mexico,Belgium,-0.1553,84.1336,tricesimus,carcer,nesciunt,repellat,eos,ustulo,adversus,72,111.27555084459479,46,arbustum,2,2,4,false,0.14638606200180335,2022-02-06T02:45:24.161Z,Quitzon Inc,true
2aa829ab-885c-4cb0-8d66-397f989bd865,2022-05-28T00:49:17.750Z,Wheaton,Massachusetts,Saudi Arabia,-27.1416,-42.3566,audeo,solutio,tenuis,ultra,quia,architecto,deripio,68,127.96891457215665,57,cilicium,4,0,2,true,0.11702275525791006,2023-01-13T07:46:46.232Z,"Koepp, Murphy and Stroman",false
eb06dd11-3ea0-4f03-800c-142481d83e01,2021-12-16T05:04:04.625Z,Prohaskaburgh,Utah,Turks and Caicos Islands,-41.4695,74.6569,crustulum,solus,demitto,alter,natus,defaeco,confero,86,236.23568926155156,44,corrigo,1,2,1,false,0.15300980976415338,2021-03-16T19:23:39.235Z,VonRueden Group,true
31966b7b-abe0-4d8d-add5-b2546dc9d29b,2022-06-29T23:56:17.674Z,Weberfort,South Carolina,Cayman Islands,65.3475,151.423,sperno,quos,attonbitus,thymum,callide,denuo,vomito,74,9.313438217126127,96,cotidie,2,2,3,false,0.24341462859275698,2018-01-09T12:33:35.516Z,"Hauck, Schuster and Schamberger",false
2e522e75-1b92-40cd-8600-ff0f15b07301,2025-12-04T08:10:59.268Z,East Tyrelhaven,Vermont,Turkey,-44.6275,-76.0327,suasoria,velociter,vos,comitatus,rem,amplus,iure,129,96.04378571059424,75,enim,2,1,2,true,0.16135663779827578,2024-08-18T15:14:03.686Z,Conn - Haley,true
f03a8601-7c85-4d0f-8eb9-ae9024b2e19f,2019-04-02T09:21:09.707Z,Gutmannburgh,Utah,Kenya,11.8816,26.7446,calamitas,beatus,vomer,cupressus,valetudo,utpote,textus,129,126.7125737598749,49,venio,3,2,3,true,0.18308896725621063,2023-08-01T20:19:43.519Z,Huels - Huels,true
8c1131f3-55be-450e-8e48-9e1ccd65021f,2022-11-07T02:41:25.908Z,Fort Rosemary,Rhode Island,Ukraine,41.677,-73.6719,vaco,arma,argentum,deprecator,adeo,umbra,cubitum,88,135.5980193736521,24,dedecor,3,1,1,false,0.04808047624831885,2021-08-31T18:34:41.523Z,Bartell LLC,false
6a2db60d-9331-4cca-95da-a24f5a117e36,2024-06-03T11:34:28.202Z,New Hettieton,South Dakota,Christmas Island,3.0421,-177.6296,tersus,vulgivagus,cattus,thalassinus,creptio,consectetur,aperio,128,140.4318366309594,73,acceptus,6,0,2,false,0.016671247204302103,2024-09-22T22:08:06.631Z,Bahringer - Grant,false
bc3b21f5-a93b-4c5d-924d-ff7d3804ca42,2020-04-07T21:04:48.500Z,North Joannie,Oklahoma,Pitcairn Islands,-26.715,142.9964,odio,crux,dicta,demulceo,benigne,comprehendo,pel,106,156.3276576172825,97,valde,1,2,1,true,0.042038875425592065,2025-03-26T15:41:54.743Z,"Collins, Schumm and Konopelski",false
925c120b-f25c-4893-87d1-d783af8fcb0b,2023-10-11T17:32:26.247Z,North Jeradhaven,New Hampshire,Albania,-17.1687,29.0009,subnecto,demitto,abeo,toties,viriliter,annus,solutio,80,148.56958357753405,42,corroboro,0,1,2,true,0.17229917908298287,2019-12-16T03:34:03.966Z,Stiedemann - Kilback,true
78cd67b4-13e9-4c9f-abf4-ef9844b217ea,2025-08-11T22:51:49.601Z,Port Laurel,Maryland,Burkina Faso,-87.8188,-108.8197,vociferor,vito,totidem,ante,claudeo,defero,veritas,105,145.85585520335667,31,aeternus,4,0,4,false,0.1916207419460848,2023-12-21T04:56:08.805Z,"Sauer, Waters and Brekke",false
267e04dd-4ec9-47d0-aadc-67a7b80add10,2019-12-19T07:10:29.132Z,Aubreyfield,Nebraska,Argentina,12.2941,7.753,versus,vivo,aspernatur,balbus,statim,certe,odit,50,218.6913520651175,53,talio,3,0,1,true,0.19042658428258505,2020-03-17T14:22:30.731Z,"Yost, Thiel and Roberts",true
7141d4f6-9fd0-4fd1-bace-f7681a6db32f,2024-09-04T05:38:28.024Z,Lake Kellyburgh,Delaware,Zimbabwe,-82.8603,166.7162,sui,sum,vobis,victoria,praesentium,argumentum,texo,112,49.60644662469961,29,commodo,5,2,1,true,0.08403527625556984,2024-04-27T14:01:13.627Z,Cole - Kertzmann,true
465aae00-7cb6-4415-a274-7a2789482d46,2024-11-28T08:59:35.673Z,Port Bridie,Arkansas,Singapore,25.1843,-116.8048,ciminatio,ter,ultio,pauci,maxime,alienus,quisquam,82,144.1495996007581,93,thorax,1,2,2,false,0.17689469297379526,2021-11-06T22:41:50.391Z,"Walker, Huels and Quigley",false
d9e0d40a-c102-4df6-9acc-b123471ee68b,2025-06-16T08:58:55.936Z,Ewellton,Idaho,Svalbard & Jan Mayen Islands,24.4882,-151.0569,viduo,iusto,pauci,enim,stultus,cubicularis,quidem,57,70.97322219477708,45,sono,1,2,3,false,0.09435840656469188,2022-02-25T08:59:11.114Z,Wyman - McCullough,true
1fc1fa1d-a1a2-413e-82c0-ce7ba464b31b,2020-05-20T01:15:10.848Z,Winonastad,Mississippi,Samoa,-44.3144,-78.8708,repudiandae,usitas,vestigium,comparo,atrocitas,vilicus,claro,101,221.1923794261435,96,pariatur,2,1,1,false,0.032125666629229416,2024-04-03T05:39:07.330Z,Herzog - Hartmann,false
9d39f32e-0f30-4b7d-95ac-b93b38057b50,2021-09-24T04:38:01.623Z,Kristoferworth,Mississippi,Palau,48.9109,-141.4933,cogo,degero,demonstro,tonsor,solus,acidus,decumbo,111,190.83688863831094,68,verto,4,1,2,true,0.10845664285477391,2024-01-29T16:19:35.260Z,Hoeger Inc,true
af0b4cc9-8eb4-4faf-a326-cdbb482b4a7f,2018-04-12T18:32:52.223Z,Brandynside,Nevada,Canada,32.8857,144.1039,volubilis,vado,vere,vigilo,conitor,substantia,ceno,73,189.4282083699476,54,caterva,6,2,5,false,0.07048380447230493,2020-10-16T11:58:35.661Z,"Auer, Kutch and Rohan",true
8db4c45c-ad9d-4c18-bdd4-b85b96083197,2019-03-12T08:18:46.614Z,East Sidneyburgh,Virginia,Guam,84.3633,-122.5974,caput,trado,nulla,solutio,placeat,crustulum,video,119,74.90509376793258,33,ipsam,0,0,5,true,0.1376035655886368,2022-09-14T15:26:00.836Z,Pagac - Lowe,true
a0b408c3-e452-495f-9fb6-51f0aac02be8,2022-08-09T09:46:05.701Z,Blue Springs,Nevada,Iceland,78.1555,-13.1908,ullam,allatus,adipiscor,damnatio,suus,tertius,quod,85,87.63741187542885,84,dolorum,3,1,1,false,0.01584882334313842,2025-10-11T02:48:21.033Z,Wolff - Ratke,true
15210fda-389a-43bd-a321-f88a3e1bc118,2021-06-29T22:46:05.763Z,Baumbachboro,Kentucky,Lebanon,31.7972,101.4783,suffragium,sonitus,aperte,necessitatibus,utrimque,victoria,recusandae,124,73.69836924069841,83,asperiores,3,1,1,true,0.15548562843518424,2023-11-08T09:22:23.978Z,"Steuber, Blick and Harvey",false
ef419d8b-b223-4b69-9c13-253beb5a95f5,2025-08-19T18:05:05.227Z,Parma,New Jersey,Norfolk Island,-46.6067,-129.3445,bardus,sopor,aedificium,somniculosus,denique,taceo,tandem,50,112.75278964880088,54,neque,3,1,5,true,0.03589247823026062,2021-11-08T16:43:25.682Z,Kassulke - Mohr,true
d18d19df-c4ae-45e6-8c70-d98d596c621d,2018-03-20T02:23:08.879Z,Ricardofort,New Mexico,Norway,70.0084,-172.3809,valde,aspicio,amitto,combibo,aestivus,ambulo,aeneus,81,74.99174375990867,64,summa,3,0,5,false,0.17754477191626855,2019-08-17T13:32:53.068Z,Strosin - Parisian,false
b3c8f50b-dd41-4ad3-acba-7ad6ebd0c194,2020-06-03T22:13:55.042Z,East Dannychester,Oklahoma,Lebanon,-29.4721,173.5598,aegrotatio,ago,vestigium,undique,arcus,degusto,minima,52,163.71093487904517,73,dignissimos,5,1,3,true,0.22981658051738624,2022-11-22T09:56:19.995Z,Purdy and Sons,false
0414cf94-483e-4041-9984-d4af6a9cf287,2018-07-02T23:24:25.594Z,Brakusport,Colorado,Saint Vincent and the Grenadines,17.1731,164.6497,addo,conicio,earum,vigor,subiungo,amplus,tardus,32,63.611870990106276,56,volva,0,0,5,false,0.1265928259374136,2021-01-12T13:18:53.697Z,Purdy - Bogan,false
68f2fe58-068c-44f7-92e3-d692be86f8ab,2024-07-07T01:00:10.017Z,New Mollie,Illinois,Cyprus,-25.8208,2.709,natus,paulatim,verus,ocer,maxime,vorago,virtus,76,76.6308321791669,71,adsum,5,2,1,false,0.16667341977922978,2025-06-15T00:46:39.303Z,"Cummings, Wehner and Watsica",true
b498a4b7-a0c4-4c3a-b311-ad5838089375,2023-06-25T12:25:42.445Z,Bozeman,Vermont,Lebanon,0.3379,130.6154,sol,despecto,chirographum,attollo,adulatio,consectetur,canonicus,121,207.20066472600132,58,vinitor,0,2,1,false,0.23030527749522067,2025-06-06T18:00:02.061Z,Muller and Sons,false
0f82a00f-26ff-4032-bcfd-577cbe52cbee,2023-04-17T15:36:57.409Z,Dietrichburgh,Kansas,Costa Rica,-17.1171,157.424,carus,somnus,verto,accendo,adipisci,pecco,voluptatibus,41,138.71338696685353,67,attonbitus,2,0,1,true,0.21115584970509887,2024-06-29T08:33:24.127Z,"Dare, Moen and Rosenbaum",false
1602ec98-0fc6-4425-bbaf-fcacfdebfa25,2021-06-22T00:02:20.389Z,Yucaipa,Minnesota,Thailand,-36.3483,-106.9421,thymum,vinco,vetus,ventito,concido,admoneo,alter,113,204.6368244235404,45,vox,3,0,3,false,0.17240374351150414,2022-02-16T18:05:44.895Z,"Abernathy, McLaughlin and Windler",true
de3b0f48-9b34-422e-9efd-e01507245c95,2018-03-16T23:42:00.454Z,Lehigh Acres,Minnesota,Cook Islands,52.4211,-126.4757,terra,antiquus,cursim,natus,quos,adinventitias,conspergo,53,48.097611194840056,60,sollers,1,1,1,false,0.00799565832809046,2019-04-12T18:05:46.050Z,"Runolfsdottir, Dach and Douglas",false
14d25340-2b0f-4770-bbc9-1231e90562d4,2020-09-03T14:31:08.632Z,North Easterfield,South Dakota,Bolivia,63.0045,-25.673,averto,creptio,ratione,vindico,decens,doloribus,denego,116,50.966598418118224,100,blanditiis,4,1,4,true,0.20377719316671758,2020-09-22T00:27:13.943Z,Kub Inc,false
85f6c5f2-7ed1-4b14-a1f4-4f894ae683e4,2020-06-08T18:01:49.282Z,Alexanneland,Alabama,American Samoa,-22.3187,165.3731,tabella,sunt,cupiditas,copia,thymbra,neque,odit,52,82.55167830226317,46,sto,6,0,2,false,0.027277001724650585,2024-02-17T05:18:02.115Z,"Weimann, Brown and Bosco",true
bad7e948-6c8f-4cda-9d87-8b3917d919d8,2021-10-21T18:07:40.418Z,Jeffereyberg,Florida,Vietnam,-86.0815,-30.587,sunt,copia,textus,ab,officiis,deorsum,tametsi,22,114.63540167647282,62,catena,0,2,3,true,0.04530386506732226,2018-10-28T17:32:47.471Z,Powlowski and Sons,true
1a062bd5-f660-4755-a1df-39bbf6d5e901,2022-01-09T20:56:02.280Z,Port Madelynncester,Arizona,Afghanistan,78.1842,-177.8191,coma,pecus,trucido,crustulum,cursim,tremo,impedit,63,7.352002128379196,39,annus,4,0,3,true,0.1298936545006113,2023-03-20T17:09:39.754Z,Towne Inc,true
89b1b2d5-7067-45a6-a524-9f866ff0eb3e,2021-02-16T20:48:59.286Z,Lake Olin,Delaware,Chile,49.6621,-102.8103,adicio,caute,maiores,tantum,voluptas,suasoria,barba,53,201.44027544764998,84,comparo,4,1,3,true,0.20607305440120968,2023-09-14T09:50:05.770Z,Prohaska Inc,true
e2de4b05-2a1b-4152-bb03-d37b4f458a72,2023-10-21T20:39:42.741Z,New Sheridancester,Connecticut,Tunisia,43.355,25.7598,depono,beatus,adeptio,censura,crapula,cursus,degero,45,233.68739509368936,53,cado,4,0,5,true,0.15452089428104787,2025-03-19T16:00:34.917Z,Lehner LLC,false
a5654aae-ccae-4a1e-97e9-2f5d347850b2,2024-12-16T19:14:18.605Z,Jackson,Arizona,Bhutan,-67.9837,-141.1838,fugiat,tabgo,trepide,illum,cursim,deprimo,adinventitias,45,236.29037272136458,51,aperio,1,1,5,false,0.23664580638695662,2019-02-22T00:06:12.987Z,Tromp and Sons,false
c64ab896-ae84-4219-a198-c921bb358993,2024-01-13T19:40:42.057Z,Kennewick,Kansas,Haiti,18.6919,-68.6614,suadeo,nobis,thesaurus,subiungo,aeneus,vinco,carmen,114,41.544191453219526,45,sunt,4,2,3,true,0.17123073147292783,2023-06-16T07:03:46.368Z,"Reichert, Mohr and Rath",true
219b3d0a-fba1-4f5a-a822-54a2aca238ba,2022-09-07T13:12:20.326Z,Fort Graciela,Virginia,Bouvet Island,72.2551,-41.9204,copia,reprehenderit,velociter,verto,ulciscor,caelestis,testimonium,88,239.21380867192838,29,thymbra,5,1,3,true,0.03693931107552692,2021-01-12T17:14:42.142Z,Volkman and Sons,false
cf992150-dba2-427c-bb58-bc325658f5d5,2022-02-19T06:50:53.586Z,Derrickboro,Ohio,Jamaica,-65.3294,-67.9608,synagoga,derelinquo,excepturi,cultellus,desino,celebrer,dolorum,82,216.74827392285053,47,beneficium,2,2,5,false,0.1698092635805015,2022-09-11T15:40:43.506Z,Little and Sons,true
865209fb-f54b-40a0-b749-236588e85505,2025-04-03T07:13:01.392Z,Columbia,Colorado,Andorra,-11.5619,-152.0095,arceo,vaco,defero,vinculum,atavus,voluptatibus,tribuo,71,170.35585154566454,21,decet,6,1,4,false,0.02123024653364658,2018-05-17T06:13:55.600Z,Kassulke and Sons,true
3c0de572-98d0-490c-8d5e-30e0c56267e0,2019-07-17T12:30:41.928Z,South Spencer,Georgia,North Macedonia,14.2398,35.7808,alias,aperiam,cum,rem,depereo,corpus,sollers,68,127.96295579090199,40,tergeo,4,0,1,false,0.22583265895460722,2024-03-29T06:35:05.215Z,Kohler - Dibbert,false
7e76047b-3295-44f9-9c15-c3be513392d0,2023-10-27T06:50:47.395Z,Lake Dell,New Hampshire,Dominican Republic,18.9045,-171.8878,somniculosus,pectus,cunabula,vesica,adficio,alo,asper,47,75.12825465431727,27,depromo,1,1,5,false,0.03483614759216419,2018-03-31T20:21:20.269Z,Romaguera Group,true
d7478c27-0810-4340-98c2-0df48964b52d,2020-10-12T02:44:19.402Z,New Daphneeport,Texas,South Sudan,27.1852,110.0913,appono,adaugeo,colo,censura,cupiditate,tabesco,tametsi,59,17.02842467305927,79,incidunt,5,0,2,true,0.07135409364281606,2021-10-20T02:03:16.858Z,Cummerata - Harvey,true
456218aa-76d3-452f-9086-63c6afc1696d,2020-04-22T14:06:16.607Z,Rocioborough,New York,Pitcairn Islands,59.5643,-43.6117,cauda,contego,aegre,ago,condico,corpus,umquam,50,199.01363168392695,90,adstringo,1,0,5,false,0.10230923137329939,2020-11-25T05:12:57.787Z,"Sanford, Nader and Blanda",true
da16040e-6b27-46ff-abb8-2f51735cbf68,2023-05-03T16:48:41.288Z,Kerlukeberg,Wisconsin,United States Minor Outlying Islands,38.7067,-84.4274,saepe,sophismata,cauda,quo,amplexus,studio,decens,80,32.47637447281326,16,arto,1,2,1,true,0.15767793864188642,2023-09-16T19:15:19.135Z,Renner - Roberts,false
9f9db35f-e8f1-437e-8f4e-b0fe4cfbf777,2022-09-25T22:38:26.763Z,Aliciamouth,Iowa,Hong Kong,80.4771,23.7999,appositus,volup,torrens,denego,advenio,summa,valeo,29,182.07608872867698,60,vir,6,1,1,false,0.20978494898764713,2020-12-31T20:15:33.926Z,Mueller Inc,true
7f1ae3df-5ba9-4623-8d5a-dc1f4ca4af18,2025-11-01T08:36:39.297Z,Dibberthaven,Wisconsin,Cyprus,54.9184,84.4094,fuga,minus,illum,decumbo,terra,absconditus,curso,77,41.32037771267256,21,abstergo,4,1,2,false,0.07727175939997036,2023-01-02T01:14:09.238Z,"Breitenberg, Simonis and Schiller",true
110089b8-ed96-4d9d-83cf-e8e5bd0dd652,2020-07-14T02:35:03.031Z,North Bobbie,Louisiana,Seychelles,-56.2991,170.6707,sui,somnus,curvo,dicta,tunc,doloremque,civitas,36,68.3203425061339,49,usitas,4,2,1,true,0.21419224163549805,2023-01-02T22:28:13.733Z,Nader - Morissette,true
bee0389a-f9f4-4e9b-bde6-02afb709a83b,2022-02-28T19:53:12.445Z,South Giovani,Arizona,Croatia,-80.6458,58.2186,cupiditate,delibero,vomito,umerus,contigo,cohaero,aqua,44,216.05886841712044,16,casus,3,2,3,false,0.1401954929141067,2021-11-08T16:01:56.448Z,"Sawayn, Leuschke and Konopelski",true
82ba4323-29b9-46c3-b406-ad793f9ffbd7,2021-04-18T10:16:41.643Z,South Janaboro,Texas,Aruba,31.2686,-171.385,carpo,pecto,defessus,antepono,nihil,delectatio,tamisium,35,210.15561997594764,20,viduo,0,2,3,false,0.03359251056623819,2019-03-07T21:39:31.804Z,Sawayn - Schimmel,true
d9bfcfc1-fc33-42d6-a447-350acde7baad,2025-10-30T00:56:38.559Z,Shainaland,Wisconsin,Maldives,50.7426,60.2126,arcus,sonitus,pecto,vomer,coerceo,utrum,debilito,47,53.87150145593963,71,aliqua,0,1,3,true,0.16442794301395033,2025-07-06T07:06:03.624Z,"Hamill, Kirlin and Hauck",false
2b38922e-d652-41e7-847b-6c9179031355,2018-03-04T16:43:55.203Z,Reading,New Jersey,Sint Maarten,-74.7952,111.1403,adsum,uberrime,eveniet,delinquo,dedecor,talis,cilicium,52,62.67996194351947,85,culpo,5,0,3,true,0.19626997376213376,2023-06-19T15:15:52.250Z,Parisian Group,true
58b25946-1361-4ff8-973b-6a8bae0059e3,2024-04-07T06:20:32.208Z,Littlemouth,Ohio,Saudi Arabia,26.4333,-97.9231,aggero,acer,talis,caries,creo,constans,crastinus,77,66.65721170161447,23,abeo,1,0,5,false,0.14365514369252053,2018-09-20T03:37:07.153Z,Spinka LLC,true
14ee6c93-128f-4065-aa83-be26af19bb84,2023-09-16T14:50:28.488Z,North Ilacester,New York,Aland Islands,-81.6239,71.2458,spiculum,compono,suscipio,dolor,antea,veritas,abbas,91,175.82001198810386,26,cuppedia,3,2,5,true,0.20012954599214464,2023-01-23T09:21:45.469Z,"VonRueden, Zieme and Rippin",true
335413cf-cd02-4c07-9f1b-4f5b62469127,2020-07-15T08:38:22.209Z,Muncie,Arizona,Guadeloupe,-20.7214,64.768,cur,sublime,denuo,patrocinor,animadverto,vinum,synagoga,82,173.82726796640438,16,supra,3,0,1,false,0.06739416264488893,2022-12-23T16:25:36.389Z,Dibbert - Quigley,false
8d289717-0311-4ec2-ad73-ac79268b2e74,2025-12-14T10:48:01.092Z,East Ethelyn,South Dakota,Uzbekistan,79.5873,75.8741,voluntarius,considero,vomer,tactus,crepusculum,truculenter,adeptio,43,207.09972684806988,41,iusto,0,2,4,false,0.07096626684340718,2023-05-07T17:33:19.789Z,Rowe and Sons,true
1b8d5a3b-888b-48be-959e-936cb05b5c85,2019-02-06T23:22:15.046Z,Hillsstead,Kentucky,Ecuador,-55.2895,-5.8191,voluptates,benigne,desolo,tergiversatio,adflicto,veniam,atrox,73,1.4545209003195847,86,corrigo,0,1,2,true,0.028556432846996133,2020-01-05T23:07:17.928Z,Kautzer Group,false
2e6846a9-2621-4c6b-a78d-d007ef5e95e2,2020-01-06T09:00:16.056Z,North Sibyl,Wisconsin,Gibraltar,22.4536,-27.5415,calculus,ager,avaritia,celebrer,absque,reprehenderit,natus,71,108.12468697435239,98,tremo,3,0,1,true,0.2425129925693309,2019-04-02T21:46:58.678Z,Lindgren - Bashirian,true