accident_id,incident_datetime,city,state,country,latitude,longitude,road_name,road_type,intersection_type,accident_type,weather_condition,road_condition,light_condition,speed_limit,actual_speed_kph,driver_age,driver_gender,casualties,fatalities,vehicles_involved,alcohol_influence,blood_alcohol_level,weather_reported_at,reporting_department,pedestrian_involved
f3b934ee-a745-4e36-8ba2-dab44c757d33,2025-05-28T04:54:36.166Z,South Princess,Pennsylvania,Samoa,6.4267,154.5041,auctus,vulticulus,tactus,adinventitias,sollers,attero,tum,91,115.85505303488024,33,vestrum,4,2,3,false,0.06198854294906275,2024-04-18T15:37:03.655Z,Davis LLC,true
d875b500-8950-4468-9b66-4ebe70f4f5b5,2025-06-05T00:41:52.911Z,Port Kaceyton,Georgia,Mozambique,-84.2615,-59.5229,derideo,balbus,beneficium,aveho,baiulus,curatio,reiciendis,113,219.03151904354905,76,terror,3,0,1,true,0.04314133096700162,2023-07-28T23:30:56.275Z,Veum - Smith,true
d22b1bdd-35c1-4c4c-935c-5335448c7811,2020-10-10T03:11:52.433Z,Mobile,Alabama,Oman,7.7981,-151.0872,antiquus,tandem,tametsi,concido,damno,tero,contego,71,65.88628359881375,37,valetudo,0,0,2,false,0.00036994276210303156,2019-03-15T10:22:03.848Z,Kling Inc,true
175ad7b5-a702-4ea1-8a85-b2e1ef9e4dfa,2020-01-14T02:58:00.097Z,Kihnhaven,New Hampshire,Yemen,43.0953,42.5411,demens,volo,supellex,vir,subseco,minima,arto,68,27.28935741850688,33,ultio,6,2,1,true,0.2454002775912744,2020-05-03T06:38:05.015Z,Parisian - Zboncak,false
a99cd6ba-c904-4aad-a884-6f68647d72ab,2025-12-12T14:17:21.738Z,Ortiztown,Rhode Island,Sierra Leone,-23.534,164.8192,caries,aveho,admoneo,vilis,tui,doloremque,acervus,36,172.64808721235454,64,adulatio,0,0,3,false,0.08485514767905838,2025-12-11T01:58:20.469Z,"Kassulke, McClure and Jenkins",true
6f420455-b34a-4848-9b04-930f623c39e5,2024-03-09T11:19:06.642Z,West Stephanboro,Vermont,Malta,-11.1062,-106.4226,depraedor,astrum,libero,socius,adulatio,consequatur,vesco,110,141.9127571997553,16,combibo,4,1,1,false,0.004514693828753608,2024-08-11T01:03:23.752Z,"Jakubowski, Collins and Hayes",false
34cf57bd-606d-4a8b-a845-f9bb6211ab3f,2023-08-29T05:35:52.854Z,Kearny,Iowa,Nauru,10.7588,-128.0675,crapula,quam,ad,congregatio,vilicus,vorax,cruciamentum,65,1.6855636342760594,36,urbs,1,0,1,true,0.03064109126807113,2021-06-06T04:14:21.886Z,Jerde Group,false
374d25fa-677a-45a1-a326-2dfc7f71321c,2022-09-08T02:10:45.916Z,West Mervin,Indiana,Burkina Faso,-59.8271,-108.2039,abeo,curtus,apto,tener,vae,certe,tondeo,66,155.6839423416373,84,communis,4,1,3,true,0.20189241235982547,2024-02-13T08:06:18.796Z,Quigley - Cole,false
8a07249b-5615-4552-9543-282f9f61d3a0,2019-12-16T04:14:57.224Z,Titusville,Missouri,Philippines,-45.563,39.5008,unus,derideo,tener,vespillo,advoco,cruciamentum,argentum,106,34.52554700573552,97,abduco,1,1,4,true,0.21996690166173383,2024-05-30T02:19:19.613Z,Shanahan Group,true
0f5bb5da-62da-4201-be68-de11d8da6500,2021-08-14T23:24:06.950Z,East Brittanyborough,Alaska,Faroe Islands,53.9632,22.4035,angulus,canto,ait,doloribus,eum,tutis,peccatus,28,85.24236160213613,35,creo,5,0,5,false,0.10146642968903036,2020-12-21T10:29:20.611Z,Smitham - Wunsch,false
c79e2cee-eb63-48e8-aeef-1645eba6a81a,2021-10-26T06:18:07.996Z,East Aliyah,Oklahoma,Ecuador,-65.8239,-40.1949,aliquam,color,tristis,vestigium,delinquo,varius,summisse,130,87.19936455112567,81,amiculum,2,2,4,false,0.034764483937792884,2022-02-05T06:46:04.618Z,"Fay, Goldner and Buckridge",false
0547b7ee-4c2e-4803-af30-d0ed3e5bd698,2024-09-06T01:24:16.292Z,Margaritabury,Iowa,Isle of Man,22.1825,136.3674,video,pel,eum,unus,canis,voluptatem,reprehenderit,32,119.46367321868736,62,surgo,4,1,4,false,0.22452876396365298,2018-03-23T22:03:39.688Z,"Vandervort, Reichel and Bogan",false
eeb2abf5-7ef6-48ef-a46f-d351e1bff852,2025-10-26T00:13:17.648Z,West Gracebury,Nebraska,Tanzania,73.4071,109.7235,comitatus,corporis,ambitus,adipisci,vigilo,maxime,admoneo,38,238.07632599356086,26,vereor,2,1,5,true,0.17126973398141257,2022-12-01T03:32:38.809Z,"Nader, Feeney and Walsh",true
ee9f8a5a-a0a8-4545-9d16-491c2c922af0,2023-12-24T19:54:13.676Z,Ryanbury,Arkansas,Rwanda,-80.481,25.719,sumo,sponte,centum,suus,triumphus,explicabo,advenio,119,91.76204499449102,36,vallum,1,0,3,true,0.00007005372821530798,2018-12-07T21:05:39.144Z,"Paucek, Moen and Waters",true
6c774adc-7f49-4992-b30f-72e99e6497a8,2020-12-06T08:22:35.127Z,Hoytshire,Indiana,Saint Lucia,-2.8109,175.9864,amplexus,cura,maxime,cultura,nisi,animi,fugit,52,35.807445374497384,39,acidus,4,2,4,false,0.06757103258088307,2025-03-20T23:13:28.758Z,Bahringer - Lemke,false
2bf32e8a-6c4a-4a40-8aab-f16cbdb5b57b,2020-06-05T19:48:54.295Z,Osbaldocester,Tennessee,Armenia,66.2434,-5.9706,ter,occaecati,statua,cotidie,spoliatio,comminor,corpus,106,121.82612229808257,39,valens,0,1,2,true,0.19155764885780377,2020-08-19T23:24:50.851Z,Kautzer Inc,true
6cf691df-433c-4b88-a920-432023193bb2,2021-06-06T06:42:08.423Z,Fort Johnathonhaven,Alaska,British Indian Ocean Territory (Chagos Archipelago),-46.0521,-105.9826,claro,aequitas,abscido,textor,tutamen,atrocitas,consequuntur,52,113.40861997652598,21,adsum,4,2,4,true,0.1163324380213577,2023-01-24T06:30:28.598Z,"Thompson, Runolfsson and Smith",true
32200d80-0c03-4f80-8d92-f99641ea4c38,2023-01-06T12:50:52.126Z,East Brielle,North Dakota,Kyrgyz Republic,51.9318,173.7603,ubi,combibo,cubo,alii,trado,cernuus,calamitas,96,100.9718856553061,21,denuncio,3,1,2,true,0.1648720103157186,2025-03-15T09:03:50.521Z,Wilkinson - Torphy,false
534efe18-42e3-4f63-a1f7-5058ef8c5653,2018-01-05T00:26:16.720Z,East Fredrick,New Hampshire,Lithuania,81.7769,-130.347,eum,vicinus,turbo,aufero,deorsum,spero,amo,129,131.06897775899114,43,acerbitas,4,2,2,false,0.028711326991752883,2020-10-01T05:10:30.958Z,Gislason - Schowalter,false
f23b856d-71e9-4ed0-be9c-69471360d5b2,2023-07-13T21:24:44.244Z,New Joel,Alabama,United States of America,-40.0422,-146.1765,comptus,voro,cresco,non,appositus,aegrus,ulterius,83,189.02515580698258,70,thesis,0,1,1,true,0.16280705682821095,2020-04-04T15:22:13.291Z,"Hand, Walker and Padberg",true
e67bf5e5-c9d9-4887-85b0-e685522d59f2,2024-10-06T11:18:25.960Z,Christiansencester,Iowa,Cayman Islands,76.4468,-74.6172,inflammatio,atrocitas,solio,cattus,similique,similique,paens,94,168.61810150334793,67,colo,6,2,4,false,0.09556832582749611,2024-10-29T02:14:05.504Z,Cassin Inc,false
1ea2b882-22b5-48cb-a411-a6aed272e593,2023-09-06T00:21:04.327Z,Cameronmouth,Hawaii,Sint Maarten,-61.2147,163.6331,excepturi,vester,clementia,amoveo,valens,ab,clarus,99,93.87301386697273,81,video,1,1,4,false,0.04910879643550106,2021-09-03T22:39:31.216Z,Carter - Stehr,false
b71c6c72-504e-4124-bc47-4d5d20e2bd7a,2018-01-08T15:40:20.488Z,The Villages,New Jersey,Montenegro,17.0644,100.7575,benevolentia,praesentium,ullam,caterva,sollers,supplanto,paulatim,78,229.7638136202907,92,tabernus,4,2,5,true,0.06939006259322353,2018-07-17T07:51:03.845Z,Nader Inc,true
d503c30b-7ce6-4a35-9d08-8f57e1143ba6,2023-07-21T03:39:20.876Z,Grantmouth,Michigan,Djibouti,-35.7909,-68.6768,vulgivagus,bellum,coaegresco,totidem,temperantia,alienus,alter,92,68.80602677393921,85,caelestis,1,0,1,true,0.04084773533172942,2020-04-21T02:07:15.132Z,Davis - Kuhic,false
8e0c3c4f-7b31-4946-96ba-771b17715d14,2021-05-18T04:23:21.919Z,Irvine,Louisiana,Niger,-17.5927,-128.2975,iusto,adipiscor,deinde,ultra,usitas,ventus,sed,30,106.61727507437269,66,abscido,3,2,1,false,0.14276548248184606,2021-04-25T00:24:20.178Z,"Cummings, Zulauf and Huel",false
2307cda2-84f7-47d3-b3ca-405752617da5,2019-11-22T00:47:05.711Z,New Rochelle,Wisconsin,Eswatini,10.523,-70.3101,labore,ipsa,pauper,vicissitudo,minus,derelinquo,tremo,28,201.9839746644505,23,turba,3,0,5,false,0.11886932358546709,2025-02-17T00:58:10.189Z,Daugherty - Romaguera,true
a591185d-346e-4fec-a080-d08389000d6a,2020-11-13T08:19:30.305Z,East Rogelio,North Dakota,Gibraltar,-21.5974,-110.2206,sumo,demoror,succurro,ancilla,acer,ambulo,quasi,81,0.03005327813852432,72,suus,1,2,5,true,0.11833955155644488,2019-12-02T10:21:53.134Z,Dach and Sons,false
a33cf9af-74ae-4470-809f-05f7a3b47561,2020-05-28T23:19:13.529Z,Fort Valerieland,Pennsylvania,Comoros,-53.4838,-166.5882,censura,voluntarius,aduro,concedo,decretum,coadunatio,ratione,66,32.291029226195604,98,barba,4,1,1,true,0.11916879838408859,2020-03-06T05:27:11.668Z,Bayer - Goyette,false
28da615e-27c7-47ea-b93e-cfded6b089a6,2025-03-29T12:30:05.960Z,Gradyburgh,New York,Marshall Islands,60.6972,-167.7156,balbus,vado,ulterius,vulgo,vinum,coniuratio,maxime,99,233.80622364753833,57,territo,5,0,3,true,0.08628441726550812,2020-04-19T21:09:42.216Z,"Jenkins, Bradtke and Wehner",true
167bdac8-8a24-4115-8309-f4fad24680fd,2021-08-21T06:18:48.485Z,Rolfsonworth,Texas,Ghana,-82.0082,-179.9128,facilis,incidunt,comis,ulterius,campana,coruscus,vulgo,77,216.67540718732945,31,commodo,2,1,1,false,0.16812663562732688,2023-08-11T09:02:47.469Z,"Russel, Koelpin and Leannon",false
bbe3a73f-26d2-4131-9371-7c56be1c311b,2022-05-19T02:55:30.048Z,Port Blairhaven,Iowa,Uruguay,-88.315,-18.765,ocer,umquam,stillicidium,coniecto,deleniti,arbor,cupiditate,44,45.829184377080054,54,compono,3,0,3,true,0.1692672643765933,2023-09-08T21:59:33.215Z,"Parker, Marks and Gleason",true
371b6bef-339c-445b-a664-c7e71de2141a,2022-09-04T09:24:41.798Z,Port Deron,Georgia,United States of America,-35.3811,-14.4914,suus,utilis,blanditiis,sequi,trucido,conduco,tantillus,35,122.49268411656334,55,accusamus,0,1,2,true,0.004450327194429754,2018-01-11T11:54:15.232Z,Abshire - Schinner,true
4661c88b-f8b9-4cb7-a3cb-cda2cc832d60,2019-10-30T22:24:13.600Z,Mitchellville,Utah,Estonia,68.3763,162.4433,thema,ascit,comparo,astrum,decimus,nulla,carmen,125,54.382214699713465,63,ambitus,3,2,3,false,0.025114239558664098,2025-04-04T00:41:39.680Z,Hodkiewicz Inc,false
c1392b93-ec02-4fb4-9120-dea44123b8ee,2018-01-13T23:40:13.067Z,Gleichnerfort,Georgia,Bouvet Island,-47.905,161.0639,abutor,autem,thema,vulgivagus,coma,antiquus,demitto,62,23.265068237887874,89,adicio,5,0,1,false,0.06483207029685129,2022-12-11T12:40:32.619Z,Welch and Sons,true
436dcc74-06f6-4aea-be17-4a155d7e7cc9,2023-12-09T17:10:33.893Z,Port Kaitlin,Alaska,Czechia,39.4953,58.9891,summa,adficio,concedo,reprehenderit,deduco,sumo,apud,127,64.75669302739367,26,animadverto,3,2,4,true,0.12039692584489298,2019-01-11T22:50:01.899Z,Predovic and Sons,false
764dcfc1-834d-48ae-a79b-9bcb695cac9e,2020-12-07T00:21:25.762Z,New Daijahaven,New Hampshire,United Kingdom,17.9889,-52.8013,ara,tactus,ubi,aspernatur,sollicito,officia,carmen,30,146.3288721385606,72,terebro,5,1,5,false,0.13064579499329673,2018-11-19T06:26:16.755Z,Emmerich Group,true
72f8827e-4452-49e1-841a-85a2323c38a2,2024-12-21T07:18:51.885Z,New Dollyburgh,Michigan,Qatar,-40.8559,-4.0872,quidem,aggredior,terreo,creta,terra,aranea,quae,77,161.2301414133881,22,capto,6,0,5,false,0.24816142629161514,2020-01-27T14:14:45.047Z,Strosin and Sons,true
d9c868ca-18a5-4aea-ad47-712d60ee700f,2018-10-16T05:35:20.695Z,Port Murrayfurt,Utah,Burundi,54.0721,83.2269,aiunt,venio,usitas,dolorem,pauper,confido,cervus,70,113.36887986411367,25,cohibeo,3,0,5,false,0.12168989848729175,2024-12-21T17:58:42.923Z,Dooley Group,true
8d03ed9e-24dd-452c-9f25-17d5a4e1cc12,2024-06-29T21:43:21.573Z,Lake Dane,Alabama,United Kingdom,-54.9314,-109.3747,nam,viriliter,maxime,praesentium,vapulus,thesaurus,compono,51,14.307130218152757,71,contigo,3,1,3,false,0.14011698931003697,2020-09-12T13:41:11.791Z,Emmerich Inc,false
1f26d87d-cfe6-45ee-8a6b-87afbb35c8b1,2025-01-10T01:47:32.668Z,Marilouberg,Tennessee,Macao,-4.6916,-25.4094,conitor,cui,certus,deinde,trado,in,atrox,56,67.40773744646529,91,cupio,1,2,1,false,0.10542775629288914,2021-05-12T10:44:24.101Z,Towne - Cartwright,false
36b0c553-bb4d-4a47-9628-7ad0f4883e58,2018-03-15T15:01:56.752Z,Gleichnertown,Delaware,Central African Republic,79.2684,21.3102,constans,repudiandae,stultus,vox,constans,bellum,peior,40,161.94864264924416,52,exercitationem,5,1,3,true,0.18159637494808376,2022-05-13T00:12:37.066Z,"Barrows, Champlin and Ferry",false
89eca026-deca-4d96-9b60-bc9bb852d618,2025-02-02T04:05:02.911Z,Terrillland,Nevada,Kiribati,12.7211,64.0697,valens,cuppedia,voluntarius,beatae,spiculum,cuius,deporto,86,136.75063021073697,29,uberrime,1,2,4,false,0.16698971310158597,2025-12-20T17:30:17.160Z,Kihn and Sons,true
b88e8059-c072-49db-8372-efbb195ecf5b,2023-07-10T12:29:47.054Z,Demondworth,Missouri,Comoros,45.1521,-150.3385,consuasor,debilito,ventus,tamisium,argentum,aliquid,auctus,22,147.5137252897217,100,ultra,5,2,2,true,0.15817631012585123,2020-10-17T05:05:59.219Z,"Gulgowski, Tillman and Kub",true
04583644-6dd0-48bd-bdc4-3b62ecf167e0,2022-03-11T07:37:44.944Z,Stromanbury,North Carolina,Benin,-7.1118,88.1389,caritas,sordeo,sol,virtus,comes,teres,dolores,104,13.310874753089497,62,colo,4,0,4,false,0.12067861440966576,2025-05-09T14:52:34.995Z,Beatty Inc,false
8d7c4bd5-e084-4256-8aab-4ab06d3f68e2,2025-08-06T10:12:35.762Z,Sipesshire,Colorado,Oman,34.0486,119.2182,amiculum,omnis,celebrer,tantum,ullam,dens,abutor,51,127.17350940835408,27,vitiosus,2,1,4,true,0.18447838980032089,2021-10-14T21:34:08.562Z,Hand - Thompson,false
973bae94-1b0c-4b5f-a8ca-ab2c0814bb29,2022-10-31T13:15:00.620Z,Port Curtis,New Hampshire,Singapore,89.5676,136.3177,caelum,umquam,demo,sequi,labore,velit,coaegresco,39,90.29515496738094,57,occaecati,0,1,2,false,0.09537983784444845,2020-06-19T13:58:16.785Z,Langworth LLC,true
ce0b6174-02b6-4cd0-a279-5f9f29e0b96e,2024-10-22T03:51:47.127Z,Lake Gerhardfield,Iowa,Mauritius,-54.245,-112.482,uberrime,tener,claro,civitas,vivo,auditor,compello,67,166.14509940894777,39,tergeo,3,1,1,true,0.04733318203467615,2023-02-18T10:40:09.122Z,Harber and Sons,true
6a1a18e5-84f3-426d-a3b2-2b1b41e3f20b,2021-05-01T07:51:15.493Z,Schadenworth,South Dakota,Bouvet Island,42.8263,-111.2579,demo,ciminatio,canonicus,dapifer,neque,sol,vilis,63,227.62911734901758,42,quaerat,2,0,2,false,0.2427221317870385,2022-12-12T09:34:47.715Z,Mann and Sons,true
0fabe0b1-6f8d-4203-8fa0-517e4686a669,2023-07-22T08:32:49.373Z,Larkinview,New Hampshire,Singapore,73.6526,-21.2368,conitor,ubi,saepe,arcesso,sophismata,articulus,vallum,106,110.91422571211412,86,aufero,2,0,4,true,0.0021213535336038203,2019-11-11T16:32:05.889Z,Price LLC,true
fe5bdbbe-52b2-409f-8457-69f02ab88f84,2022-12-17T08:32:54.277Z,Lake Ezequielview,Arizona,Papua New Guinea,-60.613,-75.0378,admitto,cerno,tego,quam,vito,suffoco,claustrum,81,165.3722346128822,78,atqui,0,1,5,true,0.10939445228065539,2025-03-25T19:48:27.886Z,Rowe Inc,false
257bb9be-ebae-4ca7-9f90-f69dc1a83bab,2021-11-27T23:25:20.202Z,Dickishire,Ohio,Aland Islands,-69.9703,-138.2232,compono,claudeo,verecundia,dens,adaugeo,adhaero,casso,78,184.65426128482312,31,auxilium,0,0,3,false,0.13747726909826832,2019-11-09T02:17:58.771Z,"Bruen, Aufderhar and Murphy",false
17167d0c-4676-4cdb-adc3-7d29d720e198,2022-11-28T00:35:37.499Z,South Eloisaport,Tennessee,Gambia,16.8871,-62.1314,iste,capitulus,aperte,speciosus,decerno,cupiditas,spes,104,184.06055533267153,23,spes,4,1,5,false,0.0024774066573723386,2023-12-04T02:47:01.706Z,Towne - Ortiz,false
f8845769-f9d9-42f8-98dc-54520d90b649,2020-02-27T23:56:49.942Z,Binsstead,Montana,Belize,10.5342,-152.9857,trado,arca,stips,cupiditate,corrumpo,caelestis,ventus,68,214.8655974001542,26,ventito,4,0,2,false,0.0014132366243789773,2023-12-02T20:31:43.131Z,"Hermann, Dicki and Feil",false
5f475c27-c840-4759-8b50-5db527c3e682,2018-04-07T06:08:56.752Z,Thielport,Michigan,Niue,48.3063,-163.6416,thermae,aureus,crur,derelinquo,sol,perferendis,cilicium,58,27.205118761429084,44,spes,3,1,2,true,0.15588204521183696,2025-07-05T05:51:42.623Z,Gerlach Inc,true
b7f4d249-f4d4-4a4a-8b0b-41c892eb64a5,2022-01-30T20:18:29.907Z,Hegmannboro,Oregon,Jordan,-43.1402,60.776,desidero,repudiandae,ambitus,appositus,quis,caste,vitae,107,145.33169740325317,70,spiculum,1,0,5,false,0.2419018867215415,2025-05-12T16:37:57.089Z,"Murphy, MacGyver and Jacobson",true
8395521c-77bb-4513-b76b-82e16242f97b,2022-05-09T02:52:00.519Z,Lake Erling,Wisconsin,Cayman Islands,-34.9038,99.8191,amitto,depereo,tempora,considero,vaco,cometes,illo,25,111.21158057367056,65,culpo,6,2,2,false,0.14914443950843467,2019-12-04T01:46:35.503Z,Predovic Inc,true
477d7f05-ef1c-4a4f-9ca9-ebc5e655855c,2022-02-18T19:41:46.351Z,East Prestonville,Nevada,Zambia,0.7404,159.6665,autem,allatus,una,viriliter,adicio,nulla,depopulo,118,159.25049539661987,89,tepidus,1,1,4,false,0.16586327823565084,2021-04-15T14:10:11.650Z,Schuppe - Beer,true
bea17da9-2325-4783-8c7c-b7a19cea4738,2019-06-11T16:22:29.754Z,Roderickstead,Florida,Timor-Leste,-75.1996,-160.0193,crux,tum,porro,aeternus,suscipit,molestias,deputo,102,196.23204065153317,29,uberrime,2,2,5,true,0.17210514842254276,2024-02-15T10:55:21.337Z,Batz LLC,false
32f4bf4f-e08f-448b-a911-231451e14b20,2021-10-03T23:09:58.470Z,Bartellview,Maine,Democratic People's Republic of Korea,51.6948,85.5208,utor,deripio,verumtamen,clamo,absconditus,sordeo,conitor,67,124.44088182954842,92,curia,6,0,1,false,0.03788174475715947,2023-01-01T10:39:18.031Z,Goodwin - Stoltenberg,true
7aa5c793-5508-4756-8b68-324fc8344693,2020-07-04T04:19:17.936Z,Willmouth,Kentucky,Mongolia,-30.6607,-26.6666,tui,voco,carpo,apostolus,alter,suspendo,cognatus,47,224.03952911900774,45,aegrus,2,2,5,true,0.0968019265826725,2023-04-23T03:58:12.436Z,Nitzsche LLC,true
93bb19c0-0f6e-43be-818a-5660eec87e47,2021-01-23T08:30:49.695Z,Jonathonchester,Indiana,Sierra Leone,78.9384,-74.0311,occaecati,vesica,tergiversatio,caecus,voluptate,defendo,constans,23,177.0971242145822,28,tonsor,2,0,5,false,0.1829359726349627,2022-03-16T01:23:18.578Z,Heidenreich - Marquardt,true
1ac4caa2-c3f0-4c49-a8e6-b9db6b2ae858,2025-08-14T17:25:19.994Z,Daughertybury,Nebraska,Russian Federation,39.1135,9.9951,considero,voluptatum,vulgivagus,validus,volup,tersus,audax,43,12.592470723607079,27,quidem,0,2,2,false,0.0976169032137145,2019-11-11T19:49:24.891Z,DuBuque and Sons,false
37eab91e-bda8-4f46-af9d-05c42f2ae001,2023-09-27T21:23:21.500Z,Melissabury,Rhode Island,India,86.0546,122.3037,studio,subseco,demo,talis,tertius,amor,suppono,88,96.47591233587833,33,titulus,2,0,5,false,0.04256557642879219,2019-07-13T14:29:52.297Z,"Schimmel, Zulauf and Veum",false
b95bc96c-6fb1-4fe0-9151-d9b735936dcc,2023-04-07T17:25:36.723Z,Lynchfort,Tennessee,French Guiana,-33.6606,55.1168,cogo,victus,assumenda,causa,ter,pax,cribro,50,183.21075042462746,23,tollo,6,2,2,true,0.014707102924711418,2023-05-21T14:41:22.844Z,Senger - Berge,false
36cb509d-4738-4a2a-b1f1-20ab83152164,2019-01-01T23:49:24.413Z,Lake Taya,North Carolina,Svalbard & Jan Mayen Islands,-29.3326,44.2463,optio,aiunt,vapulus,conspergo,comedo,coma,capto,104,82.96981284482135,46,collum,0,1,1,false,0.017981363111321036,2023-12-12T16:04:44.822Z,Bernhard Group,false
ca62c006-ce36-4e43-af9c-13142eb0350b,2022-06-10T13:01:28.987Z,Aminaworth,Georgia,Mayotte,-40.9995,-24.1591,celer,vulgaris,ambulo,carcer,vivo,veritas,ratione,74,20.459445738836965,100,harum,4,0,4,false,0.11158547840043095,2019-02-25T20:11:53.470Z,Funk Group,false
af128fe1-1ac6-4635-aac1-33e0b87b0439,2023-10-14T02:25:29.945Z,Marcelinafurt,Illinois,Rwanda,-44.2501,-22.3837,cavus,modi,caute,veniam,cogo,texo,demo,109,63.08357757159938,63,cometes,4,2,3,false,0.03303420254491968,2025-12-29T16:58:46.602Z,"D'Amore, Bosco and White",false
b288c32b-e74d-42a1-95b7-902df598106b,2020-01-01T05:53:54.868Z,Jackelineboro,Virginia,Italy,-42.7812,-73.1282,deleniti,vere,clibanus,aro,desino,angelus,vesco,110,122.33855662249115,67,caelum,2,2,4,false,0.16093901070731706,2023-03-18T18:34:36.132Z,Gerhold LLC,false
c76a3fe1-4086-47f8-960a-471478faff97,2025-12-21T11:00:53.701Z,Lake Mathildemouth,Hawaii,Belgium,-2.2898,147.1474,ambitus,comprehendo,sum,teneo,curis,calculus,crudelis,35,11.367297852533724,91,curriculum,1,2,1,false,0.1437909979491182,2023-04-05T06:24:20.076Z,Schuster Group,false
5039b515-19ff-4e0a-9c52-b9af85b3f6ed,2022-04-30T22:30:42.483Z,Lehnerport,Massachusetts,Belarus,-39.9854,-142.9098,somnus,quisquam,confugo,urbanus,sulum,undique,adiuvo,22,8.646907774964898,89,virtus,5,2,3,true,0.1363614338778213,2022-02-04T12:08:35.146Z,"Conn, Murphy and Vandervort",true
dd3a6877-2665-4a50-a145-ad3022fee68f,2021-04-27T17:51:47.286Z,East Tess,Massachusetts,United Kingdom,-85.5484,-91.447,vapulus,casus,civis,tendo,solitudo,bibo,desolo,76,179.39913230088789,75,cuppedia,6,1,1,true,0.012093545210240475,2024-04-11T23:07:48.229Z,Lindgren LLC,false
a2809d51-8de3-444c-a718-e1601abf91c1,2019-08-26T11:49:00.447Z,Gailville,West Virginia,Turks and Caicos Islands,85.8831,160.6144,beatae,deserunt,vitium,concedo,aureus,temperantia,enim,78,167.69084711480184,56,hic,6,0,2,false,0.10552124517104117,2021-11-16T23:27:24.732Z,Mueller LLC,false
8f6fd039-f848-4ba7-8b40-fb06657a8e76,2022-07-31T05:32:43.917Z,Osinskichester,Hawaii,Barbados,37.6102,168.5041,demonstro,illum,suscipit,patria,vulticulus,assentator,utor,125,102.2189428885381,32,vergo,5,1,4,false,0.23764998743044952,2020-06-24T06:08:34.588Z,Corkery LLC,false
dd894ffa-92f6-4b66-924a-e9d5d8020d8f,2024-07-09T20:15:48.623Z,Marianofort,Wyoming,Iceland,-30.2506,-108.8078,ea,aqua,vociferor,sustineo,sortitus,tergum,possimus,95,134.06042163686925,16,quis,1,2,5,true,0.035921151250450895,2025-05-29T04:22:07.626Z,Schoen - Wolf,false
054746c0-66e4-47d3-bd40-5af5b935cae8,2021-07-25T15:34:34.936Z,Port Caesar,Arkansas,Kazakhstan,-6.5983,4.6387,centum,tamdiu,curriculum,vulticulus,avaritia,culpa,supra,24,62.71129131346768,89,clamo,5,2,2,true,0.12113317163406259,2023-10-30T07:04:15.517Z,Gerhold LLC,true
83d8f381-0195-45ea-851a-d30a702f3db7,2021-06-22T02:03:55.096Z,South Manuel,Idaho,Cote d'Ivoire,66.3587,-168.0504,tui,aetas,apud,curriculum,ventosus,ratione,truculenter,53,41.69100507519241,64,accusator,0,2,4,false,0.02873344867927019,2024-06-21T06:49:20.607Z,"Runolfsson, Lowe and Kohler",false
eb1471da-008a-41b6-8b88-8ae03bf37e9d,2022-07-04T10:51:32.950Z,East Alessandrahaven,New Mexico,Burkina Faso,71.2772,26.7577,culpa,cibo,comis,ambulo,inventore,pecco,ipsa,65,19.20092139808217,85,accusantium,2,0,5,false,0.07065861047579586,2020-02-17T15:05:48.041Z,"Miller, Price and Legros",true
01faae5c-4278-4f23-baab-777ae4ed63d4,2024-09-28T09:41:26.691Z,Connellystad,Connecticut,South Georgia and the South Sandwich Islands,-82.7193,-64.8883,vestrum,adulatio,cubicularis,vesper,sollicito,caute,verbum,106,27.3777017478874,64,ater,6,1,2,false,0.10707288410077395,2025-02-19T23:04:18.502Z,Waelchi - Brown,false
75665086-5ea2-4292-9370-dbb02abd8b4b,2023-09-19T02:41:31.188Z,New Vada,Hawaii,Grenada,-53.8305,-53.356,temporibus,virtus,aeternus,laboriosam,cribro,adsum,vobis,123,229.06015019705188,37,cresco,3,0,3,true,0.12877903996958792,2020-02-02T17:58:34.657Z,"Rodriguez, Crist and Runte",false
a0b6343a-2001-46c4-b180-653b65680566,2024-09-17T18:04:25.763Z,New Sidton,Florida,Norway,-10.9043,116.9961,tricesimus,approbo,atque,contigo,denuncio,doloremque,talio,88,157.35137215984875,20,constans,1,2,5,false,0.08978039750033176,2022-06-13T10:38:38.770Z,Boehm Group,false
c4d845d9-8c82-4b39-86cc-9b8860a071bb,2022-07-20T17:37:30.426Z,Adrienneshire,West Virginia,Senegal,28.8823,123.5916,adversus,auditor,capitulus,sortitus,auxilium,tepidus,cernuus,51,25.3703799973471,65,carmen,3,2,5,false,0.23778460733982984,2020-03-13T02:19:22.353Z,Lesch Inc,true
4cbf1efe-da99-4aee-a3ef-75b65630d2ec,2021-04-10T07:05:54.341Z,Kemmertown,Arkansas,Eswatini,-44.9051,-178.5243,ustilo,repellendus,terga,adulescens,sunt,tergum,tredecim,129,97.1873719764283,85,ipsam,0,1,1,false,0.12819586591873894,2019-05-31T11:03:31.222Z,"Franecki, Von and Nader",true
84ccd19d-3b86-4b58-ada3-e5aa6b214d0f,2023-09-22T10:51:18.787Z,Rosalindaview,Maine,Zambia,30.1503,-22.3969,aufero,alias,cado,arto,attero,magnam,aggredior,72,155.88772316545237,47,sui,2,0,5,true,0.0174205287665683,2023-09-30T02:50:56.679Z,Schmeler - Rowe,false