accident_id,incident_datetime,city,state,country,latitude,longitude,road_name,road_type,intersection_type,accident_type,weather_condition,road_condition,light_condition,speed_limit,actual_speed_kph,driver_age,driver_gender,casualties,fatalities,vehicles_involved,alcohol_influence,blood_alcohol_level,weather_reported_at,reporting_department,pedestrian_involved
f2de3e7e-12b3-452c-b052-9300ebf3326c,2023-11-08T03:18:25.938Z,Chula Vista,Pennsylvania,Malta,89.0023,-117.0134,carbo,dicta,aperio,candidus,solium,cuius,voluptas,51,22.935335256400293,85,ambitus,0,0,1,false,0.10942930767551115,2025-03-02T06:21:25.324Z,"Kemmer, Reichert and Bednar",false
c6ad5ba7-fd73-4f1d-92ca-bafe5f81e9fb,2019-08-26T05:21:14.845Z,Fort Cameron,Pennsylvania,United States Minor Outlying Islands,-79.5314,-14.1582,desipio,bellum,aeternus,timor,validus,deorsum,verbera,31,130.43591403080376,95,cernuus,5,2,3,true,0.17888730982436246,2020-06-24T12:49:23.342Z,Zulauf LLC,true
7aa89943-91ff-4957-a8c4-f02eb7061e6e,2021-11-01T15:56:08.922Z,Berneiceside,Michigan,Algeria,-59.0579,-23.8937,curiositas,labore,cupiditate,temperantia,acsi,autus,decor,73,95.36236844421568,97,velociter,6,1,4,true,0.1409183114954245,2021-11-06T16:14:28.369Z,Thompson - Glover,true
a44a227d-c563-4d58-ab46-8cc37dfefdeb,2022-07-10T00:42:24.287Z,Tustin,Illinois,Russian Federation,-16.5347,-0.1864,ventito,cupio,adsuesco,viriliter,dolorum,aggero,corona,49,12.361442099348228,71,amita,1,1,5,false,0.22378665305229856,2024-07-19T01:53:38.519Z,"Littel, Schimmel and Bogan",true
00b6ea2d-373e-4884-9268-2a6ba2814dd7,2024-06-14T21:25:54.731Z,New Emory,Colorado,Romania,-88.7834,62.2611,adficio,conicio,subnecto,occaecati,arcus,circumvenio,pecto,89,195.20039230133085,55,suasoria,4,2,3,false,0.07594161486886214,2022-02-28T06:41:57.151Z,"Feest, Thompson and Bechtelar",false
71c50033-d6cc-4c12-8803-a0b40591951f,2025-01-06T03:38:31.933Z,Bartonhaven,New Hampshire,Anguilla,-51.7949,-158.5323,dens,adicio,vomica,corpus,stipes,consequuntur,summopere,67,59.18647219593336,77,defaeco,4,0,1,true,0.019446810948675092,2022-03-02T07:24:40.248Z,Rogahn and Sons,true
f7c9d772-c241-47d3-9386-7669364c39fc,2025-06-13T05:00:33.921Z,Veumstad,Arkansas,Congo,30.1061,-86.9786,nesciunt,comis,quisquam,porro,succurro,conatus,summa,78,167.64505694645248,79,apud,6,2,5,true,0.24645829517802653,2020-05-08T04:22:54.346Z,"Turcotte, Franey and Mills",true
1ede4d4c-4165-4fdd-b10b-160b0f2ccd42,2022-05-08T21:05:38.065Z,New Loraine,West Virginia,India,-50.0238,-140.6524,taceo,admiratio,campana,ademptio,aduro,eveniet,decimus,74,146.33054599243619,96,casus,1,2,5,false,0.19975762158571128,2023-05-02T17:42:27.375Z,Romaguera - Weber,true
2b4edc0d-6190-4e11-ac8d-7770198a9e7b,2018-05-22T20:12:13.016Z,Missouri City,Pennsylvania,Holy See (Vatican City State),-63.7953,-76.2409,tergeo,occaecati,amaritudo,velit,speculum,vestrum,contabesco,96,89.34966946714233,65,tepidus,4,0,1,false,0.08512036901234202,2025-05-07T08:49:30.010Z,Harris Group,false
fb129e1e-a4dd-4906-aa0a-40f7c6b01605,2025-03-03T15:20:12.159Z,Lake Willardborough,Iowa,Saint Martin,26.3714,36.4815,a,ventosus,capto,tenus,amo,pecus,cimentarius,64,92.72302001185251,80,quis,3,1,1,false,0.08497700055826396,2023-11-03T12:48:22.381Z,"Jakubowski, Nikolaus and Bauch",false
7432a444-19f6-49bf-88fe-6fe86665a520,2023-07-26T18:56:33.543Z,South Stephanyworth,Nevada,Kuwait,45.2627,-153.3434,aranea,aegrus,beneficium,cognomen,dedecor,timidus,dapifer,28,36.00685134854794,16,curiositas,2,1,5,false,0.20074906421372335,2025-04-09T03:37:04.085Z,Huels Inc,true
b14b4f3b-df17-4dcd-afaf-3d5152519f67,2025-04-07T15:10:07.784Z,Brookhaven,Colorado,Barbados,-81.4827,-12.0664,turba,color,cohibeo,succedo,commodi,tergiversatio,bis,22,191.08496650632017,74,pecco,1,0,2,true,0.10740515460487099,2019-12-25T13:07:35.907Z,Labadie - Runolfsson,true
f4cab760-54e7-4431-82c9-1f5163233059,2020-02-21T17:22:16.449Z,O'Keefeboro,Minnesota,Netherlands,-3.8264,63.8888,carmen,odit,contabesco,tergo,decipio,sperno,vulpes,111,200.2847321485342,23,ara,5,2,5,false,0.13740662194371484,2023-06-16T13:22:50.754Z,"Pagac, Treutel and Collier",false
c757d363-d2e2-45a6-9cf2-31d2407e503f,2022-01-12T03:12:35.617Z,Reynoldscester,South Carolina,Congo,-5.2668,-114.8923,vulticulus,vivo,voro,aggredior,compello,vergo,adstringo,54,166.60511744290633,64,arceo,3,2,1,false,0.11830712357046727,2018-02-19T23:36:16.921Z,Shanahan Group,false
1b48741d-dfaa-41d0-a9b1-b642be182774,2023-09-12T04:57:23.009Z,St. Louis Park,Texas,Gambia,21.6401,159.2202,ipsa,tubineus,caveo,demulceo,patria,verbera,arbor,94,71.32693795493849,17,trepide,5,2,1,true,0.1422158731900168,2020-05-04T02:08:10.786Z,O'Keefe LLC,true
08b1c1ca-a468-4fe2-9dc7-916d72313820,2020-11-27T19:55:49.222Z,New Davonbury,New Hampshire,Grenada,47.2771,-13.9066,creo,rem,sustineo,aeger,vero,succedo,vindico,42,108.33306341079042,43,illo,2,2,3,false,0.05603291006723243,2020-08-10T07:34:12.289Z,McClure - Kertzmann,true
7b584507-97ec-4205-a711-6230e5e2b0c7,2019-08-02T19:11:46.866Z,Fort Alexmouth,Nebraska,Slovenia,47.9531,23.3469,speculum,pecco,ipsam,inventore,inflammatio,doloribus,demum,123,33.4648344125131,94,volutabrum,0,2,2,false,0.18226666951269468,2022-09-28T06:44:31.352Z,Okuneva - Strosin,true
b9addd6f-0a6b-4f5c-9cd2-49002ae66644,2018-07-15T05:35:50.522Z,Oberbrunnerbury,Washington,Peru,34.3412,-22.6378,aedificium,coniuratio,apparatus,illum,cibo,sophismata,universe,104,111.9405632446347,36,corrupti,2,2,5,true,0.0773272394190655,2023-01-09T10:32:40.022Z,"Gleichner, Dicki and Graham",true
3b87c130-d69b-4094-ba95-4c26e52a4b26,2025-01-17T16:05:16.551Z,Hillsport,South Dakota,Eswatini,4.1483,114.518,clamo,autus,desipio,vigor,esse,ipsam,absorbeo,63,20.744630267918396,90,victoria,0,0,5,true,0.17617105738637548,2024-04-25T00:43:31.224Z,Deckow and Sons,false
2c07b1a2-1aeb-43cb-8c6c-559c79917838,2020-09-18T23:58:38.244Z,New Oren,Wisconsin,Iceland,7.2234,20.5807,super,ager,ducimus,tondeo,comprehendo,cultura,cunctatio,22,174.53423543762165,58,vigor,3,2,5,true,0.18248652652041122,2020-02-07T14:02:37.894Z,"Carter, Hermann and Lueilwitz",true
c7cd78d4-3f5e-4a35-8195-6d9b3edfcb8b,2025-02-03T16:18:28.550Z,Wunschboro,Nevada,South Georgia and the South Sandwich Islands,-27.0834,36.4748,constans,demoror,arbitro,accusantium,collum,adeptio,suscipio,81,60.429137956714676,38,templum,6,2,2,true,0.06887101928534808,2025-11-18T00:01:27.300Z,Sanford LLC,false
febf9993-9c47-41b5-aac2-3b532480e4dc,2022-01-25T04:56:27.034Z,Pearl City,Mississippi,Greece,-35.7464,159.5631,casso,denique,demoror,tardus,cimentarius,comminor,alii,108,189.8508701078941,34,aliquid,5,1,4,false,0.0888179515793926,2025-03-25T03:15:15.293Z,"Buckridge, Zemlak and Frami",false
9373ad31-f424-49c5-a05d-6fc29071e072,2022-08-05T23:09:24.203Z,Grand Island,South Carolina,Svalbard & Jan Mayen Islands,16.7906,79.7216,decens,quibusdam,spero,stips,cavus,deinde,convoco,53,85.32421564652078,16,sequi,1,1,4,true,0.19358304013979422,2022-01-27T05:18:53.839Z,"Schmitt, Ward and Koss",false
0083959e-460c-4dae-a26e-a41404fced52,2019-01-23T21:01:10.940Z,South Sydnie,Missouri,Barbados,40.1032,170.366,at,illo,teres,delectus,patior,comparo,utilis,75,177.48696323763804,74,victoria,4,1,5,true,0.24276293211339947,2020-11-06T14:32:34.868Z,Rosenbaum - Legros,false
86f97d72-8c1a-4fab-8550-5be665d6a20e,2019-06-13T08:00:07.090Z,Darrickport,Virginia,United Arab Emirates,73.3073,-113.7482,animadverto,tero,coerceo,vorago,creber,aptus,sunt,99,11.6477502808051,89,demonstro,4,1,5,false,0.09442296156025684,2024-05-24T08:21:36.095Z,"Hauck, Larkin and Rohan",false
53ca0a4e-614d-43c9-9080-125c3de49306,2020-03-14T09:32:19.179Z,South Alexandrafort,Oklahoma,Bulgaria,48.6592,-12.0859,curis,maxime,voluntarius,ara,aequus,una,infit,89,68.31504546138534,46,defleo,0,1,4,true,0.032043509525121416,2020-05-25T01:02:17.230Z,Yundt - Schoen,false
96a47b08-be21-45a0-8022-07b8b7cc414f,2024-06-07T22:51:26.708Z,Bogisichmouth,Indiana,Vietnam,43.9002,-152.5092,tenuis,rerum,apparatus,utor,harum,conventus,vulgaris,90,90.88295823707696,36,velut,0,0,2,true,0.054198634484973335,2025-11-14T13:46:50.121Z,Bode Inc,true
eb1c6ffb-0ddb-43ff-b3b4-1ae9c3e9118a,2019-01-15T06:41:19.862Z,Livermore,Pennsylvania,Vanuatu,18.5121,-22.8248,debeo,debitis,dolorem,usitas,victus,decet,velit,24,94.80903304676379,56,alter,4,1,4,false,0.1477863593820972,2018-02-03T04:26:10.598Z,"Kilback, Bahringer and Turcotte",false
958d0435-0245-4e5d-ae87-744865a7a82f,2020-05-24T19:15:59.900Z,North Wadeberg,West Virginia,Nauru,57.6381,-27.4168,coaegresco,surculus,bibo,fuga,cervus,esse,corrigo,42,116.5497758303366,27,quod,3,0,1,false,0.05600744042900416,2025-01-10T15:45:46.022Z,"Gleason, Stokes and Bednar",false
559bc65a-eacc-4408-b0ed-df1c1b182d5f,2024-08-17T12:54:00.919Z,South Tamiastead,Virginia,Comoros,1.8614,92.9251,defungo,demulceo,casso,consequatur,tripudio,dedico,aggero,97,24.047683540551184,64,arma,3,1,1,true,0.10371346636191156,2020-07-19T16:21:55.346Z,Rempel LLC,true
dfb1e4b1-246a-4124-a60f-242dd7e6fddd,2018-10-12T03:34:30.851Z,Hemet,Hawaii,Mozambique,-64.9613,152.4568,talio,verbera,universe,tametsi,combibo,alias,victus,40,147.11422643500578,49,numquam,2,0,1,true,0.1835347100532889,2021-06-01T20:44:14.618Z,Zieme and Sons,false
a72877da-e6e6-4841-8573-6227b4fcd0c3,2025-02-05T10:07:32.920Z,Carson,South Carolina,Bosnia and Herzegovina,1.4943,91.7688,crastinus,cum,aperiam,bonus,adulescens,studio,volo,108,24.369311662198836,32,sufficio,1,1,2,true,0.21732993357083494,2023-03-20T18:02:56.914Z,Marks Group,false
316ba279-5ddd-4858-a904-5a8919d7c995,2020-10-15T17:27:50.337Z,Lake Everettborough,Oregon,China,62.1389,-132.0083,beatus,sulum,vulpes,tamquam,cui,officiis,arx,84,200.65839399895034,89,audax,4,2,3,true,0.16638980632975395,2025-11-24T11:11:26.440Z,"Christiansen, Schmidt and Kuhlman",true
5ef4806e-b3dd-4e72-8bfb-909117a330bf,2024-06-12T23:30:32.785Z,Eastvale,Alaska,Tokelau,88.2304,27.6126,suggero,aqua,repellendus,autem,defaeco,canto,ventito,50,45.4534862955238,42,patruus,4,1,3,false,0.08913395681187253,2018-09-12T14:56:19.501Z,"Botsford, Predovic and Abernathy",false
49d82769-ad90-4cdf-89c5-9b2ec273fbe4,2021-04-27T09:57:54.115Z,North Carlos,Oklahoma,Morocco,25.1006,-146.3064,stella,alveus,cunae,doloribus,enim,currus,placeat,90,2.9371654765117494,29,corporis,1,2,3,false,0.22396397628654907,2022-12-31T07:27:12.932Z,"Botsford, O'Kon and Bernhard",false
79fb70a9-a795-4314-84f8-b6c48d659bd9,2024-12-10T04:46:53.857Z,New Katlynberg,Nevada,Papua New Guinea,65.0764,-15.0527,praesentium,tutis,arcesso,certus,cuppedia,itaque,sub,33,27.14915782686827,67,nemo,1,0,1,true,0.18977703504031287,2018-09-10T02:54:07.275Z,Hammes LLC,false
1d3b0cb9-2e7e-4d52-8df5-58ea52fe3d98,2019-12-21T10:24:30.556Z,Bellingham,South Dakota,Iran,20.0558,-160.7451,adinventitias,capitulus,ventito,viriliter,aut,accedo,quae,78,227.29757934952232,25,ullus,5,1,1,true,0.1932755992298574,2025-11-27T04:04:04.872Z,Erdman and Sons,true
6779248b-ba1f-4c58-8917-4083463738e2,2025-01-02T13:47:22.827Z,Kuhlmanberg,Virginia,Liberia,10.941,-38.0836,attero,vilicus,cur,tremo,torqueo,suscipio,asperiores,62,9.738484493286297,49,coniuratio,3,2,1,true,0.023084814876193183,2022-06-23T02:57:17.179Z,"Champlin, Keeling and Flatley",true
746e9f19-cf99-4751-b0e7-1df42bfa2bb3,2022-09-06T22:26:44.693Z,Inesbury,New Jersey,Ethiopia,1.9493,164.0257,cetera,necessitatibus,ultra,itaque,sono,adimpleo,adversus,44,37.909640103666355,24,vociferor,1,0,3,true,0.15720305672549226,2023-01-01T20:56:04.050Z,Grimes - Hills,true
6fceb85e-604a-4309-bca0-b6f0243643de,2023-06-24T04:39:04.199Z,Austintown,Connecticut,Tunisia,-70.3487,-55.8176,sumptus,vivo,dignissimos,supplanto,dolorem,praesentium,deputo,51,190.15555358027802,16,avaritia,6,1,2,true,0.11849837942060973,2025-02-19T09:40:59.214Z,Schneider Group,true
ee252bf0-bc61-4731-a295-54fe1a1f4743,2024-06-05T07:53:56.140Z,Thompsonside,New York,Faroe Islands,81.9332,57.9952,tumultus,veniam,paens,distinctio,nihil,tamdiu,ancilla,26,64.03709331674627,35,barba,3,2,5,false,0.03687942212389472,2020-11-11T00:33:19.386Z,"Wolff, Hilpert and Wyman",true
b2d34297-5181-41e2-a2f6-0d599a20af4e,2023-09-07T13:42:05.090Z,Town 'n' Country,North Dakota,Mali,-81.4441,175.2244,amor,cicuta,advenio,desparatus,vulnus,vestigium,vir,63,72.10469384707183,40,aliquid,4,0,1,true,0.21905684195882685,2024-10-18T14:32:20.621Z,Ortiz Group,true
7b7abf56-5779-45c3-b95b-09f63ef6ed96,2024-03-11T12:40:40.377Z,Sioux City,Ohio,Bhutan,-37.5301,-143.2139,ventito,arca,caute,valens,curatio,corroboro,modi,76,170.06400161806982,69,coadunatio,4,1,1,true,0.1254597027088167,2025-06-22T06:18:08.883Z,Keebler - Brakus,true
729c8a54-3ac6-40e7-b6b1-1b944eb8e6d8,2021-05-13T07:18:42.276Z,West Savanahport,Louisiana,Cameroon,33.4835,156.2687,maiores,consuasor,textilis,aequus,fugit,terebro,thymum,97,37.75775094771689,24,aperte,0,1,5,false,0.17860841265733807,2024-08-06T13:18:26.880Z,Padberg Group,true
b94a5bc8-9240-4766-abee-b08dea578ad1,2018-04-30T02:08:37.411Z,Walshstad,New Mexico,Brunei Darussalam,8.7958,32.9606,deporto,ulterius,caste,ullus,ea,sursum,pax,61,65.28826624851732,32,subiungo,3,0,4,true,0.222508894004127,2021-11-17T09:35:49.181Z,"Cartwright, Parisian and Hermann",false
d2f4ea7c-f6d9-453a-8a53-2659f12ca05f,2025-03-12T14:41:50.981Z,Camden,Pennsylvania,Panama,-10.1863,-128.6022,ustilo,custodia,causa,tutis,totidem,facilis,circumvenio,128,216.59991753669965,67,comedo,6,0,3,false,0.18826923251512911,2018-04-02T00:19:11.669Z,Blick - Runte,false
30dc54ad-2cc6-4a47-84af-c5c96d1dea26,2023-01-24T03:35:50.340Z,Port Euna,Arkansas,Seychelles,-0.5219,71.9359,tamisium,turba,quam,cultura,cernuus,absum,tamquam,99,148.60234167987474,98,theatrum,3,0,4,false,0.06628197838499097,2018-10-20T09:12:05.201Z,Graham - Goyette,true
326573a7-272b-438d-a9cd-0cd92c640dab,2023-04-19T03:51:51.021Z,Port Zack,Utah,Mongolia,56.1482,-130.8546,tergiversatio,viriliter,capillus,admoveo,torqueo,ago,officiis,90,178.10015537115967,35,stabilis,6,2,1,true,0.08253756015001393,2019-04-28T07:59:24.733Z,Smitham LLC,true
0b758d54-29f9-4ae8-8831-78a8ddeb0636,2018-11-14T08:33:25.653Z,Osborneburgh,Massachusetts,Iceland,7.5579,6.5811,vergo,cultellus,sunt,rem,congregatio,curis,correptius,24,130.9732777674785,40,solitudo,5,1,1,false,0.04681812258980775,2019-03-08T05:04:12.489Z,Crooks Inc,false
503a015e-f839-4a1d-91e4-2f7ee90d4bf8,2018-08-08T08:36:14.845Z,Dickihaven,Utah,Slovakia,65.5415,47.6595,tracto,ipsum,coadunatio,vivo,autus,vado,torqueo,105,43.63658459571489,56,aequitas,0,1,4,false,0.21514441906132617,2021-02-21T16:55:14.382Z,"Mraz, Goyette and Pfannerstill",true
8a4fea2f-ca2f-492b-aaa4-9c113a9ee119,2020-10-03T11:38:41.673Z,Port Tyreeton,Mississippi,Benin,-62.7238,62.2726,concedo,alioqui,coruscus,tribuo,vulticulus,neque,tantillus,116,177.48395263143232,71,calamitas,4,2,3,false,0.1293058948939099,2021-02-26T22:40:17.500Z,Quitzon - Hand,false
a3d3a3c0-1980-488f-92a8-6bd3ef5ae562,2023-03-04T19:06:26.045Z,New Bedford,Alaska,Croatia,12.5696,79.9279,vobis,tubineus,amicitia,rem,demo,abutor,subnecto,109,45.79113687917955,16,sordeo,3,0,3,false,0.011586833324981283,2024-10-17T08:38:57.265Z,"Abernathy, Ullrich and Collier",false
574c1372-bc17-4daa-9416-85fa94bfe6f7,2018-10-15T10:24:17.101Z,Beavercreek,Kansas,Chile,83.1633,-81.6458,verbera,denuncio,arbor,voluptate,attollo,truculenter,caecus,21,152.37974291855846,52,pauper,3,1,1,true,0.2137145592853377,2022-01-14T01:26:50.454Z,Harvey LLC,false
f3d25ce9-36f2-408b-bb92-08c5f58bbc09,2022-06-15T22:19:20.149Z,Kilbackstad,Nevada,New Caledonia,-84.0559,-77.2391,tredecim,sollers,thymum,titulus,demoror,asporto,cogito,37,2.3490762843612423,90,asporto,1,0,4,true,0.061050208694146374,2021-04-20T15:35:27.748Z,"O'Connell, Parker and Bernier",true
6276d6e4-b11e-4637-a005-c9d5e71c087c,2024-10-04T02:01:08.878Z,North Everetteboro,North Dakota,Afghanistan,-5.9904,-80.5382,possimus,acquiro,eius,solium,audio,demoror,territo,25,106.79987972815121,65,autem,2,0,4,false,0.006333026833571093,2021-08-18T13:34:07.827Z,"Hamill, Lebsack and Bode",true
742aaa00-b51b-4e12-97fa-393eb4d57121,2019-03-14T13:25:27.316Z,Port Richmond,South Carolina,Svalbard & Jan Mayen Islands,85.5404,-123.2044,sol,aiunt,ater,adeptio,natus,illum,sonitus,23,179.70930496403895,94,combibo,4,0,5,true,0.0005204614797461316,2018-09-15T17:24:18.616Z,"Farrell, Cormier and Zulauf",false
aa70a0a4-2c32-4fa5-890c-99bd2b95dcc4,2018-10-26T21:07:16.038Z,Philipburgh,Missouri,Tuvalu,-87.0666,137.0186,capto,utilis,tripudio,crebro,facere,victoria,caries,118,2.3463603546533385,46,vulgaris,1,1,4,false,0.09010299774750788,2021-07-11T07:18:46.641Z,Hagenes - Luettgen,false
f556fa80-4b56-4ed5-b721-f7acf0167bc0,2022-10-06T21:38:44.086Z,Stephaniamouth,North Carolina,Myanmar,39.8285,146.4718,corrigo,nostrum,uxor,canis,videlicet,derideo,rem,71,219.34647812976667,67,acceptus,0,2,5,true,0.05841403538543194,2018-02-22T19:40:28.749Z,Feil LLC,false
70fa6511-cb9f-4f9f-a12e-70eabe8b29be,2018-02-18T14:25:28.793Z,Fort Pierce,Indiana,Palau,-52.3816,-118.0741,dolore,trucido,trepide,agnosco,curis,demum,beneficium,29,218.44913453118073,47,nesciunt,5,1,3,true,0.07585269297785904,2021-12-29T02:38:05.160Z,"Gleason, Harvey and Runolfsdottir",true
03b303e1-a773-4dc2-b5b1-e3a705d5806f,2022-11-11T22:13:10.986Z,West Hosea,Minnesota,Nigeria,-65.4524,47.7965,deleniti,demitto,ratione,ipsum,cur,aperio,consequuntur,71,169.0826165184327,76,acies,3,1,4,false,0.030897163582157355,2021-07-22T02:58:50.862Z,Rogahn - Hermann,true
1dc8b746-1189-4a52-aea8-b4dc1a0653e5,2022-09-08T16:16:16.753Z,Wolffchester,New Jersey,Guatemala,43.8653,-56.3173,antea,vero,est,calculus,triumphus,occaecati,eum,82,231.02507311731642,57,unus,0,2,4,false,0.045247547103719477,2019-03-26T09:20:12.830Z,"Harber, Goldner and Gutmann",true
49a5c27c-9baa-42c4-be06-e49f6de352a1,2021-03-08T00:18:27.075Z,Camillahaven,Rhode Island,Gambia,63.4406,1.5207,ascit,cupio,ventus,ullus,vilitas,cervus,tredecim,74,28.945797570783007,50,claudeo,0,1,4,true,0.2096635808228374,2021-11-02T03:09:10.606Z,Barton Inc,true
8648a2d7-4877-4445-93cf-8b3f7bdce34a,2024-06-22T22:22:33.164Z,North Jarenfield,Kentucky,Czechia,88.3813,-48.0201,vito,vespillo,compono,natus,verbera,textor,tempus,100,41.864481176620814,89,cernuus,4,2,2,true,0.21701363618323824,2024-03-08T19:29:05.042Z,"Metz, Emard and Sauer",false
61c03a30-8253-4ecd-8a83-24282e0d1284,2024-01-06T10:00:44.718Z,South Corybury,South Carolina,Nigeria,19.0566,-48.3159,cohibeo,aeternus,vulnus,arcus,amor,desipio,ver,96,188.12238241813594,28,blanditiis,2,1,3,true,0.0100784321271426,2020-03-14T00:44:43.005Z,Lubowitz - Walker,false
8f274e1b-9d16-4690-a90c-373265ff90cd,2018-10-07T07:41:18.127Z,Port Mariam,Kentucky,Taiwan,86.1182,-114.1636,decor,denuncio,abduco,id,tego,subiungo,videlicet,49,212.57631961007561,89,aiunt,5,1,3,true,0.06381040820374628,2021-11-10T14:05:17.531Z,Kautzer LLC,false
e4574c21-7f8e-466a-a107-c0dc68780e11,2019-09-13T13:13:08.643Z,Port Arielland,Nevada,Tajikistan,-9.7314,150.7396,ustulo,at,inflammatio,exercitationem,vere,damno,adhaero,87,43.825895187984386,90,vulnero,4,1,1,true,0.16618259955435064,2021-06-24T12:47:19.281Z,Schowalter - Wilkinson,true
a1b0b3e5-2aef-4c9b-8c4c-1be32a806d38,2018-09-05T00:47:38.053Z,Fort Bernard,Florida,Martinique,-7.9979,163.985,vociferor,amita,theologus,angelus,adimpleo,arto,desidero,89,218.29578139400036,50,carbo,0,0,3,true,0.029972966773312737,2018-05-23T13:46:20.882Z,Mann - Feeney,true
ba599f1a-fa66-4fe9-986d-baf35fd6f8e0,2024-09-10T23:16:42.705Z,Wauwatosa,New Mexico,Sierra Leone,81.4551,92.6357,amor,eaque,antepono,abbas,numquam,minima,aperio,28,225.83802777403247,19,vae,3,0,2,true,0.23664064803584334,2021-08-15T18:42:19.899Z,Bailey - Dickinson,true
7b26a559-1715-40e3-9769-b7fa39a4d0f4,2021-06-05T01:16:27.014Z,Mentor,South Dakota,Ecuador,16.8498,80.9081,considero,repellat,porro,vulgo,vigilo,sapiente,ad,71,203.68709188187745,99,arcesso,5,0,4,false,0.11139003295233593,2020-09-01T05:17:49.792Z,Schaefer - Goodwin,false
d70af743-0b08-4bf0-a234-3d873b7c7dc5,2022-07-31T09:02:15.649Z,Brendancester,Arizona,French Guiana,-40.8641,136.0544,communis,vulpes,allatus,creator,qui,vir,uberrime,72,87.69931182077771,23,stips,6,2,2,true,0.13066600189225192,2025-01-11T03:19:33.295Z,Predovic and Sons,false
e80ce782-05e2-4793-bf6e-dbd017cd0480,2021-11-26T06:08:26.107Z,Rochester Hills,Minnesota,Macao,-54.8847,-54.9243,cuppedia,cicuta,dedecor,traho,accusamus,valetudo,agnosco,60,78.6586590620799,37,uter,4,0,4,true,0.14888979575086406,2020-04-25T02:20:21.809Z,Funk - Padberg,false
8f3fb855-6364-4937-a8f3-07888ecea39d,2021-05-04T06:11:17.866Z,Ezekielfield,North Dakota,Tonga,29.3375,-64.5105,sub,turbo,clibanus,valens,amet,cupiditas,vinitor,96,222.91393322690737,61,vitium,3,2,5,false,0.22629916917740758,2020-03-31T06:39:00.033Z,"Stiedemann, Kshlerin and Harber",false
a837d81a-eb2e-46eb-9ba8-16cc455576f4,2018-12-19T19:17:11.697Z,Myrticechester,Oregon,Democratic Republic of the Congo,72.6814,-111.8241,sapiente,casus,aveho,sto,qui,vilitas,utor,86,216.8792333952663,34,deporto,1,1,3,true,0.09279257567931934,2019-12-25T18:31:27.283Z,Marvin - Schroeder,true
221f89bf-9b52-4bd4-9e63-4460f5629a7d,2025-06-10T08:02:32.796Z,Blickstad,Vermont,Yemen,63.0231,178.9681,spectaculum,administratio,venio,vere,capillus,catena,cibus,104,36.89024447644602,54,aliqua,5,1,3,true,0.052424629031009085,2021-06-16T08:14:19.928Z,Williamson Inc,false
f381a431-3235-49c3-8957-42f2596841b0,2025-10-18T20:45:10.067Z,Olathe,South Dakota,Saint Martin,-18.5138,-158.047,verumtamen,repellat,ex,acervus,subiungo,vester,comparo,52,210.34892312881553,63,sol,3,0,1,true,0.018732711873135965,2018-06-07T17:37:17.252Z,Wolf Inc,true
642753fb-e8d0-42b7-908b-541ad2c0e93b,2024-03-24T06:22:35.282Z,South Carloland,Utah,"Virgin Islands, British",-73.315,-115.2547,tardus,ipsa,esse,alo,spectaculum,cotidie,caelum,23,142.79681629581705,90,tempus,5,0,1,true,0.1513777420222333,2022-04-26T16:08:21.412Z,"Adams, Lehner and Lind",true
00bf5ac9-26ae-4385-8452-37483fc344d2,2019-05-05T07:12:24.157Z,Coachella,New Hampshire,Ghana,-4.5015,-29.5163,tabernus,color,totidem,suscipio,volva,deleo,laboriosam,33,148.65765105176416,62,comburo,6,2,4,true,0.04429053176163181,2021-02-08T21:11:22.039Z,Bailey LLC,false
4408e274-9230-4ca1-bb29-3ae8a94d1820,2023-07-15T20:36:12.087Z,Eden Prairie,Illinois,Canada,4.4446,-104.3901,capto,occaecati,delinquo,magnam,tempore,talio,curvo,42,216.3507596180453,17,recusandae,3,0,5,true,0.08273876330384272,2021-06-13T08:24:00.188Z,"Adams, Schroeder and Tillman",false
aaaf61e2-04e8-4a19-a620-ef936d924a19,2020-08-06T23:22:30.995Z,Janaland,Pennsylvania,French Guiana,38.6234,33.7541,clamo,cruciamentum,adeo,terror,stultus,vehemens,cras,27,140.51022384344554,93,derideo,6,0,3,true,0.17438090900051598,2024-04-29T00:39:19.845Z,Schowalter Group,true
b2c86689-62af-4c7d-b4f0-94f329def2c2,2019-06-09T09:01:40.286Z,Boyerstead,Nevada,Saint Pierre and Miquelon,28.3397,118.2101,supra,blandior,illum,defluo,tum,tui,sit,26,124.25474038946395,88,sollicito,2,1,4,true,0.23836747662327704,2022-06-02T13:40:58.724Z,"Reinger, Prohaska and Zboncak",false
3c5750a1-459f-4d6f-9495-2489953bbcf7,2024-11-04T01:05:11.743Z,Somerville,Mississippi,Romania,80.0514,-45.5899,vicinus,summopere,suggero,stella,spero,defluo,ab,106,161.58745393464068,51,tantillus,6,2,2,true,0.20751402832060878,2025-05-22T22:03:13.626Z,"Langworth, Goodwin and Wolf",true
1ffaaa41-d42f-4fdd-b913-6461ce871b69,2025-08-19T17:57:19.796Z,Hodkiewiczstad,Wyoming,Burundi,-19.9485,-77.1322,nihil,strenuus,esse,demoror,ocer,auctus,condico,41,170.08526766638116,98,decerno,5,2,3,false,0.09284648327660863,2021-03-20T09:45:58.411Z,Kirlin Inc,false