accident_id,incident_datetime,city,state,country,latitude,longitude,road_name,road_type,intersection_type,accident_type,weather_condition,road_condition,light_condition,speed_limit,actual_speed_kph,driver_age,driver_gender,casualties,fatalities,vehicles_involved,alcohol_influence,blood_alcohol_level,weather_reported_at,reporting_department,pedestrian_involved
65650f86-48c0-4602-9a26-6deb79035771,2023-03-05T20:05:08.569Z,Elsachester,Oklahoma,Cameroon,-70.9915,145.4843,ipsa,solutio,abutor,tabernus,conduco,vae,quia,53,221.94538737247964,74,facilis,6,0,4,false,0.17768229704426547,2025-07-16T09:51:57.265Z,"Boyer, Kuhlman and Rath",false
10e3b0c9-c0b7-4398-9e8e-3a7d9cb523fa,2019-02-07T20:13:07.187Z,Bolingbrook,Florida,Moldova,-84.4872,-147.796,aliqua,paulatim,urbanus,atavus,catena,sapiente,provident,91,90.90222719788672,88,quod,6,2,5,true,0.06615698896987027,2019-12-01T19:41:41.323Z,"Deckow, Reynolds and Farrell",false
cc31d1ac-926d-4258-a93f-f3c278416dd3,2024-02-09T10:14:57.975Z,South Claire,Missouri,Lithuania,37.4584,133.9224,adipisci,molestiae,universe,dignissimos,conatus,vorax,aegrus,46,75.13933872285436,47,ventito,2,0,1,false,0.24584654599218975,2025-11-12T03:32:32.041Z,Jenkins - Greenholt,false
3fd8c81f-058f-4812-89cd-e6ba8d490dfb,2018-02-24T04:40:59.397Z,Myrafort,Colorado,Saint Pierre and Miquelon,-6.8397,-83.0234,aro,rerum,considero,pectus,amplitudo,fugiat,ipsam,88,120.35344485423408,31,recusandae,0,1,4,true,0.11092014170865974,2020-03-10T12:55:45.698Z,"Batz, Powlowski and Dickinson",true
93858302-e05f-48a8-83f4-3884e4b7fdab,2020-04-09T15:52:41.574Z,Cieloville,Georgia,Lebanon,-63.878,73.5026,aedificium,dedecor,aliqua,benevolentia,articulus,creber,adinventitias,95,221.59627257832724,99,bibo,6,2,3,true,0.1524519363034909,2018-12-26T19:06:42.548Z,Frami Group,false
2953ff34-5029-4d55-acd3-72e693ef056f,2024-02-22T14:27:24.298Z,South Zenaport,Missouri,Sri Lanka,-60.2963,30.6529,tunc,maiores,omnis,benevolentia,adnuo,combibo,solitudo,67,119.55874572179611,39,tamdiu,1,1,1,false,0.11559040921074143,2021-12-21T02:14:09.022Z,"Schmitt, Will and Huel",true
d34d83f8-9fb2-40e4-bfe6-6fd784d45936,2024-12-26T00:13:33.010Z,Cormierfurt,Wyoming,Norfolk Island,65.6583,-69.3434,conspergo,calco,textilis,demo,bestia,ceno,animus,110,2.7945850116926607,85,repudiandae,1,1,3,true,0.12566378013998825,2025-12-22T01:17:35.041Z,Cronin LLC,true
9d20487c-a7b7-4c49-b613-fccad9297871,2019-01-02T09:07:12.552Z,Justyncester,Ohio,Saint Lucia,-34.9555,119.6148,natus,adduco,atque,appello,amissio,conculco,suscipio,64,104.85727256800962,28,ambulo,5,2,2,true,0.11913242803922625,2018-02-14T01:56:37.195Z,Wiegand Group,false
c9ab1048-8f9a-4178-a9fd-d4a6b98a788b,2022-04-23T22:20:30.917Z,Alpharetta,Arizona,French Polynesia,39.6447,-81.5046,adimpleo,vulgivagus,aro,dolor,crustulum,blandior,socius,48,30.3816070587483,27,congregatio,6,1,3,false,0.10094494523098749,2024-06-19T13:48:47.950Z,Nikolaus - Goldner,true
bfe6ce4f-ab44-4c94-93f5-99a09d72edcf,2021-08-12T13:13:58.096Z,Grand Junction,New Mexico,Democratic Republic of the Congo,-10.0453,-113.1335,vereor,comprehendo,uredo,atavus,tunc,amoveo,pel,32,38.464229954402796,33,rem,2,0,5,true,0.04215479975993314,2022-06-18T17:41:16.931Z,Hyatt Inc,true
cecd2536-4be2-4103-8025-a48fc8245a83,2024-11-04T09:26:39.458Z,Brookecester,New Hampshire,Reunion,-20.268,178.8133,charisma,decumbo,corpus,concedo,chirographum,coruscus,eos,87,121.60092528128907,92,tredecim,4,0,4,true,0.08165452651105778,2025-05-11T10:14:21.217Z,Frami and Sons,true
1e1fc337-fcc7-4a7e-9ed4-d0508246046a,2020-08-09T12:56:44.156Z,Grantstad,Nebraska,Mauritius,86.8597,-176.0257,verecundia,pariatur,inflammatio,porro,voveo,temptatio,aufero,59,36.643512744748215,96,quia,4,2,5,false,0.17055332631738016,2020-03-09T21:15:40.902Z,Franey - Abernathy,true
da80a6bc-aaa9-4ed9-adf9-ddd21326cfc8,2020-09-30T21:59:15.481Z,Port Addisonstad,Arkansas,Guinea,38.108,94.1595,comis,verto,considero,curso,thermae,cultellus,audeo,114,192.45763199986737,85,theca,5,0,2,true,0.0680896794409383,2025-07-02T06:44:21.638Z,Larkin - Gibson,false
98ab97f4-3b28-4d8e-86b3-2bda40500d8f,2019-10-01T04:45:01.038Z,New Chaz,West Virginia,Iraq,72.6604,-176.8766,damno,varius,aliqua,ultra,traho,confugo,antepono,38,155.2953436574141,48,demum,1,0,5,true,0.2192274010936623,2019-03-15T15:17:49.841Z,Gerlach - Durgan,false
32b46ecc-bd20-421d-a8c3-76098ed6538e,2019-08-26T22:13:51.820Z,Urbana,Nevada,Armenia,36.4227,-22.5234,sortitus,ambitus,denuo,absconditus,depopulo,conor,taceo,123,28.71531481020268,100,adeptio,5,1,3,true,0.22560941373365284,2025-05-28T06:13:51.127Z,Anderson LLC,true
314caefb-be3a-414e-bae0-9263ca26cd7c,2021-07-29T09:23:06.882Z,Flatleystead,Utah,Mayotte,-82.7835,-173.6664,aspernatur,amplexus,angustus,demulceo,debeo,cilicium,tenuis,60,151.5399101594981,22,at,0,0,3,true,0.16479189498269198,2024-01-24T16:23:44.933Z,"Walsh, O'Reilly and Abshire",true
0009194b-7b93-48f5-adc4-3567b81908fc,2021-07-10T00:16:06.820Z,Kyleeshire,Tennessee,Colombia,8.1913,36.426,credo,catena,xiphias,amita,absens,demoror,volaticus,57,111.25789707740232,74,admoveo,5,1,3,true,0.23802262620171624,2022-08-16T03:21:17.777Z,"Hagenes, Jacobs and Kreiger",false
33bb030d-e259-4d3b-9979-47f8a9802080,2019-02-03T23:24:09.907Z,Lakewood,West Virginia,Belize,-48.8495,-156.901,vilicus,ceno,defluo,comprehendo,desipio,accommodo,vespillo,21,237.73279630986374,34,crudelis,5,1,4,false,0.051732153395334574,2022-12-04T02:22:15.815Z,Halvorson Group,false
75ca3826-3b0e-4e8f-9edc-3d913c44bf60,2024-05-13T04:36:39.164Z,East Retha,Kentucky,Honduras,30.79,98.6551,comes,fuga,id,crustulum,arbitro,centum,sponte,63,216.99629403056554,80,arca,3,2,4,false,0.23065112488339215,2018-06-17T17:52:57.119Z,"Adams, O'Hara and Mitchell",false
20965c38-7c2c-4a69-8a1a-7b8367af5e86,2020-06-01T18:17:51.472Z,Georgeborough,Louisiana,Gambia,39.1171,128.0269,averto,caterva,deleniti,terror,aestus,synagoga,necessitatibus,124,156.11595008872308,24,cresco,1,0,4,false,0.029938009778903957,2023-12-23T23:22:05.355Z,"Ebert, Rohan and Stanton",true
d713897d-0d33-40d9-a694-a492929eecde,2024-07-05T01:18:49.262Z,Port Karl,North Carolina,Congo,9.7537,41.9979,demonstro,argumentum,angulus,velut,vestigium,callide,taedium,105,51.62122923112885,68,denuncio,5,2,3,false,0.24619597503939905,2025-01-02T22:05:39.213Z,Cole and Sons,false
b4c2c394-4725-4540-b269-17b3a9d029ce,2025-06-05T05:15:03.701Z,Glendale,Michigan,Togo,66.6379,37.1749,vilitas,aliquam,ambulo,cumque,aliquid,cena,thymbra,73,16.91085620642154,71,aeger,0,2,4,false,0.007052035924278249,2024-03-29T17:40:20.758Z,Mann - Berge,false
b3af92e5-3ce8-46c4-9aba-064a8d56d910,2022-05-01T21:16:24.060Z,North Mia,Idaho,Guyana,-58.5672,-1.9436,adinventitias,amplexus,tenax,defero,decor,urbs,vulgo,111,116.9171038680058,35,demulceo,2,2,1,false,0.1285481556281721,2022-08-05T07:10:42.433Z,"Carter, White and Marquardt",true
d67cda7a-4bed-4c4b-9f2c-2757c2859ad3,2024-10-28T06:36:15.242Z,Mertzfield,Virginia,Cook Islands,17.7717,154.1147,decumbo,antiquus,vix,arbitro,deprecator,vox,molestiae,79,115.2062803535563,39,cursim,3,2,2,true,0.24392119890331077,2020-04-14T13:12:27.633Z,Kilback and Sons,true
5cd16df2-cdb2-4d08-b14f-c0e62adb7464,2021-12-26T19:58:37.194Z,Gilroy,Iowa,Lebanon,5.11,139.537,tactus,peior,abscido,ullus,tribuo,vigor,uxor,79,57.382367375825126,71,creta,2,1,2,false,0.04386633282618985,2023-01-23T00:55:22.424Z,Cummerata Group,true
0e3a6a90-4c65-47d3-8801-2cc79eb1bf6b,2025-10-27T08:15:16.596Z,Meredithcester,North Dakota,Switzerland,-85.241,174.2777,terebro,taedium,degenero,uter,vere,thymum,suppellex,57,148.18469842294854,19,ultio,6,0,4,false,0.14094092677181716,2021-10-17T09:49:14.429Z,Waters - Strosin,false
f98ed1ee-6654-4296-adbe-43b8b8851389,2021-01-12T15:01:27.482Z,Fontana,Georgia,Cape Verde,58.5222,-114.5006,sol,fugit,careo,admoveo,vitium,pauci,derideo,113,119.08843336509408,41,voluptatum,6,1,2,true,0.060259631608819864,2024-01-02T13:54:58.104Z,Kemmer LLC,true
196b99ec-f171-475e-abd5-8d4e90fa3bdd,2020-01-06T07:44:57.448Z,East Lynnshire,Missouri,Bhutan,41.1034,-48.9425,accusantium,solvo,tredecim,armarium,cras,demum,verbera,115,41.54499656240357,29,velit,3,2,2,true,0.12374615717422213,2022-05-10T08:07:32.372Z,"Dooley, Reichel and Hagenes",false
71c6dcf9-c60e-4f2c-bf3b-969a9d418f1e,2019-10-15T18:54:20.503Z,Boulder,Michigan,Mozambique,-38.0211,97.6521,alioqui,teneo,molestiae,pax,supellex,peccatus,conor,114,38.85313444273877,24,viscus,3,0,5,false,0.14322022589907082,2025-07-18T12:05:21.566Z,Effertz LLC,false
f1501fd3-91b7-44ae-a7cb-8ce80715f939,2024-02-09T19:52:33.135Z,West Marta,Colorado,Uruguay,-55.2067,-33.306,titulus,deripio,aufero,cohibeo,tum,vacuus,ante,85,58.541429158269594,18,tui,6,0,5,false,0.12061627361796604,2023-11-23T03:40:32.286Z,"Gutmann, Kuvalis and McLaughlin",true
b273a223-bcc2-4ff2-9f0f-42fb28ee8fa6,2025-03-07T08:39:11.981Z,Berniestead,Mississippi,Nigeria,39.1535,-44.5633,coaegresco,culpa,alo,animi,conatus,clibanus,sulum,97,173.84932165893852,95,suffragium,6,1,4,true,0.13898725863037142,2023-08-17T06:39:11.618Z,"Glover, Brakus and Wintheiser",false
8f51717e-06fb-4a64-9ce8-91ff37882c27,2025-07-08T06:15:37.010Z,New Hilmastad,Minnesota,Montserrat,-65.7504,-79.25,tonsor,suspendo,nemo,curiositas,bonus,suffragium,explicabo,60,88.71555067885082,53,culpo,3,2,5,true,0.17061418772665737,2021-02-04T04:04:04.805Z,Muller Inc,false
0f76375e-7577-4d2e-b7f5-b7b44f23383c,2019-04-24T18:51:30.906Z,Itzelton,Connecticut,"Virgin Islands, British",20.0345,-28.5128,volup,et,clam,vester,suppono,repellendus,tenax,117,109.62900938170587,53,suasoria,2,2,3,false,0.21926627361275478,2021-04-28T15:37:01.882Z,Mraz - Schneider,false
b65f5562-99e3-4f13-8331-34140f3e1c82,2025-05-23T08:34:08.668Z,Casas Adobes,Wisconsin,Norfolk Island,-58.7022,-47.4425,demens,vinculum,utor,stillicidium,arcesso,voluptatem,degenero,115,12.544433425336452,19,spes,4,2,5,false,0.10091604030996687,2024-08-24T19:29:07.840Z,"Ankunding, Abbott and Greenfelder",true
e9bd2a88-7630-40df-bbfa-578bf6305bca,2021-03-08T05:06:55.721Z,Westland,Nevada,Qatar,-67.3361,38.7897,vinco,anser,voco,brevis,sponte,architecto,solium,56,201.7339323235452,58,admoneo,3,1,2,true,0.03655738740449008,2023-11-03T11:38:26.936Z,"Zboncak, Turner and Schultz",false
522d6718-f305-4d6d-940e-97b1656915fc,2020-01-20T21:57:56.535Z,West Marty,Hawaii,British Indian Ocean Territory (Chagos Archipelago),-51.8393,109.7666,administratio,deserunt,tutis,acer,allatus,depraedor,doloremque,32,177.24460347439313,66,averto,3,2,5,true,0.09977300133693867,2024-11-20T13:08:39.216Z,Auer - Hagenes,true
5fe3bee4-71e3-4ef0-a1c2-6dcbc5e4d7f1,2022-06-02T07:46:55.554Z,West Adrienneberg,South Dakota,Ghana,18.6853,-141.3745,textus,toties,colligo,tamquam,aspicio,ubi,altus,63,185.86047994977181,69,repudiandae,1,0,2,false,0.09160521307175457,2019-04-20T07:58:19.498Z,"Kemmer, Feeney and Walsh",false
ed32f693-c234-49cc-91f8-f2a7c7b7812a,2020-01-25T05:37:45.821Z,South Kaitlynhaven,Maryland,Cameroon,33.5495,-178.614,absconditus,coruscus,ulciscor,turba,absque,abbas,astrum,108,93.31048526230666,48,chirographum,0,2,5,true,0.015948869993804432,2018-07-25T09:23:43.101Z,Reinger Inc,true
9591f650-33e0-429e-b17a-977b0ea32233,2022-11-24T12:32:45.818Z,Leslycester,Kentucky,American Samoa,-44.7103,165.7777,deprimo,cubitum,candidus,tenax,beatae,aranea,reiciendis,56,200.48296136587157,82,consequatur,6,0,4,true,0.05845402226247193,2018-06-05T19:11:59.715Z,"Wilkinson, Gutmann and Mueller",true
28f7ad50-9345-41d8-a599-73b522eaef25,2019-09-30T16:17:48.879Z,Perryville,Minnesota,Egypt,33.8631,-33.0244,brevis,expedita,dolor,urbanus,earum,numquam,accusantium,52,213.50435802387972,35,creta,0,2,3,true,0.031812173859698145,2025-08-14T11:21:33.637Z,Kemmer LLC,false
1f055ee6-1197-490a-95e0-93fcb752a68c,2019-02-11T00:34:28.845Z,West Lavada,New York,Bhutan,-84.1696,35.8418,alius,benevolentia,laboriosam,vulpes,vigor,testimonium,dicta,107,32.45014691816295,74,tibi,6,0,3,false,0.05756177246873817,2022-08-14T13:47:24.138Z,"Mills, Will and Cartwright",false
2db2b401-f3bc-414f-b8bf-4803c7f45b69,2019-09-20T05:02:31.802Z,Jazminbury,Oklahoma,Wallis and Futuna,-0.7095,-166.1145,vir,defero,infit,derideo,delibero,argentum,apud,115,176.54086193972762,30,succedo,5,1,3,true,0.10227896228178199,2023-03-02T13:11:37.139Z,"Kunze, Kuhlman and Goldner",true
b37bd42a-e27e-4ae8-bc62-51a504b66b9d,2019-06-16T12:12:24.905Z,Ontario,Montana,Zimbabwe,-37.1955,101.6618,sto,vigilo,cauda,spiculum,distinctio,nisi,cado,110,183.95392573554977,21,aro,0,1,4,false,0.24920217982055978,2025-12-05T01:24:52.120Z,"Keeling, Wisoky and Kuhlman",false
2d92dedf-2c71-47b0-aef6-83acfa622622,2021-11-03T12:50:58.168Z,East Madieville,Missouri,Kuwait,-88.8136,4.8546,adsuesco,explicabo,comprehendo,amoveo,tepesco,patria,admitto,91,161.34192768420363,52,venustas,3,0,1,false,0.2008515369307265,2022-09-28T18:17:30.795Z,"Erdman, Raynor and Hilpert",true
840e8f3d-df32-4a66-a4ca-9ec02c25328b,2021-12-16T12:31:51.640Z,South Newtonstad,Indiana,Somalia,-61.9665,174.938,abbas,cilicium,curtus,amplexus,aliquam,amet,creo,67,203.945540740336,81,tempore,5,2,1,true,0.10627069853363366,2024-08-24T01:12:30.508Z,Beier Inc,true
89a31e42-c4cb-4eba-96d5-2703813342ea,2023-08-22T07:59:15.738Z,North Melisa,Texas,Dominica,37.3867,-12.1939,crastinus,conforto,sol,defendo,degenero,veritas,tredecim,108,197.81145451839598,38,alo,2,0,5,false,0.14193019589221484,2018-04-14T10:01:47.701Z,"Nitzsche, Tromp and Bechtelar",false
1f368955-30df-4e76-b22a-0854e02a3b1d,2022-08-24T01:35:43.266Z,Michellefield,Colorado,Guatemala,34.9045,-63.8718,necessitatibus,adfectus,corrigo,ascisco,fugiat,auditor,deserunt,102,195.95681630943454,61,vivo,6,0,5,false,0.011910491663072925,2018-12-11T09:18:10.881Z,Cormier - Veum,false
4d5470a3-f3d6-4adc-9f23-e18f6b10683c,2019-09-03T09:11:20.933Z,Douglascester,Georgia,Turkmenistan,-22.2882,133.1991,modi,cornu,vinum,damnatio,cerno,aer,bis,91,156.47173202117963,39,aliquam,6,2,1,false,0.18314748094164773,2020-01-30T01:32:37.775Z,Kessler - Cruickshank,true
986f5f5b-7931-4b32-aa19-28230c2f64b2,2025-03-29T18:20:46.919Z,Fort Keven,Indiana,Chad,36.2042,72.0989,crastinus,bene,accusamus,vulnus,vomer,custodia,amplexus,98,130.81654279706828,16,coruscus,4,2,2,true,0.22806170561844025,2025-01-11T16:28:28.597Z,Bailey - Olson,false
86f3aea1-a503-4fd2-8c81-171e84bb6e33,2021-01-26T13:23:53.702Z,Des Plaines,Mississippi,Qatar,3.7964,108.4477,volva,voluntarius,catena,tabella,corrigo,taedium,earum,105,65.30301425286459,51,decretum,6,1,4,false,0.16372094153354047,2020-04-09T13:33:07.763Z,Abshire - Borer,true
f99c66ed-6ebe-420a-a984-236770c2cf25,2022-12-07T16:43:43.835Z,Roseville,South Dakota,Palestine,-62.3891,-69.1483,aperio,villa,pel,vulariter,bos,correptius,adsuesco,106,22.604421230548965,47,sollers,4,0,4,false,0.0018165716029640566,2021-06-11T06:23:39.852Z,Moore - Rutherford,false
8950ed09-9ca3-47e0-a21a-fbfc41db935c,2023-05-06T21:13:35.234Z,VonRuedencester,Utah,Pakistan,-36.7396,-136.843,tabgo,aetas,denuo,velum,cinis,tempus,culpa,53,94.56997986162744,60,nemo,3,1,1,false,0.06869649289260468,2022-04-14T06:40:20.148Z,Bogan Inc,true
8179fc13-bbbb-48a3-a7a0-65ab41b4dc9e,2025-02-06T09:31:15.305Z,New Mortimerhaven,New Mexico,Luxembourg,72.8101,-76.1189,animi,terror,vilicus,facere,eius,amplitudo,quo,110,185.88073381814868,83,aliqua,3,1,1,false,0.2076940753979355,2021-02-26T06:37:49.113Z,Reilly - Wolff,false
25460679-85a1-4c8d-805a-40fa88919e48,2022-09-11T17:06:22.270Z,South Clyde,Virginia,Yemen,-14.5626,100.3532,cernuus,denuncio,administratio,fugiat,amicitia,verbum,comprehendo,23,46.54019031472024,34,apparatus,3,2,3,false,0.02301866597788202,2020-04-02T15:26:31.938Z,Fadel - Armstrong,true
2e7f7169-55c3-4051-b909-3980ac0f8ba0,2018-01-15T00:28:05.738Z,Farrellville,Arkansas,Montserrat,73.1052,-159.3426,voro,caelestis,trado,delego,utrimque,turbo,totidem,43,187.2243612906234,56,crapula,2,0,5,true,0.005563267717542758,2021-12-14T17:27:30.041Z,"Schaefer, Marquardt and Labadie",true
26805217-9386-45c5-9c97-8eb0b63c655e,2020-01-05T16:43:16.106Z,North Richland Hills,Minnesota,Bangladesh,-49.874,110.2177,corpus,pecco,vinum,adipiscor,aegre,caries,enim,106,202.56586427940243,25,vito,3,0,5,true,0.07400227504127932,2024-03-21T01:07:27.108Z,Dietrich LLC,false
ee54b097-db1a-4cc1-a1cf-1ffe26953cb5,2020-09-11T03:35:32.496Z,Franeyfield,Iowa,Burundi,20.99,-162.6275,facilis,solus,suasoria,animus,aestus,paens,corrupti,103,80.04151142123169,39,amaritudo,0,1,2,false,0.19034520136725927,2021-10-15T08:33:51.803Z,Bernhard - Hahn,true
2690dae8-d054-4041-a21c-fdd1fe85f3f2,2019-06-18T10:52:35.493Z,Anatown,Colorado,San Marino,-42.1757,-178.4192,vel,dapifer,censura,asporto,attollo,varietas,tremo,58,201.98682264378843,38,complectus,3,2,4,false,0.1917158430369374,2024-10-18T02:22:07.412Z,"Lynch, Bins and Carroll",true
f8272424-6617-4174-bce4-52bc5e1f9563,2019-01-18T14:53:37.617Z,North Destany,Nevada,Rwanda,-74.7428,132.3645,decerno,crapula,catena,ambulo,utor,perspiciatis,tredecim,96,225.93117402632504,99,laudantium,4,1,5,true,0.005795108395150128,2021-09-29T00:06:48.138Z,"Harvey, McCullough and Schuster",true
c19fcc5d-3a78-44cc-8611-c8046ccba75e,2018-08-29T00:51:51.963Z,Lake Sincere,North Dakota,Malawi,-17.9936,50.2145,umquam,credo,aro,sordeo,crastinus,canonicus,dolor,100,48.77726719485839,73,demonstro,1,1,2,true,0.1820917923065051,2022-12-06T05:53:13.167Z,Ondricka - Hartmann,false
783af33b-c01c-49d4-bfb2-a93b4ef61fe9,2018-04-22T09:56:04.416Z,Jeromyton,Montana,Netherlands,-47.9478,135.3973,condico,voluptas,caste,terga,dicta,desparatus,aperte,51,63.858208650313735,47,absconditus,5,1,3,false,0.21325128977540914,2025-02-12T09:54:06.469Z,Ondricka Inc,false
8663b634-ab2c-4346-a7db-762f54128890,2020-05-11T19:44:44.513Z,West Chaimcester,New Jersey,Timor-Leste,15.0092,32.5603,temeritas,taedium,suadeo,denego,subiungo,demitto,aequus,127,179.8617294943058,83,astrum,3,1,1,false,0.1473114883614278,2018-04-21T15:02:42.041Z,"Leffler, Lowe and Beer",true
c546ed89-17d5-4d0d-9cb1-88cb98da63e2,2022-07-10T02:58:43.663Z,Port Maevefield,Iowa,Guadeloupe,-63.9956,118.2921,utique,thema,dicta,cumque,supellex,tergum,arto,119,193.28025079557088,37,accendo,0,0,3,false,0.05062468963071079,2022-08-09T06:13:42.438Z,McClure - Goldner,false
0a1c4ee7-0652-4ab3-9783-98348bd46193,2025-02-05T11:08:09.605Z,North Giovanny,Nevada,Kazakhstan,-89.5249,2.4439,votum,adsidue,congregatio,benigne,complectus,neque,spero,127,147.11560685935774,22,utpote,1,0,3,false,0.16932583517766236,2019-03-07T13:38:49.220Z,Hackett - Renner,true
41578301-33fa-4c66-a5f7-55fd5a177f37,2019-10-02T20:03:32.458Z,Port Chadd,New Mexico,Anguilla,74.7452,-44.0332,cresco,arceo,suscipit,pecco,accendo,complectus,aveho,31,13.67929883251274,93,inventore,6,2,5,false,0.21159691447264528,2018-05-30T21:53:55.472Z,Borer - Orn,false
16a0010c-f815-49fc-8f43-6b0d92b19127,2023-04-21T03:05:42.235Z,Rapid City,Georgia,Dominican Republic,74.8417,-133.9505,colo,eius,amicitia,defleo,depopulo,arbustum,tenax,122,171.9159574541412,59,careo,2,2,4,false,0.1363048759410927,2025-11-21T01:07:38.795Z,"Connelly, Rath and Bayer",false
9ae51083-6762-4f9e-a999-241104db661c,2019-02-14T14:37:13.560Z,Jaskolskiview,Ohio,Sao Tome and Principe,6.8343,139.0039,barba,artificiose,congregatio,ulterius,magni,tempore,reiciendis,66,60.71177757461432,40,adulescens,5,1,4,false,0.12464157525970185,2023-01-09T19:28:31.191Z,"Wintheiser, Stamm and Armstrong",true
e918cd38-e04c-4c10-88e9-f48950f11963,2020-04-07T21:04:16.771Z,Abshireworth,New Mexico,Azerbaijan,35.0236,-104.7182,advoco,vulticulus,calculus,solvo,inventore,commodi,ancilla,104,126.36820692033436,35,eum,4,0,2,true,0.24207249243142717,2021-03-07T21:33:37.039Z,Schaden Inc,false
cad033c9-e020-4882-b955-6715e74e4854,2021-02-24T20:25:50.398Z,West Schuylerchester,South Dakota,Tajikistan,59.957,-92.892,veritas,stella,veniam,rerum,deporto,magni,crudelis,66,103.7808567742683,81,una,3,1,2,false,0.2136466137604739,2019-06-25T16:28:06.323Z,Barton Inc,false
2a2afc55-3116-49c5-b54a-8e06c370f81b,2025-10-09T21:06:07.852Z,Alexboro,Delaware,Georgia,-35.7783,-65.2124,repellat,vulpes,collum,calamitas,arbustum,collum,addo,79,113.33028402168276,61,caritas,1,1,4,false,0.22408758560562095,2023-12-21T03:41:02.950Z,"Bernhard, White and Runolfsdottir",false
8b1e7700-d6f6-4601-ac06-5c629dbd221a,2023-12-17T20:34:21.607Z,South Beaustad,New Hampshire,Eswatini,50.377,-19.3081,aestivus,torrens,aut,vicissitudo,vigilo,certus,delectus,101,50.388865410439834,77,ago,2,0,1,false,0.016143533941130384,2021-10-07T19:11:03.740Z,Hills and Sons,true
cf1b1ba5-6bae-4b8d-9579-9305899eed74,2018-02-05T01:40:54.902Z,Brakusland,Nebraska,Iceland,-86.3007,155.5117,sodalitas,abscido,deprecator,auditor,cito,tonsor,atrocitas,35,46.4670484208133,82,suscipit,0,2,4,false,0.20312470925192014,2021-12-14T07:12:26.308Z,Watsica - Spencer,false
9c29c305-dbc6-432f-bc7a-8904e5015162,2020-12-09T18:55:22.470Z,Schultzfurt,Iowa,Dominica,-2.7452,-62.5726,defungo,ipsam,ullam,ad,tubineus,subiungo,absens,82,195.58216304986644,48,constans,2,2,4,false,0.04284282843493234,2023-09-23T17:40:53.986Z,"Runte, Mertz and Kulas",true
75c7038e-2c08-41da-a9fb-0b2d352abac0,2022-03-05T08:13:18.427Z,Paucekfurt,Colorado,Uruguay,1.0173,9.7281,vito,thesis,demum,tum,delinquo,barba,attollo,23,175.67502197457353,61,adsuesco,6,0,2,false,0.2212260381973375,2022-05-29T20:32:46.325Z,"Feest, Moen and Kessler",true
cd66531f-b51e-44ce-98d4-66bd8a8a56a6,2021-01-19T00:37:52.774Z,Port Hudsonview,Idaho,Guinea-Bissau,77.8455,-170.1451,tabgo,apud,coaegresco,alius,reprehenderit,possimus,voluptates,110,227.57176156243787,39,blandior,1,2,4,true,0.07878614750752427,2025-04-04T13:29:04.995Z,Bednar LLC,true
951e4c91-00db-4d86-8444-f2a4f7de51be,2024-11-08T14:21:57.002Z,West Price,Missouri,North Macedonia,-62.7751,-150.2266,cupiditas,angulus,contabesco,verus,error,cupiditas,virgo,127,161.6091994480314,99,numquam,2,2,3,true,0.1281692666406908,2024-11-10T12:56:35.439Z,Stark Group,true
d719dfd6-429b-47cd-b49a-525cbd3b5df4,2019-03-30T08:52:19.271Z,Brooketown,Connecticut,Mali,25.9363,55.5588,comparo,terror,debitis,aequitas,tenuis,cavus,suus,102,182.97538688152443,28,conventus,2,2,5,false,0.1336835026177321,2023-08-27T01:14:52.521Z,"Gusikowski, Rath and Sanford",true
eac48d4f-fe05-4cc1-8ced-3fb0717e8a07,2020-08-17T17:37:06.585Z,Macon-Bibb County,New York,Bolivia,20.8518,-129.6001,credo,modi,suppono,ager,voluptatem,verbera,copia,84,197.72816097657005,84,conicio,0,1,1,true,0.19976168172885952,2024-03-19T05:33:34.329Z,Grimes - Prohaska,false
5a5f5a76-f0ef-4e26-8785-149567839dac,2025-12-01T12:26:28.091Z,North Wilbertchester,Alabama,Bangladesh,-49.619,-178.5602,studio,succurro,verto,valde,sumo,viscus,suus,50,145.76451587290757,64,calcar,1,2,4,false,0.18331703886713258,2023-11-25T11:35:43.037Z,"Erdman, Hilll and Hettinger",true
c5bdd955-27be-4d87-810c-feb13417e540,2019-01-16T23:37:38.671Z,Keenanchester,North Carolina,Vanuatu,-70.9269,113.3997,vilis,pauper,aqua,ubi,depereo,umquam,quo,63,193.55291015758638,21,sursum,4,2,4,true,0.07849588400708693,2024-06-05T02:44:57.854Z,Lebsack and Sons,true
94c97ddd-efb7-4b27-8add-981df69c6d3c,2020-06-20T00:16:19.957Z,Avondale,Massachusetts,Timor-Leste,3.5232,-58.4505,patior,arma,cras,ab,abbas,adiuvo,sumptus,106,83.3972368877092,59,accendo,5,1,2,true,0.04483106654854799,2018-11-17T14:00:32.409Z,Stanton LLC,true
0a691a29-a9a6-4283-9d56-af5938456c61,2020-04-01T22:17:56.210Z,Kiphaven,South Dakota,Uganda,-21.4416,-148.2885,barba,volo,vulnero,audio,crustulum,amet,confero,120,60.37784784927329,70,aequitas,5,1,5,true,0.1082041702731901,2024-01-20T14:15:04.608Z,Jast - Kihn,true
784fcf72-f096-4a02-a279-7e61289314c1,2019-04-21T22:33:17.836Z,West Alysonton,Mississippi,Italy,4.1691,40.2099,aperte,vitium,usus,abduco,calculus,administratio,vulariter,48,125.43432295085545,53,reiciendis,6,2,2,false,0.16679714175032007,2018-07-10T12:52:59.596Z,Kilback and Sons,true