accident_id,incident_datetime,city,state,country,latitude,longitude,road_name,road_type,intersection_type,accident_type,weather_condition,road_condition,light_condition,speed_limit,actual_speed_kph,driver_age,driver_gender,casualties,fatalities,vehicles_involved,alcohol_influence,blood_alcohol_level,weather_reported_at,reporting_department,pedestrian_involved
846fbd71-f11f-4107-a49a-22eaab1f0ba5,2020-09-24T19:30:29.812Z,Lake Kieran,Utah,Tanzania,17.1649,86.4195,sponte,amita,deludo,peior,tolero,debilito,trado,104,40.911985264757824,99,blandior,6,2,3,false,0.16813792969950644,2021-08-13T23:42:15.657Z,Hermann LLC,false
2b197519-18b2-43b3-916e-fb2517cb2a7a,2019-08-18T02:29:02.861Z,Lacey,Arkansas,Namibia,-71.7418,130.9825,textilis,cras,aspernatur,degusto,adflicto,absens,bonus,125,157.3492516008111,54,pariatur,0,1,2,true,0.21545038547547243,2020-03-18T22:23:47.806Z,Rolfson - Cassin,false
55940d9f-543e-479e-bd78-4032402658c8,2023-12-03T20:26:21.678Z,North Sofiamouth,Kansas,French Guiana,32.1287,-161.4391,vergo,correptius,umquam,tutamen,copia,reprehenderit,cumque,112,129.89843186848697,50,cometes,3,2,2,true,0.2290351583916313,2020-02-23T01:47:15.998Z,Bergnaum - Schmidt,false
2b3bc8fd-3403-4dc9-8888-bb4eaed3777c,2018-11-24T09:28:36.234Z,Dollyview,Colorado,Maldives,-69.4492,-95.0785,audax,atrox,adulescens,vado,video,amicitia,inflammatio,41,192.2897892697645,91,curis,4,0,3,true,0.0906317685978649,2019-03-14T01:04:22.835Z,Hand and Sons,true
31b3edf7-a05a-4748-bd90-d9f63ec38569,2025-09-17T20:42:30.042Z,Somerville,Arizona,Benin,57.6492,93.0898,creo,terra,cibus,modi,cursus,cimentarius,assumenda,60,127.03360430248331,20,bos,3,0,3,true,0.15793150432202982,2020-09-25T09:41:09.903Z,Corwin - Predovic,false
1843b040-c448-46aa-b59a-a407e2cd7712,2024-09-06T12:30:50.227Z,Manteca,Utah,Pakistan,39.7245,4.9673,adaugeo,cohors,carbo,ducimus,inventore,damno,vero,113,207.74435627901877,62,caterva,4,2,3,true,0.23990806540635834,2021-12-05T08:46:43.071Z,O'Conner LLC,true
27c2c7c9-d377-44fb-adc7-f8da20311d99,2023-10-20T11:19:00.697Z,Olympia,Alabama,Malta,-30.5758,25.3373,inventore,campana,somnus,abutor,ipsam,vivo,utrimque,96,59.11024469391727,32,comptus,4,0,5,true,0.18392389442048696,2019-02-12T08:33:40.601Z,Moen - Konopelski,true
a4a1b8c1-e73c-4abf-9740-12669da89a94,2022-09-08T20:05:31.336Z,Kleinberg,Michigan,Sweden,22.5531,-130.4311,collum,convoco,cunabula,quaerat,crapula,tenax,degusto,73,123.24363308319835,67,ultio,0,1,2,true,0.060844322832925346,2022-07-12T13:03:57.597Z,Cummerata - Rosenbaum,false
b265f67c-0d84-4984-95c2-39784f7b2ded,2021-05-22T13:18:08.728Z,Atlanta,Kansas,Bulgaria,29.8072,176.6461,absum,voluptatibus,sopor,absorbeo,quaerat,tenax,cur,72,233.56798025238118,73,voluptates,2,1,4,true,0.18057045410920441,2020-03-31T02:25:31.518Z,Sporer - Gerhold,true
da1f9064-ba4d-4024-9a4b-b46091029f93,2021-06-11T10:51:51.851Z,South Brielle,Connecticut,Nigeria,89.8281,27.6432,delibero,ab,strenuus,defungo,vilis,sodalitas,dapifer,88,230.86864273382034,46,validus,3,0,2,false,0.18952904086952835,2019-07-26T08:10:18.209Z,Witting - Pouros,false
47eb3634-2ac2-44f8-938b-7cb38f528f10,2023-05-13T12:22:39.888Z,North Brandyn,Louisiana,Colombia,19.8228,74.9991,arca,unde,acceptus,expedita,amplexus,cometes,considero,53,140.36944072275816,52,laborum,5,0,2,true,0.03146923124885892,2023-06-27T15:32:00.158Z,Hessel Inc,true
08ecc190-d34e-43db-a608-1109b61858e0,2022-09-01T13:44:40.857Z,Feeneyberg,Maine,Sweden,-65.9378,-76.9591,capitulus,circumvenio,illo,tutamen,alienus,turba,temeritas,112,224.70196708960265,41,accendo,2,2,5,true,0.03875062057942144,2023-02-06T18:37:16.270Z,"Stokes, Daugherty and Stark",true
7c2164c4-5af8-4a95-b3a7-35fc15a8d2bc,2022-03-24T23:28:34.840Z,DeSoto,Alabama,Aruba,-2.7386,-46.8963,repellat,tum,articulus,tamdiu,creta,careo,deripio,91,201.6974991966966,38,absum,3,1,4,false,0.034488588857856495,2025-07-20T03:04:53.206Z,Deckow - Halvorson,false
40c66071-710b-4bb5-8177-ec39c775e2a3,2024-08-21T18:29:17.199Z,Noemiton,Pennsylvania,Cuba,-80.4136,57.2762,carcer,calamitas,terror,vix,delinquo,tendo,civis,115,56.400219400377836,42,auctus,2,0,1,false,0.00868121418509582,2021-08-11T08:22:08.650Z,Franey - Considine,true
96d87518-f524-4439-b05c-cd37d9b353f6,2020-10-22T07:49:47.325Z,Cristalfield,Colorado,Thailand,24.5399,67.343,delicate,et,statim,copiose,correptius,caveo,thalassinus,102,169.3785888903487,66,suscipio,0,2,2,true,0.16920456492078123,2021-07-09T11:07:59.201Z,Schumm - Predovic,false
b72aa02b-b69a-4131-9bae-5875ed941566,2019-11-26T11:39:22.793Z,Westmouth,Idaho,Armenia,-21.1547,-47.4199,contra,vesica,debitis,sub,stips,quam,vomito,53,101.0763367214353,78,voluptas,4,1,5,false,0.006268297307828408,2023-05-23T18:08:47.129Z,Hackett - Jones,true
dd7ded46-7a92-4ab4-8cb9-f542ac3d5029,2025-09-28T06:10:12.941Z,South Lorenstead,Nebraska,Maldives,79.5511,-104.8134,cometes,quasi,articulus,tabella,cibo,coerceo,candidus,120,106.50993514518579,82,causa,6,2,2,false,0.20249626002692547,2025-10-20T19:48:45.265Z,"Ullrich, Kuhlman and O'Reilly",true
dab51862-ad8d-442b-b327-24b6cff3b26e,2023-09-13T16:38:31.257Z,Port Angelita,Mississippi,Turkmenistan,-64.5476,33.6104,victoria,appositus,desino,titulus,depopulo,libero,vinculum,78,110.34963365514446,54,sumptus,4,1,5,true,0.07865398671229934,2024-01-02T19:29:44.608Z,"Champlin, Hudson and Berge",false
62d47018-5e46-44e5-bdc8-50a5342cc3d7,2024-01-01T21:07:17.293Z,Janessamouth,Wisconsin,Turkmenistan,67.6242,64.0797,una,ager,subiungo,concido,viridis,creator,terebro,47,214.20713454005187,50,cohors,5,1,4,false,0.16967202174061619,2022-08-29T03:07:57.154Z,"Gutkowski, Cartwright and Erdman",false
55276879-ccff-492d-a198-1ad9309be2ed,2018-05-20T09:54:20.365Z,Waukesha,Maryland,Monaco,16.2411,-44.1473,qui,victoria,vel,clarus,addo,crepusculum,autem,125,54.74743097200788,54,tremo,5,0,2,true,0.09780473710274071,2020-11-07T13:49:12.074Z,"Hoeger, Hudson and Mante",true
8c221f8c-df77-4b9c-98ef-6cd260109fbb,2020-02-08T10:28:13.296Z,Vallejo,Kentucky,Senegal,-63.5826,59.8131,caritas,uxor,aliquid,auctus,atrox,cribro,debitis,37,49.04166085627079,95,impedit,4,1,5,false,0.02318426444881705,2019-04-08T02:15:27.347Z,"Wehner, Price and Carroll",true
2de52ebc-4d97-4ba8-a4ab-0da5aea938ca,2022-05-30T15:59:00.035Z,Vallejo,Texas,Libyan Arab Jamahiriya,-70.6681,84.2453,advoco,colligo,verto,coaegresco,vomito,defessus,vestigium,103,235.82508230228004,53,angustus,0,2,3,true,0.06514765447938956,2025-04-07T13:30:20.110Z,"Osinski, Renner and Romaguera",true
48f88354-27e5-44a0-a4f1-5a7903987b3e,2024-10-06T01:01:18.109Z,East Waylonville,New Mexico,Central African Republic,-60.1071,45.6816,arma,coaegresco,desidero,considero,denique,auctus,vilicus,64,52.334571082498684,27,voveo,1,0,2,true,0.02377804086496721,2021-11-25T23:56:44.119Z,Sanford LLC,true
f9e02eff-2303-4292-8a95-465dff52680e,2022-12-23T15:55:41.798Z,Lake Bethel,Indiana,Micronesia,-22.315,89.5825,tego,adaugeo,acidus,spes,thermae,degero,conculco,128,90.22892328589067,100,depulso,5,2,1,false,0.05659807303010861,2019-10-06T07:49:04.269Z,"Padberg, Rempel and Murray",false
98163cac-b6c8-4a1b-af8d-971e8c7b6e7e,2023-04-03T23:29:12.794Z,St. Peters,Washington,Mozambique,68.5515,133.1967,damnatio,consequatur,confugo,arceo,theca,est,iure,79,160.1811894320243,56,voluptates,1,2,5,true,0.14513688103686379,2024-08-27T14:20:49.046Z,Fisher Inc,true
6ff329ea-740e-43eb-988c-dcef7148c0fa,2023-08-04T17:14:04.028Z,Towson,Mississippi,Mexico,-17.1268,38.3787,tergiversatio,accommodo,a,civitas,taceo,versus,sodalitas,52,133.95153757786255,90,cura,2,0,1,false,0.03751110600740512,2018-07-20T01:51:46.770Z,Schaden - Nikolaus,true
95540718-5801-41c6-8c59-066e53938e1d,2020-07-24T18:58:06.580Z,Breanaport,Virginia,Belize,22.8932,71.3439,quae,suppono,cimentarius,casus,atrocitas,libero,cuius,72,173.42020915682417,53,appositus,0,1,2,true,0.06880724381156389,2023-10-03T15:21:16.175Z,Green - Hodkiewicz,false
9c35d46e-c8c4-4f23-a0dc-e833677b7457,2019-01-10T14:45:22.207Z,Strackeburgh,Wyoming,Cote d'Ivoire,36.6425,-42.646,baiulus,substantia,aestivus,verto,temperantia,velociter,viriliter,35,178.17468934997626,20,tondeo,1,1,3,true,0.10343955250327944,2022-01-21T07:27:01.607Z,"Kub, Dickens and Stanton",false
6dd9edc2-cae3-42d4-84b9-992648260ec5,2020-06-10T10:48:21.244Z,East Fiona,Minnesota,Central African Republic,-73.0209,-99.5974,sunt,summopere,natus,quia,inflammatio,curvo,decens,26,27.70228093537102,30,adsidue,4,2,3,true,0.032827002746554895,2022-01-02T14:53:10.938Z,"Anderson, Kilback and Pagac",true
3f4186e4-cb21-4524-bbdd-581680f2a484,2022-10-22T21:42:13.494Z,North Kaseyburgh,Texas,Sint Maarten,32.9312,-57.7792,constans,suus,conculco,curo,copiose,auctus,capillus,105,197.74023713109418,97,aptus,0,2,1,false,0.24753039739224977,2022-06-20T15:03:22.659Z,Parker - Reilly,false
d028ed04-8213-4ac4-a5c7-3b3d25ab2057,2019-05-18T06:56:43.239Z,Lake Althea,Maine,Montserrat,-49.222,-117.2546,vilicus,ater,vulgivagus,thorax,maiores,adfero,solus,48,39.3560376177934,34,asper,6,0,3,false,0.2234262601347661,2024-11-04T14:43:52.072Z,"Hills, Kuhn and Mills",true
5df87980-8b51-4f1c-ba2c-26879b1943eb,2021-03-04T02:49:04.233Z,Kailynland,New Mexico,Greece,-23.4332,55.801,crustulum,theatrum,tutamen,decretum,calco,rem,quasi,88,3.819458310865551,24,tenus,1,2,5,true,0.08752680588346123,2025-05-08T12:54:09.324Z,Abshire - Keebler,false
c3eb59f9-583d-4e1b-9fc9-176c10d4ee82,2022-03-15T13:41:39.707Z,West Erynfort,Hawaii,Pakistan,53.1389,88.649,somnus,ago,tristis,cornu,eius,triduana,celo,53,50.14380588445766,74,defessus,1,2,1,true,0.00788111766652519,2021-12-23T00:07:04.408Z,Schamberger - Upton,false
32fa0826-0f08-4a62-adc2-2872de72f182,2021-11-06T17:33:44.511Z,Cleveland,Wyoming,Dominica,-42.1006,138.4488,aegrotatio,venia,argentum,demoror,contra,titulus,repudiandae,74,11.63630383508016,89,comminor,4,1,4,true,0.12422880739868497,2020-12-25T04:07:08.345Z,Metz LLC,true
90c184df-e20b-4efd-bc4c-c662556379d8,2020-03-29T17:50:00.672Z,West Oran,Massachusetts,Comoros,29.4426,-139.457,bardus,nihil,vulticulus,auxilium,admitto,vomer,carpo,128,128.38647160149355,51,comitatus,0,1,1,false,0.1407721703074188,2022-05-30T13:43:22.856Z,Ledner Inc,true
5b4a262a-bffd-4ed6-b92f-07bd16d47ca9,2023-01-18T19:46:02.659Z,East Horaciotown,Iowa,Cambodia,-46.4595,-107.8084,casus,templum,tendo,collum,aegrotatio,commemoro,aperte,129,113.29855661311201,84,suppellex,3,1,3,false,0.22166168880021245,2021-10-25T00:22:07.618Z,"Kling, Fadel and Mills",true
facb9dbd-622b-4b70-8e60-fbe429c07f61,2018-05-18T16:13:50.686Z,Rubyton,Kansas,Montenegro,-85.6021,21.6093,eaque,verumtamen,compello,certe,bibo,deleo,demum,67,229.55250389754792,66,sperno,4,0,5,false,0.016422135909649554,2025-11-04T20:30:46.593Z,"Koch, Runolfsson and Hackett",true
8c7bc7ff-9b5a-45c4-aa04-36d67e13b1bd,2024-01-25T13:35:51.244Z,Adamston,New Mexico,United Kingdom,6.0844,-159.0107,suasoria,qui,aestas,sequi,conitor,color,sapiente,104,135.5069323644974,92,iste,1,1,1,true,0.05528140295953521,2022-01-19T13:22:58.586Z,Wolff LLC,false
53fe8813-2a83-4008-8a39-ef8d4b87cce6,2018-07-17T14:27:10.875Z,St. Paul,Tennessee,Serbia,-44.924,-89.3967,clibanus,summa,cursim,uterque,tego,utroque,articulus,64,47.056908379002834,74,clarus,2,2,1,true,0.04683955066248385,2018-06-01T00:01:34.063Z,"Bechtelar, Homenick and Upton",false
fef72c25-2fcc-4345-9797-3407a3df39b6,2022-10-19T17:22:18.602Z,Lake Deontaeberg,Maryland,Palestine,44.7333,173.0891,assentator,trucido,iste,amitto,denego,laboriosam,benigne,50,27.08201479797763,66,arca,5,2,1,true,0.10370240259314054,2019-09-02T04:34:50.064Z,Bartoletti LLC,false
46831ee5-09e7-4a99-b311-cc5886041724,2018-03-08T03:42:22.296Z,Volkmanfurt,Montana,Chad,-21.6528,73.3507,incidunt,caecus,consequatur,chirographum,curia,coaegresco,tredecim,32,160.73004559722364,56,tibi,0,1,2,false,0.0732600590216026,2021-09-06T03:02:57.256Z,Kuvalis Group,false
38a3d314-401c-4991-9a08-86a68b5fa929,2018-06-05T10:03:50.552Z,North Delta,New Mexico,Honduras,-2.0899,-42.9142,decor,comptus,textor,correptius,vobis,conspergo,auditor,103,145.3886337512441,92,abbas,6,2,5,true,0.10740261908336521,2020-06-29T04:04:03.996Z,"Crist, Kuhic and Cronin",true
a4fa89cb-d793-4881-b9ae-0e1d6f1a19ba,2018-03-21T07:23:59.869Z,West Amos,New Mexico,New Caledonia,11.2129,99.7847,cohaero,ab,volup,atqui,dolorem,cultellus,talus,51,142.0226970042066,24,vestrum,4,2,1,false,0.0259236225195619,2019-07-27T20:19:06.286Z,Koepp LLC,false
59220e3c-3505-4834-9464-339da701084f,2019-10-21T04:47:50.500Z,West Mckenziefield,Mississippi,Aruba,86.7746,116.0242,ambitus,alioqui,accedo,pecto,terra,aspicio,minus,43,11.063325520240044,17,quod,1,1,3,false,0.19964086973117193,2021-01-10T18:58:54.790Z,Prohaska LLC,true
d22384cd-351f-4526-b777-118e712ba857,2025-02-17T14:51:04.993Z,St. Louis,Louisiana,Togo,58.3931,77.7309,veniam,studio,crudelis,tandem,carmen,thesaurus,copia,31,112.04695690633844,61,surgo,3,1,3,false,0.19708053098715272,2022-06-06T02:25:20.878Z,"Grady, Haag and Hartmann",true
6f3d91c3-9070-4c6a-b82b-ba44c4419097,2025-07-01T08:48:21.110Z,Dorischester,West Virginia,Mali,73.5581,-129.988,tametsi,tergiversatio,decretum,veritatis,defessus,sollers,cognomen,127,76.2976364833332,37,arcesso,6,2,2,false,0.05043444009855197,2020-08-09T14:06:32.947Z,Ferry - Kuvalis,true
4eeed743-0d20-4f82-96f1-4f81e8a86c1a,2024-01-18T05:56:52.033Z,Amaliahaven,Connecticut,Botswana,69.4764,158.1013,ipsam,aliquid,coepi,cimentarius,umerus,pel,solus,56,82.63398580310322,80,curtus,0,1,5,true,0.06259383455893738,2020-03-31T16:44:16.822Z,"Ryan, Kihn and Jacobi",false
dea20cba-48b3-4044-8c23-67160b3fde54,2020-04-21T19:01:12.304Z,Fort Ari,New Jersey,Republic of Korea,-48.2515,48.9308,sapiente,trans,suscipit,distinctio,balbus,chirographum,doloremque,30,81.53322948802398,30,arguo,3,1,4,false,0.08396221389457478,2023-09-23T14:00:56.494Z,"Romaguera, Walsh and Miller",false
31720273-894b-4808-b4e0-4731942e506c,2023-10-31T23:18:47.271Z,New Tracyborough,Utah,Azerbaijan,63.5621,-8.903,acquiro,audax,creta,vox,adduco,super,delicate,60,68.4314761189166,29,contigo,1,2,1,true,0.11226530862633421,2024-10-17T23:02:33.687Z,Smith - Bednar,true
333d8e43-665a-4864-ba6f-e4cc36c7b7d4,2020-05-15T14:13:11.008Z,Fort Jadon,Idaho,Madagascar,-77.8283,53.9208,vomer,tergo,comedo,baiulus,totus,confero,pecto,21,112.4503246996595,85,capitulus,0,1,4,true,0.07929646798129203,2023-12-25T08:01:06.460Z,Boyer - Pouros,false
12f1b40b-8a17-4725-b33f-477ee09f8f1d,2021-10-13T16:24:28.674Z,Warwick,South Dakota,Gabon,89.0769,83.2913,cribro,vita,tremo,corona,amita,adstringo,solus,119,181.82140261974806,21,suus,3,0,1,false,0.15298788240304478,2020-03-20T15:35:42.795Z,Wuckert Group,false
83da7076-6a0e-4307-993d-536133bc439c,2025-04-29T14:03:54.321Z,New Orleans,Maine,Jamaica,-32.7343,-99.1358,cruentus,calamitas,teneo,ter,sapiente,vitiosus,doloribus,93,23.46424479527581,42,deputo,0,1,3,false,0.11781393327551906,2024-04-13T17:56:26.234Z,Labadie - Blanda,true
8291c2db-a2ab-4e9f-b8ea-d3768e98a2be,2022-11-05T19:16:29.586Z,Morgan Hill,Maryland,Mauritania,76.4473,-122.9249,adulescens,aspicio,velociter,tolero,contabesco,arbustum,exercitationem,64,17.569238333875717,39,color,1,1,5,false,0.10740323914857627,2019-11-03T03:49:50.326Z,Kreiger Inc,false
00bad749-5a0f-47b2-9299-df1bfe18facc,2025-11-06T09:24:02.186Z,Baileeton,Idaho,Mexico,-39.5057,-13.853,tredecim,solitudo,atrox,patria,alter,taedium,vilitas,114,161.68738579618122,56,crudelis,3,0,5,false,0.04117627630572615,2025-01-04T04:08:50.684Z,Walsh - Nikolaus,true
2f27f12e-652d-4ba6-9aa9-675c24cf93f2,2023-11-04T12:39:29.533Z,Sioux City,Massachusetts,French Guiana,27.8066,-127.3207,odio,suppellex,cena,terror,apud,eveniet,suggero,102,117.8078542481527,76,aut,0,2,5,true,0.2071342988002736,2025-12-29T22:51:08.493Z,"Abbott, Homenick and Boehm",false
58dff0d8-538d-4af9-939c-9e659a5e6fcc,2025-01-21T07:09:29.632Z,Hoover,Rhode Island,Honduras,-65.5449,-117.6005,aveho,cupio,debitis,absconditus,soluta,tres,voluntarius,109,138.59880184922918,62,vilis,4,2,3,false,0.16456455841359283,2024-01-14T13:25:17.883Z,"Heller, Will and Quigley",false
7a4722b4-ce9f-4e56-a49c-9e370b2182f9,2024-01-20T18:04:42.656Z,East Virgieside,Illinois,Saudi Arabia,81.2511,-28.9766,somniculosus,rerum,carcer,demoror,adficio,tricesimus,aeger,115,166.83795599936565,20,adsidue,2,2,2,true,0.07866203082185452,2025-07-08T02:46:43.656Z,Reinger - Crist,false
da29674e-9873-4960-84e6-3ae9339b77aa,2020-12-16T01:52:30.463Z,Runtehaven,New York,Tokelau,-0.5767,54.1573,derelinquo,cilicium,absque,curo,averto,sursum,appositus,122,166.14968764867442,79,decens,4,0,2,false,0.18617902854029653,2019-12-16T04:47:54.663Z,Heaney LLC,false
7ca1526f-4bee-42dc-8398-c38eb90cdd3e,2025-07-24T03:34:20.759Z,Sandy,Michigan,Kenya,-40.1602,6.5365,combibo,demum,stillicidium,vergo,clibanus,ademptio,nisi,119,169.69278554913728,91,cornu,4,2,4,false,0.18956611352444286,2024-05-05T05:53:05.996Z,Koelpin Inc,true
757086d2-b712-49be-b3a1-77e66a055cfd,2024-03-22T00:06:20.229Z,West Cliftonmouth,Montana,Mali,72.9788,-88.3925,denego,apostolus,color,utpote,acerbitas,cursim,curis,115,233.93730977501517,89,casso,2,1,3,true,0.1763234883499032,2023-12-06T16:00:54.180Z,"Bergnaum, Hansen and Schultz",false
46b222eb-4b3d-4c60-bebf-bf880ca45953,2018-08-29T10:22:14.349Z,Gretchenhaven,Utah,Tajikistan,78.7444,70.3237,ex,paens,candidus,aegre,utilis,baiulus,conservo,110,31.63264811221449,47,tempus,0,2,3,true,0.1340785934783746,2019-02-14T13:36:20.527Z,Auer Group,false
a2adae0e-79c5-4a78-8d45-33c9a08d71e9,2020-08-15T06:15:02.491Z,Lake Cora,Utah,Macao,-88.2358,-8.3135,demoror,sint,absens,crinis,conspergo,teneo,cohaero,119,135.34587589347578,74,stabilis,5,0,5,false,0.10640160377505875,2023-08-12T21:50:57.040Z,Olson - Witting,true
5cebee49-a515-41ae-8eca-6c937843a910,2022-08-18T16:38:11.017Z,Nicolasburgh,Illinois,Luxembourg,65.5174,-113.1211,certe,aeger,quod,creo,cervus,crux,curso,22,176.73548089850863,47,curatio,3,2,1,false,0.15513483109525353,2019-11-06T02:18:08.332Z,Reinger - Rolfson,false
86a62a0b-5d55-45b5-a8d0-b80132cca3ce,2024-06-11T06:28:55.439Z,Lolaview,Connecticut,Heard Island and McDonald Islands,-50.6748,36.0988,ventito,talis,traho,arcus,cogito,curtus,vitium,127,142.96315545004325,18,speculum,4,0,1,true,0.1875757028293005,2022-09-11T09:37:48.150Z,Gutkowski LLC,true
6291485b-89d4-400b-8946-ec1b24def51b,2020-01-12T17:13:53.463Z,Aufderharview,Oregon,Panama,14.7752,-50.6187,varietas,rem,sonitus,numquam,apparatus,victoria,decipio,55,129.9334617657373,86,curtus,1,1,2,true,0.21414405312432402,2019-03-02T17:58:20.773Z,"Cartwright, Brown and Walter",true
4876aec0-3957-4b8d-b31e-52bad6b66955,2021-02-02T07:29:42.017Z,Sallyburgh,Rhode Island,Georgia,-35.1432,-51.277,clam,sordeo,cometes,vulnero,cultellus,ex,audax,36,190.8064525203005,65,solus,2,2,3,false,0.1195587074417987,2023-05-29T13:27:11.516Z,Howell - Langosh,true
9239f5a0-516a-4814-ba67-dd1135b4bec8,2023-02-23T17:08:38.161Z,Morissetteside,Louisiana,Cyprus,-74.5135,-63.7824,iure,tergeo,suffoco,vomito,textus,cometes,condico,80,201.62302189509387,79,sustineo,4,1,1,true,0.04630469148858174,2023-10-29T19:03:19.028Z,Shields - Hilpert,false
bb0dd3f1-b09a-4d26-8171-504fe75846c1,2019-11-19T20:39:08.059Z,Antioch,Illinois,Mexico,65.6288,6.067,vulnero,vitiosus,vilis,deludo,accommodo,comparo,ipsam,31,115.13015002738,56,calco,4,0,2,true,0.013240068490007362,2019-03-05T10:23:49.894Z,Rath - McCullough,false
47a3d675-9513-4c45-9f63-6c72db5191ca,2018-06-13T10:35:04.319Z,South Andytown,South Dakota,French Guiana,24.9777,57.4774,arcus,tersus,aliquid,comitatus,dolorem,sordeo,dapifer,38,125.8135215233557,35,neque,0,2,1,true,0.13104467726275648,2023-07-19T11:31:34.688Z,"Windler, Corwin and Hahn",false
4f90ae62-15ec-4432-97a1-8a5d24e2b145,2018-07-27T00:54:46.643Z,Minneapolis,Nevada,Djibouti,11.1919,95.9691,aperio,tamdiu,laborum,varius,delicate,surculus,surculus,97,55.137321274940604,84,turba,4,0,2,false,0.2112901751182048,2018-05-25T05:21:56.535Z,Schmeler Group,true
ce56e4f2-65ae-4126-8cf4-d29250fafc8d,2020-07-23T23:06:12.411Z,Johnsonberg,Minnesota,Luxembourg,87.7187,-74.9752,velut,decimus,carmen,studio,quos,adsidue,thema,58,213.21157049735532,30,conor,0,1,5,true,0.20408898638286999,2024-12-16T21:30:04.567Z,Fahey LLC,false
b9ce9fca-a837-404c-89a2-ed77f2bca072,2024-11-14T10:18:53.471Z,East Arianefield,Massachusetts,Seychelles,5.0041,-63.4877,carmen,apparatus,catena,vulnus,cenaculum,terror,alter,93,67.84675896870975,27,attonbitus,6,2,3,true,0.048944015666043394,2025-03-13T07:30:25.180Z,Gutmann - Hoeger,true
bf3639b2-2884-40ff-94a8-1068bdc897ca,2024-02-23T03:42:15.066Z,Caldwell,Tennessee,Holy See (Vatican City State),-49.9974,126.9748,verumtamen,tergo,apparatus,deprimo,pax,baiulus,textilis,106,66.34679929833379,87,triumphus,4,0,2,true,0.2443983752478435,2022-04-22T10:54:58.918Z,Roob - Kozey,true
874f58f8-f786-4990-844b-cefa070e3367,2019-07-01T14:37:54.804Z,West Sedrickfield,South Carolina,Belize,9.2172,41.1742,benevolentia,bibo,conicio,fuga,creator,basium,tot,45,140.8194017822504,41,pariatur,6,1,1,false,0.009054550404230699,2025-09-29T02:45:16.271Z,Vandervort - Mante,false
09c98790-1668-49f3-8603-84a7a6a6ce40,2020-07-11T02:41:14.956Z,North Maxie,Wisconsin,Heard Island and McDonald Islands,-63.804,-78.2478,conspergo,vito,placeat,voluntarius,convoco,veritatis,ipsam,83,160.83157207224824,89,solvo,1,2,3,true,0.006298089996679551,2018-03-21T19:43:10.546Z,"Mante, Wisozk and Dietrich",false
c7109519-498d-43d8-a1b5-6c9b528007d9,2019-11-18T22:16:55.823Z,East Earnestine,Louisiana,Eritrea,-3.8718,-52.8369,quidem,vereor,strues,catena,amor,paens,temperantia,48,19.93566385382107,76,numquam,0,1,4,true,0.000265925968239461,2018-02-28T11:08:29.119Z,Thompson - Emmerich,true
5db93c9e-e430-4602-afc7-369e7c811e87,2019-01-15T15:50:03.533Z,Schusterside,Connecticut,Zimbabwe,43.4432,108.8434,apostolus,odit,tutis,tempus,demitto,comitatus,aliquam,105,177.08005195956167,61,compono,0,1,4,true,0.06896619012446051,2019-09-28T15:20:18.772Z,Lowe and Sons,false
2630c608-a612-45d9-9614-d60e6f858768,2020-03-09T13:04:36.078Z,New Abelmouth,North Dakota,Turkey,88.685,166.5942,animus,cedo,conitor,sollicito,celo,talio,amoveo,123,38.17336840446889,89,ulterius,1,1,4,false,0.1943978890759927,2019-02-02T00:21:07.551Z,"Klein, Stiedemann and Gusikowski",true
9e8d0dde-f485-46b1-91d2-0816c84620ca,2025-10-11T18:06:26.194Z,Beverlystad,Nebraska,Puerto Rico,-59.8813,-112.1117,aptus,custodia,tamdiu,sono,demum,aegrotatio,spiculum,102,176.89704292916915,45,adsum,0,2,5,false,0.18591855971993168,2025-07-25T00:05:59.730Z,Armstrong Group,false
7d9f3827-f2f8-40c1-a5c6-a7b5adc45408,2020-08-21T01:50:53.093Z,Appleton,Montana,Togo,82.61,-93.4701,culpo,tendo,quae,sopor,cetera,suscipio,concido,72,47.98914288541155,29,conventus,5,1,2,false,0.1764377721205199,2020-03-05T02:54:42.454Z,Hirthe - Schoen,true
3a9629a2-e1ae-405c-8245-99c63299b4a5,2019-01-07T08:28:10.814Z,Emmerichmouth,Massachusetts,Singapore,29.2224,-117.2149,ab,tollo,casus,ademptio,tener,apud,degero,57,220.72930934892005,22,cruentus,2,1,1,false,0.05385820020858259,2024-04-06T01:52:44.842Z,"Fahey, Spencer and Sawayn",true
0a289952-0553-4df5-a949-be54fd5da53c,2020-12-06T13:15:01.407Z,North Arlieview,Wisconsin,Bangladesh,32.2334,124.413,appono,ipsa,terror,ustilo,deputo,supellex,dolores,61,11.179153284258554,51,tolero,0,0,1,false,0.12139995922397634,2025-05-24T07:32:26.367Z,"Considine, Collier and Hayes",true
a66de89a-3ba1-43ce-bc1b-fcd19b631413,2024-09-23T17:21:02.086Z,Franklin,North Dakota,Saint Pierre and Miquelon,24.4718,148.8827,creta,thesis,solutio,tricesimus,comitatus,depono,blanditiis,47,26.900244998469056,34,tendo,6,0,5,false,0.17431507860948442,2022-06-25T16:27:27.864Z,Boyle LLC,true