accident_id,incident_datetime,city,state,country,latitude,longitude,road_name,road_type,intersection_type,accident_type,weather_condition,road_condition,light_condition,speed_limit,actual_speed_kph,driver_age,driver_gender,casualties,fatalities,vehicles_involved,alcohol_influence,blood_alcohol_level,weather_reported_at,reporting_department,pedestrian_involved
9103d8de-c2ee-4e62-b541-09f61da3afd2,2020-12-28T17:50:41.263Z,Fort Nils,Illinois,Trinidad and Tobago,-72.248,-157.1595,demo,tripudio,ad,cilicium,apostolus,trepide,stultus,111,130.44378772110625,69,infit,2,0,2,true,0.1392458416324572,2025-11-11T22:02:23.484Z,"Senger, Predovic and Padberg",true
889c19ce-f47c-437a-be7a-b749d8e5916c,2019-03-03T00:01:47.447Z,Keelingshire,West Virginia,Germany,52.1551,-31.4195,strues,despecto,cibo,adflicto,testimonium,culpo,viscus,22,45.73122433028743,17,conturbo,3,0,3,false,0.037767718696347874,2018-04-28T19:03:20.364Z,Veum Group,true
d4e592e8-7edc-48cb-9f5d-8345fd316769,2023-08-24T17:58:05.669Z,Suzanneshire,Illinois,Guinea-Bissau,43.6189,-6.6428,volubilis,vorax,verus,cariosus,ara,alo,communis,40,135.94180673653315,30,animi,6,0,4,false,0.23218711665979938,2020-07-13T03:34:25.826Z,"Flatley, Gutmann and Nolan",true
87415ee0-0dd6-44d2-bf62-5f2feb179cfc,2021-04-22T11:04:29.127Z,Newark,Texas,Grenada,32.5279,-59.7404,tero,suus,aranea,ipsa,uter,consuasor,callide,66,111.18222208086335,33,magnam,1,2,4,false,0.2099455973774627,2018-12-20T05:06:36.363Z,Bergstrom - Beahan,false
5aa70368-bf09-4a94-b21c-f0153fa1a519,2022-01-02T22:28:08.229Z,Perris,Iowa,Japan,-44.6288,-89.4803,derelinquo,reiciendis,vehemens,dignissimos,capitulus,thorax,canto,84,16.176120831575815,62,abutor,2,2,5,false,0.12076087309439609,2025-05-28T07:13:59.397Z,Kautzer - Wilderman,false
7c3627d9-316f-4622-be91-c28eb0c29980,2018-02-14T00:13:53.393Z,East Courtneyhaven,South Dakota,French Southern Territories,87.0816,128.702,unde,fugiat,umerus,trucido,antiquus,villa,volubilis,37,221.69838789156128,92,circumvenio,0,1,3,true,0.05038646618916767,2022-09-29T17:08:14.810Z,"Blanda, McLaughlin and Dickens",true
1e7ff3e9-6185-4286-8f09-b37f996e3181,2018-05-25T11:39:34.328Z,North Rooseveltview,North Dakota,Guatemala,-44.8384,-63.8458,assumenda,capillus,adduco,blandior,nihil,confugo,cursim,102,231.12669031961826,68,damno,6,2,2,false,0.18662977681836262,2024-11-22T02:50:12.362Z,Williamson - Nitzsche,true
e36dc302-d480-43ec-9e6c-2b2138d64ad5,2018-05-14T09:09:13.469Z,Schinnertown,Georgia,Saint Helena,-33.6133,-41.434,venio,apto,deinde,arca,tolero,vulariter,aequitas,119,110.36918882187683,40,aperio,5,1,5,false,0.16168524335575205,2025-10-02T21:38:21.814Z,Nicolas and Sons,false
62daee02-2f48-4f6d-872e-66108ad86530,2022-04-27T16:57:37.975Z,Kuhnchester,Florida,Namibia,-56.7315,-111.4396,solus,contabesco,sum,acerbitas,templum,alo,audeo,126,156.18136129928237,84,unde,0,0,2,true,0.012032778948893957,2021-12-24T01:42:15.676Z,Beatty Group,true
d2787dc3-36d7-452d-b284-78ef59f7a5f1,2020-03-24T11:41:59.440Z,Charlotte,New York,Switzerland,2.0862,12.6454,caecus,impedit,umbra,tollo,arca,quia,teneo,31,104.5432024794736,38,deleo,2,2,2,true,0.008640368971603918,2019-03-28T11:28:02.085Z,Weber Group,false
df58b39d-3cc7-4f0f-998e-908a32f4b0e3,2025-09-28T20:27:47.274Z,Port Dax,Pennsylvania,Taiwan,-69.848,-59.1459,somniculosus,spoliatio,turba,cursus,adsum,cohors,cruciamentum,103,148.4215007581189,100,cursus,5,1,3,false,0.03417755249902735,2019-05-06T09:42:44.029Z,"Barton, Rolfson and Cremin",false
d8a7189a-e396-494a-a230-85dcd080fab9,2021-03-28T19:07:48.837Z,Steuberberg,Hawaii,Sweden,-2.5381,-124.6717,cilicium,utor,desidero,callide,vicinus,argumentum,cupio,68,136.04199986803556,59,tutis,0,0,5,false,0.12298968433628724,2022-11-03T05:50:41.908Z,"Doyle, Kihn and Dooley",false
fc160742-2ce1-43b3-840b-2b3d617669ac,2023-07-17T18:33:48.755Z,Neldaport,Nevada,Tanzania,-88.9761,69.3321,claro,solum,fugiat,canonicus,apto,arbustum,audentia,43,203.69809075184912,67,abundans,0,2,5,false,0.10874337287697389,2021-04-22T00:06:17.860Z,Gulgowski Inc,false
0b02e45c-d897-4a9f-a72e-af60f804bc6c,2022-05-29T17:45:20.498Z,Deerfield Beach,Nevada,Latvia,22.263,37.1027,textor,talio,studio,vinitor,desparatus,vilis,attollo,73,89.47393503909102,22,videlicet,1,1,4,false,0.2048977154874556,2018-01-20T15:19:19.188Z,Skiles LLC,true
2785e9a6-ec64-4734-9357-49a22df568b2,2025-06-12T03:04:51.239Z,East Laurianechester,Missouri,India,-72.7016,90.0247,vilicus,ad,stillicidium,circumvenio,cito,trepide,praesentium,120,39.28744403798181,97,avarus,4,1,5,true,0.06490537171785768,2021-10-31T16:13:39.063Z,Thompson - Sporer,true
02615f40-127c-4509-806a-418892a6df5d,2019-12-08T11:23:02.582Z,Brownstead,Louisiana,Timor-Leste,-60.2305,-117.895,coniuratio,atque,sum,atqui,tantum,quidem,explicabo,89,141.92456795346797,59,amita,1,2,1,true,0.08279816422601169,2020-02-10T10:23:31.767Z,Tremblay - Deckow,true
145c8f90-2da1-435c-be26-7df924b59e8c,2024-06-24T07:32:30.893Z,North Ewellfield,Rhode Island,Republic of Korea,-23.1008,-73.219,vilis,carcer,titulus,tristis,apud,addo,depopulo,59,149.69610698261556,29,acer,6,1,5,false,0.10252215737567594,2023-03-23T12:45:55.205Z,Lebsack - Stracke,true
71e85d49-65d2-48f0-9690-c22146f12dd8,2024-04-01T02:49:50.199Z,Hintzside,New York,Cayman Islands,49.9528,111.3211,bibo,auctor,ago,hic,quae,adipisci,clementia,80,174.30199504602217,30,praesentium,2,2,3,true,0.08027796933252532,2019-02-12T10:07:10.560Z,Steuber - Ebert,false
36bc97c6-12fa-4fa7-854f-38bfbe4ca82b,2020-04-23T17:13:49.983Z,Fort Kacey,North Dakota,Cote d'Ivoire,64.8456,-177.3208,modi,creator,ascit,desidero,celer,urbanus,possimus,85,70.49929391479355,81,ciminatio,2,1,5,true,0.19692961401394168,2025-07-15T09:48:51.402Z,MacGyver LLC,false
35f38fec-f57a-49a6-8834-5e304485925c,2022-07-30T13:25:53.055Z,West Randall,Connecticut,Togo,23.6607,27.7859,theologus,suffoco,adulatio,ipsum,certe,sursum,caelum,121,172.21588215976053,64,civis,4,1,3,true,0.2144764107003261,2018-01-25T12:34:13.082Z,"Kris, Deckow and Kohler",true
90a0dc0e-6cad-4266-8ab8-7c795da01987,2023-08-21T16:38:58.092Z,Joshuashire,Iowa,South Africa,56.48,-89.8253,curo,aperio,totam,benevolentia,uterque,stella,tabella,81,216.61456591038274,20,tumultus,1,1,3,false,0.11852381846930254,2020-12-24T00:02:36.475Z,Schumm Group,false
9559765c-5023-400d-86cd-5eb48223a2a0,2021-10-20T15:23:56.704Z,Mathildeview,Kansas,Gibraltar,35.7377,-145.6857,tempora,curo,solus,ater,voluptatem,stultus,astrum,77,201.30775738480497,44,vetus,5,1,2,true,0.24161237741371155,2025-08-16T21:33:38.536Z,Hirthe Group,true
8e6ddba5-70f1-418a-be7d-a8e301fe618c,2020-11-15T04:59:09.245Z,Homenickborough,Arkansas,Turkey,86.766,-156.5078,ventito,debilito,spero,coniecto,talus,antepono,argumentum,63,197.88075107783993,96,cupiditate,3,0,4,false,0.23888561439428896,2018-05-26T19:41:41.161Z,Schmeler - Moore,true
909fb045-fd98-4e5b-a12e-18ed696e0836,2022-08-01T12:01:12.226Z,North Giovani,Minnesota,Cayman Islands,-35.2156,113.7077,allatus,tenax,ab,quas,dolor,uxor,thesaurus,105,227.66676562735788,50,atrocitas,6,1,5,true,0.08394090928517975,2023-08-25T16:29:40.535Z,Ledner - Abbott,false
af90bfc5-ff44-4f50-b9dd-80b45163d0db,2025-08-07T03:11:36.468Z,Gorczanystead,New York,French Guiana,-40.475,-79.5186,defaeco,subiungo,credo,spoliatio,assumenda,caelum,vulgus,105,30.25947491007182,73,votum,2,2,4,true,0.09047690964386154,2023-02-15T22:05:08.333Z,Hyatt - Conn,true
dfe5edfa-0345-433e-b4cc-910da7a51806,2022-10-12T21:11:57.256Z,Lake Chaya,Michigan,Sweden,82.1689,79.2143,sopor,quaerat,sumo,ademptio,currus,bis,allatus,65,191.2633246055499,85,voluptas,6,2,3,true,0.14160458995433278,2019-12-07T03:19:33.110Z,Boehm - Sauer,false
875dbb08-bd1f-4c58-89e0-a02bf33488ec,2019-01-10T15:22:36.462Z,Fort Judgestad,Massachusetts,Nauru,-74.8053,150.3328,barba,succedo,decens,comedo,comptus,ut,centum,89,184.6666738375523,35,carbo,5,1,5,true,0.15239801221712837,2024-08-10T15:35:00.189Z,Schneider - DuBuque,false
22761a0c-ed5a-4aeb-ad65-171cdb254438,2021-02-11T06:39:50.748Z,Fort Faytown,South Dakota,Benin,-37.6012,-25.4811,campana,volva,odit,compono,ducimus,verto,aduro,129,195.68758481980728,91,mollitia,2,2,1,true,0.09930183225564576,2025-09-26T04:56:03.999Z,Kuhn Group,true
72f81486-472b-4561-9c3d-75d7cc088ba6,2020-06-08T04:59:55.733Z,Ryanport,Nevada,Kiribati,-20.7511,13.9359,benevolentia,terror,ambitus,culpo,distinctio,usus,truculenter,61,80.07196958651284,33,voluptatibus,5,0,3,true,0.2085185581403199,2019-11-06T22:28:10.573Z,Wiza - Tremblay,false
afc692b2-3820-425c-b5f2-2ca3074268ed,2020-06-06T04:40:50.320Z,Memphis,Tennessee,Ghana,76.9843,-17.4473,deprimo,curto,dicta,patruus,quisquam,alter,baiulus,28,140.2926884083781,45,tamisium,0,2,1,true,0.10838620805496282,2023-01-12T14:13:02.974Z,Walsh Group,false
7c571886-fd36-4ca6-9f69-13da178fea2a,2023-05-19T21:15:05.904Z,Port Reanna,West Virginia,Netherlands,-86.8638,-160.4225,vociferor,vesco,cresco,optio,sono,cognomen,tondeo,98,60.87417649231351,80,volaticus,4,1,2,true,0.1994866415591917,2021-02-04T03:32:44.093Z,"Schmidt, Reichert and Gerhold",true
8904993a-4f79-4e78-9cd4-be696c151536,2023-10-12T15:12:50.515Z,North Mina,Nebraska,Tokelau,55.4109,57.2523,contabesco,spiritus,titulus,accendo,perferendis,aeger,agnosco,44,177.6051898060333,90,inflammatio,2,2,2,false,0.09129188439459762,2024-11-05T05:53:31.598Z,"Crooks, Beahan and Kozey",false
7f68d6b2-0c17-416b-a19a-5952cce539d4,2021-08-16T00:02:34.693Z,Fort Flaviechester,Indiana,United States of America,61.4588,-136.8528,derideo,avarus,cohors,crux,claudeo,ipsa,vulgo,63,116.95656136804524,28,acervus,6,0,4,true,0.22017441790646963,2021-10-11T00:49:23.145Z,Lindgren Inc,false
bdbce43c-89b0-46b0-a25f-cd7ac33c7fb4,2025-05-02T15:02:45.088Z,New Aleen,Vermont,Pitcairn Islands,70.0195,20.1738,deorsum,crudelis,libero,aperte,vinitor,tabgo,reiciendis,27,237.82000964378352,24,ullam,4,2,5,false,0.05030043354771149,2018-07-13T11:55:22.170Z,"Corwin, Krajcik and Kilback",false
6fef4bdd-b256-4af6-a20d-f905f64db263,2023-09-12T02:27:31.306Z,Zoeland,North Dakota,Eritrea,-45.6802,91.7269,vix,civitas,acerbitas,fugiat,xiphias,peior,ducimus,46,29.544668465763408,48,damnatio,6,2,4,false,0.16558252323639752,2018-09-08T21:59:37.038Z,"Tromp, Mann and Schimmel",false
3c219c7a-e5f6-48bd-a605-63cdeb869193,2019-11-04T04:10:56.238Z,Traceychester,New Mexico,Haiti,-12.4345,-68.1762,torrens,conduco,terror,consuasor,acidus,ager,vesco,89,225.9101702284401,18,vallum,0,2,3,true,0.04679013989733277,2025-05-24T14:54:31.156Z,Cormier LLC,true
119a793b-676d-4376-9259-bd8abf71a99c,2022-11-17T12:09:54.246Z,East Loraine,Virginia,Portugal,2.6904,13.0355,ante,depulso,sono,decimus,arca,sto,cado,26,118.00410037538806,84,ciminatio,0,1,5,true,0.19197630007882271,2023-05-27T06:08:31.251Z,Ratke - Raynor,false
90a5880c-15c7-46e2-a1ef-502f9289ad86,2021-07-29T01:53:36.604Z,West Presley,Texas,Serbia,-19.1149,120.1198,sodalitas,esse,velum,caelum,possimus,aut,cur,47,232.6704016582815,47,cornu,6,1,1,false,0.026265158902901986,2020-09-12T05:31:09.407Z,"Shields, Hermiston and Murray",false
1a2535bc-758f-4778-a921-11dbb9df683b,2019-03-22T21:43:11.264Z,Champlintown,South Carolina,American Samoa,9.9901,24.1847,versus,non,absconditus,vestrum,cavus,tenuis,defero,26,175.98360010635486,63,aestas,5,1,1,false,0.077366511116123,2023-05-18T15:05:03.495Z,"Barrows, Turcotte and Farrell",false
ea6efeea-dcbe-4440-b106-0242b50ddc2f,2023-12-02T11:36:25.772Z,Jacintoside,Mississippi,France,82.8728,8.5527,baiulus,cilicium,corona,coruscus,congregatio,super,cupressus,28,205.02185413939165,53,aqua,1,2,5,true,0.13844809453432227,2025-04-10T19:13:30.021Z,"Carter, Gottlieb and White",true
3c8c9f88-ee61-4bd5-bf49-bf63831d44fb,2021-07-07T10:33:34.253Z,Thompsonbury,Wisconsin,Niger,-75.099,4.9713,defessus,absorbeo,adsidue,corrigo,harum,bestia,aegre,72,215.23720444609626,44,suppono,2,0,1,false,0.019215102367821868,2023-09-03T00:07:37.201Z,Conroy LLC,false
13a8d027-3ade-40a3-bdc2-eaab9d7b9681,2022-08-29T11:51:04.005Z,East Stephanmouth,Colorado,New Caledonia,-81.936,19.0091,beneficium,cursus,ut,tandem,suggero,odio,tersus,29,105.08060473799193,76,adversus,4,2,1,false,0.029410703676835265,2024-02-03T19:00:58.439Z,MacGyver - Nikolaus,false
9481cefd-47fb-4cce-ab3c-19338415aab5,2020-06-02T23:24:39.908Z,Walkerboro,Michigan,Panama,29.5971,5.1481,beneficium,repellat,volubilis,degero,deputo,tenus,curtus,26,98.16041815437623,91,stabilis,6,1,2,true,0.1990377747325063,2018-09-10T16:47:11.535Z,Kautzer - Ebert,true
9ce952c0-27dd-4d20-8779-323d8a702a4b,2021-07-23T20:11:04.487Z,Fort Marcelino,New York,Ukraine,74.3815,11.097,sopor,auctor,umbra,adsuesco,vesco,caelum,aeneus,130,14.471859873671784,25,ab,6,2,3,true,0.09809396813967536,2025-11-04T08:24:07.105Z,Hamill - Rice,false
751d389f-9706-4def-9a89-153abbb50dad,2021-03-18T10:47:30.776Z,East Hunterbury,Illinois,Cook Islands,-66.3027,-94.7727,nemo,vita,acsi,laborum,tener,quia,capto,99,111.8368581024147,94,adulatio,1,1,5,true,0.09298403186801826,2022-02-23T06:53:53.789Z,Lebsack LLC,true
40ebd917-3083-49a6-8436-4c8ba207a5c3,2023-03-11T15:02:19.307Z,South Isidrobury,Wisconsin,El Salvador,48.4223,65.8733,volva,sufficio,adiuvo,pectus,nemo,succedo,absorbeo,85,187.33576050523013,50,peccatus,2,0,5,false,0.013226133008465174,2024-07-04T21:31:40.019Z,Parisian Group,false
21c400b0-55f3-405d-84cd-97842ab9c4ed,2025-10-17T15:33:29.268Z,Port Jarrett,Massachusetts,Western Sahara,70.4065,49.9412,vorax,ante,theca,arcus,uxor,corrupti,cohibeo,54,113.60222150697811,19,voveo,4,0,4,false,0.20335531755933658,2019-11-06T05:41:32.866Z,"Durgan, Satterfield and O'Conner",true
4c36782c-b5c0-43ad-8ac3-62483e682349,2020-04-30T12:17:18.758Z,Oxnard,Florida,Macao,-28.1353,44.7732,vilicus,eius,ventosus,velociter,amet,thesaurus,adulescens,35,231.7207509709632,90,valens,6,0,3,false,0.03394854615409734,2020-04-04T12:22:47.778Z,Feeney Group,false
5c115bcc-4956-4f39-b1a2-c7e1ca4fc47e,2023-06-15T11:08:53.403Z,North Richland Hills,New Hampshire,American Samoa,-55.4724,7.0224,optio,spargo,eveniet,ducimus,vero,beneficium,error,86,139.1420831649936,62,asper,0,0,3,false,0.14222381496789302,2025-06-07T12:16:09.575Z,"Monahan, McKenzie and Mills",false
d3e24a6d-9fad-4a8f-9321-fd9ec4797eb7,2025-04-06T01:00:10.895Z,Port Lavonstad,Delaware,Seychelles,-31.4478,-82.18,succedo,subito,defaeco,veritas,magnam,aperio,voluptates,69,228.978094003283,39,desino,1,1,3,true,0.11308760735726017,2022-02-20T03:40:17.471Z,Wisozk Group,true
22ba2c25-5738-4e47-a0b8-bb9aad937034,2019-12-18T18:01:09.280Z,Fort Maximilianstead,Wisconsin,Sweden,-54.193,43.1104,ambulo,valens,cinis,praesentium,avaritia,vulgo,bardus,70,202.29822483414011,99,turpis,6,2,5,false,0.17889236121318572,2024-08-14T17:58:19.483Z,"Will, Schimmel and Swaniawski",true
c0237b0d-ccb2-4c86-a4de-f3cb69ff2b64,2023-06-11T18:13:41.941Z,Luettgenmouth,New Jersey,Montserrat,67.0338,77.4533,dolorem,adfectus,tabgo,crinis,ea,aveho,stillicidium,53,152.0570035044382,91,dolores,4,0,3,true,0.043124849525704806,2021-06-29T22:17:49.306Z,"Murazik, Skiles and Schneider",false
89658583-1237-41ec-a916-db3c50dfb6e8,2023-10-14T10:17:19.600Z,Vanessaview,Pennsylvania,Estonia,73.1601,-168.5546,tergo,quasi,cur,possimus,corrigo,voluntarius,aegre,28,172.91666099873356,90,quas,4,2,1,true,0.22621514499364948,2018-02-06T18:15:47.212Z,Anderson - Lindgren,false
f98dd28d-3266-4fc8-b47e-de8d935aafbd,2019-09-13T12:25:28.628Z,Schmidttown,Maryland,Holy See (Vatican City State),69.2789,169.9054,acervus,deputo,tempus,molestias,tabesco,illo,vado,76,121.43705511722584,71,vestrum,6,1,3,true,0.15533025929285185,2023-06-12T16:25:35.821Z,"Hartmann, Krajcik and Wisozk",true
ef427ae0-4185-46ee-98b0-5dacab1d714d,2023-07-15T09:18:39.954Z,Palm Harbor,Georgia,Algeria,84.8103,121.7628,barba,corrumpo,corona,enim,cubo,ustulo,cohaero,52,183.76998929835116,44,rerum,1,1,4,true,0.16582332771093788,2024-02-26T06:22:40.942Z,"Kemmer, Pfeffer and Hodkiewicz",false
e56650bb-4226-452f-9514-310633a22be3,2019-03-03T16:07:53.746Z,Odessa,Rhode Island,Grenada,-59.892,154.472,administratio,aureus,tonsor,xiphias,ambitus,sit,commodo,80,19.778965998145146,89,atqui,0,1,3,false,0.1476233618451312,2018-06-03T14:43:19.752Z,Cormier - Feest,false
c519c722-15a6-462d-8f5e-f5008c59332b,2019-04-19T09:39:07.241Z,West Aurelieland,Nevada,Guinea,-49.5118,-116.482,vorax,volutabrum,uredo,usus,capio,molestias,dapifer,65,176.45548935962015,57,comminor,1,0,4,true,0.016247279687063382,2022-09-07T21:43:11.969Z,Predovic Inc,true
a433b301-b49d-46d3-82cc-7a7e356ce017,2025-10-18T04:26:42.363Z,New Margot,New Hampshire,Mali,-84.3331,55.9099,vestigium,accommodo,avarus,vos,accusator,balbus,eum,66,227.66458496207213,37,antea,5,1,4,false,0.05025355731660461,2021-05-15T14:13:22.385Z,"Brown, Parisian and Emmerich",true
ea2b0374-bf62-42f3-9398-80936f098333,2022-11-16T20:13:02.010Z,Schulistborough,Washington,Denmark,19.2498,172.9782,nam,reiciendis,spes,numquam,curatio,sponte,canonicus,64,234.53504385637754,53,vulnus,5,1,4,false,0.1606052466187783,2024-10-31T14:13:36.123Z,Lang Group,false
2d5e1f75-cc2a-4665-8739-b4f0d445274e,2024-04-13T15:24:46.319Z,South Theronton,Ohio,Martinique,84.4339,158.738,tabula,video,depereo,tot,vulticulus,audio,avaritia,26,208.4163320018107,64,vicinus,2,0,1,true,0.00032415260782783784,2018-03-14T16:08:55.809Z,Metz Inc,false
8a89b739-2f4c-41ee-9c84-430b5b1d0048,2020-04-16T04:27:50.967Z,Sydniview,Minnesota,Mauritius,-8.7643,-104.4519,reiciendis,vorago,thorax,est,cibus,cariosus,adulatio,49,208.31014519681358,100,statua,4,2,3,false,0.0804505670211097,2025-07-20T03:30:25.985Z,Schaden Group,false
8c273fe4-5200-4133-902a-db8cd8783f83,2020-10-27T03:33:08.047Z,West Kendall,Oklahoma,Gibraltar,-47.4331,34.8227,coaegresco,benigne,decerno,possimus,dicta,vix,aranea,98,229.55751146055024,18,consequuntur,6,2,5,false,0.2359404052747035,2019-12-26T18:53:21.501Z,"Schuster, Effertz and Gusikowski",true
0fb49f14-ac28-4754-ad24-22f9427a97ae,2025-02-15T16:17:23.250Z,Port Sibyl,Wisconsin,Norway,34.9659,-79.9267,viduo,vulgivagus,sordeo,labore,pecto,coma,vulgus,79,11.243284747717999,89,cetera,4,1,2,true,0.03884973177245063,2023-07-15T01:33:53.475Z,Russel Group,true
f03642d1-f542-48ba-8357-e5c552629067,2023-05-10T17:37:26.768Z,Louisville/Jefferson County,Illinois,Marshall Islands,62.2908,-153.197,vilicus,calco,accusator,tui,conculco,ara,templum,73,229.45667665095607,68,vinco,2,2,4,false,0.06427407233851162,2023-10-02T07:23:27.722Z,Schinner - Simonis,true
7da2c71a-967e-4612-a6d5-e63343e3a317,2021-10-20T22:28:11.059Z,Camden,New Hampshire,Cayman Islands,-11.2856,145.057,teneo,solitudo,ut,chirographum,credo,trucido,thermae,20,151.50643410888398,97,pauci,1,0,1,true,0.13089938198061374,2021-09-04T02:21:33.825Z,"Jacobs, Schroeder and Kshlerin",true
d0b8937e-ec95-4350-ba83-4a911651b57d,2021-08-26T01:17:34.516Z,West Audraview,Alabama,Algeria,3.9424,-25.2455,volva,suggero,chirographum,recusandae,peccatus,earum,pel,108,33.33559438769661,49,corrumpo,5,1,2,false,0.09964497307160483,2025-12-22T09:04:02.995Z,Toy LLC,false
5f11bf0c-59fc-4c9c-ba51-49e80c6186b9,2023-09-15T23:36:33.426Z,Riceboro,Alaska,Maldives,-38.2726,78.1577,calamitas,bellicus,nesciunt,cunabula,thymum,impedit,sol,40,78.99314962617896,97,molestias,1,2,5,false,0.13222973107625283,2022-03-18T12:57:21.505Z,"Wolff, Cormier and Kiehn",false
42c93692-0beb-476c-99a3-f3cda396d082,2018-01-21T05:34:38.214Z,Nashua,Arizona,Mauritania,52.1317,116.1412,deprimo,tracto,studio,alveus,callide,dens,bellum,118,24.819492644141697,63,tres,0,2,3,true,0.1029588386486858,2024-06-25T04:34:57.970Z,Collins LLC,true
e239e805-1339-4d94-8b4a-a9bb8a3df494,2020-12-27T00:49:38.262Z,Rock Hill,Washington,Peru,-10.7122,155.665,antea,tutis,valeo,dapifer,nihil,delicate,audentia,76,5.561863890117049,40,quasi,6,1,1,false,0.12256637138824256,2019-11-04T01:10:26.209Z,Schamberger - Kemmer,true
65072c3c-6044-4129-87b6-3a1b14a976d3,2023-07-25T03:12:58.432Z,West Krystal,Maryland,Tokelau,-24.3057,-17.8936,tardus,carbo,adnuo,vulgo,ab,conservo,clibanus,64,142.84260909045756,72,canonicus,4,0,3,true,0.19243860726905568,2022-01-29T19:47:24.229Z,"Wuckert, Will and Douglas",false
2c337143-77ac-4731-8912-72e7ebcdd08b,2018-05-14T02:48:33.740Z,Port Isaiah,South Carolina,Eritrea,-80.2577,100.4453,abduco,delectus,occaecati,suspendo,vallum,capillus,vel,30,172.1148195053473,41,stipes,2,1,2,false,0.05563539356674865,2019-09-22T13:07:35.676Z,Schmeler Inc,true
f550550e-8a88-4603-bb34-3e0b8c567516,2022-12-19T01:34:34.145Z,Naderworth,Hawaii,Pitcairn Islands,-20.5772,67.989,amaritudo,admitto,sumptus,facilis,curtus,sui,cito,30,91.25564807561801,40,vel,3,0,1,true,0.17472826286392426,2020-12-09T02:08:02.572Z,Braun Group,true
c8124bf9-fb90-421e-8286-e45b48e5cee5,2019-03-02T13:38:00.377Z,East Thad,Alaska,Norway,-0.2655,131.7447,cursim,vesica,appositus,cuppedia,carcer,quibusdam,spargo,99,155.83107808854606,61,thymbra,2,0,3,false,0.17152111490056135,2018-08-23T01:10:24.276Z,D'Amore - DuBuque,true
1e18e7ac-6aa7-4ac3-80c4-4de394b32611,2024-05-26T01:26:38.530Z,East Makenzieberg,Montana,Democratic Republic of the Congo,72.7776,109.0292,canto,quaerat,creator,vaco,attollo,balbus,confido,100,219.4140573275968,90,nemo,5,2,1,false,0.1755180207065709,2025-11-03T18:28:58.691Z,Wuckert Group,false
a8158cb8-54b3-4796-81ea-7d94d31b0ca0,2018-06-02T14:15:35.956Z,North David,South Carolina,Macao,15.1369,-44.1264,bibo,voluptas,curriculum,clibanus,subseco,denego,antiquus,37,25.60568412652456,22,pectus,4,1,3,true,0.03653073447264238,2024-01-06T07:25:07.483Z,Quigley - Simonis,true
8a4412e2-8b6a-4817-863a-41c313b6b0a6,2018-05-29T08:54:06.677Z,East Jessica,Nevada,Dominican Republic,-87.8726,4.5049,undique,repellat,speciosus,uterque,alii,abutor,baiulus,71,189.48366917252264,52,bene,6,1,4,true,0.17105998239405865,2018-08-31T20:32:11.466Z,Kulas - Wisozk,false
bcb913e4-c2b3-4161-95d4-dda920440445,2022-09-02T19:43:41.770Z,Manuelachester,Arizona,Kyrgyz Republic,-85.4248,-168.6145,ea,cito,correptius,curriculum,clibanus,subnecto,victus,92,149.4642496408824,74,vallum,2,0,3,false,0.1500984719880744,2018-02-14T15:06:40.511Z,Bartell - Harber,true
6ec520e1-c250-4248-a52c-33b08fab06b6,2022-07-19T11:50:51.195Z,New Kamren,Rhode Island,Malaysia,-81.439,-80.1897,vado,correptius,vociferor,cornu,succurro,conventus,eos,115,25.492420364764588,16,accusamus,5,1,1,false,0.1590378617765046,2022-01-08T20:17:32.855Z,Wiza and Sons,false
a4bdb179-1b7a-494d-a828-33c7a3bda7d4,2020-10-19T09:49:05.003Z,Port Ismaelborough,Arkansas,Malaysia,39.3033,-23.6929,theatrum,cursim,laborum,sortitus,stultus,color,calcar,125,47.16058836612737,53,claustrum,4,2,5,true,0.19012428454581554,2019-04-14T07:23:45.417Z,Raynor Inc,false
c7d37b51-a085-4e6a-a69e-b1a9138dfaf3,2020-04-30T00:53:09.456Z,Lake Walkerborough,Maryland,Cook Islands,-68.9333,91.1491,asperiores,depono,minima,varietas,aliqua,vociferor,et,87,175.041961381906,44,cras,4,2,1,false,0.09194076428598566,2025-08-08T12:21:27.559Z,Kemmer - O'Connell,true
5917059e-99a1-432a-9550-63d9bdee99c8,2018-12-23T08:15:49.927Z,Pontiac,Oklahoma,Ethiopia,73.0386,-119.183,aureus,quaerat,confido,sonitus,nostrum,uredo,hic,69,53.14850062533951,50,aeger,3,0,4,true,0.0706398534140599,2022-09-17T12:19:05.197Z,"Hirthe, Johnson and Walsh",true
52967520-e651-4f4d-8716-9f479e069cd7,2020-11-15T16:28:06.515Z,New Cristobalbury,North Dakota,Cook Islands,36.5028,41.2801,conqueror,veritas,ultio,sint,corona,tribuo,tumultus,101,44.68108222450538,24,vulgaris,2,0,5,true,0.15036429066140902,2022-02-26T04:25:11.349Z,Zieme - Lebsack,true
a6d06482-c698-4d94-9584-a7cadbff3c26,2022-04-08T09:44:55.218Z,South Rosiefort,Wyoming,Belgium,15.4681,-167.9419,quisquam,rerum,iste,aeneus,amaritudo,cuius,temperantia,53,128.37418150056317,96,sumptus,6,2,5,false,0.03671271135145723,2024-06-19T17:04:54.993Z,Trantow LLC,false