accident_id,incident_datetime,city,state,country,latitude,longitude,road_name,road_type,intersection_type,accident_type,weather_condition,road_condition,light_condition,speed_limit,actual_speed_kph,driver_age,driver_gender,casualties,fatalities,vehicles_involved,alcohol_influence,blood_alcohol_level,weather_reported_at,reporting_department,pedestrian_involved
6b995790-b32c-4aa7-9c5b-524abc496c23,2024-02-03T15:11:17.936Z,Lake Jairo,North Dakota,New Zealand,-47.9133,32.5517,commodi,veritas,tabella,verumtamen,desipio,absconditus,crux,63,39.97861607802999,21,recusandae,3,0,5,true,0.20956010566451322,2018-08-22T05:01:48.602Z,Marvin and Sons,false
c3be1f65-ddd7-410f-9bcc-3444119c3c52,2023-08-14T07:51:50.121Z,Busterborough,New Jersey,Palau,-26.5923,114.8367,iure,vehemens,reprehenderit,caute,correptius,sub,tenuis,32,51.66317546638399,61,delinquo,4,2,4,true,0.17217496059754162,2021-08-28T12:24:39.994Z,"Hessel, Kuhn and Thompson",true
ccdc2d15-099e-496a-9fff-3cfc558f6911,2020-07-28T23:51:47.467Z,North Graham,Nevada,Jamaica,-11.4506,-52.2505,ullam,turbo,stips,censura,urbanus,dolore,attonbitus,95,7.768465724305171,51,nobis,0,1,3,false,0.10283510105486371,2021-09-16T05:54:40.121Z,Stanton - Ernser,false
dda0763c-fd7c-47ca-a743-e44d378d059b,2024-07-06T21:05:21.255Z,Kannapolis,Indiana,Ukraine,42.3648,-117.9616,thesis,utique,commodi,ago,et,vulnus,demens,88,124.07392627596639,41,teres,2,1,1,true,0.22606947562235172,2021-07-03T02:27:39.157Z,Grimes Inc,false
e91bdf82-7968-4372-983f-2fbb3a9c5fc5,2019-01-29T01:39:47.454Z,North Tomcester,Louisiana,Nepal,56.043,-131.8151,verecundia,maiores,colligo,ceno,viriliter,adduco,verumtamen,40,234.13408382626747,55,ullam,2,1,2,false,0.23657056453901523,2024-02-14T22:32:48.791Z,Harris Group,false
4ed8667c-0fd4-4c7a-876f-c79d65bf1cbb,2025-09-29T19:42:08.960Z,Ernserworth,South Dakota,Tanzania,-9.9441,98.9108,annus,deprimo,chirographum,conventus,creber,virga,somnus,47,59.96147535567947,44,sordeo,6,1,5,true,0.01370274357246637,2020-12-16T10:09:21.128Z,"Macejkovic, Witting and Waelchi",true
d7bca31c-17bb-48bf-bff2-30c85f6bf439,2022-06-05T19:51:05.243Z,Port Otha,Louisiana,United States of America,-64.5443,44.4033,desidero,comprehendo,contra,contigo,quasi,surculus,via,29,227.07802212412616,97,amplus,6,0,3,false,0.23113299113069483,2024-02-26T21:40:30.452Z,"Wiza, Johnston and Boyer",false
d14e8c6c-5b38-4c77-9b6b-e03e7282cc10,2023-05-12T07:40:19.096Z,New Brunswick,Delaware,Oman,-68.2386,-146.9919,coma,vulgo,verecundia,terreo,bonus,terga,tres,101,4.984880724083007,74,via,5,0,5,false,0.24032303031236915,2019-04-20T06:38:42.106Z,Veum Group,false
e7d06984-576d-41e9-9b22-344db7c62758,2022-02-01T06:22:52.867Z,North Antoninafield,Virginia,Vietnam,72.979,-178.5366,delibero,amitto,agnitio,suggero,strenuus,amicitia,agnitio,114,120.86353252841542,76,porro,0,0,1,false,0.20827800708842611,2019-04-13T04:10:17.806Z,Goldner - Fahey,false
61ecba5e-55cf-4951-b3aa-c20fe4975c5b,2021-05-05T11:18:34.393Z,Brekkeboro,Rhode Island,Yemen,73.7423,-145.937,vado,certus,tertius,ambulo,voro,decerno,arbustum,121,112.47017649888049,29,vulticulus,1,1,2,true,0.04153720112566381,2024-01-26T22:11:15.540Z,Kunde and Sons,false
41ddbd7f-74a5-4132-878b-9736826b0170,2018-11-05T18:06:51.448Z,Mathildeview,Massachusetts,Estonia,28.2656,57.6947,arcesso,trepide,tego,calculus,adiuvo,tunc,undique,64,195.56778390242636,79,apto,4,1,4,false,0.2026575643241405,2025-06-15T00:25:39.609Z,"Quitzon, Runte and Daugherty",true
80fefd15-4570-45f8-ae1a-7fb6a4118d68,2019-10-01T05:23:11.708Z,Fort Rodolfo,Wisconsin,Belarus,-43.9665,96.4461,vis,vespillo,coniecto,benevolentia,conculco,stipes,trado,57,132.41355831903962,55,adiuvo,2,0,4,true,0.09320446709316543,2021-03-27T10:09:32.448Z,Bahringer LLC,true
ab887bb2-04aa-4c4c-befd-8e4a3770c593,2020-09-07T17:49:38.463Z,Alfchester,Washington,Norway,73.8741,-163.6683,administratio,ea,utrimque,spoliatio,absens,audeo,admitto,40,49.41700021303727,84,aperiam,2,2,5,true,0.09931236203705876,2023-12-10T19:37:51.580Z,Cronin LLC,false
49739c7c-bfd8-4741-8789-c2e489cba413,2022-09-25T09:56:11.928Z,North Precious,Montana,Samoa,14.512,143.0446,admoveo,asporto,corrigo,ara,aveho,vito,advoco,82,117.96321381312521,55,abstergo,2,1,4,false,0.05939044726547138,2020-06-24T00:46:10.316Z,Glover and Sons,false
dc16c36f-11ff-4944-a96c-cbf760470c3f,2019-03-23T16:04:05.714Z,Pearl City,North Carolina,Montserrat,-88.2889,155.1833,conventus,accendo,thema,aeger,suffoco,bardus,vilicus,38,0.5784345133757096,84,calco,1,2,4,false,0.22632858069926146,2025-04-25T02:58:53.173Z,Kassulke - Emmerich,true
d3b25204-fa23-4e14-b20a-6d6e1434d7eb,2025-10-19T20:47:51.592Z,East Lansing,Nevada,Saint Martin,-71.1332,96.9059,candidus,spiritus,solvo,celer,asporto,colo,temporibus,26,214.17131261346157,78,vos,2,1,3,false,0.2049589191322739,2023-11-10T04:46:46.886Z,Daniel - Schaefer,true
d07596ce-1982-435c-87a9-85dfa918490d,2024-10-01T04:22:54.284Z,Leilastad,Alaska,Philippines,-6.1963,-57.4338,cupio,ipsam,solvo,depono,excepturi,vos,arceo,102,30.961997446802762,67,tandem,3,0,1,true,0.09251611994311645,2020-01-20T04:07:37.155Z,"Stehr, McKenzie and Treutel",false
d465e2a1-6cf6-4956-94d5-597cb27105a6,2023-04-26T19:41:00.176Z,Dixieville,Texas,Mali,-82.6705,-104.6075,sordeo,vilitas,vir,ut,terminatio,sortitus,vigor,112,219.23956482739308,52,caveo,3,1,2,true,0.013249236930121533,2020-12-19T21:05:36.828Z,Gerhold - Ernser,true
2576ce31-23a2-4efc-b897-6ef813aad8ab,2022-10-10T22:07:20.310Z,Adrienberg,Texas,Australia,-6.071,112.1907,velum,vesica,capillus,stipes,rerum,exercitationem,vado,113,148.6935856141482,73,vesper,6,0,3,true,0.07726120073935835,2018-03-28T16:37:48.202Z,"Kertzmann, Schmitt and Murray",true
af1dfaf1-4036-4068-9c0a-65a95b631c69,2022-10-16T03:25:29.476Z,North Aurelioburgh,Indiana,Gambia,37.8941,56.2018,dolorum,aduro,conforto,ullam,custodia,thermae,tabella,81,44.99894296606938,20,arma,2,0,1,true,0.022337320957914297,2023-06-25T11:02:23.681Z,"Swift, Hahn and Abernathy",true
9d7d891b-2080-4bdc-bea4-c66c3cf50eba,2025-10-17T06:08:19.843Z,Lake Neil,Washington,Algeria,23.5165,130.8118,modi,abstergo,apud,adeptio,cenaculum,ago,alo,89,150.15791379928834,90,tres,5,1,4,true,0.23715618488571852,2019-12-17T11:27:32.446Z,Frami - Funk,false
00c52270-1344-4488-9b54-8e64a6205729,2019-08-10T03:13:43.984Z,Fort Lane,Arkansas,Sweden,32.669,102.159,voluptate,asporto,communis,deorsum,asporto,catena,vitae,64,160.3496927140927,83,tactus,4,1,3,true,0.07073895325287027,2024-09-17T15:49:43.818Z,"Bernier, Hodkiewicz and Buckridge",true
74c6a05f-b4dd-4a72-8aa5-e7adc38ebd23,2018-05-08T05:37:40.360Z,Fort Jaydamouth,Louisiana,Northern Mariana Islands,51.6553,-119.1323,sollers,officia,commemoro,amplexus,dens,aro,acidus,93,72.74462120914794,100,terra,1,1,1,false,0.14537298987822483,2018-04-13T15:24:19.952Z,Marvin LLC,false
56e90a6e-54c0-4cc7-973e-427f44eaa925,2025-04-26T13:45:21.955Z,Kuphalberg,Tennessee,Lebanon,14.2226,131.7098,cernuus,spiculum,volup,dolore,veritatis,substantia,cado,106,52.57552293257851,32,consectetur,0,2,3,true,0.2021301494178194,2024-08-18T03:20:24.572Z,"Dickens, Macejkovic and Nicolas",false
c6dfc5fc-f991-4710-8047-09fdd9b5692e,2025-01-18T13:19:25.790Z,West Minerva,Oregon,Belize,-56.3717,129.0833,apostolus,vester,compello,timor,cubo,desino,tempus,117,161.77258813236637,62,tergiversatio,0,1,5,false,0.1258291613367639,2025-09-23T21:32:52.317Z,Auer - Stokes,false
467dfecb-44c0-4433-9768-f84292193da4,2024-06-05T20:11:59.385Z,Lake Ben,Connecticut,Taiwan,-18.8622,150.1252,synagoga,curtus,accusamus,adsum,claudeo,dapifer,uberrime,95,141.82347664481284,78,arma,0,1,1,true,0.20284110368950142,2023-02-23T19:37:03.458Z,Runolfsson - Wolff,true
9c9aaf39-8bef-4f82-8511-26c73bf0773b,2024-02-20T16:04:50.864Z,East Terryton,Washington,Democratic Republic of the Congo,59.5472,-178.2289,benigne,bonus,ustulo,strenuus,cupressus,blanditiis,quod,107,184.70688385181379,23,defetiscor,1,1,2,true,0.15409452476184268,2019-11-03T23:31:45.611Z,"Mitchell, Harris and Hamill",false
73d0c11b-5eda-46e8-b22c-b5964932c2eb,2020-04-29T16:36:44.329Z,Thielhaven,Wisconsin,Qatar,-85.5506,108.3495,delectatio,cenaculum,sonitus,inventore,antiquus,testimonium,cado,121,38.12462651846941,51,cupio,4,2,2,false,0.10336930451195894,2022-06-07T07:11:54.521Z,"Balistreri, Muller and Kautzer",true
bcff2f72-3e5d-4370-b638-7153ffe72715,2018-07-21T08:40:16.234Z,Halvorsonport,Georgia,Bulgaria,63.0412,2.118,textus,theologus,commodi,suus,sonitus,demens,accusamus,59,151.43128112390792,95,tutis,0,0,4,false,0.114629221863704,2018-01-07T19:05:21.810Z,Balistreri and Sons,true
532fabd5-4973-45b1-b76e-a63729d1fbd8,2024-02-26T07:54:27.316Z,Gabrielleboro,Colorado,Guinea-Bissau,88.1242,-71.4729,tabesco,amo,vilicus,spoliatio,conventus,audacia,bardus,128,220.83241758352273,78,deprimo,0,2,1,true,0.07105405324667705,2024-03-06T13:57:03.424Z,Lang - Ondricka,false
34701865-0ff7-41be-87d8-928695d6133a,2023-04-10T12:52:41.319Z,Dachfort,Colorado,Chad,20.007,15.0927,tergeo,labore,amplitudo,ventus,tubineus,praesentium,tamisium,79,225.18561907890228,57,itaque,2,0,4,true,0.12717694223503812,2021-04-02T11:29:20.431Z,Luettgen - Upton,false
a42c04e6-8813-41e8-8daf-fdba632fc94a,2025-04-24T13:49:46.962Z,New Imaniburgh,North Dakota,Latvia,-8.2044,141.7657,ascisco,corrumpo,desipio,sunt,ratione,utrimque,hic,54,190.10828182748847,70,vix,5,1,4,true,0.18475309865060507,2018-02-26T14:40:13.639Z,Cummerata Inc,true
62c1d369-d80e-416c-b60a-f10ab630be59,2018-03-03T19:38:20.203Z,South Kevon,Delaware,India,-37.626,10.1931,adstringo,capitulus,culpa,ultio,carcer,somnus,cohibeo,113,93.26041330590463,77,sursum,5,2,4,false,0.237870137427394,2018-03-31T13:26:47.597Z,Herman Group,false
4c0b01a9-b84f-405d-ae75-8152f568a6bd,2023-04-11T01:42:01.669Z,North Jettiestead,Alaska,Switzerland,73.5023,-11.946,neque,calco,cernuus,crastinus,aequus,conforto,succurro,31,23.745550644450624,59,bellicus,2,1,2,true,0.15929291216228922,2020-08-11T12:28:42.268Z,"Waters, Lindgren and Spinka",false
59125609-6b72-418e-b128-fcc68e333dd7,2022-06-30T06:46:08.018Z,Jacklynburgh,Virginia,British Indian Ocean Territory (Chagos Archipelago),-80.8563,64.0556,coadunatio,praesentium,bibo,excepturi,sapiente,coerceo,carmen,129,29.914714283535595,79,enim,6,0,2,false,0.18655448454232704,2021-06-05T09:10:09.963Z,"Stehr, Johnston and Heller",false
adf3e9b4-876c-4adf-92e8-fd6fda6b0fdb,2023-11-01T00:32:38.204Z,Lake Destany,North Dakota,Mozambique,44.497,-106.7231,crudelis,careo,sunt,demergo,vigor,tolero,taedium,47,147.8029969588359,78,amplexus,0,0,4,false,0.08029192761882953,2025-05-12T03:48:01.984Z,Welch Group,false
b09957eb-a408-4da0-a63a-a022cfe62c4c,2025-01-31T15:09:28.024Z,Cristtown,New Mexico,Ecuador,-21.9727,83.8026,depromo,delibero,vapulus,absum,cunabula,viduo,aperiam,75,102.77951413557543,31,dens,1,1,1,true,0.11399694519198272,2025-02-27T16:46:13.727Z,"Ebert, Johnson and Cummerata",true
eb63d836-4b66-44fe-9c95-7a67f02e58ca,2018-11-24T14:55:36.587Z,New Orphaview,Connecticut,Martinique,-1.7029,13.8249,vado,derelinquo,campana,pauci,agnitio,maiores,quod,41,113.95475359059162,43,thesaurus,1,2,5,true,0.20644215805201602,2022-11-05T04:02:47.208Z,Kihn - Sanford,false
726c295b-1b41-42e7-a902-0585cc8115a0,2025-03-19T23:41:02.424Z,Cummerataside,Illinois,Grenada,36.9029,101.5401,conforto,totam,adsidue,denego,aveho,convoco,una,96,238.23408833674517,25,corpus,4,0,4,true,0.211945258473237,2019-08-28T13:35:22.510Z,Dare - Jenkins,false
15a379d6-22a8-425b-a994-31b2b44ff440,2018-10-06T02:27:44.580Z,Temple,Kentucky,Papua New Guinea,64.4272,28.0803,repudiandae,surgo,solum,crustulum,curriculum,verto,deduco,113,230.01875752954774,86,video,5,0,2,false,0.13325340513037387,2021-07-16T03:21:35.431Z,Cartwright - Boyle,false
a9b0df48-9516-4883-bcc6-41c527cdd4f6,2024-08-06T19:21:14.489Z,Hansenbury,Virginia,Montenegro,-70.3434,-98.2497,atque,amor,velociter,sapiente,eligendi,viriliter,tergum,49,199.41284202473997,92,dedecor,6,2,1,false,0.1583224683095523,2025-07-24T22:43:10.916Z,"Price, Franecki and Gerhold",false
34cc0702-0092-4b06-be46-cd2f604d8b14,2024-07-22T07:36:50.499Z,Gusikowskitown,Arkansas,Guadeloupe,-88.3105,-9.5077,turba,modi,desipio,utrimque,provident,pel,capto,28,54.62200931955166,58,facilis,0,2,1,false,0.16211375516090218,2020-06-21T20:15:42.705Z,"Spinka, Treutel and Reichel",true
4480d4b8-b7aa-4678-97da-a1ed0c8a27c2,2024-12-04T09:11:46.574Z,North Helenville,Iowa,Burkina Faso,28.7297,-56.2168,tabesco,caste,utrimque,vilicus,culpa,inflammatio,cursus,53,202.7744238345755,55,theologus,2,1,1,false,0.035710943159550895,2020-11-02T18:21:17.585Z,"Schiller, Ritchie and Renner",false
5bbb5924-fb17-4e6b-abd5-e232e3e6f9c0,2024-05-02T08:07:31.716Z,Athens-Clarke County,Colorado,Gibraltar,35.7639,-131.215,voluptatibus,ater,depulso,reprehenderit,adsidue,validus,viriliter,96,215.8187310937128,76,recusandae,4,2,3,false,0.10025330140807193,2022-05-13T11:02:11.416Z,Willms - Becker,false
dcf123df-9196-422f-9992-3bca0517a637,2019-06-25T22:12:54.634Z,Port Alec,North Carolina,Ecuador,-7.9064,-47.5777,commodi,vereor,cogito,textilis,atrox,maiores,aperiam,25,204.69079600344398,93,studio,2,0,1,true,0.07182109254239838,2025-09-29T00:32:13.283Z,Christiansen LLC,true
f85272c3-3a3f-45d7-bbe3-4f7b34329ca1,2019-09-22T16:04:29.800Z,Lake Wilfredville,Missouri,Portugal,20.5906,139.5038,tempus,ago,vicissitudo,caute,dolores,aiunt,benevolentia,84,132.3973617460681,58,voco,0,2,3,true,0.009976107579649646,2024-12-25T11:30:34.419Z,McCullough - Dooley,true
cbc93c6b-7c6c-479b-8dcf-32d510b56408,2021-12-21T12:27:26.689Z,West Camron,Louisiana,Nauru,17.8746,20.7021,tunc,tergo,correptius,versus,adfectus,astrum,barba,72,201.70930244140447,74,amita,5,2,5,false,0.11125977216691044,2022-05-05T12:51:30.772Z,Lynch Inc,true
322a5a47-48fa-42e0-8349-e7a88095b3d4,2024-05-16T13:47:15.137Z,Joplin,Connecticut,Samoa,-74.3424,84.2645,cuius,eaque,coniecto,delicate,aspernatur,stips,adiuvo,62,110.56790010749347,57,aeneus,0,1,1,true,0.2032200159668218,2025-04-06T22:22:28.002Z,O'Kon Inc,true
e6c66531-0dc5-40df-8743-c831ce361f3f,2019-08-23T09:51:11.532Z,New Angelineport,Alabama,Sao Tome and Principe,45.1495,-79.4905,concido,totus,paulatim,possimus,adulescens,tolero,confido,126,76.66203776781968,32,pecco,6,2,1,false,0.1945870085988826,2024-03-31T10:01:35.916Z,"Rippin, Hilpert and Swift",true
2a8d77fe-1349-40af-bb7d-94ab5fd94f30,2024-12-07T07:37:20.989Z,West Murphyton,Indiana,Belize,58.7651,82.4883,in,accommodo,super,vulticulus,at,stultus,vesica,86,29.756275227595488,78,vociferor,0,2,4,true,0.24710036240252478,2018-12-22T21:17:18.175Z,West - Price,false
ac8c1b4e-deb7-4285-9699-b5afe66778ec,2023-06-08T16:42:53.627Z,Gleasonstead,Virginia,Germany,39.3245,78.8288,substantia,apparatus,autus,sol,delectatio,apparatus,crur,111,138.36491728937244,31,pel,0,2,5,true,0.011508805305561781,2019-10-07T13:08:07.348Z,Franecki and Sons,true
02bf8aaa-e026-4a44-b411-bde3f12cb12e,2024-04-01T16:31:30.921Z,East Adan,Alaska,Bhutan,-54.4503,25.8655,tamdiu,demitto,trucido,stultus,attero,blandior,debilito,27,69.4643923746112,39,cursim,5,2,1,false,0.10876705960512487,2023-02-06T05:28:19.948Z,Halvorson - Heller,false
aa92a189-132d-41b2-873d-d0ead8872df8,2024-02-21T14:13:58.251Z,Dachport,Hawaii,Japan,31.0967,-89.5137,cum,cohibeo,sunt,ipsa,vesper,veritatis,desipio,49,126.57348906702765,43,ocer,1,2,4,true,0.16466976315999599,2024-08-21T06:51:28.593Z,Mayer - Hartmann,false
f19f0953-233e-48e4-b49a-102b683ab4b6,2024-07-20T07:50:07.445Z,Predovicfurt,Hawaii,Iraq,-5.9471,2.1921,absorbeo,tendo,tenetur,asperiores,caterva,creptio,textus,90,41.09347656376364,64,amoveo,2,1,5,true,0.029081915295073285,2021-02-22T17:04:23.788Z,"Mueller, O'Kon and Blanda",false
0eed3cd7-9a96-4580-92ac-80b117fc1abe,2019-09-19T10:48:53.170Z,New Mosheberg,North Dakota,Italy,56.1497,-160.9393,articulus,in,tabella,cervus,congregatio,totus,confugo,25,59.98468276548455,51,ventus,3,1,1,true,0.16321865567817753,2024-03-01T02:54:35.707Z,"Aufderhar, Marks and Bartell",true
ffc28352-a41e-4b30-adde-7ed22eb2c8dc,2019-01-23T15:49:04.569Z,North Devynworth,Pennsylvania,Somalia,86.2994,-131.74,caritas,somnus,repellat,defungo,trepide,armarium,vis,92,234.36744603599718,60,statua,0,0,4,false,0.23218435173603066,2020-05-19T13:30:21.769Z,Abshire - Wilderman,true
777d0b11-247e-4a59-99a1-fbf4950cf14a,2024-04-14T10:03:39.336Z,Cincinnati,New Hampshire,Cote d'Ivoire,-66.8859,69.8423,consectetur,sol,capio,incidunt,terreo,coepi,administratio,25,63.13093779833415,91,cursus,4,1,5,false,0.15938941343295168,2025-04-06T13:22:13.481Z,Dickens - Hickle,true
1648d629-3ed8-42b2-8e07-6590d41052f6,2019-06-07T17:09:35.557Z,Fort Alessia,Nebraska,Portugal,50.3685,-27.3135,videlicet,vulgo,tumultus,denego,hic,quo,harum,119,159.18170911553602,58,abeo,6,2,3,true,0.11773661813894484,2023-11-12T19:15:47.505Z,Friesen - Howe,false
f1e72804-0e41-468e-b7f1-0aaac836153e,2025-10-12T12:02:34.794Z,West Rahsaanstead,Georgia,Falkland Islands (Malvinas),4.09,121.9146,comptus,animadverto,adnuo,tubineus,chirographum,corroboro,careo,70,51.58600434648526,55,recusandae,6,1,4,true,0.1533151958498649,2020-10-19T05:01:47.030Z,"Glover, Deckow and Satterfield",true
5bbc7a13-a55d-4271-8696-01691f194546,2022-08-02T20:47:29.039Z,Sierra Vista,Minnesota,Macao,25.6974,60.3487,caecus,enim,tristis,alienus,ante,solio,ascisco,41,65.92586446259641,94,velum,0,0,1,true,0.03548061268493141,2023-03-07T16:54:37.905Z,Goldner Group,false
fe3548e1-da51-463a-8ac3-d0d33ff81351,2025-03-10T10:48:55.641Z,East Sofiafort,Washington,Niger,-39.3744,90.6974,aiunt,cervus,timor,cetera,repellendus,caput,aequus,109,193.28920296750414,53,varietas,4,2,3,true,0.10399740445766739,2020-01-09T16:11:08.090Z,Jast and Sons,false
cbd26252-9943-444e-8e95-36d8fbb5d0c0,2024-07-30T23:56:54.234Z,North Abagail,South Dakota,Samoa,-89.3279,-42.3294,angelus,adulescens,amicitia,dedico,canis,debitis,usque,34,213.86919932008362,66,cubicularis,6,0,5,true,0.14587365649350645,2018-05-08T13:43:33.443Z,"Effertz, Schinner and Nikolaus",true
ce3a1a32-8ee6-4d4c-b58f-0560bf78d915,2022-05-03T02:14:13.201Z,Moorefield,Ohio,Timor-Leste,87.4679,114.9759,ipsum,auctor,considero,thalassinus,studio,veniam,video,25,102.6484371660279,75,verto,1,2,5,false,0.04395641929900096,2019-12-18T15:21:31.793Z,Conroy and Sons,false
0dcc6d63-fce8-483c-9255-dd0a0b3cccae,2024-05-22T18:02:11.673Z,Berenicehaven,Vermont,Niue,18.2525,-50.9453,ad,vulnero,argumentum,deludo,degenero,aufero,sumo,85,173.71923498950838,100,terga,1,1,3,true,0.23573449524066833,2024-04-17T17:45:44.933Z,Witting Inc,true
174f9698-0cc7-46c6-a59b-ade32711c6f7,2022-04-26T23:28:23.405Z,Mireilleboro,North Dakota,Zambia,-11.8392,61.1261,sol,congregatio,quidem,acquiro,cilicium,desidero,arca,56,101.16850987115718,44,subnecto,2,2,5,true,0.2412150878754059,2018-03-02T08:24:53.622Z,"Graham, Marquardt and Powlowski",false
99391daa-fff5-4d1f-be7f-5c39cdb00998,2021-06-13T22:59:25.740Z,Boyercester,Utah,Niger,10.5915,31.6141,caelestis,tamdiu,temptatio,colo,delectus,aperte,celo,128,70.54334676516059,72,atque,1,2,2,false,0.13400097350471588,2024-08-21T21:39:50.769Z,"Kautzer, Pacocha and Waters",true
e11868a5-fd57-4556-bfa2-282968fe267b,2023-09-17T16:44:25.402Z,Fort Stellastad,Indiana,Bahrain,54.4705,154.6777,iure,alo,vallum,collum,at,curvo,aedificium,126,116.6470058645456,57,quos,3,0,4,false,0.1327777390847593,2020-09-13T19:45:40.042Z,"Schamberger, Prohaska and Orn",false
ee0d7521-825a-4c40-8963-916604c668c2,2019-03-22T18:07:57.302Z,East Narcisostead,Washington,Hong Kong,16.1714,29.9277,cursus,nisi,aggredior,acquiro,tempore,vesper,ceno,65,149.6834015364573,78,claro,0,1,3,false,0.22494515620718927,2022-05-02T21:47:22.411Z,Strosin Group,true
28f680da-b309-4fd6-9f40-d5e1c0267d2f,2020-04-19T05:25:50.165Z,Ondrickashire,Pennsylvania,Saint Helena,-56.3396,-117.633,tempore,desidero,conforto,creber,et,communis,aegrus,89,56.925671759770715,75,supplanto,3,0,3,true,0.11344353322317155,2022-10-23T13:12:23.740Z,Kunde Inc,false
f1371d32-3f7a-4121-a467-f24d0c58df21,2020-01-24T20:11:19.074Z,East Hubert,Rhode Island,Timor-Leste,-73.4171,91.0347,clam,suppellex,synagoga,capio,vapulus,solutio,aduro,115,210.3673089930869,20,uterque,3,0,4,false,0.08842096690438275,2022-06-01T16:30:25.590Z,Witting Inc,false
25277c45-4d1b-4f94-bdf6-e3d759a476c3,2025-02-19T19:34:45.067Z,East Julianne,Alaska,Honduras,-8.1254,21.5249,cupio,sonitus,dolor,vivo,celer,terreo,succurro,104,28.664430579000097,46,sursum,2,2,3,true,0.05308308040625917,2023-03-17T07:42:30.276Z,Volkman Inc,true
ba6f00e7-25be-4814-9170-6845e075048b,2021-12-29T09:27:17.695Z,Fort Daronville,Nevada,Palau,-47.9147,148.1602,ustulo,sopor,sperno,caelestis,temptatio,vigor,alius,58,131.84118634108196,44,appono,4,2,5,true,0.010003548931833889,2019-02-04T17:47:11.010Z,Morar Group,false
1ef1ccd2-7c57-4e81-bc10-06196bebdf09,2022-08-13T12:28:45.239Z,Armstrongview,Maine,Bermuda,-82.851,134.6523,suppono,quaerat,via,cumque,contabesco,quis,ante,39,193.4361784218749,52,spes,6,1,1,false,0.20075708724374572,2020-04-01T19:00:32.087Z,Green - Runte,true
688290b8-ab37-4322-94fc-aff59644f28d,2023-08-29T18:24:52.998Z,Alexyscester,Michigan,Iraq,-59.5234,97.6995,cultellus,utique,valeo,argentum,terebro,thymum,vorax,101,35.753736395704856,79,vicissitudo,1,2,1,false,0.025661225091916512,2024-11-30T21:34:31.219Z,Willms LLC,false
11904b4a-6a24-4822-95af-cb2e6d502ec0,2021-03-27T04:01:15.362Z,Luiston,New Jersey,France,-10.9582,138.271,calculus,cui,tumultus,deputo,congregatio,veritas,decumbo,30,128.74200304429198,21,acceptus,2,1,3,false,0.11868346260404361,2025-12-27T18:09:17.948Z,Walter Inc,true
4ae1702f-b080-4388-bbe1-955355d74e43,2018-05-17T17:20:20.685Z,West Evert,Maryland,Czechia,-11.1124,102.0382,constans,tendo,cursus,suggero,tribuo,explicabo,textor,122,46.61117028732675,24,contigo,6,2,4,true,0.2119481873851957,2025-03-31T07:04:32.289Z,Thiel LLC,false
773ac94d-dc1c-4c72-a917-4679cd6f8bd4,2020-06-30T20:33:21.812Z,South Richardshire,Alabama,Guinea,33.9196,-81.4702,demo,temperantia,spargo,iusto,ultio,coerceo,tenuis,126,138.0465277378166,48,defessus,1,1,5,true,0.015002951875202647,2023-08-10T02:22:06.046Z,"Koss, Schaefer and Heidenreich",false
2531afe1-c6c4-49cd-a43b-74eca38ef242,2020-02-16T19:41:38.252Z,Rodolfoland,Mississippi,Democratic Republic of the Congo,-89.3456,77.2403,cunae,vicinus,advenio,crepusculum,aufero,strenuus,taedium,103,129.55845844316303,27,advenio,4,1,5,false,0.20435192319987527,2023-01-10T11:35:31.495Z,Larkin - Brekke,true
f925d98c-625e-49fa-8edc-8b9d3b26b2ba,2021-04-10T06:50:23.326Z,Bertramborough,Massachusetts,Faroe Islands,-49.2416,91.0275,animadverto,thorax,conatus,delego,colo,cinis,vinitor,116,8.36007499294336,60,talis,5,2,3,true,0.0465046113058723,2023-12-22T09:06:36.258Z,Strosin Group,false
cde0c66f-d087-49ba-8928-4f9b92652be0,2024-02-06T11:22:53.005Z,East Tyrel,Tennessee,Iceland,10.4872,-101.4206,amita,clibanus,carpo,defendo,commemoro,thermae,tonsor,98,215.8565260658531,63,consectetur,3,0,3,false,0.16949145983600988,2023-01-20T13:14:48.826Z,"Nienow, Jaskolski and Dach",true
a154c28a-891a-436b-ae69-e97755d45d8d,2024-12-20T19:53:45.867Z,Benedicthaven,Rhode Island,Ghana,-63.6537,-123.4086,temeritas,terga,celebrer,demergo,absens,volaticus,ambulo,54,3.277000171117166,63,barba,1,1,5,true,0.08634257738156512,2019-06-04T00:31:44.968Z,"Cole, Herman and Jerde",true
56875ab2-49a8-4664-bb36-07b103fc5465,2023-11-12T05:04:41.307Z,Draper,Indiana,American Samoa,-6.1127,-57.091,ceno,animadverto,arca,villa,vita,saepe,testimonium,30,181.90913635516384,76,pax,5,2,2,true,0.19840500944161998,2021-11-28T08:29:58.384Z,"Gusikowski, Jast and Zulauf",false