accident_id,incident_datetime,city,state,country,latitude,longitude,road_name,road_type,intersection_type,accident_type,weather_condition,road_condition,light_condition,speed_limit,actual_speed_kph,driver_age,driver_gender,casualties,fatalities,vehicles_involved,alcohol_influence,blood_alcohol_level,weather_reported_at,reporting_department,pedestrian_involved
47ad29b6-b1f0-4184-b81c-84eef6479827,2025-02-14T12:02:22.204Z,Jedmouth,Kentucky,Marshall Islands,4.4357,154.5792,verumtamen,inflammatio,anser,patruus,cattus,aliquam,coma,70,100.58369394012209,96,cras,4,1,4,true,0.20203216444224636,2020-01-29T03:00:14.893Z,Hane - Boehm,true
62e2e68c-587b-4801-b8de-a2554bb1abdb,2023-01-23T08:58:05.848Z,New Aliviaboro,Tennessee,Reunion,-60.502,-19.6879,crapula,vilis,dolores,adhaero,campana,aqua,harum,115,211.83523489109362,63,cilicium,4,1,1,false,0.07137901709046951,2021-01-04T08:57:04.198Z,"Greenholt, Watsica and O'Keefe",false
5c523c06-171e-4a8e-b261-4a0b6441cb4e,2024-02-21T07:52:54.864Z,Darienview,New Jersey,United States Minor Outlying Islands,79.7975,52.7024,agnosco,beatus,tutis,baiulus,considero,alienus,nulla,104,160.47054465521046,43,defendo,5,2,2,false,0.22066611499795266,2023-12-10T22:17:17.215Z,Denesik - Oberbrunner,false
10b3c0db-7464-464e-8233-2df5b018929d,2018-06-16T19:30:09.345Z,West Jalenworth,Delaware,British Indian Ocean Territory (Chagos Archipelago),-16.519,-48.5808,talio,aegrotatio,deporto,usus,crux,a,vix,130,202.53543769349676,83,cumque,3,1,3,true,0.2250876371927783,2018-11-25T02:54:03.293Z,Hickle - McLaughlin,true
8bd8af8e-5608-4678-b611-724573d1f057,2023-04-20T01:20:01.779Z,Lake Simoneside,Texas,Myanmar,-49.1996,-114.2471,magni,laudantium,vomito,non,suscipit,statua,celebrer,74,209.35834502460517,49,ustulo,5,2,2,false,0.130545191872441,2023-12-25T08:01:24.246Z,Fisher - Wehner,false
11d035b4-63cb-4369-9aae-34815af0486f,2019-12-11T11:13:53.593Z,North Deborah,Hawaii,Iraq,-52.2648,28.7084,aperiam,virga,vaco,utilis,denego,tabula,arto,75,18.261428844010695,95,doloremque,0,1,5,false,0.24963628901353133,2023-09-28T02:56:55.393Z,Grady and Sons,false
48479176-494d-438c-8ef2-6e7dacb90c40,2019-04-17T19:28:31.651Z,Logan,Minnesota,Reunion,50.0736,93.9588,capillus,abbas,fugit,temeritas,derelinquo,conspergo,accusantium,38,107.29966749741479,74,cattus,1,0,1,true,0.18135943191341025,2020-06-10T15:42:47.231Z,Bauch and Sons,false
feaa60bf-0143-4bb4-b77e-2ebe6e0440eb,2022-07-15T13:17:29.995Z,Osinskifield,Kansas,Djibouti,-69.5195,-44.3611,thema,cado,thorax,suadeo,sono,acervus,delinquo,95,134.66805359180793,72,benigne,4,2,3,true,0.20849820363123872,2024-12-07T20:59:38.652Z,Moen LLC,true
e136a38b-853b-4689-a941-dd22d0160f52,2025-03-04T07:31:19.780Z,Greenberg,Alabama,Iceland,53.6033,-168.0748,administratio,vomito,tamen,voluptatum,ago,arca,depopulo,43,231.5665007063091,45,culpo,6,2,1,true,0.14140382794294062,2025-02-02T16:32:36.073Z,Gerlach - Zboncak,false
dc6655b6-7940-4533-9a33-7d6d0fb644d8,2025-09-18T04:15:28.134Z,Lake Josephine,Maryland,Portugal,1.971,27.7437,approbo,veritatis,vallum,accendo,unde,alius,stipes,90,68.10514701151503,29,civis,4,1,2,false,0.028519026662005148,2025-04-28T05:06:27.782Z,"VonRueden, Schuster and Murazik",true
71cb710a-9129-4f99-b851-67a0aafd78db,2025-07-08T19:15:21.720Z,Lake Kolby,Delaware,Niger,81.7868,74.6712,porro,benigne,armarium,utique,astrum,teneo,basium,86,59.576410578228796,75,similique,5,0,3,true,0.03232352842805675,2023-06-21T20:00:33.669Z,"Gleichner, Rohan and Prosacco",false
4b711482-06d3-4791-8dc1-f755d96f3c65,2022-01-20T01:00:47.731Z,Lake Nathanialside,South Carolina,Benin,-61.5297,169.9057,terebro,terga,nemo,vulnus,acceptus,uter,arguo,70,97.35415871077524,33,aequus,2,2,1,false,0.24790605270632915,2025-06-30T05:11:45.252Z,"Schultz, Schmitt and Corkery",true
ea386a95-a039-42e3-85d6-17111abc81cd,2021-11-20T06:27:48.877Z,New Bertramland,North Dakota,Thailand,-53.8644,-22.7071,adopto,undique,congregatio,beatae,eos,sui,paulatim,87,106.6061522341521,22,arma,3,1,5,true,0.17865648685992264,2024-05-25T04:05:16.571Z,Morar - Aufderhar,false
da64c610-23a1-4db0-8050-504df0b5a1f0,2018-04-04T16:22:26.956Z,Wolffborough,West Virginia,United States Minor Outlying Islands,88.3874,80.1829,vilitas,demergo,molestias,iusto,suadeo,absque,ater,79,178.27416675877444,64,spero,3,0,4,false,0.1941717943429086,2018-08-02T15:25:08.841Z,Howell - Kirlin,true
f0ffd7eb-ad5d-4448-b0d8-7ac03b9c3da3,2022-05-09T00:17:03.188Z,Bauchland,Pennsylvania,Czechia,-51.4769,-128.5385,dens,aeneus,coniecto,beatus,ducimus,ventus,quis,77,171.51789121634187,20,agnitio,0,2,5,false,0.12102719573021475,2025-07-10T01:39:59.647Z,Howell LLC,false
13868591-2813-4dc5-99bb-97ccb25dee26,2020-06-23T20:19:56.406Z,Candaceton,Washington,Norway,6.0992,-20.6362,deleniti,quia,comitatus,possimus,casus,vita,vox,99,186.47576554708297,90,ipsa,4,2,3,false,0.21878340575321556,2018-11-26T08:37:12.764Z,Prohaska - Carroll,false
8988f8d2-2e5e-47ca-90a3-96afa0022076,2022-12-13T15:48:23.502Z,East Hendersonview,South Carolina,Belize,-59.4711,148.6122,bonus,considero,cognatus,ultio,turbo,molestiae,conduco,90,67.76422795513706,91,comburo,1,2,2,false,0.04431455663294728,2022-09-13T10:32:53.663Z,"Hoeger, Paucek and Ritchie",true
6b295328-1b1d-48af-9efc-1260ebb951eb,2024-01-28T00:31:50.733Z,Monterey Park,Rhode Island,Mayotte,-19.3915,-77.6714,solutio,delinquo,quis,corpus,uxor,valens,bos,32,99.14036722073018,35,turbo,2,0,4,false,0.12543647403404137,2025-10-25T16:47:42.893Z,Hermiston - Hessel,true
e1e80523-d2ca-47bb-8e65-74d3f1e96c78,2019-11-17T22:51:16.951Z,New Gene,Virginia,Tonga,-63.4039,-172.1641,iusto,vilitas,sursum,pecco,auctor,animadverto,corrumpo,61,226.0440318085654,55,vulnus,2,0,3,false,0.1355430423093084,2021-08-08T16:12:10.145Z,Treutel - Wiegand,true
87efe286-ef02-4147-b7a2-0349d333b5b1,2022-09-04T02:09:24.755Z,Eleazartown,Pennsylvania,Malta,88.4801,178.3815,videlicet,admitto,claudeo,error,confido,asper,supra,127,38.18207378068217,100,adficio,3,2,2,false,0.02054474423818059,2025-05-25T20:28:52.289Z,Hand - Hoppe,false
0075ed58-ccb2-4894-9a51-4209b723b410,2022-02-19T22:50:21.137Z,East Jordan,Colorado,Iceland,-48.6249,89.8662,pel,eaque,vicissitudo,urbs,ventito,aegre,textor,40,125.4744499889152,98,ipsam,5,2,3,false,0.03255813067001795,2019-06-28T14:56:38.513Z,"Paucek, Berge and Kuhn",true
141edde9-1f13-4e01-99d5-5aedba6c0ec7,2023-11-05T20:48:36.968Z,Leilastead,Florida,Saudi Arabia,71.8754,-176.3016,desino,asporto,cupressus,comptus,voluptates,sperno,undique,35,136.86961143031132,27,spiculum,2,0,5,true,0.22486085363605893,2021-04-07T21:10:00.988Z,"McClure, Gulgowski and Walter",true
cbda2b82-7202-44ec-b725-f7c1e7d0fb47,2022-03-25T16:54:09.373Z,Hillsboro,Kentucky,Botswana,2.2987,31.8456,carpo,cicuta,vergo,vitae,tepidus,commemoro,tenax,50,62.2890766839284,55,trado,4,0,3,true,0.1058157245945443,2021-08-09T16:03:57.521Z,"Williamson, Nikolaus and Hagenes",true
41960815-6c91-4fa2-9e47-e7fbe0096f08,2020-07-01T13:44:42.310Z,Port Ethelyn,Virginia,Estonia,85.1019,-55.4666,corrupti,valeo,voveo,vir,tandem,ubi,vester,75,222.7560243774701,26,aureus,3,0,5,true,0.077655180829064,2020-05-03T10:26:02.860Z,Mills and Sons,false
f321fec2-d635-4dda-a7da-410585b64802,2020-08-13T08:34:54.701Z,Sioux City,New Mexico,India,-45.0101,-16.658,doloribus,pecto,vestrum,beatus,defaeco,adiuvo,umerus,41,27.811814957344325,50,aveho,4,2,1,true,0.03912697703840187,2021-05-23T11:21:16.496Z,Lubowitz and Sons,false
9b30b865-608d-4f28-8752-8a44336fdb29,2023-08-30T03:50:08.231Z,Port Salvador,New York,Falkland Islands (Malvinas),-33.8173,-130.9265,torqueo,carus,arguo,turba,cariosus,fugit,curia,107,210.44068315942096,19,totus,4,0,3,false,0.17441157935535023,2019-07-06T18:02:21.433Z,"Ankunding, Turcotte and Williamson",true
0c743862-0085-446c-9103-7bd341080b76,2025-05-08T15:55:30.621Z,Leathafurt,Ohio,Greenland,-63.8677,157.7657,temperantia,angustus,surculus,sonitus,sub,uterque,aegre,45,36.784067369621106,43,similique,4,1,5,false,0.24973476540717418,2024-06-22T12:22:48.234Z,"Rippin, Cartwright and Brekke",false
4b5fa351-5b21-4eba-b201-c4331a3b02c3,2021-04-09T02:18:22.595Z,Johnsberg,Kentucky,Botswana,-7.206,-45.2519,vomica,stipes,derideo,animi,auctor,deripio,derelinquo,77,211.37768737373918,97,ultio,6,0,5,true,0.17726415816189375,2019-07-12T00:53:24.594Z,"Kutch, Klocko and Bayer",false
24a0dabe-48bc-4092-9ec5-d202b6781a45,2019-12-26T12:14:17.291Z,Marianetown,Alaska,Svalbard & Jan Mayen Islands,17.7886,60.4306,cernuus,delego,vigilo,undique,suspendo,illo,ceno,91,163.79188673471302,98,terebro,6,1,2,false,0.05280902959538694,2018-05-13T11:56:24.942Z,Blanda - Kris,true
67a69b82-7b51-4751-a615-cbed032d32d1,2021-10-18T20:40:49.496Z,Billystead,Mississippi,Argentina,52.4138,-67.5567,suscipio,cibo,candidus,testimonium,aestas,comis,canis,83,218.52942537288337,38,animi,0,1,4,true,0.22426191522774913,2022-10-09T02:54:51.529Z,"Lehner, Jaskolski and Williamson",true
8bd5f5f6-e917-4e59-9cd2-f089f3a2fd61,2024-02-10T09:24:39.899Z,West Charlenefield,South Carolina,Bahamas,52.4607,-10.5409,soleo,vesica,alius,occaecati,eius,apud,abbas,123,107.23631437116059,28,tabella,0,1,4,true,0.010799422766013145,2022-05-24T15:38:13.973Z,Crist - Hand,true
b484b225-0134-42c0-8eb6-adbf9ed31237,2022-08-10T22:24:22.960Z,Yostmouth,Idaho,Christmas Island,12.2295,73.063,amor,demo,arbor,amaritudo,vicinus,succurro,decor,38,64.7524117650505,39,deputo,4,0,4,true,0.043027701493329434,2021-10-15T01:01:28.358Z,"Heaney, Nikolaus and Miller",true
c6a35747-dabd-4b19-bf32-690e6a8c61d8,2022-11-19T14:46:00.206Z,Jerelborough,Kentucky,Tanzania,-73.757,119.6819,annus,aegre,arceo,vox,alveus,bardus,volaticus,67,110.40368237299924,78,labore,4,1,4,true,0.03500131994096373,2020-02-05T01:57:31.433Z,Rogahn Inc,false
5d505d8c-41a4-40cf-b4d6-cec373a45727,2020-07-07T03:18:00.191Z,Lake Raheemview,South Dakota,Jersey,14.3954,163.9074,cerno,compono,victoria,nobis,stella,peccatus,alter,40,124.91791310532359,26,sponte,3,2,2,false,0.2272709093422764,2021-06-13T12:17:51.276Z,Casper - Lueilwitz,true
9d0bb1f4-cbbd-405e-80e0-e65cd233538a,2020-07-06T18:18:40.463Z,North Neilhaven,Alaska,Bahrain,11.9112,-124.653,ante,tamisium,color,vix,acceptus,tres,ocer,28,118.30745660860947,75,eum,6,2,5,false,0.032291835161745525,2024-06-01T08:38:39.520Z,Kemmer Group,false
c6a07b61-a176-4bbc-8ba1-ae0dec3e69e7,2019-02-28T09:23:38.776Z,Kendrickhaven,Oregon,Mexico,-16.7016,-12.3032,verumtamen,tonsor,ciminatio,solitudo,solum,timidus,admoveo,49,153.751111266775,49,suadeo,3,2,4,true,0.2028614554707964,2023-12-02T17:47:47.547Z,"Green, Reichel and Marks",true
09ddab21-77dd-44de-8af7-7c79a8638fc5,2020-11-22T20:28:10.875Z,Fort Waylon,Arizona,Fiji,-60.8521,103.7537,acceptus,perferendis,contabesco,accommodo,nostrum,nihil,antiquus,83,188.0725464419841,42,vinculum,4,0,1,false,0.16418407038880026,2020-01-22T20:41:46.228Z,O'Kon Group,true
c5479279-1c4a-4a1d-a350-53a72db3ac9f,2018-08-13T23:12:11.892Z,Schroedershire,North Carolina,Israel,43.2842,154.6734,dolores,ut,compono,audeo,magni,ara,xiphias,109,181.21926953148073,78,quae,2,0,3,false,0.16049245562870315,2020-10-01T03:32:49.040Z,"Abbott, Wolf and Kozey",false
717b0adc-e145-405e-bf29-495f77bc6580,2021-04-01T14:00:24.789Z,Port Carmeloworth,Rhode Island,British Indian Ocean Territory (Chagos Archipelago),79.2551,111.4381,commodi,corrigo,titulus,tero,ater,victoria,stillicidium,93,116.59588209323093,90,amplitudo,1,2,1,false,0.14620485034178865,2020-05-19T17:03:27.216Z,Murazik - Runolfsson,false
2b6abdce-bf6a-4368-90c0-35f99d10b3d4,2020-11-12T18:02:22.486Z,Euniceberg,Georgia,Libyan Arab Jamahiriya,-18.9015,-102.1922,velut,contigo,tum,quod,suus,baiulus,volaticus,80,131.97582633933845,20,volo,0,1,4,true,0.063049607894755,2022-11-11T15:32:04.290Z,"Bogisich, Bednar and Reichel",false
4ea19ff8-97f2-4513-9f71-7ff021dcb141,2020-03-01T11:14:41.350Z,Jefferyview,Minnesota,Slovenia,74.5183,53.9084,demulceo,denego,caecus,decor,auctor,quibusdam,vespillo,64,102.07657548168308,26,confugo,0,0,5,true,0.15696311081521447,2021-12-10T22:53:32.969Z,Kutch Inc,false
b8e1102e-d6e5-4e30-b501-0adb4fcf1db5,2024-09-08T04:19:18.818Z,Port Juliana,Pennsylvania,Bermuda,-31.2712,75.2246,urbanus,odio,comparo,nesciunt,quasi,amiculum,dicta,48,112.29204558114174,64,averto,4,0,1,true,0.15321316842487012,2021-04-06T11:35:59.618Z,Zulauf - Larkin,true
51bc3c90-ad83-4b98-82c4-e2a2dd2da3d1,2018-01-03T17:58:47.144Z,New Michelchester,West Virginia,Central African Republic,-42.7482,-104.976,desolo,tersus,tendo,decimus,acies,validus,caelum,36,15.351659103388569,63,somniculosus,1,1,4,false,0.19217333089051628,2019-10-26T05:43:55.044Z,"Schneider, Armstrong and Rath",false
1f48b86b-dbb6-4c65-826a-f386abd1f1e1,2019-10-18T11:08:32.485Z,South Kamilleshire,North Dakota,Canada,50.2752,-116.8755,dens,voveo,incidunt,vere,excepturi,cedo,vobis,121,150.65540168967598,62,conturbo,1,1,3,false,0.05704553471955193,2018-07-14T02:46:59.378Z,"Collier, Deckow and Mohr",false
85e57fa6-636f-40c4-a565-51639abceacf,2022-04-08T06:05:16.252Z,McKinney,South Carolina,Kenya,1.2015,-87.829,strenuus,caput,aequitas,torqueo,carbo,vivo,aegre,74,0.6587065985639207,65,libero,6,0,4,false,0.10291984834288381,2023-12-15T03:42:57.638Z,"Huels, Kertzmann and Bechtelar",true
071dff3f-fee4-4fd8-ab1c-90eed0801585,2022-07-09T06:04:51.195Z,South Coyland,Alaska,Tokelau,-65.3157,-29.6136,adfectus,cognomen,bis,curia,doloremque,sono,supra,79,188.26606652825555,57,apostolus,0,0,5,false,0.000800105598313644,2021-11-04T15:46:20.127Z,"Huel, Pacocha and Lehner",true
b2bfd5da-07c3-4b02-b01c-081369a17530,2024-01-17T04:34:46.985Z,West Des Moines,Kansas,Nauru,-69.9423,17.6823,unus,paulatim,timidus,terra,ipsum,sponte,aveho,39,171.80524510484977,23,tristis,1,1,1,false,0.11282391291787278,2023-09-26T02:12:25.437Z,"Mosciski, Bosco and Moen",true
fbe697b6-0449-475e-b87d-f7201dfc7633,2024-09-06T15:49:44.511Z,Downers Grove,Mississippi,United Kingdom,-82.3462,12.4585,statim,benevolentia,tersus,curia,defleo,dens,decerno,60,220.2822773434304,39,amor,6,1,4,true,0.030714103430983797,2025-07-10T18:24:53.305Z,Shanahan and Sons,true
b9150162-15be-41fa-94f3-f907af6cdf6b,2020-01-27T08:53:20.769Z,Aloha,West Virginia,Bulgaria,21.5948,-173.6989,cetera,degusto,decens,absque,aurum,deprecator,acervus,107,131.10602687442832,17,aliqua,5,0,4,true,0.191656985393929,2020-10-21T11:19:30.536Z,Spinka - Maggio,false
00e647f4-6f0f-4adb-9dde-a5d12d083a5c,2024-06-11T01:57:23.980Z,Conroymouth,Hawaii,Belize,-81.6311,115.9701,crebro,clamo,deleniti,canto,amitto,aranea,confero,24,133.43199876983093,92,carmen,1,2,5,false,0.1518050056545921,2022-07-14T22:41:51.428Z,Auer Inc,true
7dcc4987-a8d9-4122-9fb4-28764d293e84,2024-02-24T16:56:19.824Z,Shanefort,Michigan,Saint Helena,-17.3387,26.075,bellum,abscido,deprecator,testimonium,cui,sponte,quisquam,87,204.44371981998614,65,aureus,5,2,2,false,0.18813756567443635,2022-04-19T16:10:21.406Z,Kemmer - Bruen,true
b908ad77-8502-44aa-9968-af07c3df636d,2024-04-16T10:45:40.144Z,Greenfelderchester,Michigan,Saint Barthelemy,-46.3366,92.5722,beatus,decretum,armarium,damno,amplexus,admoveo,urbanus,30,50.55078855249958,69,ancilla,3,1,5,true,0.22323509779306638,2024-03-09T23:22:22.739Z,Mohr - Stark,false
9dce9337-9134-40ab-9993-a0a546fc557f,2025-07-13T17:31:36.674Z,Ubaldoport,Virginia,Gambia,29.4045,7.4119,magni,testimonium,deleo,terreo,caute,assumenda,timor,105,131.2664349046271,89,soluta,4,0,4,true,0.05335346127964355,2020-06-04T08:31:55.718Z,"Hansen, O'Keefe and Breitenberg",false
785a45b4-79ec-4a59-a517-8ef25ef43461,2022-03-06T06:46:41.790Z,Port Zenaland,Nevada,Togo,-82.4208,-40.4221,possimus,abstergo,conor,tantum,possimus,vulnus,ater,128,80.60986810232043,26,coruscus,4,1,2,false,0.046288245104312176,2020-09-15T19:25:51.213Z,Mann - Wolff,false
b222b97c-9fdd-4c31-afa4-76a68b5b23b5,2018-09-29T22:41:01.312Z,Sauerchester,Ohio,Vietnam,-58.5892,141.4954,suscipio,patruus,deserunt,vitae,tero,correptius,aegrus,66,3.2972381174141763,97,turbo,5,0,2,false,0.0043787402267113085,2020-05-14T06:34:00.281Z,"Bernier, Ryan and Kuhic",true
bfe7e934-0c88-4588-841f-2e4f5a0424e0,2018-12-24T23:30:30.960Z,Amiyaton,Virginia,Guinea,29.7031,-110.6153,bellum,conicio,defungo,quisquam,curiositas,advenio,suffragium,88,120.53318952366205,17,tepidus,5,2,1,true,0.20840825509028033,2018-05-19T02:04:39.230Z,Towne Inc,false
d54f4d83-8b18-44b8-b068-1dd604b014b3,2021-04-08T18:32:41.826Z,South Nona,Rhode Island,United States Minor Outlying Islands,71.4039,-34.6039,vero,corroboro,accedo,tutamen,demo,solium,decimus,122,149.31794676267637,95,casso,0,2,5,true,0.20581986992196777,2019-09-23T08:23:02.650Z,Batz Inc,false
ac89c60b-eeff-49d1-8aeb-d81eeb24ab78,2019-05-29T20:40:48.670Z,Marksside,Vermont,Uruguay,17.2487,-60.4336,aeternus,ipsam,blanditiis,theatrum,vos,coma,vilitas,84,233.5558084757311,21,tibi,1,2,4,true,0.1485978926018037,2022-10-18T09:54:00.843Z,Morar Group,true
8189ad79-fcf3-4fda-ac70-1bc7af3669a9,2022-06-08T13:37:31.628Z,West Nataliabury,Louisiana,Mexico,-50.542,21.2143,validus,attonbitus,ipsam,tardus,sortitus,certus,conventus,32,193.0973774736754,73,defero,6,1,5,false,0.1049896529469306,2024-06-18T16:59:31.109Z,Crist Inc,false
183412e0-2c09-41a9-b237-f1bcd79383f4,2022-10-04T03:18:32.033Z,Rocky Mount,Iowa,Heard Island and McDonald Islands,24.4689,-159.6984,valetudo,textilis,sunt,cruentus,reprehenderit,nobis,cum,30,224.46110712668585,17,caste,4,2,3,true,0.10904888025845952,2025-02-09T01:49:39.117Z,Swaniawski and Sons,false
fcb4162c-71e0-46a5-8aa8-845575f38f38,2021-03-07T18:45:10.714Z,North Morgan,South Dakota,New Zealand,80.9752,-152.433,aliquid,cariosus,thesaurus,comprehendo,crux,verbera,stipes,87,117.80790811087961,89,conscendo,1,2,4,true,0.17754309015192096,2022-01-27T15:29:40.986Z,"Wolf, Buckridge and Terry",true
117fd611-f83a-4f2b-9d0c-594be5e3ed7f,2021-02-19T12:38:37.332Z,Victorville,Minnesota,Canada,-12.4783,-178.6134,deinde,aptus,tyrannus,conservo,attero,civis,tyrannus,98,77.41472376511439,85,caelestis,1,0,5,true,0.20057753942540157,2018-08-16T18:05:16.985Z,Beahan - Cummings,true
32e8e8b7-a0a5-44e9-9140-01bf504bf5ed,2019-04-26T00:22:07.492Z,Normal,Mississippi,Holy See (Vatican City State),-22.0862,-49.7536,laboriosam,ambitus,careo,spargo,absens,ambitus,perspiciatis,127,195.20047950846333,48,complectus,2,2,2,true,0.188936200143639,2020-02-11T07:44:32.850Z,Beahan LLC,true
c1092b48-8914-4f56-88ba-98a0984d28c7,2024-11-17T13:48:52.827Z,Krismouth,Michigan,Suriname,58.8402,66.3787,voluptate,delibero,quae,eos,a,cribro,vitae,108,227.39123259277642,86,tutamen,0,2,1,true,0.23355485853556457,2024-09-01T22:17:33.535Z,Schneider - Adams,true
ce81e7bf-69e2-4348-92f5-988147b8987b,2023-06-13T13:57:46.912Z,Gerholdport,Colorado,Guinea-Bissau,-52.2961,154.2145,dolorem,appello,teneo,armarium,defluo,cubitum,crepusculum,103,176.6227670549727,83,tactus,2,0,4,false,0.06433542781257745,2020-11-09T18:13:35.698Z,Kilback LLC,false
ff6c6c34-20e4-47ac-ac5c-361bba964c8c,2024-12-29T02:15:50.864Z,New Damarisborough,Oklahoma,Yemen,-65.6304,-106.443,atavus,cogo,adstringo,curis,paens,brevis,uxor,100,29.83305360796433,81,sollicito,3,2,4,false,0.15814726458817055,2023-12-22T12:00:54.026Z,"Vandervort, Kunze and Wilkinson",true
ecc697c4-941d-4268-9ca6-b42e1e47659b,2020-05-27T21:17:50.870Z,New Jerome,Rhode Island,Lebanon,-29.1205,23.0135,deporto,vox,claro,consuasor,statim,tutamen,coadunatio,74,223.7451126651067,86,quae,4,0,1,true,0.11504916949987842,2024-07-21T23:45:23.210Z,Wyman - Mitchell,false
7a665119-7577-43a7-b13a-7f013cc98d07,2020-08-25T15:59:41.598Z,Lake Deiontown,Kentucky,Liechtenstein,20.0595,-57.4329,carcer,somniculosus,constans,tergo,venio,tabula,aduro,107,106.31987709096477,54,autem,6,0,2,false,0.19315282287727578,2023-09-30T19:41:53.548Z,"Cruickshank, McGlynn and Osinski",true
533bb018-6e76-4279-85c5-bb540edf77d8,2022-01-11T06:01:57.775Z,New Leann,Mississippi,Panama,21.0436,-173.6649,corpus,dignissimos,supellex,uberrime,illum,tui,capto,20,95.67369622857298,97,ubi,6,0,5,false,0.0026926586979049705,2025-12-17T17:27:14.061Z,Kertzmann - Davis,false
cdee9217-3e05-4f38-b7ac-1ddef2ac823e,2024-12-31T08:13:52.959Z,New Lenny,Ohio,Falkland Islands (Malvinas),-35.1979,-49.8137,ancilla,deserunt,confido,alveus,acquiro,ubi,adduco,76,226.43484416111684,70,ascisco,3,0,2,false,0.02914790155550026,2019-12-22T17:14:45.191Z,Veum LLC,true
ac5e2090-8064-4085-82e9-0552f16d96bc,2018-06-30T11:47:46.613Z,Kilbackcester,Minnesota,Vanuatu,8.8465,152.3772,esse,talus,abstergo,custodia,angelus,voluptates,vesica,75,145.35379834014336,32,viriliter,6,0,3,false,0.023423948505240794,2020-09-14T16:26:35.113Z,Heaney Group,false
f780f7ad-dc0d-4b72-ba48-153dcca354c4,2023-01-05T00:22:55.890Z,Orlando,Minnesota,Svalbard & Jan Mayen Islands,-64.6654,-24.3092,strenuus,tunc,cariosus,velociter,vacuus,utrimque,casso,83,127.33139129302407,66,advenio,6,1,5,true,0.06092369762911562,2020-05-10T03:50:19.424Z,Morissette Group,false
117029ec-bd67-4430-8680-61d7abedd5e9,2018-01-10T13:00:31.577Z,South Yadira,Michigan,Vanuatu,68.9159,143.3388,approbo,sum,valens,testimonium,bellum,tempora,artificiose,48,189.3503267453697,81,arbustum,1,1,3,true,0.12136289850636592,2022-12-21T13:36:29.194Z,Hammes - Abshire,true
187d2cb2-d309-43df-8bbf-037217ed1cc9,2024-05-02T20:15:17.963Z,Murphyborough,Illinois,Guinea,31.4954,47.392,verus,vesica,advoco,assumenda,sono,dignissimos,sono,89,141.2982302198955,86,beneficium,5,2,2,true,0.051609276328745596,2018-06-14T02:25:33.167Z,Terry Inc,false
5af39576-5b1b-4471-b6ba-e39d1649f479,2020-11-15T12:40:08.756Z,East Oscartown,Alaska,Indonesia,27.3316,65.77,temporibus,deludo,argentum,apparatus,cariosus,advoco,cervus,59,138.2331498335181,81,tepesco,1,0,5,true,0.1235966881910916,2021-04-05T07:28:34.319Z,"Borer, O'Conner and Schuster",false
b2ae2047-21b4-4a69-8007-f664c05c487b,2025-03-30T15:44:59.687Z,Nicolasbury,Michigan,Somalia,23.1848,-75.3203,nemo,molestias,xiphias,demens,vespillo,doloribus,assentator,107,229.1539109411319,45,decumbo,0,1,4,true,0.10608737999236745,2022-07-08T03:21:11.967Z,Larkin LLC,false
9bdc71e6-1e57-4e52-937f-ab6991d26cf6,2024-09-03T06:15:49.219Z,Waukesha,Nebraska,Greenland,57.9678,-179.4301,vestigium,vinculum,arx,quaerat,curtus,carpo,tamquam,122,150.13665452830406,94,vilis,3,1,1,false,0.14471277353705306,2025-11-12T09:54:09.038Z,Rohan - Rutherford,false
d4cfc20d-cdb2-48f4-8914-ddc19a39c7d8,2024-08-26T01:46:51.462Z,Pfannerstillberg,Texas,South Georgia and the South Sandwich Islands,40.3787,76.5904,reiciendis,villa,xiphias,armarium,caritas,cogito,patria,103,169.07010197185662,33,stultus,0,1,1,true,0.06321010616102501,2018-08-20T02:38:37.084Z,"Haley, Dicki and Zboncak",true
7a693edb-4c2d-440f-b8cf-8ff86a79122c,2025-01-08T13:56:30.189Z,Fisherchester,Utah,Guadeloupe,-40.8632,-153.3584,comburo,sui,tum,ulciscor,vox,carus,carbo,77,158.033929485216,69,abscido,0,0,2,false,0.09207051490968515,2019-06-05T19:22:16.900Z,Streich Group,true
66476498-0823-4681-96f8-58974d333d87,2019-04-22T16:07:49.368Z,Frederick,Alaska,Belgium,55.2594,59.509,civitas,delego,nobis,aliquam,peior,aperte,adhaero,100,43.99901984295597,89,aeger,0,1,3,true,0.03384195560604569,2024-07-05T21:52:31.028Z,Jast Inc,false
9d68fd77-b10e-4dc1-9762-a0bebcdf90c4,2018-01-29T01:55:54.144Z,Prohaskaside,Wisconsin,Pakistan,11.9142,31.8909,auctus,tremo,thermae,pariatur,vespillo,adulatio,terra,122,237.65642080073238,40,vitae,6,0,5,true,0.21712402282691196,2020-08-29T06:14:56.331Z,Legros - Paucek,false
e0a62c2d-455d-4f68-88e9-f2a1f7aaf01f,2021-11-09T22:55:03.596Z,Ratkefort,North Carolina,Faroe Islands,76,176.3729,crux,carbo,aqua,cresco,defero,aspernatur,antiquus,112,116.63622764425142,87,tactus,5,0,1,false,0.16680792310253703,2024-01-28T20:25:16.265Z,Bauch - Nikolaus,false
ad3fca88-f3cb-434c-898c-c28c6833418a,2023-12-14T20:02:22.874Z,Jeniferstad,New Mexico,Croatia,-38.4959,26.3667,ratione,aro,asporto,cohaero,concedo,explicabo,cubo,124,210.75037383318258,36,vicinus,2,1,5,true,0.03903870537032908,2020-01-10T10:33:42.156Z,"Rosenbaum, Windler and Brown",true