accident_id,incident_datetime,city,state,country,latitude,longitude,road_name,road_type,intersection_type,accident_type,weather_condition,road_condition,light_condition,speed_limit,actual_speed_kph,driver_age,driver_gender,casualties,fatalities,vehicles_involved,alcohol_influence,blood_alcohol_level,weather_reported_at,reporting_department,pedestrian_involved
6279e7f1-d197-4aa2-adc0-37e88dae89ee,2018-03-03T01:16:30.979Z,Passaic,South Dakota,Afghanistan,63.1772,-15.759,comptus,triduana,tergiversatio,adstringo,vigor,sollicito,praesentium,57,51.61841306648989,34,creator,3,0,3,false,0.1422347477376669,2021-04-29T13:38:18.524Z,Wuckert - Turcotte,true
78ecad5f-ec59-4f1d-85cc-652cb4fccb70,2023-02-08T15:20:10.025Z,North Ethyl,Idaho,Oman,56.8444,86.4975,sui,amet,verumtamen,spes,antea,clarus,voco,77,45.19812751547342,24,creator,0,2,4,true,0.061263744111929,2021-09-26T01:11:03.858Z,"Willms, Ledner and Hammes",true
8ebf61cc-fcc5-44c0-94ba-8bcdec551132,2023-11-07T03:39:32.615Z,Ebonyshire,Vermont,Botswana,51.0852,177.5786,vilis,acies,cerno,condico,benigne,amaritudo,vicissitudo,53,114.28626827164122,72,cubicularis,1,1,1,true,0.1571689376938529,2024-03-13T09:17:41.695Z,Gulgowski Group,false
313fef46-e456-4f32-9dca-2668faa8f4de,2022-10-11T04:15:43.774Z,Windlerberg,Georgia,Russian Federation,75.7296,82.796,timor,cunabula,amplitudo,volaticus,antea,utpote,adhaero,98,225.08636658461262,65,tondeo,2,0,3,false,0.0671404252530475,2023-05-06T04:21:33.422Z,"Jones, Deckow and Dare",true
575e3e0e-a57f-46e7-a806-8b1a9c214b73,2019-03-21T17:08:15.202Z,Watersburgh,Maine,Iceland,-61.4287,67.877,demo,certus,acceptus,cupiditas,trucido,vaco,officiis,66,159.60010496948195,60,defendo,1,0,3,true,0.07391606706233353,2025-07-16T19:55:42.289Z,Larkin LLC,true
4996ffdc-5a92-4556-932e-27b04f8fa22c,2019-07-26T13:16:26.754Z,West Carissaview,North Dakota,Germany,12.9697,-101.8583,reiciendis,asporto,tendo,vilis,virtus,tabella,bis,125,10.421245411906188,61,animadverto,1,1,4,true,0.08769853188169807,2020-03-18T15:22:03.343Z,"Beatty, Green and Prosacco",true
2afc9c58-33b3-4ef2-a4ce-9cc7049c0982,2024-11-12T20:29:03.473Z,Keller,New Jersey,Uruguay,-11.126,164.3129,angulus,corpus,tracto,derelinquo,ascit,crapula,ventito,64,45.91339113002648,88,bibo,4,0,2,true,0.046241008558012775,2024-01-08T15:19:33.303Z,"Torp, Bergnaum and Rippin",true
1951c0c2-63a7-4091-bff0-3ed987acf06a,2018-12-23T23:53:59.342Z,Smithside,Montana,Lebanon,41.4323,-145.4414,alii,celebrer,timidus,astrum,adversus,virga,aqua,99,87.84725030463346,47,crur,6,2,5,true,0.06666627232255593,2024-01-30T10:31:15.808Z,"Windler, Bechtelar and Anderson",false
0be3eb81-d2fb-4bd1-aedd-88562bed9ccb,2019-10-13T13:27:08.846Z,Jersey City,Nevada,Canada,83.3916,-109.5938,aequus,deleo,facere,circumvenio,circumvenio,tactus,tres,114,101.04568036601242,24,termes,6,1,2,true,0.07089550046192294,2024-04-20T21:21:15.994Z,"Spinka, Dietrich and Schowalter",true
c8315b9e-895c-4582-8400-eda6557bfb82,2023-10-09T15:23:39.512Z,Anaisville,Arizona,Oman,-26.1827,-19.0525,territo,sono,vomer,vobis,aestus,trepide,adipiscor,45,132.20205277755198,35,victoria,5,0,5,false,0.01714001844636423,2020-05-29T13:16:20.912Z,Schiller - Windler,false
76e767b9-7e58-4a32-b881-402428523997,2019-04-27T01:36:20.497Z,Bergeport,Tennessee,Montserrat,-24.5479,-35.4532,vestrum,accusator,tredecim,repellendus,apto,non,a,120,59.091708098717596,81,cotidie,5,1,5,false,0.2195631629210525,2025-08-22T14:24:34.515Z,"Leuschke, Auer and Veum",true
a562b2ff-0099-4fc4-81a5-1e1433659955,2021-05-29T12:25:47.820Z,Luettgenfurt,Montana,United Arab Emirates,-5.4728,-86.6904,error,vigilo,textor,vinco,suffragium,campana,celo,105,10.77106061842005,16,vero,5,2,5,true,0.10204399491576935,2019-07-05T13:44:17.816Z,"Runolfsdottir, Weimann and Johns",false
3680b714-aeec-4ca7-b3a3-8e331615587d,2020-10-24T13:32:48.823Z,Hoegercester,South Dakota,Seychelles,-64.7259,-170.7573,sordeo,nostrum,blanditiis,comitatus,tollo,capio,animus,102,233.79599233320334,44,arbustum,3,1,2,false,0.15389477095623466,2019-12-05T13:39:38.403Z,Wisoky and Sons,false
68f617b1-99f6-40b7-b2dd-c6a7161db6c7,2018-06-01T10:13:40.719Z,Davonfort,Alabama,Bermuda,47.7796,78.6754,accedo,vomer,delectus,denique,vitae,caterva,dolores,112,99.28907632600671,58,despecto,3,1,1,false,0.22955162850163321,2024-10-22T08:09:11.334Z,"Kling, Lebsack and Ankunding",true
9d729538-0f62-4e4d-bfaa-fe57651bfbac,2024-02-08T02:54:35.717Z,New Golden,Florida,Yemen,73.2023,66.0832,baiulus,theatrum,timor,cubicularis,demitto,studio,sponte,74,17.38916513646931,16,ager,6,2,3,true,0.10950321646408792,2024-04-10T07:07:05.986Z,Lesch - Leannon,false
fc12abb3-e53c-4413-b639-9983f0a197ed,2020-06-03T15:51:52.006Z,Sydnieside,Illinois,Madagascar,-15.9729,22.4135,ante,tripudio,tollo,arx,certus,officiis,demoror,83,138.726796690413,99,auxilium,5,1,4,false,0.19774207891503795,2021-06-18T14:32:33.455Z,Metz - Bradtke,false
ef490d62-c1ab-4a39-8652-53c1e419d920,2021-06-13T04:59:59.694Z,North Otto,Ohio,Iran,37.3554,-137.0198,absens,aqua,crur,aureus,ager,varius,odit,63,136.4455037517384,100,crudelis,3,1,1,true,0.15369631784059232,2021-01-13T11:39:39.332Z,"Ankunding, Wolf and Kuphal",false
00cebec1-6ed4-4858-9ebb-0b9d2baf1e40,2019-12-20T22:25:25.240Z,Flatleymouth,Massachusetts,Nepal,-38.4982,-78.518,suscipio,cicuta,angulus,usque,pariatur,nobis,deserunt,30,220.62257188057717,67,utrum,2,0,4,true,0.038884086289665304,2025-02-15T17:51:04.226Z,Bogisich Group,false
06849493-1ea4-40a8-a120-e1ed528f934b,2021-01-14T12:32:09.618Z,Apex,Arkansas,Lebanon,-70.7126,82.5561,amplexus,arx,amplitudo,vito,acquiro,pectus,amiculum,101,146.74880822455293,28,bonus,4,0,4,true,0.210116889353589,2025-02-23T08:05:35.827Z,Price - VonRueden,true
43d5655a-63ee-4d3d-918c-dc3a9c9ef54c,2019-01-09T15:49:10.626Z,Port Rodolfostead,Georgia,Rwanda,21.4158,36.1718,defungo,aduro,adflicto,statim,theatrum,textilis,certus,96,226.6654926340606,32,virgo,6,1,2,false,0.2328973412951243,2018-02-20T20:54:01.573Z,Fadel - King,false
f2dd6a87-5225-42e7-95ed-b50e515f0dd8,2021-11-25T11:10:51.954Z,Jacobsonboro,New Jersey,Comoros,23.9756,135.9783,sapiente,succurro,vivo,tenus,stipes,degusto,caries,53,207.30947052053503,43,succurro,1,1,4,true,0.23873634608962518,2019-02-20T13:54:15.696Z,"Corkery, Hills and Schroeder",true
9b57a422-9a71-4409-b0f5-10f193dab0c1,2021-09-15T03:33:03.461Z,South Orrin,South Dakota,Nicaragua,-5.6814,-75.2661,deripio,pecus,debeo,appositus,terreo,armarium,custodia,24,37.63489115806779,54,creator,1,0,5,true,0.24040399690976513,2024-10-07T06:35:33.308Z,Swift - Roob,false
f4a43c14-76bc-4ac4-8461-1abf05cb19e6,2025-10-12T02:53:55.885Z,Carlottashire,Oregon,Nigeria,-88.8359,-31.4464,colo,una,deleo,ait,averto,sponte,arbor,108,158.62595063902268,76,cura,2,2,1,false,0.24946102871168424,2019-09-07T03:05:21.936Z,Jacobi Inc,true
976f538f-2260-47d6-864a-cdc97858e568,2022-04-11T05:58:38.736Z,East Giovanniberg,Arkansas,Antigua and Barbuda,-86.2058,36.2391,appositus,baiulus,creptio,corrumpo,creta,verbera,ait,49,19.896343902368816,88,deputo,5,0,4,true,0.07359780839958974,2022-01-31T16:05:49.149Z,Spinka Inc,false
36df26bd-a00b-440d-9693-c51d639a89f0,2018-04-28T19:48:14.548Z,West Marquisville,Kansas,Moldova,-11.0343,118.5155,cibus,pauci,clementia,tamdiu,bonus,astrum,defetiscor,63,62.777023127419895,66,laudantium,6,2,4,false,0.09565477808535267,2019-03-26T15:27:04.150Z,Senger - Heaney,false
d079c1b9-3a7e-41f8-ade8-149f72fc9acf,2022-11-10T03:17:01.884Z,Fort Kieranhaven,New York,Falkland Islands (Malvinas),-22.2969,-49.7733,caste,facere,auctor,cupiditate,deprecator,volup,deprecator,27,143.34285276262642,22,deduco,5,2,5,false,0.23509806269028274,2021-05-03T01:32:06.034Z,"Kassulke, Lehner and Leuschke",false
19550327-26c7-4c3d-9034-74f188cd217d,2019-12-14T08:43:12.823Z,Bellaside,Kentucky,Kazakhstan,-10.3582,-49.4969,quas,dedico,correptius,antepono,nam,reprehenderit,super,121,129.647554690513,55,sint,4,0,4,true,0.0634564777847905,2018-05-26T16:20:37.750Z,"Jerde, Bednar and Kautzer",true
70b8aa57-e20f-4fb6-b1f3-61504f8151e7,2024-07-04T14:10:14.176Z,Port Kristian,Massachusetts,American Samoa,51.9812,-116.9613,curvo,censura,celo,amissio,clamo,thesaurus,tertius,72,177.61645941689514,72,laborum,3,2,4,false,0.0017763517123140782,2024-11-09T23:36:56.519Z,Wolff and Sons,true
ae6b9012-359a-4950-a569-c1b7c06a22cc,2022-07-18T03:15:26.193Z,Margate,Texas,Dominica,55.8433,46.41,arbor,suffoco,admoneo,compello,totus,tricesimus,aegrotatio,83,94.41843601149668,49,cauda,3,2,2,true,0.11361483360331617,2025-03-14T04:35:23.768Z,Runolfsdottir Inc,true
decf7788-547b-46c3-8ad1-7d2cde91235b,2022-12-06T07:29:58.127Z,Wilfridstad,Alaska,Martinique,-65.1179,-67.6224,valens,caste,subvenio,consequuntur,constans,toties,sono,52,51.88615142643976,41,succurro,2,1,2,true,0.023962858975289048,2022-07-12T14:42:54.814Z,Zboncak - Roberts,false
abdf1929-0b09-4dac-a276-d05406297dc6,2025-09-30T20:26:38.057Z,Kuhlmanburgh,South Carolina,Saint Vincent and the Grenadines,-57.6359,-97.5249,pectus,comis,virtus,pauper,ademptio,celebrer,quisquam,91,52.682766318655645,27,casus,5,2,5,false,0.06417056632603149,2022-06-04T07:44:11.558Z,"Bosco, Wyman and Zulauf",false
a3bf85be-727a-48d0-aa43-b57f7fa918d7,2025-09-19T10:41:38.043Z,Lake Katrina,Virginia,Antarctica,-74.0346,121.2104,decipio,tumultus,comptus,patrocinor,desparatus,audacia,accusator,121,78.00705708873028,29,corrigo,6,1,1,false,0.06580145434787124,2022-01-31T08:32:22.415Z,D'Amore - Towne,true
44033948-3da8-478f-92e9-79ac51457da6,2020-03-29T12:13:12.227Z,West Rudy,North Carolina,Botswana,-6.1498,-88.3237,volaticus,textilis,tenetur,dolore,thermae,capitulus,coerceo,50,166.46556410032287,82,despecto,5,2,4,true,0.08422821551197893,2019-10-22T06:13:17.911Z,"Bahringer, Reinger and Moen",true
707a4958-464f-4b71-9dfa-4909c92457d5,2018-07-11T01:56:54.825Z,Audieborough,South Dakota,Chile,-39.3243,-18.0807,illum,spoliatio,viduo,arguo,auditor,solus,careo,66,221.18929600813038,27,decet,1,0,5,true,0.06433958362975672,2020-09-03T18:28:37.792Z,"Goyette, Paucek and Lowe",true
df412ed2-0cb1-4bb4-9757-a82b2e26c3a8,2021-06-26T00:14:45.184Z,Rathchester,Rhode Island,Trinidad and Tobago,76.7202,-44.1496,vulgaris,audax,subvenio,demonstro,circumvenio,amplitudo,civitas,76,38.927480888187134,47,conatus,2,1,4,false,0.20802248942297696,2022-07-30T10:03:19.102Z,"Hoppe, Ruecker and Ratke",true
b0399a65-16f8-4d4e-a6e6-30a642bd68f5,2021-03-28T18:11:56.172Z,Asheville,Oklahoma,Trinidad and Tobago,15.7156,-38.5368,labore,terreo,spiritus,bonus,tricesimus,supellex,conduco,115,132.68907766086278,57,ventosus,5,0,1,true,0.20356152520215812,2025-02-11T15:35:06.530Z,West - Haley,false
cb869491-716d-4ed8-bb30-fc752fbcd000,2025-02-14T22:24:00.035Z,Boynton Beach,Minnesota,Mexico,-24.4926,64.1407,suspendo,adfero,commodi,ab,adipiscor,atrocitas,eius,70,189.17987023534863,85,vergo,5,1,3,false,0.047967761482761634,2020-11-08T07:48:34.517Z,"Johnston, Herzog and Metz",true
7bab932e-61c4-4c59-9c0e-cb8efeeb2bff,2022-11-08T11:33:30.714Z,Palm Coast,Maryland,Benin,-85.8029,104.7477,dens,vesco,adhuc,venia,deduco,ulciscor,optio,45,67.84551344529476,58,quo,4,0,3,true,0.22700968698378177,2019-09-27T08:24:44.543Z,"Emard, Christiansen and Kutch",false
506a0f34-2368-43ad-a023-faff61c84b43,2019-10-14T14:44:22.137Z,New Caleighfort,Louisiana,Nauru,-86.9439,165.8459,colo,sapiente,vetus,ambulo,delicate,architecto,paulatim,34,200.74727396346776,44,ipsam,1,0,1,true,0.17548980093692498,2025-04-16T10:30:35.306Z,"Labadie, Schroeder and Upton",false
fd82a112-68b2-44e4-badf-3d1f53ac5a8b,2020-05-05T23:18:31.085Z,Jermeycester,South Dakota,Bulgaria,62.6622,-91.701,denego,contego,ventosus,thymum,capio,solum,ademptio,60,94.5557840942657,41,perferendis,1,0,2,false,0.21754627918033867,2018-01-15T19:56:09.341Z,Bergnaum Inc,true
86bcaff4-43f4-4e75-a8e9-018d1079bfe2,2023-06-13T00:44:30.758Z,South Kittyport,Nevada,Cayman Islands,-65.8188,130.5334,amaritudo,quod,curriculum,claro,vigilo,utroque,alveus,94,39.22232754181248,25,volubilis,2,0,3,false,0.1117832575629851,2019-03-08T21:27:34.821Z,"Gulgowski, Prosacco and Barrows",true
e86ab3a6-b705-43ec-b1c1-d06b2b4dffef,2018-01-18T10:53:46.912Z,Burleytown,Minnesota,Liechtenstein,-35.8379,150.131,terminatio,ipsa,alo,convoco,amita,cohibeo,vis,129,213.84124684433507,37,vado,5,2,3,false,0.09948173217453452,2018-03-30T05:04:27.522Z,Veum Group,false
0e73c6d0-b939-43c5-9440-c894ce75ceb9,2018-01-28T02:05:02.186Z,West Karineworth,New Hampshire,Panama,-75.699,-49.5754,ustilo,arma,sperno,unus,clarus,bis,amitto,50,158.7989638472466,29,coaegresco,4,1,1,true,0.058743542908235274,2018-01-06T15:09:28.394Z,"Tillman, Johnston and Greenfelder",false
fcd3d59b-a986-4b40-aa12-d9c3976005bc,2020-09-02T08:31:19.078Z,Port Bofield,Utah,Bulgaria,-75.0259,28.3356,summopere,ante,infit,volup,tepidus,causa,spoliatio,65,91.65862661785607,58,capitulus,3,0,1,true,0.07531956423520933,2024-12-19T12:07:02.089Z,Mayer and Sons,false
3c576476-66ad-4720-becc-9100cecd3ac7,2018-05-06T12:54:46.549Z,North Bethesda,Wyoming,Bulgaria,54.8357,159.6619,damno,aufero,tabula,spiritus,labore,deleniti,color,99,33.70833762446214,50,synagoga,4,1,3,true,0.1589619740099607,2023-08-15T10:16:08.575Z,"Daniel, Schultz and Labadie",false
3d7daa6d-3002-4aab-a41f-55bc0f77a78c,2019-11-15T08:11:26.710Z,Chancebury,Wyoming,Poland,3.033,176.7756,decipio,admoveo,reprehenderit,saepe,videlicet,utrimque,ad,32,221.5269468535819,48,at,4,1,1,true,0.21990902260544634,2019-06-23T20:47:06.213Z,White Group,false
23926a2c-81a3-4c48-ae8b-371efa4c73be,2019-10-22T18:23:29.077Z,South Gildafield,Iowa,Myanmar,-46.0658,-9.7278,patior,tabesco,sit,vivo,celebrer,blanditiis,vapulus,110,213.5440622245221,31,quo,1,1,5,true,0.1896034289961775,2023-04-24T18:02:46.455Z,Dibbert - Towne,false
6bd1ffaa-a819-4c23-be29-8d397e3e0bf4,2023-12-07T17:17:04.018Z,Port Casimer,Indiana,Democratic People's Republic of Korea,-33.2744,-73.6362,talus,praesentium,textilis,inflammatio,aro,socius,voluptates,107,16.554720990496882,23,vindico,3,1,5,false,0.22509781136783322,2025-02-11T14:35:47.843Z,"Heaney, Ebert and Bergstrom",false
03107631-429f-46f2-b07c-5668cfb47516,2018-06-28T20:28:18.229Z,Joliet,Maryland,Burundi,54.3226,18.4241,tactus,defetiscor,cauda,molestiae,spero,comis,curiositas,25,24.774241666538572,71,acer,6,2,4,true,0.19138330756912728,2025-07-23T04:15:12.004Z,Bailey - Langosh,false
480e126b-6384-470a-986d-8e51efe10a0e,2020-11-02T22:02:35.484Z,Orenchester,North Dakota,Central African Republic,-80.9422,-132.1999,undique,speciosus,ager,usitas,concedo,allatus,universe,75,169.53662503145642,99,cito,4,0,5,true,0.23592886330674726,2022-06-09T14:17:31.215Z,Denesik - Bogisich,false
8b893573-f2c9-4f2e-9b3a-a7cb109fa2af,2018-11-21T23:03:04.795Z,Schambergerville,Arizona,Guadeloupe,-2.8142,118.7314,veritatis,succurro,minus,aeger,tam,thalassinus,facilis,117,134.9945531489321,85,succedo,4,1,1,true,0.0714394493054217,2023-05-21T20:05:18.361Z,"Runte, Erdman and Kreiger",true
154ca2c1-5ab9-474c-aa46-0661ea6684fb,2018-04-03T09:17:58.010Z,Syracuse,Ohio,Sint Maarten,46.107,-165.6421,peccatus,tergiversatio,valens,sopor,vereor,comprehendo,paens,117,230.11061379969425,19,abeo,4,2,4,false,0.09226260910344938,2024-02-04T16:10:09.610Z,"Cummerata, Denesik and Heathcote",false
b0d4df41-cecf-41de-8a68-8d4c0aef5bc3,2018-07-23T23:42:26.890Z,Barnstable Town,Kentucky,Reunion,41.2739,-91.5647,tubineus,dedecor,cunae,itaque,articulus,unde,arca,64,224.01399709162598,72,aduro,0,2,1,false,0.137568171352329,2019-07-18T04:01:50.608Z,"Cummings, Roberts and Altenwerth",false
6679c380-db1a-47cb-9a96-e7fcb67051bc,2024-03-29T18:49:52.531Z,Borerland,Illinois,Kuwait,0.4397,88.2123,decipio,abstergo,sponte,viscus,illum,dedecor,suasoria,91,97.65597252262441,40,cicuta,4,1,2,true,0.06610246166747136,2024-09-24T11:21:04.085Z,Gleichner Inc,true
9a564a3c-7e6c-45c2-92d4-9c570a3c3a21,2019-05-05T18:11:31.087Z,Port Mikel,Kentucky,Saint Barthelemy,78.2858,14.9274,vereor,adeptio,aedificium,consectetur,sit,et,versus,28,183.62977746481556,75,colo,0,2,5,false,0.18678055655420892,2021-11-26T09:56:33.405Z,"Kris, Carter and McKenzie",true
6d465cbc-31dd-4e70-a715-64febd71b2a1,2022-10-05T22:17:36.908Z,Peabody,Montana,Martinique,70.4627,17.5259,via,conspergo,testimonium,antea,cunae,caute,tantillus,97,143.857752421248,55,claudeo,5,0,1,false,0.01265703532215498,2021-09-16T05:48:10.697Z,Quigley Inc,false
844504ec-f33d-4cdd-b186-0ed5dd07dc52,2025-01-07T17:24:17.023Z,Weymouth Town,Vermont,Iceland,82.3075,-109.7145,theologus,tui,stella,clam,turbo,clamo,suffragium,85,34.68041038718628,99,aedificium,2,0,3,true,0.07737811785163004,2021-10-23T23:39:15.726Z,Jones Inc,true
7cbb1e57-eabe-46b3-8ea3-874c47b3026c,2019-05-23T10:40:01.501Z,Leonardomouth,West Virginia,Zambia,53.5613,79.4486,in,centum,adeptio,vulnero,repudiandae,timidus,venio,57,7.302722412759488,22,vel,1,0,1,true,0.1949219830432791,2025-11-20T11:46:59.697Z,Windler and Sons,false
6bf07d02-61bb-402f-b15f-b5a98ab99c0b,2023-08-29T11:13:42.983Z,Lake Damon,Indiana,Cocos (Keeling) Islands,-69.5747,24.9081,acsi,vesper,allatus,vivo,nisi,thymbra,tego,63,195.71078578239698,37,complectus,2,2,2,true,0.21614836176962293,2022-11-14T16:00:42.208Z,Pagac - Kuphal,false
c8c3043e-1e1a-4789-bb9b-c70453450f65,2025-05-12T07:21:36.686Z,Madilynboro,Connecticut,Gabon,49.8248,-132.216,tribuo,venio,celo,ab,cattus,tamen,nostrum,53,193.68986176505499,87,in,1,0,5,true,0.1768399102503329,2021-04-06T22:58:54.594Z,Dare Group,false
b01ad04a-2427-48a5-944e-0d80b08b5a34,2021-02-11T20:58:11.266Z,Ethanview,Utah,Estonia,-63.5368,5.7121,arcus,umerus,aliquam,adeo,demens,uberrime,sordeo,120,118.12994996581354,95,patria,4,0,5,true,0.22964471061421438,2025-11-28T10:35:11.281Z,"Green, Rutherford and Dare",false
72701e2c-2c79-4e87-9ced-01ddbd59a1b8,2022-12-01T23:44:15.809Z,Otiliafort,Vermont,Macao,68.0032,-6.0028,voro,vis,tam,quo,similique,crapula,aliqua,44,117.75576090914356,63,adfero,1,1,5,true,0.013897880810454205,2023-09-18T01:15:33.095Z,Hyatt - Gleichner,false
bbdfa21a-3ecd-42a6-8998-ec68c6dae1b6,2024-12-20T21:46:20.968Z,New Germanfurt,Colorado,Macao,-55.5715,127.0799,ver,tactus,voluptatibus,ducimus,spero,qui,vilitas,26,61.178434154154274,68,vis,6,2,5,false,0.13463946290691492,2018-04-15T14:02:30.835Z,Ritchie and Sons,false
37ea5487-9d4b-45d7-9407-66c2438c4906,2023-08-01T01:17:11.662Z,Yundtview,Alabama,Rwanda,33.8847,-96.8532,conor,desidero,stips,dicta,debeo,defendo,et,112,124.07449985003274,78,tabernus,1,0,1,false,0.13392319913880024,2025-01-01T00:19:36.261Z,Kessler and Sons,true
ad0bcf83-f234-4f16-a623-6d99e97a1356,2018-02-28T21:07:22.399Z,Clarecester,Missouri,Papua New Guinea,-55.4458,-72.2086,comprehendo,dens,tametsi,spoliatio,adduco,tardus,voluptates,77,141.9958433915063,42,degero,4,0,1,false,0.028665518776079396,2025-05-01T07:21:32.763Z,Walker Inc,false
4627c972-b137-4509-9735-feabdcc80ce7,2019-04-06T11:29:44.397Z,South Gerda,Indiana,Latvia,-56.2432,29.6643,surculus,volutabrum,thema,vix,damno,defetiscor,doloremque,116,117.82547314275371,45,asporto,3,1,1,true,0.04960641987398154,2024-06-29T23:50:26.915Z,Kunde - Schinner,false
6f13a0ba-bd39-4c1c-8acc-5d8444aace10,2025-08-23T16:41:49.962Z,Fort Eastonhaven,New Jersey,Aland Islands,-16.198,-143.0554,vorax,valde,contigo,bellicus,alienus,similique,video,40,89.49961174936232,56,crinis,4,1,2,false,0.2360807228502673,2021-11-05T19:35:30.076Z,"Shanahan, Boyer and Gleason",true
babd43f0-1c08-4cbd-ae02-904f98eee6df,2022-01-09T00:47:02.491Z,Spinkahaven,North Carolina,Kyrgyz Republic,13.193,-39.5596,quas,aiunt,amitto,benigne,decimus,conitor,pauci,89,159.422417092239,28,cado,3,2,4,true,0.10218491042623781,2020-04-27T05:10:37.948Z,"Emmerich, Kiehn and Ledner",true
36b2eff0-32f9-4659-9990-20eff5e9def8,2021-05-01T16:51:34.782Z,Ethaburgh,Arkansas,Guinea-Bissau,4.3914,29.6359,administratio,alii,adduco,vapulus,tracto,clam,velociter,69,159.34907405183174,20,tendo,3,0,5,false,0.030830158646156486,2019-12-08T21:02:11.675Z,Bednar and Sons,false
9dc0972c-2c23-4ae3-90f3-0125f2e173dc,2021-11-18T19:52:11.169Z,Carolina,Montana,"Bonaire, Sint Eustatius and Saba",32.3699,-92.1602,adaugeo,eligendi,sto,delectus,tunc,minima,viriliter,95,23.43976725982314,29,carus,5,0,3,false,0.24423544143678208,2019-09-13T17:32:58.024Z,"Kuhlman, Koch and Lesch",false
756d4b44-7ce6-4324-a8fb-e4fb8aaffa21,2022-07-17T02:55:24.029Z,Pinkiefurt,Arkansas,Guam,-46.3891,-65.0236,dolor,eveniet,amitto,spoliatio,maiores,denego,concido,90,233.20596008160726,19,tremo,1,0,3,true,0.0770653111607861,2023-10-24T00:04:27.844Z,Gorczany - Mitchell,true
9286dfd4-9957-4490-a381-9051871e7534,2023-01-30T09:37:21.443Z,Bogisichside,Maine,Wallis and Futuna,-84.4133,-70.4952,conculco,ater,comes,averto,vetus,vacuus,adeptio,110,106.46397469748737,19,utroque,0,2,2,false,0.19800629250615714,2024-04-28T11:17:50.680Z,Denesik - Sanford,true
40c54965-c25b-4cab-ab71-da48fcb3dc29,2019-04-22T08:49:22.857Z,Kenyattabury,North Carolina,Dominica,48.8126,138.7582,cogo,aperte,architecto,cohors,bonus,occaecati,bis,72,110.88257170435269,75,apostolus,5,1,3,false,0.10481442523987117,2024-10-27T23:19:55.106Z,Greenholt Group,false
588e85ab-f867-4d13-a8e5-bb5de1c791f5,2023-07-19T20:33:31.063Z,New Kirsten,Ohio,Chile,-19.769,-15.2549,voro,alias,quos,torrens,appositus,quidem,ulterius,75,27.917709777554805,16,umquam,0,1,2,true,0.23404164726283613,2021-05-01T10:55:01.122Z,Beier Inc,false
3f93d4ee-c172-499c-9c04-a93b00d63eb6,2019-09-10T16:21:24.159Z,Schaumburg,Massachusetts,Armenia,66.4595,-142.6439,defluo,tibi,suscipit,tego,maxime,amet,crux,122,198.5627629645,17,caritas,1,0,4,true,0.1854358201629088,2018-11-06T17:46:12.236Z,Kshlerin - Turner,false
26195ef2-8308-4604-8ab2-fba744920eaa,2023-01-23T11:50:01.951Z,New June,New York,Iran,49.0251,-24.8496,depraedor,pecco,valens,bardus,commemoro,taedium,acer,39,35.08799735165219,30,communis,0,1,4,false,0.2244822430219474,2025-08-11T09:11:55.219Z,Schaden and Sons,true
1ff2221e-1adb-4d9d-9bd0-e4206e62f948,2024-01-16T04:22:57.946Z,Jeremiefield,Arkansas,Trinidad and Tobago,-56.6242,-28.3564,molestiae,aliquam,comburo,aegrotatio,cunctatio,considero,vae,79,35.07179496152069,92,arguo,4,2,3,false,0.2217656551338404,2019-03-04T13:10:57.108Z,Huel Inc,true
e2a294b6-5f67-4985-a239-3390503df8d1,2021-06-14T19:55:00.601Z,New Braunfels,South Dakota,Papua New Guinea,-0.5548,54.0196,astrum,officia,deinde,brevis,caecus,audentia,totidem,60,65.95074513682384,18,tactus,2,1,1,true,0.14136796282013048,2020-02-20T15:33:43.923Z,"Kerluke, Wiegand and Schimmel",false
4d914339-e769-46b3-8b6f-f50b4b243ff1,2020-06-19T13:01:25.254Z,New Orleans,Hawaii,Chad,-15.8471,102.555,acies,enim,crustulum,sophismata,adipiscor,tero,aequitas,72,214.94904165851415,62,conturbo,3,1,1,true,0.11908153877792216,2022-04-25T14:06:43.267Z,"Glover, Rosenbaum and McDermott",true
16f32aaa-5cea-4d83-bb6c-f313c15e11d8,2018-05-03T03:48:01.206Z,East Vesta,Alabama,Uruguay,14.0745,-81.137,benigne,ducimus,viridis,hic,adulatio,abeo,infit,59,58.466429805664816,24,trado,2,2,2,true,0.004737226481692003,2022-06-19T04:36:09.362Z,Runte and Sons,true
f51d8f7d-137e-4406-b608-71ebe8e0f5de,2024-10-31T03:36:15.996Z,Vedaside,New Mexico,Norway,-51.9413,-50.7717,ipsam,sit,blanditiis,adsuesco,claro,pectus,audacia,32,83.02642583479391,36,celebrer,3,1,2,false,0.12962122443521898,2020-02-29T14:43:44.044Z,"Bernhard, McDermott and Kessler",false
a7f06422-a2ff-4d9e-82f8-e01b1371952e,2018-10-20T00:46:49.031Z,West Rubye,Texas,Nigeria,-30.2437,52.2729,turbo,vita,trans,talio,crastinus,ventus,abbas,104,169.02539588029825,53,provident,4,1,1,true,0.22532875952385711,2023-07-10T22:24:32.285Z,Bednar Group,false