accident_id,incident_datetime,city,state,country,latitude,longitude,road_name,road_type,intersection_type,accident_type,weather_condition,road_condition,light_condition,speed_limit,actual_speed_kph,driver_age,driver_gender,casualties,fatalities,vehicles_involved,alcohol_influence,blood_alcohol_level,weather_reported_at,reporting_department,pedestrian_involved
a5e94bda-6b70-4c16-966b-dc90906339be,2019-12-09T01:17:01.378Z,El Centro,Wisconsin,New Caledonia,11.2705,4.5539,autus,correptius,conicio,comminor,asperiores,ventosus,talus,108,119.63773082255132,66,creptio,1,2,5,false,0.21450893740999322,2018-09-10T04:47:58.994Z,Zemlak - Marquardt,false
635aac4f-2e77-40a5-87b4-57e8b9aa8714,2021-05-29T01:39:54.781Z,Port Murraycester,Tennessee,Liechtenstein,18.5234,-126.3411,atqui,aduro,caecus,contabesco,sulum,animus,laboriosam,113,187.35987528305765,21,creo,0,2,4,false,0.07101565418577194,2018-10-16T20:47:25.854Z,Monahan - Funk,true
6adb495b-2dbe-444d-b1ca-b049854065fb,2018-09-12T05:24:25.627Z,North Aurelia,New Jersey,Turkey,67.3216,29.8583,aveho,cicuta,bibo,cattus,aetas,coma,toties,78,3.1053772645404987,97,tamdiu,0,2,3,false,0.02510895507049085,2025-12-27T21:05:09.657Z,Greenholt LLC,true
e4ae92d1-5489-4675-94f3-1174d3f346ab,2020-08-16T02:27:39.164Z,Wizaton,Colorado,Netherlands,-89.2839,109.916,cursus,aqua,sulum,terga,ipsa,capitulus,debilito,43,98.6673058611119,90,demonstro,5,0,3,true,0.13459538717638914,2018-02-15T17:01:39.662Z,Beahan and Sons,false
168000e1-0b8b-44d2-939e-f524b5b0b615,2018-10-27T14:13:20.886Z,Langside,West Virginia,Bahamas,-30.5743,-19.0922,crebro,callide,supellex,odit,reprehenderit,expedita,usus,98,141.84871303459752,68,cognomen,3,2,2,false,0.13651565270624308,2025-01-25T00:36:15.805Z,"Kunde, Lakin and O'Reilly",false
1f64fdd0-c694-4c75-a7bb-8bb1f1540174,2019-05-12T00:27:35.872Z,Tulsa,Florida,Uganda,-57.4068,-160.2634,carcer,tum,ars,aeneus,venio,statim,adamo,79,13.14391318517429,62,aqua,5,0,1,false,0.162954923984902,2018-01-06T18:08:08.841Z,Raynor - Walter,true
df59ac91-fda2-44ce-b6cc-abc838d7a26a,2024-02-14T11:37:15.873Z,New Emery,New York,Greece,-72.0741,-107.019,verbera,stips,eos,subito,thymbra,non,turpis,47,62.20248483183701,31,acerbitas,3,2,3,false,0.009908403019127654,2025-01-01T16:08:44.473Z,Bernier - Balistreri,false
fc48c8fc-f1b6-4aa8-b4ce-9fa15ffb7433,2024-08-02T00:26:46.317Z,O'Keefehaven,Idaho,North Macedonia,-72.1561,163.2806,spargo,censura,acidus,angulus,modi,sapiente,quod,125,215.68598604066915,47,cunae,1,2,3,true,0.06891143225128682,2021-12-01T15:16:37.493Z,Greenholt - Schmitt,true
bcf9ac9f-284f-40ba-9f70-1007bf14c72e,2018-01-14T08:48:00.896Z,Cathedral City,North Dakota,Germany,51.7725,1.1534,ipsum,adsum,aperio,cibus,consuasor,denuo,villa,82,74.78753681884004,49,totam,3,1,3,false,0.023605278751191283,2022-03-29T17:12:37.964Z,"Schuster, Schneider and Braun",true
e625537b-1a36-455d-be91-7b30869ab7bf,2024-04-12T08:18:51.082Z,Bretbury,Ohio,Saint Lucia,64.4351,13.7274,sono,contra,vesco,taedium,temperantia,cornu,impedit,45,134.45074650297937,79,animadverto,4,0,3,false,0.10097621043520918,2024-06-18T09:41:24.912Z,Blanda - Farrell,false
de80ff28-e1bc-4f53-b76e-d2edc551e4c8,2023-09-15T18:41:44.680Z,Sarinaport,South Carolina,Paraguay,-77.7263,-39.1507,excepturi,celebrer,casso,autus,accusamus,depulso,somnus,111,201.82073878500242,86,totus,1,0,5,false,0.18520395788527316,2018-06-08T03:10:29.545Z,"Lueilwitz, Kling and Ritchie",true
5237cc34-f895-4a47-8a72-8ec261550c55,2025-03-23T21:26:55.921Z,South Douglas,North Dakota,Western Sahara,-32.6437,-9.07,strenuus,labore,iusto,capto,arbitro,pariatur,video,79,128.70057137463576,93,audacia,3,0,3,false,0.2004796547188849,2024-11-12T12:23:35.205Z,Gislason - Nitzsche,true
01a6e182-a9be-4bbc-b214-4fa0579244ae,2025-04-02T17:51:34.785Z,South Elva,Arkansas,Somalia,75.1919,-172.3867,exercitationem,conscendo,tunc,autem,vere,velociter,appello,76,222.45003316086414,64,candidus,0,1,3,false,0.09582157399873995,2025-09-30T23:30:48.101Z,"Harvey, Wilkinson and Durgan",true
cef85704-5891-4221-9fb9-49cca28dd250,2021-01-21T12:07:36.375Z,Bartolettiville,South Dakota,Ethiopia,47.0205,61.8423,ubi,temporibus,consuasor,rerum,comparo,crux,aegrus,24,61.600492017733046,40,barba,2,2,4,false,0.20485605434431844,2021-11-02T09:32:10.480Z,Rath Inc,false
d8f8663b-b89f-4bf5-834b-a693fc04d4bc,2023-12-07T04:01:29.013Z,Linwoodboro,West Virginia,Nigeria,-74.1637,46.2308,delinquo,optio,vereor,tamisium,suscipit,aspicio,contego,23,77.55405815519337,47,vigor,6,0,5,true,0.018428717189086452,2022-06-01T20:26:20.826Z,Gleichner and Sons,false
b44587cf-fb96-450a-92d0-92db5c02a298,2018-12-12T03:27:40.136Z,Pueblo,Louisiana,Wallis and Futuna,-81.9094,-22.684,universe,beatus,reiciendis,deprimo,consectetur,celebrer,deputo,77,188.01455993165482,54,tum,1,2,1,true,0.12761203165285898,2023-05-05T15:01:15.509Z,Carter - Okuneva,true
4fd92aa3-c17a-409b-8399-a21f9de1bf75,2024-02-14T20:51:07.068Z,Merced,North Dakota,United States of America,-8.4603,-169.8167,utpote,abutor,subiungo,earum,atqui,caveo,odio,113,203.96052684223113,29,volaticus,3,2,5,false,0.19381600274408048,2020-01-21T02:14:08.110Z,Gutkowski - Marks,true
9566f772-b38a-48ca-b60e-83ed6656f83f,2025-04-18T07:32:48.884Z,Arlenehaven,Idaho,Niue,-33.7381,-9.0294,vivo,aeneus,damnatio,acerbitas,vaco,acerbitas,ut,72,173.9300360896945,79,libero,0,1,2,false,0.08774026079089162,2020-07-08T09:56:10.770Z,"Torp, Pacocha and Fadel",false
4117b4b0-f3ea-41af-b0a5-783a8efa2fdc,2025-08-20T05:44:37.418Z,Willtown,Wisconsin,Djibouti,-88.4325,-1.8723,arcus,cimentarius,inflammatio,colo,audeo,ascisco,supplanto,109,27.095718650144,91,numquam,2,1,3,false,0.14716682014464072,2018-04-08T07:48:12.893Z,"Oberbrunner, Spinka and Stoltenberg",true
59e6e8b0-4e22-4b4e-8ec3-d1d07e94b0f1,2024-07-25T15:44:24.492Z,South Lukas,West Virginia,Portugal,-7.0412,-85.941,trado,solum,textus,comprehendo,despecto,vinum,utilis,47,203.5690200475838,52,vox,5,1,5,true,0.22897118405445516,2025-11-18T12:33:03.669Z,"Robel, Bins and Miller",true
7cbc1dc5-7476-4a7f-b552-7367fe3a1233,2020-05-22T04:16:47.551Z,Bechtelarstad,South Carolina,Chile,84.6442,-3.1319,bibo,adstringo,accusantium,decipio,amoveo,capillus,eaque,23,102.07124061272532,55,summisse,0,2,2,false,0.17559133784934527,2023-12-04T02:31:17.889Z,Daugherty LLC,true
c05049ac-95cf-4b75-bdc9-9ef677d3c300,2018-07-03T16:29:53.071Z,Candidaberg,Indiana,Ireland,25.8284,172.6276,pauci,acquiro,ait,vinum,velit,audio,utrum,111,105.95639823683868,44,clamo,2,0,2,false,0.037138323727446215,2021-04-24T16:04:22.339Z,"Glover, Luettgen and Kshlerin",false
f0212d14-66b7-4dec-8987-b7b4d82e75d7,2024-09-23T09:36:27.576Z,South Blairmouth,Oklahoma,Macao,-34.4267,-63.5598,vestigium,tergeo,nihil,aspicio,aut,pecto,caveo,101,76.42385414356089,22,tenax,4,2,5,false,0.04077694627669748,2023-12-31T00:54:59.271Z,Ankunding and Sons,true
22f3f6b5-031f-4559-a788-d88bbec0b869,2023-01-17T18:09:16.856Z,Delbertboro,Iowa,Greece,8.7805,38.3182,copia,dignissimos,aggredior,ventus,iure,pauper,theologus,97,176.73796099380002,52,acies,6,2,2,false,0.20320176749978164,2018-02-05T08:52:30.818Z,"Lynch, Shanahan and Gulgowski",true
17e38c93-436d-4218-8ec7-acfe22d90447,2025-08-22T22:43:30.301Z,Rowlett,Wisconsin,Netherlands,-49.7467,99.9256,tres,asperiores,apostolus,vesica,voluptate,adsuesco,crux,122,70.05295268398504,72,cunae,5,0,3,true,0.19007087681268028,2019-08-01T03:42:58.172Z,Klocko and Sons,false
6967fc4c-abc7-4461-aed7-a1f402bfbaca,2025-04-15T20:52:01.139Z,East Mac,Arkansas,Italy,74.7052,-157.6606,sui,crudelis,abscido,constans,aeger,quos,magni,61,97.34255608894786,52,deripio,4,2,5,true,0.08567291681899797,2018-04-24T16:36:30.026Z,Schowalter Group,false
6751f19a-f859-4f80-b59a-4173c9810d59,2019-10-27T17:24:15.813Z,Grand Island,Tennessee,Panama,70.1418,163.8137,cunctatio,capio,aeger,velociter,adopto,aptus,cursus,123,175.34943060837355,40,ipsam,2,0,1,true,0.08450972764197343,2018-08-29T17:09:12.500Z,Block LLC,true
ba423b83-4669-4316-8118-b3f9c37b5d3e,2023-08-24T19:53:38.423Z,Fort Kendallcester,Kansas,Nepal,77.4527,-165.5511,deripio,averto,atqui,ulciscor,culpo,error,necessitatibus,79,235.8217815981165,85,pauper,0,0,4,false,0.22637470762009795,2023-02-24T12:06:47.207Z,Kerluke Inc,true
55e6ec41-1537-4f7b-96f5-2bbf8d95c962,2021-05-13T23:51:26.312Z,Millerview,Maine,Lesotho,19.9286,82.5897,spectaculum,tamquam,damno,suus,sono,caries,decet,73,127.86571567428042,87,sed,0,1,1,false,0.18074683844019743,2019-10-02T06:10:27.717Z,Mills Inc,true
59811cd5-3e46-40c0-baeb-ca16d5c5bf1b,2021-02-26T11:52:52.183Z,Irondequoit,Alaska,Ecuador,81.4268,85.3158,tergiversatio,degero,tonsor,curo,sortitus,tenax,tonsor,129,199.76201861929394,92,nisi,1,0,2,true,0.016328553513632382,2023-02-04T05:46:59.950Z,"Bode, McClure and Jenkins",true
1bdfb34b-d1e4-4c0c-b459-fa69835af8df,2019-11-14T10:19:20.123Z,East Denis,Maryland,Tunisia,-23.5045,136.6327,surgo,vobis,degero,adiuvo,viduo,conduco,triumphus,28,78.2319386397389,70,cuppedia,2,2,5,false,0.19687238439015722,2022-02-11T23:50:04.167Z,"Quigley, Cremin and Hilpert",false
81c56532-367b-431c-a89e-0c4b48a5fb9b,2020-03-01T22:30:25.549Z,Bridgeport,Illinois,Ecuador,22.9642,-128.7745,ars,spes,suasoria,aurum,expedita,provident,maxime,29,128.9627596346552,90,depopulo,1,1,1,false,0.2486403878171719,2018-03-03T05:45:51.503Z,Leffler - Stroman,true
0c7848f9-6062-4501-a45c-7560beedfc5a,2023-12-09T01:30:48.037Z,Rennerfield,Maine,Switzerland,2.0325,174.9514,modi,barba,culpo,campana,bellicus,blanditiis,sit,29,174.1954619589692,66,thermae,0,2,1,false,0.17699566385000545,2023-06-14T09:09:14.099Z,"Konopelski, Kuhic and Lehner",true
705ffed4-8886-43db-9204-5515d7b5612b,2020-12-20T01:18:07.118Z,Lake Amiya,Utah,South Africa,-8.5065,116.8261,arceo,correptius,ea,vulpes,cultura,solium,tenuis,59,40.63140156088129,45,distinctio,6,0,3,true,0.025360127053985604,2025-08-16T12:06:28.322Z,Beer - Paucek,true
40293546-e274-4a73-b610-af2c5fec239b,2023-05-22T01:58:52.208Z,San Jacinto,North Dakota,Niger,-28.2582,-76.8008,crebro,praesentium,absum,voco,addo,vetus,vigor,55,9.333282359811603,67,cubo,0,0,3,false,0.13320505086381615,2021-05-01T01:50:41.816Z,Kshlerin - Conroy,false
7171ce35-299a-498e-93b9-76581c37c029,2023-12-29T02:39:22.774Z,South Lavonville,Indiana,Greece,-75.9233,150.6562,vado,cernuus,demo,atque,vomica,templum,ut,75,49.177166332899375,23,solvo,4,0,5,true,0.17610052482328034,2020-08-16T06:46:05.561Z,"Kub, Dietrich and O'Keefe",false
c75a80ff-8ae8-45b7-9a1f-9888e2f7afe3,2025-06-30T04:42:56.180Z,Port Nashtown,Vermont,South Sudan,-40.0327,-59.4808,claudeo,audentia,thymum,casso,somnus,color,defetiscor,33,235.65781448249737,93,vorago,2,0,3,true,0.03256850063520697,2025-12-27T14:31:44.948Z,Kiehn Inc,true
bba9f0ed-92cb-48c7-8738-f1ac045006f5,2021-04-23T13:05:32.456Z,Avisboro,Virginia,Saint Kitts and Nevis,36.8466,65.8622,viridis,sortitus,tenetur,soluta,solvo,ubi,vulgo,91,20.077971198029605,25,acquiro,5,2,2,false,0.11878738062179789,2019-07-31T20:13:31.192Z,Lebsack and Sons,true
a5fbc49d-6afd-4647-8eeb-579bc297f931,2023-01-27T19:42:13.192Z,East Britney,Arkansas,Kyrgyz Republic,57.5337,175.397,sufficio,tendo,vereor,claro,facilis,thymbra,confido,77,21.151595943665278,23,paulatim,4,0,2,false,0.0160762464986223,2018-07-19T15:21:34.850Z,Moen Group,true
700f79bc-dfca-4e7d-9975-8fc3b1003f7f,2018-04-13T03:17:43.960Z,Yundtfurt,Oregon,Puerto Rico,-17.9646,-44.1261,civis,aeternus,cernuus,votum,bis,rem,coma,36,198.14743982649355,64,carus,5,0,4,true,0.08621748999253956,2020-01-11T15:33:46.000Z,Veum and Sons,true
e2509d10-0349-4f1e-a8df-b6aad10298f1,2021-01-10T00:27:44.525Z,Doral,Louisiana,Mali,17.8542,144.8035,triumphus,maxime,voveo,suppono,defero,amplexus,agnosco,28,49.937442767196394,84,absorbeo,2,1,3,false,0.15281790654094787,2024-05-20T14:01:09.907Z,"McKenzie, Tremblay and Nikolaus",false
748a0107-1058-400a-a640-ce19e8bc0c22,2024-12-19T21:36:06.409Z,Hermistonton,Mississippi,Tanzania,15.7278,116.7742,attero,atrocitas,solium,inventore,candidus,stabilis,campana,120,163.33477260713593,19,uredo,6,1,5,false,0.1263781827589619,2018-08-28T03:54:10.182Z,Schmeler LLC,true
4a052bc2-9ffb-479b-adb4-86f3bb65d8aa,2023-07-06T12:30:00.013Z,Yakima,Illinois,Maldives,67.7577,-70.3895,vaco,suus,vulgaris,baiulus,quasi,currus,benigne,50,136.8229443439765,100,carmen,2,0,1,false,0.1505440542219166,2025-01-03T21:56:33.856Z,Douglas - Schoen,false
9afab969-3a0f-42a9-a13b-d814b8ec4c91,2019-11-04T05:24:20.447Z,Lake Brett,Mississippi,Nicaragua,27.6682,159.508,crux,ambulo,constans,xiphias,blandior,soluta,cometes,53,164.5099307009732,62,considero,3,1,3,false,0.21975904909317276,2024-08-15T08:19:14.417Z,Bartoletti - D'Amore,false
cafedb18-e2c4-4f3f-840a-c359c7087b0c,2022-10-11T05:36:47.065Z,Lake Dereck,Arizona,Iraq,12.2372,-109.5453,aufero,deripio,vulgo,tabesco,curatio,animadverto,asperiores,80,148.69982440471995,74,theca,2,0,3,false,0.18035308475477513,2022-05-13T03:24:24.800Z,Grady Inc,false
54d884dd-7f2c-4e3e-ae3e-d8968a636f8c,2022-04-22T10:12:50.790Z,Chelseastead,Oregon,Nauru,-27.2621,100.0196,verto,depulso,compello,collum,comptus,tredecim,texo,126,143.7674194108478,55,adnuo,4,1,4,false,0.12370023599929936,2021-07-06T08:21:50.035Z,Raynor - Wehner,true
3a4d1dd0-1e03-41c2-b8ca-3aa65232b2ef,2024-03-12T10:08:59.879Z,Sadyeshire,Ohio,"Virgin Islands, British",-34.5761,53.1007,thermae,sublime,aestas,decens,doloremque,acer,voluptate,98,8.619071833479115,69,vitiosus,5,0,4,false,0.018565362372353844,2019-07-16T18:08:04.423Z,D'Amore - Gleichner,false
ce2945b7-827c-4dd2-8a3f-2b11b5f8d5e6,2024-02-13T23:09:39.189Z,New Melba,South Dakota,Faroe Islands,-8.06,-174.5409,inventore,annus,recusandae,damno,varietas,assentator,cito,100,127.28893247077366,46,speculum,1,1,3,true,0.13168965894504314,2025-02-14T22:31:46.900Z,Smitham Group,false
a73e2982-94cb-439d-9c62-5ca2f2734d34,2025-01-29T08:46:20.496Z,Greenville,Pennsylvania,Finland,-45.591,6.5702,comedo,attonbitus,terminatio,carcer,crur,deficio,basium,119,86.3876002886004,85,allatus,2,2,5,false,0.037558283387416874,2018-08-07T08:49:58.425Z,Heaney - Nicolas,false
a35bca81-84f3-4c85-881b-96640a3c883e,2022-05-12T04:41:54.443Z,Darienfort,New Hampshire,Curacao,29.1286,-3.9691,surculus,turbo,conqueror,suggero,depromo,nemo,tepesco,118,40.69406579945997,69,consectetur,5,1,5,true,0.07298725052503438,2018-01-23T01:46:55.014Z,"Oberbrunner, Swift and McClure",false
369dfbf4-19a4-43d1-bb4a-863b0cfff227,2018-08-24T23:07:06.175Z,Lake Caden,Mississippi,Malta,-81.8123,162.9099,ceno,admoneo,universe,caelestis,coruscus,alii,demitto,93,128.14970368339863,38,abscido,4,1,4,false,0.1556005626113263,2025-06-01T11:33:22.906Z,"Conroy, Nader and Reichert",true
31291074-3f26-44ca-a95c-7240f274b206,2025-12-16T08:06:25.453Z,Cormierton,Rhode Island,Cocos (Keeling) Islands,23.0517,-158.4102,canonicus,sublime,architecto,tempora,tripudio,subvenio,labore,117,185.78955126738035,91,vesper,5,2,5,false,0.1725772116089809,2018-08-23T19:00:55.208Z,Fisher - Schaden,false
27502754-b9d9-45bd-a723-fa1a8b740ad4,2024-05-17T20:05:45.600Z,Olaffort,Louisiana,Turkmenistan,-83.1538,-5.9871,supra,ventosus,sublime,aeneus,vergo,spes,distinctio,66,80.98935600089416,79,alias,0,2,2,true,0.19157644356684025,2023-03-16T09:32:51.489Z,Walsh and Sons,true
ca465075-15a6-4062-a58b-4cf8096b98e4,2025-03-23T08:12:03.897Z,Boyleburgh,Georgia,South Africa,-62.505,66.1493,recusandae,colo,aspicio,tutamen,turba,averto,balbus,98,140.38288693739372,96,facilis,0,0,4,true,0.2169788642836281,2021-09-01T23:51:01.974Z,Jaskolski - Hessel,false
a1d0ce68-302b-4c3d-851e-ec1e24b28863,2020-10-27T17:34:40.403Z,Pittsfield,Hawaii,Japan,65.4007,169.5287,audentia,confero,ulciscor,terminatio,ipsum,dignissimos,tyrannus,125,137.22342911888626,22,aranea,5,2,2,true,0.014658864983365383,2019-09-23T07:18:49.840Z,Nader - Bayer,false
00a8d377-6d99-4c87-b9a5-7fdfdffe562e,2019-06-26T11:07:32.994Z,Lake Estevanchester,Tennessee,Mozambique,16.9596,35.4265,fugiat,veniam,sonitus,video,verbum,conservo,appello,102,167.5372621139062,69,vitium,1,2,5,true,0.13382398336170828,2021-08-13T03:36:36.562Z,Reilly - Kovacek,true
a4236ca9-773a-4d92-9117-3a573f09bc21,2022-11-23T10:40:07.509Z,Lakewood,Texas,Iceland,-37.8794,7.5733,alveus,creptio,officiis,abstergo,dicta,territo,absens,123,157.52052022552542,24,adsidue,6,0,3,true,0.0019314793675413722,2021-08-07T10:37:12.542Z,Okuneva - Jacobs,false
95ed115a-94cf-44e4-ad72-0d449d632f8f,2022-05-08T00:07:54.153Z,East Jaleelport,Hawaii,Serbia,-56.4015,19.903,laudantium,audacia,subseco,advenio,textor,volutabrum,bene,54,76.8781126852754,60,cervus,3,2,5,false,0.17792548740293002,2021-12-02T12:55:17.261Z,"Cassin, Bradtke and Medhurst",true
748eb290-eb86-4b2c-8be6-3dc61a5de7e8,2023-12-09T07:09:32.271Z,New Gertrudeborough,Rhode Island,Norway,62.4893,-149.4977,compono,suppellex,laborum,defluo,claustrum,solum,illo,95,54.36964913763609,43,clibanus,0,2,2,false,0.010431160585976679,2025-10-19T15:13:26.650Z,Kulas LLC,true
533fe0b3-ecad-40f5-8f9d-488e09da7dc3,2018-01-25T23:45:43.027Z,Maefield,South Dakota,New Caledonia,67.2141,139.3567,cupiditate,claustrum,derelinquo,cur,quam,cribro,adicio,71,201.64756297949262,20,delectatio,5,2,4,false,0.2336302214811673,2022-12-21T23:47:20.833Z,"Schuster, Blanda and Corwin",true
1042ba09-2a1a-4afc-8a43-486c629415f8,2025-12-21T20:29:09.702Z,Ankundingstead,Iowa,Jamaica,57.1184,71.7097,absconditus,avaritia,denego,cognatus,summisse,vulnero,comptus,63,126.89251635141588,86,ambitus,1,0,2,true,0.13375035548048542,2021-05-09T21:27:23.518Z,"Johnson, Reilly and Deckow",true
c9fe5d94-0c34-4418-ac92-6297e0afe867,2021-11-19T11:44:02.667Z,North Vicente,Alaska,United States Minor Outlying Islands,-18.5072,87.2861,cohaero,curto,theologus,vehemens,bonus,quidem,subseco,84,95.36412296624651,43,nihil,5,0,4,false,0.06142737547340088,2019-08-07T23:29:17.332Z,"Schiller, Brakus and Block",false
46a98d7a-80fd-4936-b837-d167c3954e41,2023-05-07T05:12:21.276Z,Ashtynside,Kansas,Senegal,-67.9818,19.3428,defluo,thermae,ocer,bardus,ustilo,adulescens,pauci,112,98.81673860921303,76,admoneo,1,0,1,true,0.009152357587450727,2018-12-28T18:36:22.480Z,"Farrell, Zieme and Hessel",false
ef5f6b5a-f43f-4aeb-8173-7b1c250effe2,2024-07-08T09:10:02.819Z,McLaughlinton,West Virginia,Iceland,-5.7279,24.3103,atrox,ago,adsum,summisse,vaco,termes,conturbo,105,31.588863572433254,75,modi,0,0,2,false,0.1920409382233547,2020-08-26T06:55:06.298Z,Parisian - Turner,true
8f1c6585-663d-4e0c-a585-b27c0e8f2ca0,2020-01-27T21:50:23.441Z,Prohaskaboro,South Carolina,Pakistan,78.2783,-141.6519,vulariter,adficio,vorago,viridis,doloremque,impedit,error,59,181.05835100812348,97,sono,1,0,3,true,0.15068978706114405,2021-09-28T05:48:16.359Z,Kunde Group,false
11f14972-4c1e-4758-978e-755157c5ad90,2024-09-07T14:39:36.664Z,Carliboro,Minnesota,United States Minor Outlying Islands,82.4132,156.7549,carus,trepide,rerum,succedo,bis,abeo,officia,50,196.23653297518496,44,mollitia,5,0,3,true,0.007147965098075998,2025-06-01T21:29:24.817Z,Stracke - Swaniawski,true
48b73074-359e-47fd-815f-bee0768f533e,2025-02-09T03:15:01.751Z,Rockwall,Virginia,Denmark,4.7984,-142.1045,adipisci,quos,atrox,corrigo,caveo,claustrum,arma,127,164.9288116984187,53,balbus,2,1,4,true,0.1801200327330941,2020-06-21T01:02:15.844Z,Mitchell and Sons,false
a6bf4688-12b2-41ce-9f8a-ec9b5bed7207,2021-12-28T07:58:02.456Z,Laviniacester,Connecticut,Singapore,-1.0065,36.4504,cogito,vere,adulatio,aequitas,theologus,ex,capio,130,85.93441729862795,86,cometes,4,1,4,true,0.10128917280306976,2020-12-03T08:04:42.022Z,"Cole, Lind and Trantow",false
9c5af26c-c0ce-4a28-a18a-e31a0a4ec468,2019-10-28T18:50:40.475Z,Bellflower,Arizona,Zambia,-48.6604,132.4404,ustulo,tot,vorax,adamo,tremo,ullus,apto,48,221.97397547257665,48,cohaero,5,2,5,false,0.006505447904283285,2020-04-22T06:45:04.515Z,Turcotte - Stehr,false
bb295b96-584f-4352-ac27-aa8860c29bbf,2019-12-27T23:26:21.318Z,South Maudeshire,Wisconsin,Seychelles,11.6222,-103.5993,verbum,vobis,patrocinor,officia,degero,sed,voluptas,69,191.5306766925682,44,super,3,0,5,false,0.12470899978559469,2025-01-10T07:06:00.419Z,Heidenreich - Hermann,true
9e79708c-b337-4d14-a4f2-5c7d8f7bdc59,2021-07-23T13:27:10.132Z,South Terrellcester,Wyoming,Romania,-85.935,76.577,colo,coma,textus,vilitas,admiratio,attonbitus,sortitus,71,225.68579965147592,52,spiritus,0,0,4,false,0.09945136478610972,2024-07-09T19:57:15.458Z,"Waters, Ebert and Krajcik",true
5f326827-cffc-4ca3-8f53-e390250bc40d,2023-03-13T05:50:43.429Z,Vonfort,West Virginia,Cameroon,-66.1991,82.6154,cultellus,terra,audentia,corrigo,viduo,trans,audio,81,173.8602249004573,85,tergeo,0,1,3,true,0.12276558532443274,2019-05-02T21:18:53.809Z,"Paucek, Davis and Rau",true
00faebf7-5ec1-4af7-9e28-ea7eab8fca94,2025-12-23T09:22:25.999Z,South Oliverland,Iowa,United States of America,-23.796,-66.516,voluptates,aiunt,animadverto,reprehenderit,vestigium,tabella,benevolentia,115,114.54573856820653,37,valeo,6,1,2,true,0.09534943121446648,2021-12-24T08:10:16.183Z,"Murray, Anderson and Casper",true
08523f54-d4d1-43f4-9eaa-01560c22a028,2022-11-21T04:50:06.062Z,Candicebury,Montana,Macao,-81.8689,73.0658,ipsa,assumenda,adsuesco,aer,pecus,maiores,tergo,89,41.28826923565008,49,tersus,0,2,2,true,0.0062475908071694675,2025-10-15T18:17:33.272Z,"Schuppe, Gleason and Kreiger",false
0152ba8b-b318-42e8-9ba9-018956f91597,2023-08-19T04:52:36.868Z,Oliverton,North Dakota,Saint Helena,31.3882,-102.0052,incidunt,laudantium,ascisco,defaeco,virtus,corroboro,abbas,59,8.585229639542309,38,atavus,5,1,1,true,0.059313121944482905,2020-11-18T03:01:19.680Z,Deckow - McLaughlin,false
86856793-2fdb-487e-8ce5-cd18c3f2fd50,2024-11-15T19:50:30.430Z,Zolafurt,Rhode Island,Serbia,55.9637,-64.3507,toties,supplanto,doloribus,aestas,altus,angulus,conspergo,75,135.9673893237066,100,adsum,2,0,3,false,0.21866927514492077,2024-09-18T13:51:58.315Z,Nikolaus LLC,true
7198fc02-12ef-4279-9ea9-c246c9791255,2018-03-10T23:33:25.544Z,New Adrianatown,Tennessee,Grenada,-44.18,-92.9139,adduco,atrocitas,inventore,curo,virtus,alius,cras,66,165.18211759829703,59,basium,1,2,5,false,0.06401080109340107,2019-09-03T08:52:53.975Z,Cummerata Group,true
7522182a-73fb-4960-8dd6-c747039d5ef9,2018-09-14T13:20:17.678Z,O'Konfort,New York,New Zealand,-29.1646,-75.5537,deficio,taceo,utor,curis,antea,modi,sulum,79,29.57799042738965,58,tener,4,0,4,true,0.18249642604008848,2018-05-28T04:43:37.415Z,"Turner, Littel and Bauch",true
339b3897-e368-4e4e-a991-ed6f119b1c63,2023-08-10T02:48:19.263Z,Menifee,Utah,Aland Islands,-81.0477,-12.4327,curso,voco,voluptates,corroboro,tego,sit,vinitor,66,192.14339319190404,45,sequi,3,2,2,true,0.17026971755723064,2024-03-08T13:02:02.319Z,"VonRueden, Greenfelder and Nicolas",false
dc5f6c28-fea5-412c-ac94-bc3ed6953adc,2023-10-30T05:03:59.211Z,South Kale,Kansas,Zimbabwe,78.4383,-173.6498,ocer,demitto,caecus,beatae,expedita,vociferor,delicate,35,178.45362347644402,19,cibus,6,1,1,true,0.09413972022360431,2023-04-06T03:33:34.566Z,Lind - White,false
b3f91bbe-f48d-4dc2-b977-c32e4f64571d,2022-09-05T02:48:19.019Z,Williefurt,New Jersey,Dominica,9.2791,12.1616,adstringo,claro,conturbo,talio,angustus,clam,theatrum,23,202.02316363116404,89,brevis,1,1,1,true,0.21538307179372637,2022-11-12T22:31:57.208Z,Russel - Steuber,true
e760b513-557e-41ef-92da-f8aa25d5b290,2025-11-16T20:56:20.381Z,Beerport,Rhode Island,Saudi Arabia,48.5369,163.4959,velut,ultio,ater,decet,adversus,attero,cursus,72,117.46516878768675,79,coadunatio,0,0,3,false,0.004001690101116145,2020-11-29T19:47:56.964Z,"Schmidt, Abbott and O'Keefe",false
9e22f4de-13fb-4438-81ee-19329d842440,2022-11-07T15:33:01.968Z,Ottiliechester,Kentucky,Burkina Faso,42.3027,136.1464,addo,cunctatio,vociferor,tonsor,usitas,tredecim,aer,41,43.7516912896054,35,depereo,0,0,5,true,0.09776248515846184,2019-06-06T12:04:30.230Z,"Langworth, Goyette and Rice",true