accident_id,incident_datetime,city,state,country,latitude,longitude,road_name,road_type,intersection_type,accident_type,weather_condition,road_condition,light_condition,speed_limit,actual_speed_kph,driver_age,driver_gender,casualties,fatalities,vehicles_involved,alcohol_influence,blood_alcohol_level,weather_reported_at,reporting_department,pedestrian_involved
915ba6a1-6ea3-4aad-8728-dfa3db69324e,2022-06-20T02:03:52.246Z,Laurenstad,Illinois,Comoros,-29.9976,-117.8288,suffragium,trepide,atavus,pectus,cibo,crepusculum,asper,51,21.659571209810046,59,voluptate,6,1,5,true,0.1911300920501097,2025-12-13T15:56:47.968Z,Buckridge LLC,false
21fc64d8-64fb-48d0-90c5-48d917d5a227,2020-03-26T14:15:45.011Z,Fort Evangelinechester,Texas,Saint Kitts and Nevis,22.0939,-89.5234,porro,tamquam,tener,benigne,volva,arcus,defessus,130,186.48068293805528,24,adflicto,1,0,4,false,0.030462670390964286,2023-11-03T00:13:26.259Z,"Hyatt, Satterfield and Hessel",true
da70e428-cec1-4a5e-90bb-57a8a751851a,2018-08-03T15:26:48.619Z,Richmond,Tennessee,Antarctica,77.0785,11.4992,amicitia,timidus,arguo,tribuo,delinquo,utroque,solum,27,215.06978190218243,45,asper,3,0,3,false,0.16451214145052284,2023-01-17T18:39:12.512Z,Roob Inc,true
90bc9993-75ba-4785-ba4d-47f247381bce,2024-07-20T16:31:59.832Z,Fort Gilda,Minnesota,Saint Martin,-71.4243,81.8893,umbra,civis,vaco,tersus,depulso,adipisci,spiculum,63,209.76073221210797,70,tertius,3,2,1,false,0.09501675533660942,2020-11-14T16:17:44.223Z,Reynolds - Bogisich,true
74523e4c-49c6-4262-b568-797b1eeff9e4,2018-09-25T19:34:51.117Z,Botsfordberg,Maine,Italy,-6.427,-120.4348,audio,sit,alioqui,concedo,coniuratio,aggredior,ustulo,92,105.12780606750411,71,cunabula,0,1,1,true,0.1592307988145333,2020-05-07T01:20:52.874Z,Spencer Inc,false
005ca639-64a6-4c22-a4d2-aa03f64d5aa9,2021-12-16T20:27:07.539Z,East Ryleetown,New York,Saint Martin,75.5423,-100.6766,cubicularis,cernuus,crastinus,audacia,vehemens,arcesso,speciosus,103,136.287602568161,59,virga,6,2,2,false,0.19590711104541905,2024-03-14T12:08:15.244Z,Kutch and Sons,true
106d8c4b-ebf2-41c8-b6c2-4a38bcdbd986,2018-02-02T05:34:18.281Z,Chapel Hill,South Dakota,Djibouti,-23.7565,161.1698,arceo,acies,comburo,subito,quidem,somnus,cohors,117,141.54452313265503,46,aeternus,0,1,2,true,0.05013199616954153,2020-08-07T13:04:16.368Z,Kulas Inc,false
adcfe5f2-f83b-4987-bc97-e7a4ad9d0ad0,2021-04-12T15:54:41.884Z,Tamarac,Alaska,Malta,-13.4557,-87.837,porro,capitulus,cupressus,atqui,blanditiis,attollo,debilito,126,194.79746260129232,68,cultellus,2,0,4,true,0.06163251683555107,2024-01-04T11:27:00.299Z,Windler - Keebler,false
7a071edf-fd5e-40da-9d60-a9a5654d4a4d,2022-10-04T16:48:08.338Z,West Lylaborough,Oregon,Vietnam,30.743,-15.9072,distinctio,tego,conitor,claro,constans,copiose,summisse,116,167.62631582549673,74,taedium,4,1,4,false,0.017435348134788142,2025-07-12T07:40:39.640Z,Friesen - Dickens,false
9d2f6668-b907-429f-82c9-be38b76dc002,2024-08-31T20:25:05.510Z,New Tomasaview,Vermont,Bolivia,7.3965,-110.1256,colligo,sum,thesis,degenero,amet,victus,cedo,103,128.42951225578582,48,stips,0,0,5,false,0.2074561052347235,2018-05-06T06:08:55.112Z,Adams - Ebert,true
c7384d99-77bd-4992-be04-fff80b706b32,2018-07-22T05:43:44.859Z,DuBuquestad,New Mexico,Libyan Arab Jamahiriya,-15.569,-58.4749,aperio,usus,curis,tyrannus,agnitio,coniecto,curso,84,231.5579303671276,63,amor,4,0,4,false,0.02805102144172536,2025-08-01T13:02:27.166Z,Little Group,true
2098df6c-ce63-4374-ba90-6389a7bec5da,2025-08-10T07:40:00.365Z,Asaton,Oklahoma,Poland,23.4377,167.5976,nihil,acerbitas,turpis,fugit,iste,adfectus,aliquid,126,182.88284152935748,18,deripio,5,2,5,false,0.12990232163463328,2020-12-20T20:34:12.210Z,Heathcote LLC,false
7592b176-0fed-4c03-ba99-2d47a34d2e11,2018-06-07T14:44:34.366Z,Nathenberg,Arizona,Senegal,-3.5819,64.4456,avaritia,temperantia,quam,accusamus,speculum,claustrum,turbo,58,4.936171988517231,31,confido,5,1,4,false,0.10305585179620455,2024-10-16T09:06:45.503Z,"O'Hara, Torphy and Rosenbaum",true
b0522ef5-c8fe-4066-9452-38d8ca8c4f6d,2025-10-05T11:38:17.587Z,Leohaven,Michigan,Ireland,14.9743,60.0669,eligendi,curriculum,angulus,a,volaticus,casso,vitium,90,57.16987171402614,19,debeo,2,0,1,false,0.16703181232274006,2020-10-06T02:09:54.941Z,"Heathcote, Marks and Wehner",true
aed8ad2a-425f-4ebf-b7f9-d16bc8376daf,2019-08-03T20:33:44.069Z,East Cloydfield,Oklahoma,Lithuania,-50.9926,-93.8489,vilicus,subvenio,atavus,curriculum,caries,audio,vae,118,39.8652403789705,90,urbs,1,2,4,true,0.19453699547287676,2025-02-25T14:54:45.697Z,Steuber - Kreiger,true
3be39c4c-d802-4811-90ed-bf0114f5b382,2025-11-08T23:27:31.615Z,Macejkoviccester,Hawaii,Hong Kong,-53.8155,173.7096,ustilo,ustulo,abduco,villa,conatus,sollers,tracto,40,69.39736263537813,69,amplus,6,2,1,false,0.009608454970345875,2023-05-14T16:30:18.404Z,Cartwright LLC,false
ae1b0f97-15af-4003-94a7-3b1b44d2a267,2022-09-14T05:39:31.957Z,Friesenside,Nevada,India,21.2101,131.0784,suffoco,accommodo,arx,correptius,infit,illo,canonicus,106,132.02831637008634,71,antea,6,2,3,true,0.16471881293749804,2018-12-04T01:09:03.293Z,"Mann, Wisozk and Yost",false
61c14616-f2c0-4a3c-9c27-2b6094af65bc,2022-11-17T11:44:01.760Z,West Covina,Wisconsin,Slovakia,70.2557,4.0021,minus,crinis,tutamen,chirographum,vester,tepesco,coaegresco,72,121.93478100743692,71,cunae,4,0,2,false,0.1724496140601382,2023-02-14T02:41:58.071Z,Hickle - Willms,true
09b66979-6856-4c64-b53c-65929cbf186c,2021-05-10T13:55:19.227Z,Lake Brettchester,South Carolina,Japan,5.3542,-88.2965,deporto,delinquo,pecus,debilito,verbum,abbas,cito,122,214.50312713069727,19,degero,0,2,2,true,0.004377630485598777,2020-06-22T13:57:28.507Z,"Wuckert, Johnston and Feeney",true
54f655d4-6c1f-4749-8a45-404754ecb539,2024-11-17T01:49:20.645Z,Douglasbury,Georgia,Rwanda,40.0439,97.2589,bardus,ut,defaeco,aegrus,ut,adduco,curso,91,10.134983361209411,47,voluptas,3,0,4,true,0.06616548721711482,2024-12-09T19:14:14.419Z,Reichel and Sons,true
aeaa2dae-731d-4c1e-b124-1663db20d55f,2021-09-27T05:57:18.842Z,Fort Desiree,Nebraska,Western Sahara,-15.5481,157.1323,crepusculum,solium,defleo,viduo,acidus,vulgo,sub,38,93.33165463384391,92,tactus,3,2,5,false,0.007230331930564632,2019-06-16T08:04:36.217Z,Weber Inc,false
9210eaf7-4e85-4710-be8e-9622c6f618aa,2025-02-13T19:25:21.425Z,Creminfield,New York,Burkina Faso,-17.9773,-125.8801,eveniet,volva,totidem,odio,vulgaris,acceptus,caelestis,77,19.97791722147636,74,audax,2,0,2,true,0.06694323899044874,2019-11-03T09:15:44.919Z,"Considine, Goodwin and Bartoletti",true
6086bb3b-3647-4dcf-a48d-5fec84aee40e,2020-09-15T13:10:01.800Z,Bossier City,Virginia,South Africa,67.2777,110.1284,demitto,ara,vesica,quod,virgo,sollicito,aer,115,137.0371695257579,61,validus,1,2,5,true,0.08623241797956141,2019-09-28T12:43:55.380Z,Grant - Kerluke,false
22a058c1-f367-4ab5-94a6-456d42ece210,2023-12-27T18:41:56.080Z,Purdytown,Wisconsin,United Kingdom,64.9536,22.4159,cresco,theca,tribuo,vulticulus,cometes,aliquid,ustulo,84,189.54511416196613,67,turpis,0,1,1,true,0.07155293414750491,2021-11-14T00:58:44.834Z,Johnston LLC,false
5ef215b6-33a0-4f50-bbd4-c3d9fb03557d,2020-12-16T05:23:01.227Z,Gardena,Ohio,Fiji,-46.7182,21.9232,aiunt,curtus,versus,angustus,arbitro,deprimo,tempora,82,99.99631905058898,88,suasoria,5,1,3,true,0.03220131168205817,2021-04-08T14:35:09.140Z,O'Keefe - Mayer,false
12eff559-6148-4340-b847-2dd76f0ec1ea,2019-08-06T00:22:16.068Z,Rodgercester,Connecticut,Greenland,-86.2413,69.8461,tertius,atqui,asporto,absens,enim,attero,usus,102,237.66266980784258,74,ipsam,0,0,1,true,0.015482049532091036,2022-12-12T07:46:04.826Z,"Keeling, Gleason and Wilkinson",true
8f1695ee-f075-488a-a0b4-adaf8979daaf,2024-07-29T21:02:21.385Z,Abrahammouth,Wisconsin,Pakistan,60.9815,-84.2964,error,alioqui,quisquam,curia,cavus,aperte,compello,124,176.7026068951894,59,animi,4,0,2,false,0.16421236937104705,2022-04-19T20:57:47.194Z,"Bradtke, Brown and Kreiger",true
c0151ca1-cee7-4b84-9c8b-43abc94db96c,2022-11-05T03:32:21.783Z,Calibury,Connecticut,Philippines,-60.9124,-106.388,velut,advenio,currus,aduro,cui,facere,spectaculum,93,95.19745535689957,84,cribro,2,0,3,false,0.24413902876993898,2020-06-10T16:00:55.365Z,"Wolf, Bartoletti and Shields",false
0a1e6543-722c-4803-9a7c-ad83d3c68040,2021-11-01T04:12:05.656Z,Sporerport,Minnesota,Ireland,58.5008,-142.6531,conatus,strenuus,pauci,amaritudo,alienus,comprehendo,bellicus,54,136.70602279083027,49,sollers,3,1,1,false,0.19883077500108182,2021-11-07T06:12:27.321Z,Koch LLC,true
358b9a40-32cb-448b-a2c1-811504c5ecae,2023-09-04T11:53:27.205Z,East Ollie,Maine,Estonia,-51.8746,-119.2509,curo,certe,canis,turba,suspendo,incidunt,caterva,66,222.17028562411508,52,ex,2,1,2,true,0.23593232747721857,2019-10-31T21:31:37.071Z,"Purdy, Haag and Hyatt",true
24dd4cb3-128e-41e5-8311-16f34d1fa466,2021-09-17T17:33:29.183Z,Palm Bay,New Hampshire,Democratic People's Republic of Korea,56.4754,79.0727,copiose,stabilis,talus,termes,vicinus,amiculum,usus,69,78.53321253238863,26,vesper,1,1,1,true,0.16136961493186017,2020-02-02T10:04:36.285Z,"Cole, Grady and Olson",true
4c7a5d6d-3edd-4641-a240-67524afa00ee,2021-11-11T22:17:37.320Z,Augustusburgh,Delaware,Mozambique,79.7534,88.7687,terebro,nihil,virtus,comptus,temeritas,testimonium,veniam,75,36.229240615340785,51,comptus,3,0,4,true,0.13319734053854004,2019-11-12T10:33:41.742Z,Runolfsson LLC,true
eed5ca6c-e155-441e-a1dd-ef98b2c5d349,2018-07-01T22:23:06.242Z,Glendora,Florida,Gambia,69.3283,40.8395,ipsa,baiulus,pauper,vinitor,solium,viriliter,cupiditate,103,46.91383702524416,81,via,6,0,3,false,0.0322312505545842,2024-03-23T05:27:46.169Z,Schumm - Sauer,false
a984f3ec-30d4-4f65-9c4e-078bd4900300,2019-03-27T13:24:54.017Z,Fort Smith,Nevada,Sao Tome and Principe,9.9979,-99.4313,ullam,degenero,subnecto,corrupti,coniuratio,confido,mollitia,129,238.872810029548,92,tamquam,3,0,3,false,0.01826654387143184,2019-10-11T10:22:34.708Z,"Sporer, Goldner and Quitzon",false
477444f5-7651-4781-bc4f-7c105d0be048,2025-06-27T20:05:40.388Z,Norvalview,North Dakota,Spain,-86.0938,-83.6348,voluntarius,ultio,asporto,commodi,sollicito,substantia,umerus,54,87.36169439744859,39,minus,5,0,1,false,0.14637495596032277,2020-05-27T01:08:35.292Z,"Herzog, Brakus and Hammes",true
c336d57f-71f2-4c7c-9d54-c80cf29e8f63,2018-03-19T10:18:08.287Z,Malden,Idaho,Guinea-Bissau,79.882,90.9999,voluntarius,quis,carcer,ea,triduana,stabilis,capitulus,65,28.83441061265133,64,cibus,4,1,2,true,0.023679869725455605,2019-10-05T00:05:13.938Z,Gleichner - Grimes,false
0cc3a598-17df-46d9-9338-0105929bd7ec,2021-04-02T09:35:51.232Z,South Evert,Connecticut,Syrian Arab Republic,26.5933,-71.1846,atque,deprecator,arcus,cur,stips,ulterius,ambitus,116,202.30617358655627,46,sperno,2,2,2,false,0.2090919393623478,2022-09-04T09:24:44.345Z,Cummerata - Spencer,false
b55bbaa9-1841-4a57-941c-e552fe7cb33f,2019-08-19T18:54:07.395Z,Rosettaville,Colorado,Antigua and Barbuda,-26.7351,117.2499,dolorum,caterva,certus,certe,tergum,calco,valeo,58,40.019824425245815,81,tamdiu,0,0,1,false,0.13019604388210357,2023-09-26T08:03:33.278Z,"Bailey, Sporer and Grimes",false
2fa4ec30-e502-4847-936b-88ce6bfccd30,2021-08-29T05:14:00.160Z,Smithamshire,Illinois,Guadeloupe,79.6512,169.4581,vestigium,ceno,texo,apto,veniam,carmen,totidem,76,221.98806836211855,29,alienus,1,0,3,true,0.05977293062092803,2023-03-22T03:25:17.731Z,Trantow - Hamill,true
f1295dda-3458-49ea-8c66-0ffad3833c59,2022-11-23T07:48:41.395Z,O'Keefeborough,Alaska,Saint Pierre and Miquelon,56.6972,61.8023,tergeo,accommodo,surgo,talio,clamo,deficio,votum,32,152.00254390948697,87,saepe,4,0,2,false,0.23542165065705395,2025-08-22T22:36:19.798Z,Zulauf and Sons,true
006742ab-e20e-4aa9-acfe-bdada8a11f09,2018-11-08T18:39:08.521Z,Port Dario,Georgia,Russian Federation,-19.0423,167.4129,defendo,celo,accusator,concedo,ago,conturbo,vulariter,70,19.622266036641925,83,vergo,0,1,3,false,0.16767886750917999,2019-07-26T23:57:05.075Z,"Shanahan, Murray and Jaskolski",false
6b9f8f5a-c12b-4038-b4f9-9ca39fb130c1,2019-10-14T08:59:28.471Z,Methuen Town,Vermont,Nicaragua,37.6491,161.0445,nemo,earum,calculus,argumentum,tabula,consuasor,stips,35,202.27821084070914,93,voluntarius,3,1,2,false,0.14691956792787364,2024-11-02T03:34:19.987Z,"Senger, Littel and Hilll",true
97f82fef-87ab-443a-88fc-2afcf226f688,2019-12-20T16:49:38.152Z,Lehnerburgh,Kansas,United Arab Emirates,83.3168,28.2532,adstringo,rem,terebro,contra,caritas,ascisco,ipsam,123,200.97406832150992,77,confero,3,0,4,false,0.07318224768230241,2025-11-27T07:10:49.190Z,Spencer - Prohaska,false
14f04858-3c54-455d-9472-346d8bb9498f,2021-01-13T00:14:07.765Z,Morgan Hill,Delaware,Maldives,-65.6705,-24.2339,bene,vilis,uterque,nobis,centum,theca,explicabo,74,165.1750772898079,37,cunabula,1,2,4,false,0.19884343907293656,2025-01-04T16:00:35.020Z,Huels Group,false
c621bb60-76ac-47f6-b7e3-86b57560fe74,2018-04-30T03:02:56.066Z,Cummeratafield,Rhode Island,Denmark,-20.7383,-48.3264,tricesimus,commodi,amita,cras,stultus,callide,crux,64,178.87091506910468,46,vesica,1,2,3,true,0.23185647949605545,2023-07-24T13:08:50.311Z,Marks Inc,false
b58de69f-0f3e-4a0b-bfa2-9009aad7724c,2022-10-17T13:20:52.006Z,Trenton,Arizona,Syrian Arab Republic,-84.433,124.4513,depulso,calco,comptus,supellex,cicuta,totidem,volubilis,112,162.42417426604104,17,cerno,4,2,3,false,0.1820864336152216,2023-04-09T17:21:22.408Z,Jerde - Kuhn,false
f4482791-2f06-48ea-83d4-ea56fdecd0c2,2024-01-09T15:40:22.767Z,Lucienneland,Michigan,Denmark,-5.4153,-122.1958,caute,vallum,cogito,cilicium,thymum,sequi,adipiscor,30,232.8829028882809,89,caelestis,1,2,3,false,0.03235970649084449,2018-03-11T20:08:40.042Z,Nitzsche - Halvorson,true
aa4f81f6-8eca-405f-bc66-59822c15e5db,2023-12-08T00:16:24.023Z,New Rochelle,Alaska,France,7.6217,-169.4841,cauda,ventito,totidem,careo,sint,sumptus,vindico,97,140.08577170852635,33,thorax,2,2,4,true,0.21294628402698845,2020-09-14T00:42:21.036Z,Kris LLC,false
2a3ed785-c362-4ac1-9634-4b20fb54f300,2021-10-05T11:46:13.807Z,Cassidyfort,Virginia,Somalia,-26.1307,45.9532,subnecto,capio,stella,tribuo,peccatus,adduco,cognatus,85,176.83075966218152,66,denego,0,1,3,false,0.048748022572857236,2019-01-24T12:24:46.886Z,Quitzon Group,true
1f7f1b9e-edc2-41c6-9450-c5d5b49be095,2023-07-28T06:42:28.087Z,Treutelworth,Maryland,Guyana,-67.546,131.832,optio,iste,cometes,absque,vesica,turpis,viridis,79,200.4038360132601,58,angelus,3,1,5,false,0.1623152323916152,2024-11-16T05:02:31.201Z,Sanford Inc,false
8a87bb5a-7e79-47ef-b4f7-0a02d4368142,2020-02-13T01:21:28.774Z,Port Eduardo,Maine,Anguilla,-1.925,177.9982,totidem,tamquam,bos,aliquid,velociter,virgo,quaerat,109,19.894146290302146,59,cunctatio,2,0,5,true,0.24320750316995418,2022-06-28T09:18:26.578Z,Veum - Parker,true
41026255-e993-42ad-a33d-adfdf9001413,2020-08-12T15:41:31.854Z,Hanford,Colorado,Germany,51.4674,24.7245,dicta,blandior,amplitudo,perspiciatis,adopto,ea,capitulus,86,219.60114628926303,49,ultra,6,2,5,false,0.07000543631141556,2025-04-27T22:30:47.243Z,Beier Inc,false
8c8b574e-4b60-44bf-af94-8ca6a8f522dd,2019-01-09T20:58:51.778Z,Grahamborough,Maryland,Benin,-68.0018,13.2659,conduco,aspernatur,cattus,urbanus,sursum,laboriosam,armarium,119,66.25430708803121,48,vigilo,6,0,2,false,0.0519290250907255,2019-01-10T09:37:39.001Z,"Kemmer, Morar and Nitzsche",true
adcb508d-c603-4cf4-bcd3-493ad4c0210b,2025-08-13T01:40:26.413Z,North Elenoraborough,Minnesota,Belize,-71.5992,13.7417,apparatus,degenero,spes,decerno,tergum,urbanus,crinis,29,204.2463693125823,60,molestias,2,2,2,false,0.06261163945443832,2021-04-09T14:03:54.010Z,"Ratke, Langosh and Runte",false
6a0f78b0-bebd-4fc1-9de7-b1c3ed765259,2023-02-07T05:36:07.025Z,Rickside,Wisconsin,Belarus,9.044,89.8316,sumptus,suspendo,valetudo,ab,voluntarius,strenuus,sperno,96,103.03966532905235,62,thymbra,4,2,2,true,0.08247078335561267,2022-07-17T09:18:14.060Z,Cummings and Sons,false
f22402c6-45bc-4147-b2c9-e43b5333b30b,2023-01-25T16:55:39.771Z,Nikkofield,Michigan,Albania,45.575,-170.7042,cursim,villa,trans,absens,suppellex,sequi,adulatio,123,237.91569512619722,87,adstringo,0,1,3,false,0.2171877480358342,2020-03-05T14:54:48.145Z,"Satterfield, Goyette and Kuphal",false
09adbffe-1745-45e6-bcb1-8cd50cce49cc,2022-09-12T14:48:49.387Z,Camden,Alabama,Democratic Republic of the Congo,41.6663,-133.722,ascisco,ea,demum,cunabula,tantum,vallum,exercitationem,125,34.0228652997684,66,quae,6,2,5,false,0.1805911080693994,2025-06-01T01:10:32.251Z,Davis Inc,true
facff687-5ea6-41ac-8401-0ef8be779ce1,2025-02-01T11:24:36.060Z,East Kittychester,Michigan,Luxembourg,24.6631,135.7524,sustineo,approbo,abutor,substantia,surgo,aut,desino,103,153.20444609732584,44,supra,4,0,4,false,0.038888860354474,2020-03-31T15:51:47.199Z,Krajcik - Carter,true
777bb0f1-9ac9-4926-a080-cc7eb246016f,2023-10-23T18:36:54.045Z,Haleytown,Pennsylvania,Palestine,12.2184,-40.6882,dapifer,comminor,stultus,desino,dedecor,tenax,defero,69,133.15645240355815,72,vis,2,2,4,true,0.14641532437671134,2018-06-21T20:49:30.638Z,"Stokes, Bernier and Becker",true
34cfe3b5-af03-4827-b16e-f94cfc463983,2018-10-30T06:36:56.891Z,West Lia,Alaska,Slovenia,-58.0592,-161.8151,acsi,cornu,victus,voveo,crinis,sodalitas,claudeo,30,187.63695220478402,19,somniculosus,0,0,5,true,0.18512970410331694,2019-04-24T04:12:41.273Z,Streich - Upton,false
4140f1d0-f846-4f8b-892d-8aead13360ab,2023-12-30T02:30:40.391Z,Lake Noemie,New York,Republic of Korea,-44.657,72.4925,voco,odit,accommodo,stipes,voveo,vulnus,aro,49,197.97369091387174,40,vehemens,3,0,5,false,0.15887390775507604,2020-07-06T17:42:49.957Z,"Ryan, Dicki and Kessler",false
14117aed-e5d1-407e-a957-e938c36a9fa6,2022-05-26T00:17:21.341Z,Nienowborough,Utah,Turkey,-80.8288,-19.3935,territo,virtus,validus,curia,creo,adversus,adipisci,28,145.2749881880678,64,vinculum,4,1,4,true,0.019673710342323653,2024-11-11T17:48:55.075Z,Jakubowski - Harber,true
29881e70-002c-4804-9deb-1eeb334ef913,2020-10-21T20:36:46.537Z,Fort Conor,North Dakota,Aland Islands,-43.8916,160.7278,stabilis,theca,delinquo,atqui,laudantium,undique,timidus,30,223.01535311276098,83,uredo,4,1,2,true,0.17735999751618853,2019-04-18T03:00:00.014Z,Heaney LLC,true
227a7114-1ed0-4a72-bff7-cb6989717c41,2022-06-08T14:29:26.528Z,Lake Nannie,Iowa,Belgium,-13.2484,78.6056,caveo,colligo,aeneus,vinco,alii,ustilo,curatio,75,49.05346473181822,20,commemoro,3,1,5,false,0.07643983436888735,2024-02-09T11:31:48.008Z,Lesch - Stehr,true
3fd792cc-17df-48c8-b8d1-743004d85bf2,2023-11-30T08:24:02.303Z,Thompsonmouth,Kentucky,Slovenia,-43.0127,-91.6551,corpus,claro,vacuus,concedo,acer,tamisium,ait,88,108.0600455283137,74,ventosus,3,0,4,false,0.15772443261478447,2019-02-08T04:06:39.882Z,"Harris, Stiedemann and Kutch",false
9ea4a38e-bd9e-46d3-addf-7cb5a945670f,2018-01-01T23:47:05.213Z,Lompoc,Utah,Malaysia,-76.806,58.973,laborum,desolo,vomica,deleniti,tam,comedo,sursum,39,239.16897478044726,83,suppono,3,1,5,false,0.07266743826708696,2019-09-20T07:55:56.982Z,Wiza - Cassin,true
acce7bbd-8634-4d46-81e6-7447fe39982e,2020-03-01T12:58:02.990Z,East Sammyworth,Nebraska,Lithuania,-12.6636,83.4241,vorago,candidus,summisse,ater,censura,crebro,currus,55,112.00865901222727,66,illo,4,0,4,true,0.17827260451367852,2025-07-04T09:52:30.964Z,Stanton - Hackett,true
c33b83f1-2972-453f-bf21-9714955c6205,2019-07-25T07:56:58.968Z,Simonishaven,Iowa,Croatia,-9.8765,-130.6236,inflammatio,varius,ante,ager,thymbra,suadeo,damno,71,159.9547196726633,36,cribro,5,0,1,true,0.03181138274487233,2018-11-26T08:10:10.605Z,Flatley and Sons,true
48b769c3-feb2-4761-9725-f106cef7a9fa,2019-07-16T03:47:55.539Z,Placentia,Florida,Libyan Arab Jamahiriya,-25.201,115.7449,addo,tepidus,sed,magnam,tripudio,voluptate,tristis,94,22.97220406750857,49,desidero,1,0,1,false,0.0005172593440239959,2024-10-14T09:41:41.365Z,"Bergnaum, Senger and Thompson",false
d99fa1cc-7291-4894-b3ff-7dee19936668,2024-06-27T03:55:02.458Z,South Victor,North Dakota,Uganda,28.097,-84.6435,vociferor,cavus,aduro,tutamen,aut,vindico,decor,73,76.65729314208534,86,enim,3,1,5,true,0.14887366051212564,2021-02-06T06:28:52.618Z,Heller - Murazik,false
351e9e1e-62a4-48d8-8f7b-8c20a437dd56,2022-02-23T20:16:14.209Z,Alfordchester,Texas,Mozambique,-32.721,-38.3806,acerbitas,tamisium,bis,conatus,defessus,culpa,decens,67,8.143543141384857,75,attonbitus,4,1,3,true,0.0041074803686267924,2020-12-04T15:55:37.617Z,"Crona, Larkin and Corkery",true
03802708-6d36-4efc-b6e9-e63ae7af801e,2024-07-10T21:37:39.635Z,Centennial,Wyoming,Tonga,51.5506,-78.0389,deorsum,abundans,trepide,provident,vulgaris,balbus,amplus,81,59.5085089238816,65,cuius,5,2,3,false,0.20651268368166603,2019-05-11T11:39:40.444Z,Mertz Inc,true
50e1febb-9eba-4c3e-b627-82ebf4f242aa,2019-07-16T02:27:16.836Z,South Ola,Kansas,Svalbard & Jan Mayen Islands,-10.043,-100.3577,caterva,conturbo,utpote,dedico,degusto,pectus,sulum,98,130.8601161775568,27,studio,5,1,5,false,0.17057518255714801,2018-10-23T04:49:41.244Z,Upton - Auer,true
4829e9fd-3836-4b4f-81ef-7ae4cb426367,2021-01-07T09:07:32.537Z,Simi Valley,Colorado,Kenya,5.3547,47.3654,suasoria,aurum,amita,chirographum,atrox,speciosus,ager,126,9.065973286742315,30,dedecor,5,2,2,true,0.03486345684285011,2025-02-19T14:18:39.580Z,Lindgren Inc,true
3c81aec3-233f-45b6-9774-1720129a3e25,2021-01-13T14:23:50.666Z,Ericport,Idaho,Aland Islands,20.4447,5.7675,vado,subito,alo,tergeo,tamquam,tergiversatio,acquiro,26,211.39545135485,48,cunctatio,0,0,1,false,0.2337223402995312,2018-04-23T12:39:08.377Z,"MacGyver, Berge and Bruen",false
5b724acb-9db7-40fa-8a84-f48f8667bd19,2021-11-10T11:47:58.443Z,Buckridgechester,Washington,India,-76.8711,34.6453,victus,tenuis,audacia,verumtamen,ager,adversus,vomito,76,126.54446896920781,19,victus,4,1,3,false,0.21184725830286283,2023-02-03T20:23:13.250Z,"O'Keefe, Padberg and Dibbert",false
c936a126-86cd-4ce1-9066-e0d10fdc44b7,2021-02-13T09:07:03.752Z,Pflugerville,Michigan,Burkina Faso,-87.8879,132.2549,theatrum,videlicet,temptatio,crinis,turpis,verus,pax,52,43.78487577051922,30,absconditus,2,1,5,true,0.14369176528033595,2018-08-23T03:32:29.425Z,Berge Inc,true
294b9fda-a7f9-45d4-88f3-b97445431c11,2019-05-24T09:14:55.940Z,Fayview,New Hampshire,Canada,-38.7582,150.3295,audio,cultura,arbustum,strenuus,quasi,somnus,acceptus,110,29.87996084417034,37,statua,6,2,4,true,0.13182905914903742,2025-04-19T20:15:26.074Z,Deckow - Wyman,true
2f5d9684-1f7c-44dc-a5ef-7d4fc244d731,2018-06-03T15:17:37.996Z,Lake Nataliahaven,Mississippi,Germany,56.2383,-110.3948,debeo,suppellex,tepidus,venio,officia,thalassinus,repudiandae,72,227.15191576391564,64,sequi,5,1,1,false,0.19860138760319304,2023-02-06T13:29:26.549Z,Volkman Group,false
058a2ea8-d2a4-4378-b62c-a592ba76c6c1,2021-09-23T19:42:12.173Z,West Jarrethaven,Tennessee,Zimbabwe,-2.6455,43.0068,aeternus,sollicito,templum,terminatio,stabilis,vitiosus,cursim,79,61.05813884511743,46,abduco,3,1,2,false,0.23803311719170883,2025-08-25T15:15:00.031Z,"Schiller, Dickinson and Wolff",false
a4dbf2c8-7e49-43c6-8305-a956e4539bb4,2024-08-29T20:44:59.138Z,Marysville,Hawaii,Trinidad and Tobago,53.9113,-31.2099,decor,depulso,velit,consuasor,dolorem,civis,vivo,67,106.16708297667816,91,timor,0,2,2,false,0.03615099354907925,2023-05-20T01:56:50.995Z,Gutmann - Considine,false
dcef4936-e7a5-489e-9eb2-9d7a6842ff67,2018-02-05T01:15:28.389Z,Chazmouth,Washington,Uganda,83.5103,-45.8906,tristis,crudelis,acer,valens,deleniti,termes,blanditiis,112,42.880610357224356,86,delectus,0,0,3,true,0.11707308163080937,2022-11-15T06:20:03.338Z,Kohler - Abshire,true
aeb55c17-732b-49f2-aa52-415986d2fab0,2023-07-20T20:31:09.646Z,Danielchester,Missouri,Uzbekistan,14.3096,-104.7589,ubi,desino,acerbitas,baiulus,congregatio,quos,volaticus,61,209.4049117684537,83,contigo,2,2,1,true,0.18455901037302092,2023-11-05T03:20:24.435Z,Rippin - Wisoky,true