accident_id,incident_datetime,city,state,country,latitude,longitude,road_name,road_type,intersection_type,accident_type,weather_condition,road_condition,light_condition,speed_limit,actual_speed_kph,driver_age,driver_gender,casualties,fatalities,vehicles_involved,alcohol_influence,blood_alcohol_level,weather_reported_at,reporting_department,pedestrian_involved
7452b7d3-af90-49c4-909a-4081f94cff50,2025-01-02T12:05:53.867Z,Deliaport,Virginia,Micronesia,7.7472,86.689,clibanus,arcus,comprehendo,ambitus,conqueror,cohaero,tersus,95,37.006730091757944,22,candidus,6,1,3,true,0.13273162773522534,2025-04-22T15:44:17.905Z,"Quigley, Cassin and Witting",false
e3486143-2380-420d-9511-7f72d5382d39,2022-08-09T17:26:26.123Z,O'Connerchester,Delaware,Bolivia,47.5767,130.2531,vado,pectus,summopere,asporto,condico,suscipit,quo,123,116.63272437947823,93,tempus,0,1,3,false,0.09175001897629448,2025-10-04T09:06:22.542Z,Reichert Inc,true
9b2165c1-549a-477d-83e1-ce90c2d5686a,2025-12-21T06:49:21.614Z,Antonettafort,Montana,Ecuador,71.9766,108.3067,terga,argumentum,ustilo,surculus,aestivus,sint,clibanus,52,214.2054815211863,69,cura,3,1,2,false,0.23347093672902794,2019-05-07T19:57:57.457Z,"Kuphal, Goodwin and Stamm",true
85c31912-ec5f-41f7-8e72-39d844ad135d,2022-11-16T12:30:43.283Z,Denton,Florida,Palau,-26.7881,-127.0264,tutis,decor,thermae,viscus,eum,coadunatio,delibero,65,227.20876544734645,25,temperantia,6,1,3,true,0.10078480961141381,2018-01-28T15:07:21.456Z,Rau - Bednar,false
2fc53ca9-a2b8-4c98-9b3a-6db0cc8cf1fb,2025-06-05T16:46:41.411Z,Weissnatstead,Minnesota,Nigeria,49.4622,-9.8395,somnus,officia,crux,viridis,quidem,quis,tamisium,28,29.31710135319826,17,dolores,1,1,3,false,0.14522850712900565,2021-06-06T09:20:32.712Z,Terry Group,false
36fc0fb9-eeb0-46d6-b280-2bf8d875c37f,2020-05-23T11:25:46.927Z,Klingland,Oregon,Kazakhstan,85.0233,-153.572,terebro,veritas,conicio,acies,terga,conventus,clam,30,103.55649456295754,76,una,4,1,5,true,0.1804073776310132,2021-10-04T00:01:31.039Z,Quitzon - Brekke,false
63f2ff9c-58fd-41e7-93fc-d59044becfbf,2024-05-14T19:14:19.757Z,East Thurmanboro,Arizona,South Georgia and the South Sandwich Islands,31.1582,51.0252,suscipit,abstergo,deporto,concedo,corpus,adfectus,adeptio,56,95.19122703987856,60,cupio,5,2,3,true,0.24538330079386744,2018-01-03T11:39:41.137Z,Nolan - Mayert,true
70274453-c7e0-4cd5-8556-4fdb8b8606bd,2021-03-21T22:14:49.540Z,Briellechester,Alaska,Iran,-37.3701,176.6934,sperno,volo,eum,eveniet,aggredior,versus,careo,127,141.84864454611107,16,creo,4,1,5,true,0.21005072547765127,2025-10-28T16:51:42.559Z,Dare Inc,false
9a0353b4-d5be-42f6-aa77-35d812a3fc4f,2019-11-29T14:28:47.289Z,Beaverton,Maine,Bolivia,-62.9391,-146.5026,comparo,vulticulus,adnuo,tandem,pariatur,cedo,unus,111,29.837066164929425,22,vetus,3,0,4,false,0.03589768284005798,2024-02-07T20:59:42.677Z,Kautzer Group,true
a4af1f7d-8b03-4fb0-8099-22f3d2d7c1c4,2024-12-10T10:48:09.453Z,East Elenafield,Ohio,Grenada,76.1312,-76.3716,voluptas,considero,combibo,ceno,placeat,vitium,cibo,102,50.78333244400699,99,atrox,3,0,3,false,0.06672732463771114,2021-01-30T08:37:22.127Z,Lang Inc,true
78f7cb92-2490-4a1f-b503-6f165d3879b6,2023-02-04T14:28:54.949Z,South Quinton,New Hampshire,French Polynesia,17.2504,147.5461,defungo,solium,certe,curiositas,aliquam,victus,maxime,113,204.66523875863072,28,triduana,0,1,1,false,0.06736814207238048,2021-08-03T01:47:37.236Z,Marks Group,true
575ada9b-9cef-4719-b542-5036751acc4c,2022-08-20T02:23:57.901Z,Fort Mathew,Rhode Island,Sao Tome and Principe,-71.9088,43.1311,commodo,tergum,vilicus,valeo,earum,adflicto,nobis,122,165.30159203263466,93,sodalitas,6,1,5,true,0.18239498258873166,2022-05-30T08:14:00.104Z,Funk Group,false
0720bb7c-9e08-41f4-823e-cd3c03c6ee2b,2021-04-09T20:39:49.661Z,Shieldsfort,Michigan,Bhutan,34.3837,-128.8585,anser,chirographum,acsi,sumptus,maxime,vorax,constans,119,215.57462019018178,64,patior,0,0,1,true,0.15967290461867317,2023-06-20T11:26:16.561Z,"Schuster, Cummerata and Abbott",true
95ba10dc-6f2b-41e3-8d7e-f8fa36326734,2023-10-24T16:04:12.474Z,Lake Mckayla,South Dakota,Guatemala,40.1781,64.1676,aperte,carpo,cauda,pariatur,caecus,cursus,saepe,60,53.53554694078745,86,speculum,1,0,3,true,0.2265960216896511,2018-10-16T05:09:31.350Z,Fisher Group,true
d643fddc-cc06-4baa-a0ab-daf724c80d16,2025-06-21T00:17:22.163Z,South Carolinabury,New Hampshire,Taiwan,63.6626,-13.093,caelum,tibi,thesis,appello,beatae,rerum,ratione,91,214.95227700397587,20,adfectus,1,0,2,false,0.011857980691952236,2020-07-15T02:33:32.033Z,Corwin LLC,true
c7493de8-c480-42d3-890e-4c9dd67d4c46,2020-12-18T22:30:32.290Z,East Reynold,Arkansas,"Bonaire, Sint Eustatius and Saba",-9.898,-121.8776,deludo,coniuratio,aspernatur,accommodo,sortitus,strues,ceno,67,37.785151186514724,26,aureus,2,1,3,false,0.01958836523796348,2018-04-15T01:06:48.692Z,"Grady, Jacobs and Rolfson",true
a58d44e7-fbff-48df-8946-eebf6424caa2,2020-01-09T17:16:26.294Z,Tadfurt,Michigan,Colombia,79.3911,-122.2037,spoliatio,ultra,fuga,creo,depopulo,candidus,defluo,126,23.87926494808017,38,recusandae,3,1,3,false,0.14719478473590084,2022-10-14T01:26:01.451Z,Powlowski - Conn,false
06d4e4c2-6459-45c7-9e43-07539e1351c1,2024-11-11T19:47:25.913Z,Stromanburgh,West Virginia,Ethiopia,64.2856,-3.8842,textor,coniecto,defaeco,acquiro,antea,conatus,volaticus,118,157.6312829491239,55,tersus,0,0,4,false,0.08620127232905134,2025-06-16T18:09:00.213Z,Champlin - Hane,false
446deac6-985b-4e2c-a6f6-2b4e49b90ec4,2024-11-27T06:27:24.257Z,MacGyverland,North Dakota,Bosnia and Herzegovina,12.7131,-32.7201,audio,temptatio,cariosus,super,coniuratio,ratione,cibo,80,19.03412701015487,19,vorago,6,1,4,true,0.15513289779514863,2021-01-20T14:56:20.997Z,Zieme - Gerlach,false
b124196f-4c80-429d-934f-0cd1d3093050,2019-01-07T19:43:55.931Z,South Scottytown,Kentucky,Haiti,-73.5957,47.1687,valetudo,usitas,tendo,tabula,conqueror,temperantia,amoveo,127,195.0450606776372,62,delego,2,2,4,true,0.2057235139826618,2020-06-29T15:01:26.019Z,Wiegand Inc,false
6ad40857-0296-44f1-932f-ffcf3592633d,2020-09-05T14:42:17.750Z,Huelsstad,Delaware,Liechtenstein,63.4844,-52.1319,saepe,creator,maiores,cicuta,doloribus,subseco,ventito,103,26.773399097702743,57,curiositas,0,1,1,false,0.020748106893117235,2022-09-06T20:30:21.857Z,"Leannon, Emmerich and Legros",true
0b1fdbd8-8d93-4586-a5e7-ecf1be014db5,2018-02-25T02:31:01.207Z,North Wilfredoport,Indiana,Vanuatu,-15.5835,-81.7069,sol,eligendi,balbus,adsum,tactus,voluptate,amplexus,124,16.414016736666845,63,trans,0,2,1,true,0.20294279712370134,2024-06-18T18:48:07.664Z,Graham - Ward,false
f0602fda-55be-431c-a2d6-0e6f2d3e4a29,2019-11-03T20:28:52.294Z,East Aylin,Utah,Chile,38.2403,177.0036,earum,crapula,viridis,amor,angulus,inventore,calcar,127,175.68741754531672,87,aegrotatio,2,2,1,false,0.14718739429928268,2023-06-04T02:41:53.810Z,Swaniawski Group,true
262426fc-0e0c-4f2b-ac84-35f2421a6325,2023-08-22T01:54:33.465Z,Lake Glen,Montana,Bouvet Island,13.2237,105.7311,corrupti,ustulo,sit,caveo,velociter,cognomen,nihil,96,26.63242820929378,25,alii,2,2,4,true,0.23135373126375092,2021-12-06T07:03:13.112Z,Lind - Abbott,false
a58caeec-1003-4d70-a616-2d1755881524,2020-09-16T01:30:44.497Z,Walshburgh,North Carolina,Saint Lucia,-43.0906,-52.2585,ait,deripio,cunae,clarus,cibus,vulgivagus,creber,34,140.91867487131398,72,amoveo,3,2,2,true,0.01547153410786617,2019-05-23T10:52:58.086Z,Fahey LLC,false
e95a5e61-3c7f-4468-a4c9-98cfcce697a9,2023-11-14T22:03:10.939Z,Lancaster,Missouri,Svalbard & Jan Mayen Islands,28.5305,33.2025,aequus,derideo,validus,tego,timidus,terebro,socius,42,123.0145280231599,85,validus,1,1,3,false,0.12301904850852374,2021-04-05T11:40:33.184Z,Anderson Inc,false
fea5f898-7494-4571-9340-5475bbfe02dd,2022-08-27T18:12:14.227Z,Durwardview,Hawaii,Faroe Islands,-21.3178,20.9705,defluo,vulnero,aperiam,optio,suadeo,denuo,sophismata,74,8.016499359453704,60,super,2,2,1,true,0.19388786657686896,2019-07-11T08:02:08.947Z,"Romaguera, Cassin and Bergnaum",false
0c4f86dc-bca8-476d-8b53-ba9641d1477b,2024-08-13T11:33:22.012Z,Fort Damienstead,North Carolina,Belgium,29.5019,53.2664,cimentarius,curiositas,ulterius,angulus,tenetur,cotidie,videlicet,43,3.601944054907378,61,aliquid,2,0,1,false,0.05839598732721954,2019-02-07T04:37:10.761Z,Donnelly LLC,false
6289ac7d-4077-4438-8b95-a4224f2b7c27,2022-08-06T12:44:14.109Z,Port Adrienneworth,Illinois,Mali,4.7894,47.8447,vespillo,degenero,beneficium,claustrum,absorbeo,subseco,deorsum,63,120.58676694467178,89,censura,1,1,1,false,0.1796612961779626,2023-07-04T15:00:27.799Z,Weissnat Group,true
a9e55892-297e-44f5-8478-bfb00a7b8a71,2021-01-24T14:23:48.168Z,New Dylan,Maryland,Argentina,-25.3004,75.0928,adfero,catena,clam,sub,caritas,eaque,deprimo,60,219.39549111081539,85,beatae,1,2,5,false,0.074296355839861,2025-12-17T01:33:29.833Z,"Huel, Lesch and Kunze",false
51e4bae1-74b0-428e-91f9-af972a79cb08,2021-04-14T14:33:35.121Z,Bahringerside,New York,Somalia,-42.6401,-5.7251,tricesimus,incidunt,cubo,labore,collum,terminatio,provident,102,231.41875948484204,60,bestia,3,1,4,false,0.17198957747894714,2018-10-18T07:40:06.557Z,Goldner - Walker,false
da7456d7-5f53-4f72-a136-99f4859214c6,2019-02-08T10:36:23.656Z,Swiftborough,Rhode Island,Tunisia,10.2335,-168.5516,centum,sollers,quasi,thymum,decretum,condico,soleo,33,226.79132227440897,29,cogito,0,0,1,false,0.0687660690147717,2021-11-21T01:55:15.192Z,Cole LLC,false
f189c98f-d57e-4c2d-a1d7-833218dd5e2a,2024-11-11T04:34:42.190Z,Macon-Bibb County,Washington,"Virgin Islands, British",68.9819,-80.591,aduro,sperno,saepe,coadunatio,totam,libero,creptio,78,78.29004110747584,50,apparatus,2,0,5,false,0.03834827307856212,2019-08-04T05:00:09.748Z,"Jast, Willms and Hintz",false
35d39c14-aed9-4855-89be-77fb8dbad0a4,2025-03-06T23:32:04.367Z,Frankfield,Maryland,Palau,-19.9368,-66.3285,comminor,crepusculum,inflammatio,viridis,absens,voluptates,adsidue,40,236.20390392293393,30,solvo,5,0,1,true,0.06350768651787592,2025-06-27T08:01:24.131Z,Stamm - Schmidt,false
82bb115b-c3f2-4fc4-9033-e217ec78285d,2022-01-13T21:15:13.379Z,Ortizborough,Tennessee,New Zealand,-68.2106,-76.1742,terreo,verbum,campana,sodalitas,peccatus,dapifer,aestivus,49,234.39164144270006,66,solum,4,0,4,true,0.12375036050793312,2021-03-23T09:38:46.968Z,"Botsford, Pacocha and Bruen",false
57ff3991-62e8-4a30-aaa4-794526ed442e,2022-03-30T01:59:29.772Z,Port Berniecehaven,New Mexico,Cook Islands,81.8466,-56.463,deputo,aperte,ustulo,valens,delicate,ustilo,aer,114,198.53231372905475,49,curatio,6,0,1,true,0.15388933965188364,2019-12-03T16:04:34.314Z,Zemlak Inc,false
6ba30826-3b4c-48e9-938f-18dce34180c0,2018-03-10T16:34:22.402Z,Mohrbury,Illinois,Jamaica,63.3264,-17.5325,assentator,vito,asperiores,solium,velut,vox,aggero,87,231.93880477429695,42,talis,3,0,1,true,0.23593184544432214,2018-03-30T09:24:33.367Z,Green LLC,true
ed772929-86ea-405d-8584-df9401468869,2021-04-17T17:02:23.457Z,Watersshire,Arkansas,Czechia,-18.088,151.2192,delego,ver,totus,eaque,carpo,vos,ducimus,29,234.19309669491625,53,canto,4,2,3,false,0.024444620514907395,2020-09-30T02:38:51.650Z,Graham LLC,false
a6eb350d-88e5-4cd1-b15d-3bb7ba779fbd,2020-07-24T06:08:41.986Z,West Diana,Vermont,Belize,-68.7415,-65.6793,acidus,adsidue,vulgivagus,adaugeo,voluptates,degenero,agnitio,63,64.24482488870096,69,praesentium,4,2,3,false,0.017005795841679466,2025-08-18T12:01:36.744Z,Green Inc,false
98f9908a-c500-4646-b2c2-9ba21ea25802,2018-02-25T04:59:30.154Z,West Alexys,Minnesota,Qatar,68.8473,54.7474,caries,atqui,vaco,pauper,defluo,conforto,tego,20,60.14458281605649,67,deprimo,1,1,3,true,0.09195336703214785,2020-01-20T10:57:21.023Z,"Kerluke, Boehm and Schulist",true
bbd90fc8-04e9-48cd-8627-4b52594d1c36,2021-01-18T18:43:11.501Z,Tracy,South Carolina,United Kingdom,42.0824,-173.4875,tabula,cicuta,cresco,asperiores,compello,arca,tyrannus,49,119.60823045239313,32,delicate,3,1,1,false,0.1612079516998469,2024-08-23T17:42:59.707Z,Kshlerin - Mosciski,false
715384a0-8b9f-46ae-bd08-624f6d2a11b8,2024-04-26T17:10:40.404Z,Greenville,Texas,Palau,73.3158,-122.0718,ultra,blanditiis,ante,asper,tolero,antea,alo,119,196.48074182282534,17,delego,4,0,2,false,0.09430803884166225,2024-06-05T00:38:29.018Z,"Wunsch, Erdman and Lowe",false
3728e545-7292-4625-85e0-14f30d0b909c,2020-12-12T09:23:53.307Z,East Ramon,New Mexico,Guinea,-71.1813,-92.6122,sophismata,a,tergeo,tremo,itaque,aranea,est,98,96.98566848258329,27,arto,4,2,2,true,0.07855848683372674,2025-09-29T12:11:20.804Z,Pollich LLC,true
ee19c0ce-f7b5-4713-abb3-ce9357625d24,2020-09-28T08:51:17.774Z,Richardson,Massachusetts,Norway,-1.7392,114.4729,curriculum,thesaurus,catena,vergo,commemoro,nesciunt,turba,119,201.49767938509297,68,calculus,3,0,5,false,0.17274354442170778,2019-11-08T21:07:42.106Z,"Trantow, Schneider and Nikolaus",false
455963d6-3be9-40d0-91df-510379b3e99c,2019-09-14T21:40:45.321Z,Omastad,Nevada,Barbados,-76.6165,-82.7357,aspicio,tondeo,attonbitus,terga,tenax,acerbitas,calcar,33,177.08100207148084,22,absconditus,2,1,5,false,0.05539176058599787,2021-11-25T12:38:27.639Z,Rowe - Emmerich,true
384192aa-01c5-4b60-a43c-761bd60eab29,2020-05-28T06:29:36.318Z,Orinstad,Indiana,Timor-Leste,60.4431,75.3954,vobis,cubo,cumque,ultio,tracto,sollers,tergeo,94,202.52683144576474,28,quod,2,2,3,false,0.22932279891473603,2020-07-15T16:44:31.899Z,Schoen Group,false
3b43518e-ebbb-43d1-80cf-50cede55b2df,2023-02-01T21:30:11.239Z,New Calistabury,Minnesota,Uzbekistan,77.8811,-51.8955,congregatio,vinum,quisquam,vesica,adipisci,deripio,conturbo,109,111.13759111186017,97,labore,1,1,2,true,0.10623809134558149,2024-08-06T16:40:42.856Z,Hermann LLC,true
8dd7c58a-6030-4498-b869-1740552bfd4c,2022-05-02T00:55:20.424Z,Batztown,Utah,Fiji,27.9666,47.6308,umerus,ut,tactus,civitas,beatus,calcar,caelestis,97,82.27210369240885,78,minima,1,2,2,false,0.13534979409684914,2023-04-26T12:13:47.950Z,"Nader, Schuppe and Ebert",false
5efc4b4d-a95e-4e8e-b273-7b20f6b839bd,2018-07-01T09:53:52.910Z,Barrowscester,New York,Singapore,-85.1276,33.5633,aggero,vir,communis,accusamus,corrumpo,tardus,aduro,20,222.88558009033204,47,turpis,3,1,4,false,0.006168869896475027,2023-09-09T19:25:53.546Z,Larkin - Koepp,false
1f70e34c-bcc4-42f8-b459-2816b553fbff,2019-10-04T03:48:32.290Z,Carolanneworth,Vermont,Western Sahara,32.1242,-106.5035,recusandae,cimentarius,volo,venustas,corpus,cursus,adinventitias,41,5.968121541853151,71,traho,0,2,4,false,0.185296395975194,2019-06-17T10:37:44.521Z,Ankunding - Runolfsdottir,false
e87bd830-9d81-48ce-9332-ceca432caf13,2019-11-27T00:54:43.138Z,Talonborough,Texas,Iran,1.7827,14.8437,pariatur,turpis,canonicus,tres,comitatus,illo,tergum,52,70.08894494233346,78,amissio,2,0,3,true,0.176401377986885,2022-10-13T08:52:03.005Z,Waters and Sons,false
d3a140ee-9774-400d-811e-a09a836324c3,2019-09-13T12:21:29.176Z,Shakirastad,Massachusetts,Benin,61.3353,-151.1809,sit,ubi,adipiscor,amplitudo,sapiente,dolorem,tendo,63,233.72699173888918,93,ustilo,1,0,1,true,0.2497787699232524,2025-01-03T16:17:40.975Z,Zboncak - Willms,true
5fdc03bf-98e8-4a4a-89e5-2a26127c10c4,2022-05-21T18:46:41.744Z,Ogden,Connecticut,Syrian Arab Republic,-65.5553,-61.1199,cupressus,caecus,demonstro,ante,auctor,combibo,debitis,26,59.314869455037524,79,defetiscor,5,1,2,false,0.04824470997791955,2019-03-08T19:53:50.385Z,West and Sons,false
28b15dce-e7c4-4d95-98a2-4c16448957c4,2018-09-05T13:59:43.569Z,Aufderharchester,Maryland,Serbia,69.0106,-94.4877,titulus,deludo,ait,dolorem,inventore,calcar,correptius,69,227.03296707960766,78,impedit,3,1,4,true,0.08651141183375999,2020-03-24T10:06:21.703Z,"Gulgowski, Dietrich and Hartmann",true
9c4aa0f3-b84d-4d9d-bdf8-f8c10b1cbf68,2024-07-31T07:23:58.096Z,Mrazton,New Hampshire,Romania,22.7958,-158.2656,coruscus,synagoga,abscido,acer,cupio,tricesimus,adfero,80,107.93240835597479,29,cultellus,5,2,3,true,0.07135811517832322,2025-06-20T04:06:20.834Z,Treutel Group,false
cd753625-8741-4aa7-bd7b-b4a304fe68ba,2025-05-13T09:01:37.837Z,Lake Rockyfield,Illinois,Nigeria,58.1573,118.8547,usus,vestrum,appono,consequatur,aegrotatio,uxor,suppono,102,70.4199263928042,25,curto,1,0,5,true,0.030050361280512777,2021-05-04T14:46:23.812Z,Torp - Heaney,true
0a4dbf77-a2d4-401c-bb70-8e9068d845d2,2020-07-21T15:00:40.609Z,Rock Hill,Oregon,Palestine,27.7422,-54.7008,uredo,super,casus,suadeo,creator,tremo,basium,28,171.24700723751636,100,video,2,2,4,true,0.1446434500965805,2022-08-26T17:02:20.102Z,"Schuster, Rohan and Leannon",false
b84aa335-7454-464b-842f-eec1294fb58d,2018-01-10T16:36:08.587Z,Florin,Nevada,Bulgaria,51.6484,145.7968,placeat,celebrer,depopulo,ait,deserunt,nulla,benigne,32,75.2335874720877,73,tollo,6,1,4,true,0.16465619752672056,2018-05-10T03:01:46.532Z,Dooley - Hansen,false
b1d6822e-c6fd-41a9-9edf-dcdc45d39535,2019-06-10T18:00:36.966Z,East Giovannastead,Alabama,Albania,11.4232,-47.7887,audacia,decretum,copiose,ascit,anser,vulpes,admoneo,20,225.9100786685101,31,antepono,6,2,5,false,0.17682323278994538,2021-07-06T07:15:29.659Z,McLaughlin and Sons,true
9b3fafb7-3cdd-40a0-bb08-e29ff7cfe131,2019-08-21T10:47:09.781Z,Fort Sammie,Virginia,Guyana,-41.3378,58.7775,tam,copia,caste,nam,deinde,ceno,curvo,24,158.8190278923477,51,similique,4,1,1,false,0.18314158911630635,2020-09-20T13:08:02.324Z,"Grady, Cole and Koepp",true
b1ce62a1-e9f1-4c7a-a30e-a39a7322f256,2019-05-18T07:36:29.692Z,Clearwater,West Virginia,Liberia,85.0776,-109.6126,tutamen,facere,comitatus,ocer,deludo,vestigium,vado,49,94.65623432058813,82,sumo,5,2,4,true,0.14467843049041745,2025-06-26T13:25:40.799Z,Brakus Group,false
58d708d6-a91d-4dbc-a245-c1086b0e6c61,2023-02-27T09:02:36.988Z,Davis,South Dakota,Senegal,1.0678,142.9252,taedium,caelestis,impedit,talio,pauci,texo,tubineus,99,82.55738064722577,85,claustrum,5,2,5,false,0.2492389573139244,2021-09-08T01:53:22.299Z,West Group,true
621002be-db06-45b7-b792-12b52ee1392d,2022-08-09T10:42:20.458Z,Baumbachfield,Indiana,Montenegro,25.5849,-0.9685,vita,tempora,utroque,magnam,spargo,balbus,temporibus,100,141.15584010818645,73,tyrannus,4,1,5,false,0.198491869593185,2022-11-17T08:28:38.178Z,"Kuhic, Lind and Nolan",true
d9f3a5b1-2fcd-4c08-a77f-c005440273cf,2018-11-10T14:05:33.414Z,Madisonland,Indiana,Netherlands,21.5761,-33.5213,corroboro,a,debeo,amor,avarus,triumphus,perferendis,45,219.8595901660527,23,stella,5,2,2,true,0.14233969088557422,2025-08-25T21:33:31.167Z,Legros Group,true
400b4c62-0191-47d4-b0b6-0dc559e8bad5,2018-03-23T22:53:13.446Z,Sandy,Utah,Mongolia,57.6883,-6.3169,defessus,quasi,rerum,exercitationem,cura,adulatio,virgo,62,150.60817055068037,34,voveo,3,0,1,false,0.22467389385891337,2018-08-13T14:43:39.273Z,McKenzie and Sons,true
ed6a969f-79c4-4b29-9d10-2a09e49523d8,2020-07-24T13:53:30.881Z,Theronstead,Idaho,Andorra,-32.4587,159.8999,uredo,amplitudo,summisse,debitis,vomito,acervus,cunabula,92,192.7820978312748,95,crudelis,2,0,3,false,0.2008390166227133,2021-10-26T00:03:56.575Z,"Ziemann, Wisoky and Koss",false
b493a8df-155e-466f-9f70-2b99570d9c61,2018-06-07T04:13:11.197Z,Utica,Pennsylvania,Pakistan,-52.6332,75.6849,abundans,subiungo,tutamen,conservo,alii,depereo,sumo,118,54.76796949229843,68,subnecto,5,0,4,true,0.12703288498175994,2025-09-28T07:39:31.064Z,"Gerlach, Gutkowski and Stokes",false
4509e180-8ef4-4899-9d3d-37aa9df00399,2021-06-20T11:43:50.637Z,Edwardshire,Missouri,Namibia,-70.0318,67.0185,stabilis,surgo,quaerat,terminatio,aeneus,debitis,verus,110,48.26041062789418,25,concido,5,0,2,true,0.12963244963585735,2023-10-23T13:18:52.509Z,Krajcik - Morissette,true
d3dcee33-95eb-46b8-9608-a7c5cd7894b9,2019-12-31T01:46:57.972Z,Port Dejon,Delaware,Peru,-74.2434,-59.5005,adopto,commodo,constans,thalassinus,verbum,socius,suffoco,39,124.62931086003776,59,similique,0,1,3,false,0.00931488644470374,2022-05-03T11:19:54.633Z,Schoen LLC,true
9f326d5c-40b5-41c6-81c3-e914ee0437a4,2022-01-31T09:11:17.516Z,West Brianview,South Dakota,Andorra,-4.0266,70.6766,animus,occaecati,cervus,stillicidium,antea,cohors,thymbra,91,181.91471644845382,92,attero,1,1,3,true,0.017123273393744115,2018-10-14T14:36:47.359Z,Cruickshank LLC,false
9c12a19d-cf5d-4df2-99cd-af0bd268246b,2020-03-01T18:27:27.092Z,Bell Gardens,Connecticut,Burkina Faso,72.4436,-82.1774,sperno,quisquam,paulatim,a,iure,canto,centum,90,171.8182809998973,75,acer,5,1,5,true,0.14304466868390428,2018-12-01T08:05:19.598Z,"Collins, Schoen and Watsica",true
b93631bc-b29b-4984-bf06-9c7ada404230,2020-01-28T23:36:10.661Z,Blaine,Kentucky,Luxembourg,36.9557,-90.9874,absum,at,verbum,aduro,casso,pauper,ascisco,37,41.53629917319798,75,sodalitas,3,1,2,false,0.0742627775853821,2019-04-11T20:55:31.780Z,"Hamill, Ward and Swaniawski",true
49e5de13-40fd-430a-a7b7-7faac35b9c6e,2020-04-02T23:53:44.290Z,Alpharetta,North Dakota,Gambia,26.7217,-62.7639,decor,amet,deputo,cuius,combibo,depopulo,adfero,58,138.83950572846913,22,ago,3,2,4,false,0.01961941968345779,2025-08-29T01:50:04.697Z,"Boyle, Boyle and Satterfield",true
2cbc01c5-a188-463e-8452-8d31cf16a665,2022-07-28T23:51:11.840Z,Carlieboro,Rhode Island,Chad,-79.6095,105.4342,crebro,charisma,teneo,vesco,pauper,colo,ustulo,95,188.58723719842087,43,debitis,0,1,1,true,0.027710485022874404,2021-03-15T18:33:18.723Z,"Hegmann, Schuppe and Rogahn",false
8582b0eb-725c-4a47-9b02-dc165a1be6d6,2020-04-19T14:11:51.647Z,Chino,Nevada,Kazakhstan,82.6869,-120.6584,decerno,vero,tam,defetiscor,approbo,utilis,caelum,103,103.68328718971205,92,incidunt,5,1,5,false,0.18591703413882235,2019-02-22T11:02:24.235Z,Daniel - Towne,false
644ae4c9-162d-4032-88b7-2d4293c912a8,2025-05-01T00:36:56.787Z,Fort Katelyn,Michigan,Egypt,1.1764,-27.7535,sufficio,brevis,calculus,approbo,tardus,currus,calamitas,59,162.65349820211534,16,omnis,6,0,2,false,0.12720919330264582,2023-01-21T19:39:10.912Z,Jones - Tromp,true
e08e5530-cf62-460c-b3d0-669035f6a162,2018-10-19T17:34:12.379Z,Etheltown,Mississippi,Vanuatu,28.4012,107.6608,caterva,amiculum,creta,casus,artificiose,terreo,adeptio,60,96.042600309731,38,pectus,3,1,5,true,0.023761073815848327,2018-01-22T20:01:06.090Z,Nicolas and Sons,false
3c9b0204-1024-4398-803c-73ca554b2603,2019-11-15T16:50:20.318Z,Anthonyborough,New Jersey,Angola,51.7938,-136.4912,bonus,vereor,tempore,iusto,facilis,timor,vox,128,238.39102101031972,96,aestas,2,0,2,false,0.03699842140916951,2024-05-02T22:08:27.452Z,Strosin - Boyle,true
bf166d58-b0de-4c44-8958-542ac64f963a,2022-04-23T08:28:25.464Z,Brookline,Pennsylvania,Egypt,-73.738,-109.5946,theca,ut,fugiat,accedo,degenero,caveo,vorago,119,5.803095428382736,85,tener,3,0,3,false,0.17853915514758378,2018-04-04T21:07:49.647Z,Brown - Breitenberg,true
48a09bbe-f3b6-48ee-8a8e-081f94c0bca5,2021-06-08T06:23:02.102Z,Jedediahbury,Mississippi,Paraguay,18.9366,-98.6296,atqui,cervus,confido,crux,cur,similique,socius,74,139.21824744081027,40,natus,1,1,2,true,0.24651599990399675,2025-02-02T18:05:33.131Z,Armstrong - Schulist,true
6edc6307-ecb5-41db-8c7c-1c75d6203205,2025-01-04T01:44:00.173Z,South Burley,Oregon,Montenegro,14.039,9.8775,itaque,veritas,vos,hic,omnis,custodia,unde,45,58.979133152612775,45,adsuesco,3,0,5,true,0.15806670467446554,2021-03-13T17:28:13.141Z,"Abbott, Heller and Breitenberg",true
9e372780-42f4-434e-b983-e0e1220ab999,2021-05-20T09:40:08.403Z,Fort Rigoberto,Mississippi,Cayman Islands,-5.0639,-50.048,circumvenio,asperiores,terga,attero,exercitationem,veritas,in,111,158.803171454917,27,comedo,5,0,1,true,0.16712090611568747,2025-02-23T07:05:02.067Z,"Fadel, Reichert and Kulas",true
776721fd-8db8-4fcf-bf57-0e5adfcaa9f1,2025-05-27T12:38:58.830Z,Bartholomeworth,West Virginia,Cyprus,11.616,-34.6164,laboriosam,conscendo,caute,adiuvo,quis,altus,aeger,40,222.2699867552015,57,tersus,0,1,4,true,0.10592425565027919,2023-07-05T19:27:04.872Z,Paucek - Murazik,false
2ba124e0-0a67-4055-9ec8-329a65b746c3,2024-08-31T01:17:49.955Z,South Clemens,Ohio,Cook Islands,58.0984,154.7473,cometes,molestiae,centum,ascisco,compello,careo,brevis,30,229.76791735609712,66,magnam,6,2,3,false,0.14758676368301635,2022-01-10T22:36:21.740Z,Swaniawski - Pollich,false