accident_id,incident_datetime,city,state,country,latitude,longitude,road_name,road_type,intersection_type,accident_type,weather_condition,road_condition,light_condition,speed_limit,actual_speed_kph,driver_age,driver_gender,casualties,fatalities,vehicles_involved,alcohol_influence,blood_alcohol_level,weather_reported_at,reporting_department,pedestrian_involved
f29a7fcb-aa98-4634-9968-a0c47b468eca,2023-10-18T12:44:10.523Z,Reeceborough,Alaska,Kiribati,-38.5799,42.526,torrens,adaugeo,arbustum,defungo,vulnus,talio,tripudio,111,209.79539917401647,81,sulum,1,1,1,true,0.08443051508057864,2024-02-20T19:14:53.397Z,"Conroy, Reilly and Doyle",true
f86292e4-a437-407a-85ab-935c0a97fce0,2023-06-02T19:08:49.950Z,Eulaliaboro,Arkansas,Croatia,34.4037,93.5177,vallum,cornu,xiphias,atrocitas,vito,vulnero,colligo,26,221.35970520032745,51,crinis,3,1,4,true,0.14415668985028796,2024-02-15T13:04:57.173Z,Schimmel - McDermott,true
baa6cac3-cbde-4f02-83c9-92a55922c226,2024-10-31T04:03:55.465Z,Santa Clara,Kansas,Sudan,70.4384,36.9585,talis,vespillo,odio,timidus,amita,accendo,custodia,107,86.37029782676129,57,reiciendis,1,0,4,false,0.12098146631244075,2020-02-11T05:32:41.285Z,Blick - Ruecker,false
53ffc546-0b80-48f4-a53a-320fc1862d07,2019-12-29T18:42:25.397Z,New Raegan,Wyoming,Ecuador,-19.8672,-145.9981,annus,tumultus,ciminatio,astrum,tergo,spoliatio,barba,117,85.4842882137934,31,arcus,4,2,3,false,0.06532928110607258,2023-12-03T16:06:03.476Z,Larson LLC,true
742726d2-58f0-41dd-888a-f7a0e6fe641d,2020-08-22T14:10:25.670Z,Predovictown,Montana,Solomon Islands,-78.298,-79.0316,perspiciatis,clam,delicate,venio,acquiro,amor,spiritus,45,177.947420078693,55,alveus,4,1,1,true,0.07680588535478075,2018-08-08T23:38:05.644Z,"Pagac, Kautzer and Sauer",true
14c19fd2-5ed6-4228-ad5e-1a8e4872b8fb,2018-10-01T04:34:44.330Z,Swaniawskiburgh,South Carolina,Holy See (Vatican City State),66.221,59.0332,una,patria,aggredior,voluptatum,tempora,ante,bos,71,39.320587049240274,52,amoveo,6,2,2,false,0.056268242951756225,2024-02-02T09:49:09.107Z,"Bins, Connelly and Kozey",false
4fd41f09-2507-4f96-8e0c-6c34af6fae9a,2022-07-29T12:01:19.625Z,Fort Anais,Indiana,Slovakia,-61.5879,-40.842,laborum,contego,vobis,amplus,summa,appositus,valetudo,58,144.61251356081198,71,utrum,1,0,4,false,0.12627914176849786,2019-01-27T00:26:13.769Z,Kutch - Prohaska,false
85ba5b0c-f2bc-4654-86bb-c296f5bb4cfa,2019-08-24T15:17:25.894Z,Bogisichside,Illinois,Democratic Republic of the Congo,82.5512,-107.4122,temptatio,comedo,tardus,virtus,tredecim,cetera,nihil,68,201.32591287224813,96,thalassinus,5,2,1,false,0.07629830016376954,2023-10-27T13:00:00.077Z,"Hudson, Bahringer and Frami",false
ef042b59-1bca-4d4d-a84e-ef35b01c5ca1,2020-01-07T04:04:49.035Z,East Keaton,Oklahoma,Czechia,-57.1304,102.3856,iure,mollitia,cupressus,curto,unus,hic,appositus,90,100.27837652275815,85,aranea,4,1,1,false,0.18513394814129794,2023-06-03T07:57:59.257Z,Mante Inc,false
ec65f38a-e689-4eef-bd41-e6a02f4406ce,2025-10-30T08:45:30.465Z,Terryview,Michigan,Eritrea,-11.7115,111.6396,articulus,delego,canonicus,vespillo,adeptio,sopor,verecundia,91,1.3229307528914802,73,quo,1,1,2,false,0.02613796108182298,2021-08-13T03:47:04.715Z,Terry - Bins,true
728c51e9-8641-4547-acff-bce438c1dccc,2025-06-28T03:03:09.352Z,West Jaronborough,Maryland,Portugal,-51.8548,-53.0823,sint,conspergo,administratio,temptatio,ait,cimentarius,conicio,117,10.218152368939153,27,decimus,5,0,5,true,0.09300853823097638,2025-02-28T12:15:31.865Z,Becker and Sons,true
484bafd2-e365-4d98-a859-e074ccb4e2d1,2022-11-24T16:27:31.492Z,West Delmer,New Mexico,Heard Island and McDonald Islands,4.6823,38.4466,suasoria,aggredior,tunc,quos,velit,tepidus,torqueo,56,227.75924267805013,23,uxor,3,1,3,false,0.05604973662749643,2019-12-11T23:13:16.631Z,Hilpert - Weissnat,true
4fba2c45-910b-4658-ab1d-bb5d3dde455c,2022-09-14T06:18:52.689Z,Crooksstead,Kentucky,Slovakia,13.4157,-145.5466,tego,ventosus,annus,tabernus,speculum,adeptio,pauci,40,146.96847320779423,30,urbs,1,0,3,false,0.014309402179768532,2020-06-09T02:04:49.456Z,Ernser - Kiehn,true
9ad945ea-c5b5-4c13-9c06-a93abc4434d3,2019-04-03T14:35:25.753Z,Connellyfield,Oklahoma,Christmas Island,72.7718,168.5231,sumptus,adversus,arx,velum,curvo,sulum,strenuus,33,6.9806924078513255,56,patria,5,1,4,false,0.045696434309156736,2022-07-18T17:10:50.144Z,Kuhlman - Herzog,true
a49b322a-c088-459e-9841-24a92476e3f3,2019-09-15T13:06:15.949Z,Lake Simeon,Kansas,Switzerland,-16.6537,-121.6585,armarium,amor,blanditiis,unus,territo,vos,cilicium,43,184.42656294305735,68,colo,4,2,1,true,0.1588559053291979,2024-10-20T14:21:02.978Z,Erdman Inc,false
90597d5c-3729-4b7d-b592-6566fc84a21f,2025-02-07T12:47:39.087Z,North Emory,West Virginia,Russian Federation,9.254,-97.2648,depromo,turba,convoco,ventosus,utroque,suus,accendo,105,156.96587248968396,24,aliqua,0,2,2,false,0.1393092963414815,2024-03-23T04:28:45.108Z,Hintz - Parker,true
ad17a199-fc31-4384-a854-e007bfc610e0,2025-10-30T02:53:11.775Z,Lafayette,Kentucky,Portugal,38.228,-60.9521,defluo,utrimque,a,tibi,cetera,ater,pauci,47,138.82272042771922,84,adsidue,3,0,4,false,0.21063086245660714,2019-05-03T00:15:42.769Z,Gibson and Sons,true
ebb55d60-edaa-4e46-ae26-804ff2fb4eac,2018-09-27T16:26:15.927Z,Marialand,Ohio,Solomon Islands,-33.933,40.5925,voluptatum,cattus,asporto,consectetur,soluta,angelus,utique,83,108.30787907708918,74,iure,3,1,1,true,0.1944407475982527,2018-02-25T16:52:55.046Z,"Wintheiser, Heaney and Deckow",false
de72ea05-cbd4-4782-97ac-210e90916586,2019-01-08T23:08:13.365Z,Dickiburgh,Wyoming,Mexico,68.839,-104.5179,desino,textor,carus,natus,charisma,vomer,theca,50,192.224773119095,80,crebro,6,2,4,false,0.0884499172666531,2018-12-08T10:41:41.358Z,Romaguera Inc,true
58f2c053-4817-4639-b3cb-c067ceb27545,2018-08-04T22:47:13.622Z,Cuyahoga Falls,Mississippi,Bhutan,-44.2368,-11.943,debeo,subnecto,sapiente,adipiscor,paens,rerum,colligo,88,226.53254148108726,99,pauci,2,0,5,true,0.16516521371656287,2023-12-12T15:35:58.562Z,"Bradtke, Cartwright and Mann",true
e3b9f613-8287-49ad-90cc-27c66a161467,2025-03-30T22:31:07.142Z,Toybury,Delaware,Kazakhstan,8.2831,-149.892,quidem,desparatus,viriliter,quaerat,caelum,asporto,acerbitas,106,35.399876866145306,35,volo,4,1,4,true,0.09481377544831746,2024-03-01T16:38:43.725Z,"Huels, Gerlach and Lueilwitz",false
6d46d2b9-e613-4fc1-b6f3-d01aee58ce89,2023-06-04T02:32:19.450Z,Caleighcester,Missouri,Czechia,7.1746,125.9151,adulatio,agnitio,sopor,anser,cupressus,celer,audentia,46,64.92441546812267,54,barba,6,2,3,true,0.007645012084420755,2024-03-14T19:49:54.119Z,Christiansen Group,false
228f9477-4f51-4242-abd5-d485dd8ff2b2,2021-07-09T01:33:14.273Z,Arden-Arcade,Utah,Bouvet Island,-83.0144,47.7372,vetus,verecundia,saepe,cupressus,mollitia,volup,tam,109,69.2043622502214,72,quo,3,2,5,true,0.20961086522956696,2020-03-01T00:42:11.067Z,Beatty - Jones,true
fc58fb08-bd02-4d76-b933-e3759b2cb165,2019-12-02T15:53:56.831Z,Fort Elinore,New Hampshire,Bolivia,-2.2062,-151.9988,ultra,voluptatum,vester,inflammatio,celer,damno,censura,39,100.9793308456537,71,deleo,4,1,5,true,0.06500882097226979,2021-11-18T14:35:35.249Z,Barton and Sons,false
dd5db1e8-13b0-4eec-8f50-6ea1cf1cef2e,2024-12-24T23:51:08.319Z,Lake Frederique,Kansas,Seychelles,18.5204,-135.9314,aequitas,calco,quas,defessus,tempora,voveo,socius,25,214.77107292236744,60,cohibeo,4,1,1,false,0.12916324969997248,2025-09-17T03:36:48.243Z,Ankunding LLC,false
8f58f914-456a-4273-9782-a6e2aa2a61a4,2020-05-07T13:25:45.516Z,Corkeryshire,New Hampshire,Trinidad and Tobago,-36.5329,61.145,constans,aestivus,cauda,auxilium,abundans,solus,sapiente,117,227.2734323847521,98,pecco,1,1,3,true,0.00340321623970799,2020-11-21T16:25:19.988Z,Schuster - Jenkins,true
edf9d5c7-1ebe-4b6f-8905-cc7682bd35f8,2022-08-02T17:46:15.608Z,East Candaceview,Nebraska,Martinique,-84.4842,-46.5896,facere,decens,patior,voluptatum,bardus,amplitudo,sui,57,65.0809400354129,22,cognomen,2,0,1,false,0.09030430008988113,2019-07-04T03:37:49.985Z,Shields - Kovacek,false
b2e821fa-c193-4ca6-8770-45de1db3c0ee,2020-11-18T11:51:24.639Z,Coconut Creek,Montana,Canada,12.9917,127.3033,sint,cursus,convoco,cornu,aiunt,complectus,suus,91,53.72741521187146,31,utique,6,0,5,true,0.012674651367270362,2025-10-20T07:48:54.045Z,"Hoppe, Ruecker and Abshire",true
23265e9a-d5a1-4ca9-8711-c568852d0fc0,2019-02-18T07:24:58.195Z,Lake Blair,Vermont,France,77.6567,32.7867,confugo,ratione,similique,peior,vel,demens,ad,100,42.78086811844442,30,venia,1,0,1,false,0.12572135203608056,2022-02-26T12:27:12.249Z,Breitenberg Inc,true
3be47ca0-2f1d-4a18-9733-88eedb445509,2024-01-28T16:30:11.489Z,Port St. Lucie,Iowa,Romania,22.8589,18.6537,soleo,talio,cervus,tristis,thema,cupressus,alveus,76,148.32864298642951,46,deleniti,1,2,4,true,0.07804173476625043,2025-12-27T11:37:26.646Z,"Stoltenberg, Moen and Kozey",false
0a6b5237-91a6-4450-8a2e-1eb467c1496d,2018-01-06T10:48:56.700Z,Guaynabo,Delaware,Isle of Man,74.725,110.8394,capitulus,nihil,bos,villa,annus,concedo,accusantium,44,0.6187432288148642,54,absconditus,3,0,4,false,0.04825558871225147,2018-03-30T10:39:54.507Z,Pfeffer Inc,false
36e6199d-4ace-4074-b251-c885c755fbd0,2022-02-27T10:31:52.352Z,Savanahchester,South Carolina,Kuwait,32.5725,126.3594,capto,vulnus,utpote,nostrum,vilitas,eaque,tricesimus,91,47.58459221601165,64,ciminatio,1,1,5,true,0.031797076470295615,2024-11-24T04:45:38.916Z,Heaney and Sons,false
87364989-498b-4862-8ef5-5ba084d98b08,2025-05-02T18:07:10.249Z,Port Connorboro,New Jersey,Turks and Caicos Islands,66.4894,-152.4617,callide,reprehenderit,color,cicuta,arceo,brevis,decipio,36,203.71717678860853,16,tantum,0,2,2,true,0.1735797326065144,2018-01-15T18:55:44.755Z,Balistreri - Jacobs,true
6b4b052a-6f37-4e82-ab3f-ff3f5c50b2c1,2020-11-01T22:10:00.378Z,East Garrickborough,Georgia,Reunion,-16.4895,-1.4117,conventus,quod,colligo,acer,vesco,vicissitudo,arx,39,156.9983451171643,36,inflammatio,6,2,1,false,0.015658173915773066,2018-08-16T20:51:25.578Z,"Larson, Waelchi and Schowalter",true
a684c559-d127-4cf8-9ea2-7ec5ed662a11,2018-03-25T05:09:33.695Z,New Christianberg,Delaware,Barbados,48.2384,-79.2302,impedit,aeternus,collum,adsum,pauci,adsum,voluptatibus,74,161.1397889774078,71,cauda,5,2,3,true,0.08524427182471611,2025-11-26T22:21:09.293Z,Kozey and Sons,false
a34ed81c-2f2c-45c9-b4ed-988af1435891,2019-03-05T18:30:38.739Z,Virginieport,South Dakota,Italy,-24.4815,65.4348,aggredior,autem,vulnero,textus,unus,tibi,corrupti,23,158.42481807965413,22,nihil,1,2,1,true,0.21910233931151768,2020-07-30T05:06:01.969Z,Greenfelder Group,false
a3daeeef-77db-4f82-a3d9-a8674e7a7f64,2019-08-19T06:18:22.125Z,Rohanmouth,Texas,Luxembourg,-0.529,-6.989,degero,solum,celebrer,fugiat,vestigium,officiis,utrum,78,226.62690418538753,28,necessitatibus,3,0,1,true,0.1396829532351917,2018-02-08T23:17:53.697Z,"Roob, Gottlieb and Jast",false
1e711968-c403-451e-90a5-e94f3a17b7f5,2022-03-18T11:31:35.591Z,South Mia,Kentucky,Central African Republic,-88.1389,49.6101,enim,decerno,numquam,defleo,fuga,tripudio,dolores,36,201.76420661838196,37,depulso,6,0,3,false,0.23119903387107796,2024-04-09T04:15:51.150Z,Green - Bruen,true
3a81ff75-66da-4287-9ffe-0f1d146f19c6,2020-08-21T07:30:26.994Z,Lake Jaquelin,Louisiana,Liechtenstein,56.753,41.9209,aranea,eveniet,argumentum,ab,termes,sophismata,solium,110,140.81583270100418,37,acsi,1,2,2,false,0.07076904601866299,2025-06-26T06:46:29.624Z,"Hyatt, Hauck and Lang",false
f290c543-887b-4f7e-a162-69ab9fd19302,2020-01-09T22:39:06.846Z,North Macey,Wyoming,Marshall Islands,69.8411,-18.9212,pectus,ter,quam,dedecor,adfero,aequitas,demum,129,156.5070479913296,54,amplexus,0,1,1,false,0.19779754300531213,2023-10-17T01:11:05.308Z,Hauck LLC,false
ff8bbfd7-fde9-41b5-b91e-78faf0cd4d69,2023-12-20T09:56:10.295Z,Hutchinson,Louisiana,Armenia,15.2463,15.6432,ullus,labore,territo,repellendus,considero,currus,tollo,52,10.43657807068569,99,campana,3,0,4,true,0.21085222087573513,2020-11-17T08:34:18.262Z,"Kiehn, Johns and Herzog",false
2ce7db7d-e574-428e-9765-a399bb1fca90,2020-07-08T08:52:19.558Z,Fort Collins,Maine,Egypt,66.4129,-75.9575,capto,adsum,patruus,adflicto,caput,carmen,pax,120,143.71089268863838,55,canonicus,6,0,3,false,0.1980968976657055,2023-09-30T10:07:24.694Z,Ferry - Huels,false
111fb45a-f694-4500-ba96-4a7388792e12,2021-05-26T22:25:11.365Z,Alexieberg,Utah,Ukraine,59.7067,-113.8888,peior,delibero,constans,sumptus,sublime,patrocinor,animus,123,116.79742434728375,74,vorago,0,1,2,false,0.1650453108757212,2024-07-24T06:32:08.971Z,Carter LLC,true
fe11884c-cdd5-41f2-ac91-d509b941bbb0,2018-06-04T05:30:38.811Z,East Reid,Pennsylvania,Papua New Guinea,33.2783,75.0168,verto,patior,ratione,velociter,thermae,aliquam,templum,110,9.704896162560397,92,aer,2,0,5,false,0.053102258307408806,2023-08-12T14:50:08.004Z,Bednar - Cartwright,true
feb445eb-cb34-48fd-a99c-582788537fcb,2022-06-18T09:15:48.144Z,Port Meganemouth,Missouri,Japan,27.003,-20.1263,civis,trans,administratio,cuius,defluo,nemo,aro,88,236.2699050390416,22,spoliatio,6,1,1,false,0.09895002442130507,2018-01-28T08:47:43.284Z,Fay Group,true
988c2b3c-290e-4262-8867-77a6914ba14a,2021-11-18T18:39:40.346Z,West Jovanny,Connecticut,Burundi,23.0567,59.9842,aranea,stultus,vix,celo,suffoco,et,usus,70,172.31194641745108,23,termes,3,0,3,true,0.10251447670822589,2024-02-13T07:14:53.108Z,"Funk, Gerlach and Olson",false
1667703f-4766-41ed-95a3-0d3c96f31218,2024-01-19T12:13:22.666Z,Heathcotebury,Georgia,Saint Kitts and Nevis,-63.0308,-104.451,aranea,cubitum,defluo,demens,nam,toties,cultura,65,183.966312766096,50,umbra,0,2,5,false,0.20416158331538997,2020-04-01T17:11:40.752Z,Nikolaus and Sons,true
d4114f91-4d19-4d57-8e24-2989769c0fba,2022-09-11T11:02:27.048Z,Katarinastad,Nebraska,Samoa,-62.6071,3.9347,sollicito,cui,territo,iusto,ter,sumptus,cogo,101,184.25279138136312,97,demens,6,1,4,true,0.2432594956789741,2024-08-10T06:43:57.251Z,Dietrich - Hayes,true
89958a4b-fa36-4d21-be23-95b6944bd326,2022-06-29T22:54:56.626Z,Mauricetown,Indiana,Germany,-14.0563,49.0682,statim,demergo,vita,solitudo,perspiciatis,ustilo,curia,75,214.98114070756802,45,tenax,1,0,3,false,0.034713327592253485,2024-04-19T17:42:47.194Z,"Goldner, Hettinger and Bogisich",true
a95809de-662e-4a59-9aa4-c67a9cd7acaa,2019-05-29T20:07:12.337Z,North Greggtown,West Virginia,Azerbaijan,12.0365,-18.7218,esse,nihil,capto,derideo,depereo,creptio,tabernus,47,218.21751376829147,22,antiquus,3,0,4,false,0.16429620775731021,2024-12-25T07:22:43.311Z,Satterfield and Sons,false
0c7f6871-c91c-4ddc-a0b5-0ff4412a7d8b,2025-05-22T08:57:23.541Z,New Joybury,Idaho,Libyan Arab Jamahiriya,-50.7144,165.8456,ante,enim,assentator,consequuntur,iusto,ater,vesica,22,74.15541040046514,56,vero,1,1,3,false,0.17674873447367856,2025-10-23T09:07:35.806Z,"Schoen, Mohr and Gerhold",false
e1e82369-b7cc-4011-90bd-c9367cfe4223,2024-09-16T05:37:13.330Z,Framingham,Vermont,Qatar,58.93,-152.0738,pecco,subnecto,timor,ulciscor,agnosco,deprimo,verto,126,45.57722234265548,91,crebro,1,0,1,false,0.038458134244862385,2023-11-18T21:01:25.736Z,Runte - Upton,false
4b3bb600-4e37-4639-bbab-66671c920436,2024-05-12T23:06:53.921Z,Oceanecester,Kansas,Cote d'Ivoire,-0.5253,-133.1906,validus,voluptatibus,conculco,aperiam,vigilo,patria,curis,94,19.155394801161883,64,terga,6,2,5,false,0.06802593528569087,2021-08-23T00:28:26.245Z,Corwin Inc,true
01fe2545-de6a-424c-9e3e-38cce4b0a80c,2025-07-26T21:07:24.221Z,Zellaport,Hawaii,United Arab Emirates,51.6622,-126.9095,ancilla,solitudo,curo,auditor,arcesso,sufficio,conturbo,108,66.36704506296095,55,crastinus,4,2,4,false,0.20426393549424357,2018-05-05T00:46:54.510Z,Franey LLC,true
e328b431-1fc9-48b9-9c84-177980f48d76,2022-11-23T22:50:19.260Z,Fort Kylaberg,Indiana,United Kingdom,33.2427,-5.543,deserunt,pariatur,abutor,synagoga,statua,corrupti,deleniti,44,67.06608760292886,73,bonus,2,1,4,false,0.023630504091482457,2022-02-17T23:40:44.721Z,Hermiston - Reichert,false
5fe12ed2-4797-46cd-baef-994e936b419e,2019-05-05T14:45:06.179Z,Haleighbury,Minnesota,Mayotte,32.8188,179.489,spargo,dedecor,amissio,demo,vobis,qui,caste,35,74.63859481513774,69,versus,6,2,2,true,0.12239397326739257,2020-03-21T23:59:01.816Z,Ryan - Stroman,true
91dcb778-5200-4b6e-896a-1e029345e3c8,2022-11-10T21:48:36.718Z,Eugeniastad,New York,Western Sahara,-1.1159,-102.601,consuasor,blandior,ara,tergo,cariosus,harum,somnus,69,188.9465744707404,28,caput,4,0,3,false,0.12657777453887703,2018-08-17T23:21:21.919Z,"Crist, Wintheiser and Cormier",true
b30c7564-5fd8-4641-8bf5-5674f4b7c803,2025-08-15T03:15:58.251Z,Fort Iliana,Illinois,Taiwan,23.3163,-21.9276,nihil,necessitatibus,delibero,amissio,synagoga,custodia,vindico,78,121.96923740183075,32,victoria,0,0,2,true,0.06883305168827142,2020-09-26T11:50:31.590Z,Dickens - Cremin,false
e3583a26-57dd-4f26-a049-2319d5d1f958,2020-03-24T15:02:11.968Z,Robbiemouth,Connecticut,Gambia,81.9896,-178.1516,basium,maxime,corpus,utrimque,corrumpo,tepesco,spoliatio,27,184.09356316600855,29,vestigium,2,2,2,true,0.032605632178246025,2025-06-13T03:01:41.949Z,Erdman Inc,true
f686f5ee-8251-4bda-9720-6c0791a7bb39,2025-08-04T20:28:38.485Z,Abnerbury,Nevada,North Macedonia,76.873,127.265,ex,uxor,ea,stipes,soluta,vesper,deleo,103,41.855131953612826,32,vomer,6,0,2,true,0.12576089479384084,2019-12-20T04:13:27.721Z,Denesik - Weber,true
a16e1d18-07f9-491b-9b7d-a170dff7fc0d,2022-06-16T22:08:46.229Z,Daly City,Texas,Iceland,-63.7298,-17.0011,utrimque,utrimque,super,astrum,territo,amplitudo,arx,104,237.7573002828967,26,demens,3,0,3,true,0.20684364289311624,2024-03-03T01:50:25.759Z,Ebert and Sons,false
1cbc8831-399a-44a6-bbff-8914ce0c2372,2020-03-27T16:46:47.469Z,Zemlakville,Louisiana,Northern Mariana Islands,81.1263,-151.5367,sol,victoria,abeo,esse,ustilo,patria,approbo,95,123.86543094777302,31,tredecim,1,0,2,true,0.011138006579119758,2018-10-14T21:24:20.285Z,Bailey - Cummerata,false
15854222-c1c1-4258-b41d-3bba84764707,2020-04-30T10:05:34.770Z,Medhurstfort,Louisiana,Chad,-83.3364,1.1467,venia,tero,turba,cauda,utilis,utrum,adulescens,37,213.68584145106485,82,cultellus,6,1,3,true,0.1888146310544916,2020-09-30T03:52:40.134Z,"Ward, Funk and Pfeffer",true
6303af91-f36c-4893-945b-fc095496dd5e,2021-01-04T08:34:03.818Z,Lake Jaquanville,Wisconsin,Iceland,47.7242,-66.4067,crebro,color,attero,admiratio,crudelis,expedita,cognomen,27,150.91360785600446,21,vesica,6,1,1,false,0.15352919682352592,2018-08-09T02:22:31.332Z,"Kautzer, Hilpert and Swift",false
45f75df1-f225-4291-b9fd-063a62d47838,2023-08-27T19:17:37.392Z,Manteshire,Virginia,Liberia,37.7685,-69.4333,color,aperiam,fugiat,quis,vis,talio,pauper,83,85.21727216435553,32,ea,2,0,3,true,0.10039132085487032,2020-10-22T19:25:16.382Z,Kohler - Larson,false
b52d43a5-015f-44ed-890f-fa88d21b8cfb,2022-08-07T20:28:52.078Z,Strackechester,Pennsylvania,San Marino,-69.1675,108.5201,tergeo,benigne,avarus,tredecim,contabesco,tristis,voluptates,42,175.6769082085396,69,minus,0,1,2,true,0.08943130924817858,2021-04-12T19:21:31.352Z,Lebsack Group,true
a014ef1d-a1c0-4b9b-b9af-1408bb95ac06,2022-09-21T23:02:12.888Z,Blockstead,Connecticut,Maldives,-74.1132,135.3359,demum,trepide,desipio,similique,verbera,contego,aut,106,178.6152936840433,69,collum,5,2,4,true,0.246127154640638,2023-06-16T12:46:30.990Z,Kiehn - Little,true
e6055b06-ac06-4eab-b261-e43707681b31,2022-10-10T09:32:42.465Z,Somerville,Nevada,Hong Kong,25.7929,-98.9636,vado,aestus,territo,vir,valde,sonitus,canto,100,126.10124929898986,75,avarus,5,2,3,false,0.18559989582515693,2023-10-06T23:44:28.126Z,"Osinski, Jerde and Klocko",false
ffd1e9df-01a1-4b51-a60a-38a1f876eda2,2021-01-15T21:03:59.598Z,Erie,Nebraska,Mauritius,-70.0738,109.81,ars,cornu,thalassinus,vigor,adeptio,tubineus,sonitus,72,217.60434992277987,42,cur,3,0,5,false,0.15566053125031343,2022-11-03T01:13:44.468Z,Wintheiser - Pouros,false
e48a2901-6479-4dfa-a659-0aa805b3932c,2022-02-11T01:39:05.767Z,Braunfield,Colorado,Barbados,22.1604,18.1781,amiculum,ubi,creber,suffragium,comprehendo,blanditiis,crapula,116,236.18038689476126,71,unus,0,1,1,false,0.18687147809494417,2025-09-10T17:22:26.273Z,Kihn Inc,false
cf5d47ec-47ac-422c-b9dd-998ef59c8fc1,2021-12-11T20:01:34.071Z,Gleichnerbury,Texas,Egypt,-81.3502,121.7817,cervus,curis,sodalitas,atque,deserunt,velit,ulterius,68,219.48744605445097,35,aureus,5,0,4,false,0.16298747287395254,2020-05-24T16:25:58.376Z,Stoltenberg Inc,false
86776ea8-405f-4441-8d08-bdf76f074fa0,2024-06-09T06:25:22.147Z,East Piper,New York,Liechtenstein,-87.4631,121.2545,una,quam,supra,animi,arbor,articulus,quod,130,136.61634248201486,65,aut,0,1,2,false,0.194590443569548,2024-06-18T01:27:21.959Z,"Hessel, Schmitt and Daniel",false
99304ed7-6dc2-44bb-bafb-6e9c83451e78,2022-02-27T01:14:39.480Z,New Hardy,New Jersey,United States of America,17.019,88.0877,sollers,crux,adversus,confugo,coniuratio,adaugeo,calcar,69,84.20204820246731,85,tener,0,1,4,true,0.03407022215013758,2019-07-18T06:37:56.241Z,"Douglas, Berge and Pouros",true
d5fd2783-7efa-4f22-86c5-5e98644d71b0,2023-07-06T10:28:19.322Z,North Leeton,Montana,French Guiana,-42.0106,-51.2166,considero,decens,audacia,utrimque,benigne,sufficio,super,90,148.53499136042566,33,deporto,4,0,2,false,0.02795597579248496,2018-05-20T10:58:59.099Z,"Ratke, Cummerata and Boehm",true
a288b256-7823-4b16-b6c1-04de233fcfb6,2021-04-07T21:49:45.845Z,East Dixie,New Mexico,Austria,-21.7959,-143.7252,vox,uxor,arbor,dolorem,stips,numquam,tendo,26,145.84104400616442,51,audax,6,2,5,true,0.11759342011493393,2019-11-09T22:22:50.950Z,Lakin - O'Reilly,false
74586bc1-de5c-466a-97c0-c20a51a96d64,2023-04-10T20:39:10.279Z,East Angusville,Montana,Romania,6.3903,-95.2373,vere,eveniet,tardus,truculenter,alius,venustas,conspergo,103,210.32574271468116,97,tactus,5,1,3,false,0.08928314070104174,2025-04-30T05:09:51.001Z,"Champlin, Borer and Bode",true
522234f6-e627-4891-b62c-3e969c0dfc9a,2025-03-22T09:45:26.578Z,Lake Greta,Nebraska,Faroe Islands,-71.2616,-45.8989,annus,sollicito,denique,ancilla,et,allatus,vulgus,101,101.79742233827798,21,deputo,6,0,5,false,0.10405750855705331,2020-10-02T00:04:50.927Z,"Murphy, Tremblay and Schamberger",false
9e40dadb-18d1-41d2-8b03-e2d684ea8930,2023-10-28T00:08:15.590Z,Chesterfield,Ohio,Nigeria,-21.7036,46.105,spectaculum,assentator,arguo,cometes,sufficio,eum,non,101,186.4616309484446,41,vae,5,0,1,false,0.048748810804430054,2018-04-10T05:40:54.631Z,Grady - Wintheiser,false
4cd3e2a5-3830-4da6-b472-e367218568dd,2019-12-12T19:10:56.724Z,Lefflerburgh,Oregon,Montserrat,-71.2944,-154.0028,summisse,arma,atavus,corroboro,vulariter,tandem,valetudo,110,209.76628470198935,39,alo,2,1,3,true,0.18858078968871445,2023-06-03T19:37:56.835Z,"Kautzer, Romaguera and Kemmer",false
96385921-37b6-4d8f-8503-6628d4e0b52b,2018-06-24T21:28:41.589Z,New Daphneefort,South Dakota,Niue,-29.733,-24.5732,corrigo,beneficium,demo,socius,amplitudo,vulgivagus,atque,88,168.79807178630222,90,amor,0,1,5,true,0.23901303496068252,2023-03-16T22:32:43.222Z,Douglas Inc,false
47249076-7a7f-4807-9121-9ef09c063d7b,2021-08-17T14:37:28.221Z,Mattieton,North Carolina,Angola,70.0356,93.2886,depono,certe,vobis,voco,sum,vilitas,volutabrum,91,63.108863681309145,34,tutamen,1,1,3,false,0.14589052828240046,2024-06-07T08:34:56.966Z,Metz - Murray,false
364dee43-6321-4ec1-8b60-267c97d243d8,2023-09-06T14:54:38.724Z,Legrosshire,Missouri,Ethiopia,-78.4163,-157.363,adipiscor,illo,cruentus,blanditiis,debilito,thymbra,vere,119,185.65904231666443,28,volaticus,4,0,4,true,0.17746838348253985,2023-06-30T18:41:00.819Z,Hackett and Sons,true
1c0dbf94-854f-4dbc-88b0-cae06b1a2ddd,2019-01-22T04:23:07.181Z,Leesburg,Oklahoma,Italy,-81.3061,-61.6124,ait,ubi,angulus,advoco,cibus,talio,apparatus,64,81.44345055588857,53,ascit,5,1,2,false,0.10374257291563616,2025-02-28T06:30:19.023Z,Kris - DuBuque,false