accident_id,incident_datetime,city,state,country,latitude,longitude,road_name,road_type,intersection_type,accident_type,weather_condition,road_condition,light_condition,speed_limit,actual_speed_kph,driver_age,driver_gender,casualties,fatalities,vehicles_involved,alcohol_influence,blood_alcohol_level,weather_reported_at,reporting_department,pedestrian_involved
157d791d-2438-42e9-b555-4baa2d3cf3e2,2022-09-29T10:09:57.973Z,New Talon,Idaho,Turks and Caicos Islands,-37.7308,144.6422,careo,sit,aeneus,stella,aveho,at,conitor,84,37.19296208288971,43,harum,2,0,5,true,0.12367125788495256,2025-11-02T16:30:13.771Z,Farrell Group,false
2d8680c5-2ddf-4fae-957c-3aa09394a5b2,2025-04-18T00:51:07.907Z,Lake Jackyboro,Connecticut,Azerbaijan,16.7367,-110.7972,spargo,amitto,valde,possimus,acer,cado,tener,124,77.17928513144408,38,ver,3,1,4,false,0.13542601320287992,2021-06-17T00:42:59.629Z,"Sawayn, Spinka and Hettinger",false
a1e09d7c-1e2a-4cc7-bb12-da78b54127a0,2020-01-15T20:41:30.482Z,Leslyhaven,New Jersey,Niger,54.6707,-129.7644,corona,crepusculum,vulariter,ademptio,traho,omnis,admitto,35,117.32016219732235,78,sortitus,5,0,3,true,0.11555448342057589,2018-07-27T15:23:12.734Z,Labadie Inc,false
2d119afa-b44c-4915-a012-d29888efa7fd,2023-08-20T08:06:26.578Z,Fort Constantin,Louisiana,Gabon,29.6076,43.1983,est,ars,aetas,ad,quos,conicio,tego,33,110.9686506184101,83,alter,4,0,4,false,0.09539078824519814,2024-11-07T03:32:21.567Z,Mayer - Fisher,true
746aadc3-7e3d-4c31-b366-d2f56b03bff0,2021-11-12T01:55:45.356Z,Georgetown,Michigan,El Salvador,-34.2552,1.6052,decens,sodalitas,aeger,titulus,aufero,turba,vulgivagus,89,196.8129344608563,20,armarium,4,1,4,false,0.14939899502230394,2025-09-06T20:30:07.815Z,Mills Inc,true
ab46d9cb-69e2-4962-8c11-16b5cf942e29,2024-10-06T10:18:05.447Z,Deckowland,South Carolina,Guinea,-11.1623,90.2146,curiositas,xiphias,crur,saepe,ustilo,trado,villa,47,57.892662132969754,50,curtus,5,2,1,false,0.230274368903773,2020-06-04T04:52:26.447Z,Hauck Inc,false
1501ca5e-a063-4f21-b3bb-f611bfc214b2,2024-03-10T18:34:24.907Z,West Mariannestead,Idaho,Denmark,-88.8389,165.5048,thymum,velut,suffoco,libero,volubilis,territo,venustas,87,224.2725674917263,44,venia,1,0,3,false,0.18805406151900067,2023-06-12T08:09:40.116Z,Stamm LLC,true
b58b4b97-f914-41a6-886c-01510153ed7d,2020-12-01T19:44:27.208Z,Joanieport,Maine,Monaco,-63.8535,94.0305,cras,abeo,accendo,tertius,versus,tabgo,voluptate,35,198.93294931206813,51,acies,3,1,3,false,0.049201664370648046,2021-05-02T16:00:36.486Z,Durgan - Corkery,true
292f3d79-1df5-48d5-b145-6ed5652acbd6,2024-01-01T06:02:13.608Z,Jacobsshire,New Jersey,Grenada,74.7152,-63.9293,vulariter,carpo,copiose,valetudo,addo,vallum,esse,127,191.3100491326952,68,spiritus,6,0,5,true,0.21030927101474198,2023-08-09T12:04:34.415Z,Hansen Group,false
88baf946-8c34-4471-bd7e-669f80c7bdf8,2024-03-12T20:21:55.995Z,Kuphalchester,North Carolina,Djibouti,-22.4007,112.0699,bos,cultellus,consequuntur,calco,apud,suppellex,candidus,116,155.85361128460104,22,denego,5,1,2,false,0.04287395252171833,2024-02-17T10:59:39.252Z,Cummerata and Sons,false
c71be06e-f3e1-4886-a63e-f4d81e010b88,2020-04-28T07:05:53.335Z,Fort Gustave,Connecticut,Costa Rica,-49.8474,116.0973,tenetur,creta,conitor,cunabula,nisi,vallum,vae,21,77.23572886944503,61,abbas,2,1,1,false,0.217793119955298,2019-10-16T21:31:56.350Z,"Denesik, Thompson and Lemke",true
cab4a776-ab81-451f-b6b5-fd3f4ee2ad6c,2019-08-27T21:30:13.815Z,Jakubowskiburgh,North Carolina,South Africa,-61.5143,-31.6918,caute,sumo,vado,coaegresco,solium,in,cupressus,27,222.27536570193124,50,assentator,6,1,4,false,0.03437824022809735,2022-07-05T21:26:57.242Z,Rice - Bins,false
7cad88b1-17fd-4362-af46-6452b46bc2a3,2023-02-11T23:20:35.065Z,Racine,Alabama,France,4.6255,-77.273,temptatio,spero,venio,ullam,aurum,conatus,distinctio,97,234.25385023706235,37,supellex,1,0,1,true,0.10993540160248993,2021-10-12T20:32:52.293Z,"Schroeder, Homenick and Block",false
e9119fa8-3c55-4dc3-bf26-e9981d8abdf4,2020-02-10T16:28:34.886Z,Dundalk,Rhode Island,Togo,-80.6183,107.4169,repellat,ventito,deduco,cultellus,suffragium,rem,curo,32,161.5863866663517,54,vehemens,3,2,1,true,0.0738743702248667,2025-07-17T04:14:48.547Z,Towne Inc,true
1cfb62b4-8a92-49d0-bdcf-54048fbc966c,2019-05-05T23:20:08.003Z,West Reneehaven,Arizona,Samoa,88.1693,-36.1182,varietas,colligo,bonus,cernuus,vulpes,sed,conventus,79,131.11096851693668,21,crur,4,0,5,false,0.05499334807351805,2024-02-27T20:08:19.186Z,Padberg - Gibson,false
0cf526b9-ba0c-43a1-8ccb-b67638714d54,2020-01-07T19:00:54.097Z,Raeganworth,Vermont,French Polynesia,-55.645,-82.8283,defaeco,adficio,tubineus,supellex,subvenio,conventus,vel,98,143.74583969149643,72,celebrer,4,1,5,true,0.20783175550374833,2025-05-20T04:51:10.779Z,Bednar - Corwin,true
15d05009-79a8-4724-a25c-36c4258b7833,2023-09-21T17:02:52.368Z,Perris,West Virginia,Philippines,49.7303,-37.9657,repellendus,triumphus,coadunatio,vix,accedo,carcer,acerbitas,129,186.38357356029704,25,commodi,1,0,4,false,0.07901497938498245,2022-02-04T08:06:20.891Z,Schaefer - Rath,true
e5a54ecc-83f8-4b53-8c8f-865ce79a4f8f,2020-01-05T09:00:06.007Z,Lednerberg,Rhode Island,Luxembourg,-19.3021,-166.5639,trepide,catena,subiungo,tempus,curo,thesaurus,aurum,86,8.564078435711409,32,copiose,4,2,2,true,0.230217167915579,2025-03-24T00:45:22.089Z,Hyatt and Sons,true
67c5c9c5-2fc9-4006-bd25-eea116409a1d,2022-01-08T07:38:54.932Z,Baileyborough,Mississippi,Heard Island and McDonald Islands,-76.564,-119.262,cui,clam,impedit,caelestis,ultra,usitas,triduana,23,63.19947044203723,77,soleo,2,1,5,true,0.14612782449902656,2023-09-26T00:57:56.355Z,"McCullough, Morar and Schimmel",true
cc965a8c-65fe-46ec-a046-66ce2dcce9e3,2022-05-29T02:59:05.882Z,Port Merritt,Georgia,Kazakhstan,68.7917,-5.9859,stultus,vilicus,pecus,amplus,celo,saepe,subiungo,47,67.9838726522299,87,tepidus,5,0,5,true,0.199480787813358,2021-01-21T01:38:44.766Z,Smitham Group,true
fd018d7f-7bcc-49f8-aeda-5fbe8915ec57,2023-06-25T16:49:42.075Z,Sporerland,Louisiana,Peru,-36.779,-98.3846,sto,a,conicio,validus,degenero,admitto,taceo,42,169.89110415298452,40,voco,2,1,2,true,0.051645537625680304,2025-07-11T09:36:41.970Z,Fay - D'Amore,false
c8d183ed-7fbb-4fe1-bbea-e997511ba90d,2025-01-24T01:08:49.856Z,Lake Ephraim,Utah,Fiji,-39.4007,130.2597,succurro,currus,verto,exercitationem,supellex,alveus,tabgo,123,72.7370359005571,56,aspicio,3,1,1,false,0.08367281111164829,2020-05-24T01:14:46.755Z,"Hammes, Lockman and Gerhold",true
8b799359-026e-4767-9aa7-3d6cb58ca44b,2019-12-19T03:17:29.087Z,Dillonfurt,North Carolina,Peru,-33.325,0.3344,vulpes,facere,copia,depraedor,bonus,aedificium,reiciendis,28,193.4784873502453,100,pax,6,0,3,false,0.15626905290042276,2021-07-30T14:36:50.581Z,Schaden LLC,true
7a2355aa-cd4c-45e9-adc2-c0abb28cf34f,2020-06-12T17:46:20.748Z,Fritschside,North Dakota,Saint Helena,34.8467,-91.6769,velum,uterque,fugit,desolo,accusamus,universe,delectus,46,162.69587094095453,65,ver,6,2,3,false,0.1696142665643592,2023-06-13T19:10:44.126Z,O'Reilly Inc,false
05db83ee-62f3-45fa-9784-71aa3ce6874c,2020-11-24T03:04:16.934Z,Lakeville,Oregon,Malaysia,80.8841,98.0352,curatio,demulceo,clibanus,desidero,depereo,uterque,comptus,35,111.9883996379145,39,aliquid,5,0,2,true,0.032651464362285554,2021-07-24T13:28:14.318Z,Breitenberg Inc,false
94d182f5-7de3-4f9a-89d0-719c96c7cc1f,2024-02-14T01:34:17.324Z,North Nakia,Virginia,Croatia,-31.554,-86.2137,certe,apostolus,error,absque,absque,depereo,contigo,94,76.41150137553397,63,apud,2,2,4,false,0.09987268235472646,2020-02-27T18:42:47.958Z,"Medhurst, Leannon and Brekke",false
6a2c2ec6-f4ff-4182-8645-5cbe8b56aa97,2021-03-26T19:56:52.278Z,Bradtketown,South Dakota,Dominica,72.9103,47.0605,tergum,agnitio,amissio,vigilo,aureus,acidus,vulpes,124,117.84652722235224,84,patrocinor,4,0,5,true,0.19730633437820064,2024-09-25T07:48:03.515Z,Beier - Rodriguez,true
dc6c1c29-a295-430e-ba6b-3d83ea4523c9,2020-10-22T01:58:17.546Z,Fort Myers,Hawaii,Vanuatu,-73.584,-116.1679,dolorum,suadeo,viridis,viridis,ad,nemo,curtus,108,75.81221250148205,86,vesper,5,1,5,false,0.056128543276394466,2021-08-17T11:47:49.062Z,Stoltenberg - Lakin,false
535e1dcf-b509-4cbf-861c-0920bca50da3,2024-04-25T12:45:20.229Z,Battle Creek,New Mexico,Bolivia,-47.4115,-52.1103,subnecto,uter,tabernus,solium,crux,depono,et,126,233.96146164614024,35,asperiores,1,0,2,false,0.041536642025170434,2023-09-06T04:37:30.431Z,Gutkowski - Volkman,true
e0b6c7f3-e34e-47eb-81bb-7a8d5e90dcd9,2025-12-24T20:02:07.113Z,Lake Dayna,Connecticut,Mexico,-69.7316,60.4796,claudeo,clam,vigilo,caelum,vis,articulus,auctus,88,31.62792700581928,58,surgo,6,2,1,true,0.1862080227007638,2021-04-20T09:18:37.243Z,"Zboncak, Toy and Towne",false
6e4dece3-5d75-4312-8733-037a36053e59,2021-06-16T21:43:00.542Z,Lake Montystead,New York,French Guiana,-72.6708,80.3422,aestas,sordeo,adfectus,cruciamentum,creo,aeternus,utroque,115,137.9523312243947,94,demum,6,0,1,true,0.21839812887093382,2021-05-31T05:22:28.427Z,Jacobs and Sons,false
6e98f652-33bb-4521-a3a2-ad59c113a001,2018-04-16T16:17:09.062Z,Generalbury,New Jersey,Timor-Leste,30.5538,120.17,bardus,curso,cometes,consectetur,subito,cui,cerno,92,228.82884573671703,22,cado,4,2,4,true,0.07227109897599351,2021-09-07T19:09:10.762Z,Moore - Lemke,false
69a32c5c-0c75-435d-bc6a-f6af92da0020,2022-03-26T15:35:45.521Z,Nakiahaven,Delaware,Lesotho,-75.2954,-100.7054,perspiciatis,tunc,decipio,aureus,careo,arceo,teneo,64,73.76123937664262,82,desino,6,2,5,false,0.023658781574228738,2021-01-11T07:14:33.541Z,Wilderman Inc,false
fb413a05-7902-4b28-8a67-5ca84c89145f,2024-02-05T22:29:02.409Z,East Jacklyn,Oregon,Tanzania,41.9768,-176.4939,depromo,quos,harum,cicuta,cenaculum,suus,eum,85,176.3923539833161,75,magni,5,1,5,true,0.00008276972437551433,2022-08-23T08:20:25.087Z,"Considine, Harber and Hintz",true
bb06a700-9988-40dd-8ea3-f2c545826613,2022-11-19T23:15:23.024Z,Lake Clifton,Georgia,Heard Island and McDonald Islands,41.7636,-20.9612,cohaero,tempus,nisi,aegre,speculum,custodia,aspicio,42,64.65663220481764,47,inventore,6,1,5,false,0.02985371858246269,2018-04-16T19:59:52.670Z,Goodwin - Hermann,false
aa9f01cc-1450-4fb6-a331-3409be1a7e4e,2022-05-05T12:09:15.730Z,East Madisyn,Kansas,"Virgin Islands, U.S.",-82.0267,-124.0348,copiose,utor,suus,aggredior,abeo,aeternus,veniam,117,39.92844016379557,95,suscipio,6,2,2,true,0.0021066962518820342,2022-11-01T15:04:31.067Z,Stracke - Hane,false
f34cce0a-a7cf-4ebe-beef-ad7095bc5ead,2025-09-23T12:36:23.675Z,Jackyland,Arizona,Singapore,1.4035,-49.994,vilitas,soluta,talus,quisquam,nihil,aspernatur,sub,49,115.49248261620384,91,cornu,4,1,4,false,0.1063885239614534,2022-11-29T15:38:37.481Z,"Prosacco, Cronin and Little",true
4ee6cd37-51d5-4994-b347-38fe991cf6fa,2021-01-15T08:53:47.720Z,Laruestead,Washington,Reunion,4.6633,148.3896,triduana,aestas,quia,cenaculum,tolero,celo,denuncio,50,127.59729138867425,52,temporibus,5,2,2,false,0.13528941627177976,2024-07-16T16:46:44.290Z,Carter - Rohan,false
95cf0f3d-7d0a-4b02-8d8d-d348c11652dd,2023-09-12T01:59:35.515Z,Garretborough,New York,Timor-Leste,-38.9777,175.0739,iusto,cilicium,vulnus,tondeo,vulgivagus,attollo,casso,60,163.89967558302067,37,auditor,2,0,1,false,0.14358941299614864,2021-06-12T15:48:20.716Z,Nader - Franecki,true
28f71eb9-e3f4-4778-91b1-584040ec6b27,2018-04-15T06:24:08.024Z,Kenosha,Virginia,Cape Verde,73.3858,81.334,curia,coadunatio,absum,voveo,comptus,conor,usus,84,125.60177216068428,81,vester,0,2,1,true,0.10916291925493202,2021-07-07T07:07:11.610Z,"Johns, Towne and Skiles",true
5bca7fbd-d5d6-4213-9e03-374c7f682b99,2024-02-09T16:24:43.328Z,South Margretfurt,Iowa,Italy,68.093,-141.5558,alveus,curis,ipsam,subnecto,viridis,clam,error,85,24.614069340248577,35,viriliter,6,1,2,false,0.20252758512850885,2019-05-11T10:03:45.712Z,Kilback - Price,false
c84e2e9b-5c1c-4a26-9713-4089bd168998,2019-08-18T09:02:40.452Z,Watsonfurt,Alaska,Guinea-Bissau,-28.3841,-171.588,apto,harum,thesaurus,cilicium,eius,cena,decor,105,172.81720675289574,74,nam,0,0,3,false,0.10321695094943836,2025-04-27T13:09:07.973Z,"Nader, Russel and Turner",true
b9e13837-8c22-4232-a237-09e229b4686a,2023-05-16T21:08:28.991Z,Summerville,New York,Latvia,24.3302,-35.7829,coepi,aetas,teneo,copia,corpus,utpote,voluptatibus,123,80.91785813529727,96,claro,4,2,1,false,0.012883017872047597,2024-01-13T04:00:39.030Z,Lemke Group,true
31e19d41-ae1f-4cab-8b09-7c42778db3f0,2022-03-03T13:58:40.867Z,Maricopa,Nevada,Fiji,86.7095,49.9839,demum,appositus,sumo,officia,terror,angustus,arma,30,40.63715349578047,27,casus,4,2,1,true,0.04069510373014534,2025-06-18T00:23:49.566Z,"Schinner, Wuckert and Koch",false
cb6e4f02-537b-4da2-9306-ca88c5cb8547,2025-03-02T01:30:00.219Z,Port Americaboro,Massachusetts,Nicaragua,-13.2691,-173.8206,alveus,consequatur,contra,quis,delectus,cursus,benigne,78,82.35919122439239,42,animadverto,4,2,1,false,0.012345489394598702,2019-01-23T15:13:46.370Z,"Hegmann, Gleason and Reichel",true
9bc99170-654f-4ec7-bfa1-de9c1a306a46,2023-12-07T03:59:26.855Z,Eloycester,New Mexico,Cameroon,-12.7386,-9.6549,avarus,aliquam,creber,bene,templum,iure,angustus,121,23.933365750061046,90,contra,5,2,3,false,0.2170395174768059,2019-05-14T19:33:29.383Z,"Mosciski, Jaskolski and Gottlieb",false
cc7298da-3fe0-4282-ad2e-f4fdeaf179e3,2024-10-29T06:23:39.869Z,Jastmouth,New York,Latvia,-40.3326,165.5627,decretum,degero,decens,vinculum,arguo,voluptas,ea,120,32.12239478430327,69,cruentus,4,0,1,true,0.028122651278880584,2022-02-27T20:16:30.795Z,"Goodwin, Denesik and Rau",false
7d44910d-ad0d-40c6-9d88-68336536f176,2022-04-13T01:16:09.337Z,Abigaleville,Hawaii,Aruba,-13.3587,50.3399,cohibeo,totidem,amplitudo,currus,acidus,at,tondeo,109,136.52545796491808,49,surculus,2,2,5,false,0.19957227297379518,2022-03-07T18:18:06.295Z,Lakin - Purdy,true
2839bd7b-4c36-47e8-879f-00811411ba03,2018-09-05T07:36:26.368Z,Janaview,Indiana,Jamaica,63.2781,-139.1506,varietas,solum,vinitor,terra,vergo,nihil,aestivus,86,167.1450944854885,95,defaeco,0,0,3,false,0.034527963295049036,2024-02-25T01:43:50.707Z,MacGyver - Cormier,true
53990b93-5aee-4fb5-9790-65938aadedac,2019-05-11T18:19:36.745Z,Port Carmel,South Carolina,Guadeloupe,-26.394,19.5448,conforto,stabilis,tempus,nulla,clibanus,tabernus,blanditiis,34,88.47046420532769,35,agnosco,6,2,4,false,0.2486883846990339,2018-05-06T00:16:48.361Z,Abshire - Walker,true
cf27b40e-3289-4fac-86d7-baffddd36fae,2024-02-18T07:57:11.179Z,South Misael,New Jersey,Kenya,-48.2402,-78.5231,ver,strenuus,sponte,tripudio,vulgaris,ratione,culpa,97,227.40671305015198,80,optio,0,0,5,true,0.12249786640531618,2024-04-30T08:13:23.738Z,Block Group,true
c73fcb38-77a3-4513-8d5b-65a2fe6ff2fd,2019-11-21T17:11:34.311Z,Kleinport,Alabama,Eswatini,-86.54,121.8578,decimus,tantum,tredecim,temporibus,tempus,demoror,arcesso,92,148.57990577172953,80,voluptas,5,1,2,true,0.180923861232108,2020-10-31T18:00:39.610Z,Mueller - Doyle,false
b1d4dc26-c4f1-4798-9be1-60e97b910e5a,2025-09-18T23:16:32.907Z,Port Joaquin,Illinois,Netherlands,65.7839,-2.6193,nam,supplanto,deripio,debeo,civis,utroque,depono,50,52.755815092811076,46,collum,5,1,2,false,0.008088958755675696,2019-03-18T01:11:07.348Z,"Crona, Rath and Runolfsson",true
7b36e134-54ac-459a-aa93-b782c239e719,2022-03-21T11:18:26.540Z,North Jamisonberg,Georgia,Senegal,-52.4379,91.3165,cedo,denique,tergiversatio,curtus,nesciunt,vapulus,cervus,130,51.15910763703425,85,deripio,0,1,1,true,0.01872265422689859,2018-01-19T13:13:42.284Z,Lowe - Lockman,true
66142dbd-1d8d-4dc6-a923-4f9e2447065f,2021-11-04T09:34:00.973Z,East Raymond,Colorado,Western Sahara,86.5002,55.8347,vacuus,unus,auxilium,quaerat,adversus,cribro,optio,118,119.28241876215057,72,commodo,0,0,1,true,0.2337528045787745,2023-11-25T09:37:28.257Z,Wisoky - Hand,false
bd388d9a-391f-4655-9820-bc081358b627,2022-10-08T00:48:25.026Z,Hegmannberg,Minnesota,Myanmar,-15.2383,89.2637,aeternus,utroque,sursum,decimus,cariosus,clamo,tamdiu,53,27.226269040178643,76,vallum,0,2,3,true,0.10236764177549607,2023-11-20T10:46:27.695Z,"Friesen, Homenick and Mraz",true
818879a6-bdb2-4368-93fd-51f6cca5fc68,2022-04-19T07:15:17.971Z,Sharonstead,Maine,Tokelau,15.8301,-45.8403,surculus,turba,totus,appello,corroboro,canonicus,condico,63,204.44760517527607,62,verbera,0,0,5,false,0.2347275904490357,2025-05-15T03:36:40.249Z,Wehner Group,true
cd20e9e5-7e1e-4b1e-a0b0-ce6c15d27774,2022-12-18T06:55:54.572Z,New Itzelton,Alabama,Cameroon,-65.8829,125.175,collum,vulgivagus,sortitus,ipsa,copia,abscido,talio,100,217.4063738500274,97,viscus,3,1,2,false,0.1138591826751198,2021-05-10T21:21:21.163Z,Koch Group,true
0d32d7db-971b-4d47-92b7-b176a760b58c,2018-10-08T09:46:18.274Z,Gerlachchester,North Dakota,Congo,68.6035,106.0728,sortitus,velum,autus,attollo,surgo,approbo,corrupti,25,117.83477168975404,29,denuo,3,1,4,false,0.06276289088333878,2025-04-03T21:23:47.850Z,Lowe Group,false
42e420d3-50c3-4205-a59a-ed0c0175a18d,2019-11-10T20:01:29.615Z,Maple Grove,Oregon,Tuvalu,-54.7101,112.6296,defleo,thermae,ipsum,conor,caput,condico,bis,62,13.442557800852999,20,celebrer,6,2,2,true,0.16999839124224342,2018-12-19T00:27:49.338Z,Heathcote - Bartell,false
a35867af-6448-4f42-be04-0da1a920b260,2022-11-17T11:13:54.204Z,South Kristina,Louisiana,Antarctica,48.5573,-81.145,volo,ante,vereor,deprimo,conventus,celer,timor,26,229.71656487023978,45,attonbitus,4,2,2,true,0.05985509466264091,2019-01-31T22:55:08.038Z,Cassin - Sipes,true
368f9f6c-10e6-448d-beaa-3dcad1304218,2019-12-25T16:48:18.847Z,West Lacyville,Pennsylvania,Anguilla,-70.6502,-121.5065,defero,amoveo,odio,cavus,perspiciatis,aggredior,tero,98,108.63627025330642,66,aptus,6,2,1,false,0.1118868910415931,2025-12-28T21:25:28.552Z,"Boehm, Hahn and Kreiger",true
68ab5c07-cbe3-4085-b0c0-07031b8cf508,2020-03-21T20:11:49.605Z,East Aniyah,Massachusetts,Poland,-14.186,-179.812,catena,bonus,conicio,dicta,ex,sponte,barba,92,217.95877077960338,28,absque,5,0,1,true,0.12538798346974586,2021-01-10T23:11:21.209Z,Torp Group,true
e6a24b1c-9a8f-472a-a45b-a594ba6a8b24,2025-03-13T21:49:46.328Z,Beerstead,New York,Ukraine,0.6454,42.1778,vae,cribro,corporis,trado,atrocitas,velit,defetiscor,51,229.15223602187703,19,vere,6,0,2,true,0.034997060744181185,2022-12-19T10:48:48.857Z,"Braun, Fay and Langosh",false
fbcea1a3-284a-4025-9f98-e07e7b6ea914,2020-11-17T09:36:32.699Z,Wintheiserstead,Louisiana,Solomon Islands,4.7294,-57.4541,alveus,eum,audentia,conspergo,amplitudo,deripio,creptio,70,80.65964341188642,22,crapula,1,0,4,true,0.09461363548368104,2022-03-10T07:11:40.806Z,Kohler Inc,false
5343e8af-0fd0-4578-a99e-97a5b865da7a,2023-07-15T17:37:05.581Z,Port Kaileystead,North Carolina,Kiribati,-44.98,-38.8631,altus,creator,tero,coniuratio,aeternus,agnosco,aspicio,40,211.91373529387806,17,suscipit,6,2,5,true,0.24003660070350816,2019-08-11T06:20:07.752Z,"Wintheiser, Fisher and Stracke",true
22ae462b-9ab5-4f97-9872-c83287b0d88f,2024-04-13T11:24:26.212Z,Waynebury,North Carolina,American Samoa,88.8804,-7.5152,cursim,crebro,solium,iste,auctor,cariosus,stultus,112,63.546088470100706,18,bellicus,5,0,4,false,0.09464466551416198,2018-08-14T08:08:02.098Z,McKenzie and Sons,false
1054a139-8267-4d25-9e15-9611b44a5e45,2024-02-23T19:00:31.598Z,Cummerataport,Rhode Island,Micronesia,-39.7658,179.6445,caute,tripudio,atrox,cum,surgo,admoneo,subito,35,46.59289385041261,57,adsuesco,3,0,3,false,0.14596016038326737,2021-01-21T18:15:02.627Z,"Feeney, Leannon and Muller",true
27200642-d76c-4b33-88f1-0d552ea4b032,2019-06-13T18:37:58.864Z,South Seamus,Ohio,Papua New Guinea,-60.4828,64.0671,conscendo,sponte,atrocitas,suus,voluptatum,dolorem,demitto,65,226.43417807568,35,vestigium,4,0,3,true,0.12787370760932668,2025-08-17T00:05:26.600Z,Gleichner - Lowe,false
ca14f17d-be18-4e75-b34e-fa7384f8178d,2025-05-17T13:00:19.801Z,Fort Antwonfield,Arizona,Denmark,-58.6104,-166.2945,attollo,vitiosus,vulnus,enim,urbs,ubi,adflicto,84,180.78039709976588,90,placeat,6,1,4,false,0.13267196003163742,2021-02-01T15:03:00.180Z,Cassin Group,false
9e22a3c4-d79a-467d-ada7-f0bb870aa968,2024-09-27T06:54:47.880Z,Kiehnland,Washington,Guinea,47.221,-69.9552,absorbeo,agnitio,ante,advoco,adfero,curiositas,fugit,74,52.996654059317535,32,fuga,6,0,1,true,0.015481835886860223,2024-03-01T02:38:53.146Z,"Reichert, Weber and Gutkowski",true
fa4f087a-a125-4995-a34b-73b815a64abe,2024-08-20T05:50:48.528Z,North Violet,Oregon,South Georgia and the South Sandwich Islands,83.6904,111.8509,tempore,culpo,cohibeo,vehemens,spero,verto,vinum,112,160.36247008167135,84,validus,0,2,1,true,0.22244344873409616,2020-10-25T03:51:40.884Z,Upton - Towne,true
45f4f96b-f3ec-4f3b-96e5-44d2377824ea,2023-10-10T16:57:34.715Z,South Madisenburgh,Oregon,Monaco,-83.8768,-101.663,et,auditor,apto,cattus,consequatur,culpa,socius,50,82.85708838140994,43,tondeo,0,1,3,true,0.1315813019610001,2021-06-09T01:53:26.691Z,Ledner - McCullough,true
5d50efe9-9036-44da-a5a3-68dca94f7284,2020-11-06T18:23:32.238Z,Fort Randy,North Dakota,Isle of Man,87.2867,148.3536,spiritus,alienus,tempora,velum,custodia,validus,corrupti,100,1.8357669802713783,76,cibus,0,0,5,true,0.15834366418946946,2022-02-06T12:05:28.102Z,Fay Inc,true
dce5e6a1-de2b-4d35-9315-fb7878f7b652,2019-09-03T16:11:36.194Z,Braxtonville,Wisconsin,Tunisia,88.5028,21.4203,vaco,voco,abundans,nisi,vulpes,paens,creator,86,135.14490188740302,86,fuga,2,0,4,true,0.04431950031655954,2019-10-12T09:45:59.544Z,Bosco Group,false
abcff7dd-6163-40cd-bbe2-cc68d79c1daf,2020-06-06T05:22:44.843Z,East Asaburgh,Alabama,Sierra Leone,52.0417,69.7827,titulus,in,ipsam,virga,earum,subito,usitas,106,166.88139307338992,58,depulso,1,2,1,false,0.24458621413565745,2018-05-16T19:21:48.193Z,"Ankunding, Spinka and Rohan",true
ea770ab1-9540-4e15-99cd-7fcb05ef28c0,2018-04-07T17:24:21.004Z,Port Lizzie,Minnesota,Holy See (Vatican City State),41.6519,126.0729,ver,cresco,aliqua,theca,voluntarius,cunae,blanditiis,55,172.28247822479847,96,vester,3,2,5,false,0.1339628531488248,2025-07-12T09:38:52.010Z,"Bashirian, Champlin and Reichel",true
cef7cbaf-fe99-44ac-8511-a1b717962fef,2019-08-04T23:49:49.634Z,New Albaview,New Mexico,Norway,-43.0042,35.3394,solio,qui,desparatus,curto,arceo,adsidue,aspernatur,43,87.90074172116488,54,supra,0,2,5,false,0.21139269823098766,2023-06-29T13:14:09.722Z,Beahan - Skiles,false
0518175c-0e39-4f99-8dda-cadafd2894f5,2024-12-21T15:37:47.736Z,Ziemanncester,Nevada,Guadeloupe,22.3627,134.5737,eos,desino,suppellex,corrumpo,odit,esse,suffragium,21,51.126666148769296,21,voluntarius,6,0,3,true,0.13566167015109504,2023-09-10T11:31:03.534Z,"Frami, Erdman and Windler",false
be5a1d00-2ac1-4f6c-93e9-a2e6c0de05a0,2024-11-29T00:57:41.156Z,Seattle,New Mexico,Czechia,-49.7993,103.6759,laboriosam,accusamus,vicissitudo,vulgus,atqui,copiose,tamen,74,36.86329571094425,52,admitto,5,2,4,true,0.05102246068827185,2022-05-20T03:29:25.602Z,"Jakubowski, Miller and Bartell",true
cb348d66-73ba-4b99-a543-11dc47df80a7,2024-03-10T09:39:25.706Z,Rickieburgh,New York,Comoros,-60.8501,15.6994,succurro,viscus,sunt,valeo,astrum,trado,tepesco,113,73.375450586885,70,admiratio,1,2,1,true,0.015558401945491185,2022-12-10T00:25:15.997Z,"Weissnat, Boyle and Heathcote",true
faad1732-4627-43b2-a7e3-c34550031edf,2018-09-06T01:39:51.641Z,West Eddiestad,Pennsylvania,United States of America,52.6122,161.9093,degusto,reiciendis,ager,cur,umerus,baiulus,labore,45,155.1476922981362,81,carbo,5,2,2,true,0.014440640167794783,2025-01-15T01:44:51.942Z,"Effertz, Schroeder and Stoltenberg",false
03b04219-54c5-4251-a98d-2f57808bc60e,2019-03-14T20:09:54.823Z,Port Dedrick,Montana,Serbia,14.6324,138.9014,illum,accendo,atrocitas,summa,charisma,similique,venio,25,213.6744046562584,100,centum,4,2,1,false,0.08163905474864805,2022-01-03T02:10:04.300Z,Nolan - Borer,false