accident_id,incident_datetime,city,state,country,latitude,longitude,road_name,road_type,intersection_type,accident_type,weather_condition,road_condition,light_condition,speed_limit,actual_speed_kph,driver_age,driver_gender,casualties,fatalities,vehicles_involved,alcohol_influence,blood_alcohol_level,weather_reported_at,reporting_department,pedestrian_involved
ba8526e8-a419-44f8-8a84-2d93343247b1,2018-06-07T14:22:34.256Z,Fort Linda,South Carolina,Benin,39.5147,39.0211,tres,surgo,blandior,ultra,aedificium,avarus,sum,129,238.3307896112807,98,texo,5,1,4,false,0.07616667054604676,2023-01-16T03:15:49.494Z,"Jaskolski, Altenwerth and McClure",false
07f72384-e1b4-46ab-b97c-8036ab7198de,2025-04-24T08:27:51.232Z,West Ardith,Oklahoma,Timor-Leste,-76.7597,45.9053,aveho,mollitia,incidunt,deleniti,tribuo,nisi,confugo,59,14.70300121297993,55,utroque,4,0,5,true,0.0779180211908368,2024-01-03T15:42:17.558Z,Deckow - Kuhic,false
7a34cf03-8d30-48c8-b38a-e91477187471,2023-08-29T00:31:30.625Z,Langoshchester,South Carolina,Gibraltar,-87.9616,88.5224,delicate,bestia,adamo,voluptas,stella,victus,valens,120,231.44944780369318,94,vitium,5,0,2,false,0.09741429172662086,2024-04-13T21:37:01.478Z,"Greenholt, O'Hara and O'Kon",false
bc38711b-c5a0-4aad-bb27-1daf625bde10,2021-03-05T16:35:37.065Z,Savanahborough,Maine,Curacao,9.3128,-142.4218,aggredior,certus,ea,mollitia,cresco,sumptus,currus,72,208.6024039962495,58,quis,1,0,4,true,0.08416840570191877,2023-11-16T10:08:12.201Z,"Hartmann, Hilpert and Heathcote",true
208bca9f-1707-4974-9de6-ffd8d4c60fa4,2022-05-05T02:31:57.098Z,Fort Johathan,Indiana,Ghana,-8.0766,-150.6499,curto,virgo,vel,clamo,alioqui,tactus,defleo,103,42.61278058895142,88,autus,0,2,5,false,0.061395276986313224,2021-04-06T08:18:24.241Z,Bogisich - Kuhn,false
bfa25d71-671a-453d-befa-7ebf09d818eb,2025-11-26T08:10:46.745Z,St. Joseph,Delaware,Myanmar,-10.9467,114.6613,corrumpo,ultio,porro,amplitudo,ex,defessus,titulus,57,5.679564974584643,76,beatus,1,1,1,false,0.07997557465863203,2024-02-13T12:35:02.619Z,"Conroy, Steuber and Hoeger",true
16c7a53a-90f3-41a1-ba6f-78b29f248426,2020-02-18T19:20:01.100Z,Makennaburgh,Nebraska,Isle of Man,31.7772,-94.778,verus,adfero,ancilla,delicate,consequuntur,alii,odit,77,80.56666419049888,90,suasoria,3,1,2,false,0.20347675374052682,2023-08-21T07:32:52.708Z,Zboncak - Parisian,true
65cf9307-527a-4d2e-b961-73b4e13a42c1,2022-06-19T05:43:03.895Z,Dockworth,North Carolina,Switzerland,-57.6219,-152.8924,quae,voluptatem,conatus,adipisci,creber,votum,dicta,44,207.10791106290773,61,dens,3,0,3,false,0.13086352948619195,2023-04-28T17:11:23.172Z,Hessel - Feil,false
3a067341-0dfe-4b5c-acbf-c9fad841fd1a,2021-04-21T15:21:50.743Z,Hilo,South Dakota,American Samoa,-78.1643,136.0738,appello,torqueo,utor,tamisium,cauda,denique,vinum,95,20.93070167722456,92,rerum,5,1,5,false,0.059550551207388724,2025-02-21T15:11:23.996Z,"Ritchie, Considine and Welch",false
722d6147-94d8-46de-8ffa-836641ec60a5,2021-08-01T13:55:18.397Z,South Gate,North Carolina,Romania,35.083,-155.132,armarium,eveniet,aequus,deduco,audeo,vicissitudo,administratio,74,95.7358421020587,56,agnitio,5,2,1,false,0.09789228731249394,2024-05-08T17:19:03.421Z,Von Group,false
d02eff6f-ae29-4fd2-be6f-70a1b635a2b3,2019-01-22T04:29:27.723Z,Ameliecester,Alaska,Netherlands,-78.0636,-65.6452,cumque,unus,architecto,venio,ultra,voro,aspernatur,21,205.75485169511506,23,capio,1,2,3,true,0.22737078204590647,2020-12-10T14:35:28.426Z,Padberg Inc,false
2d460e1b-1ef3-429a-b7fd-f40a2b2ff3df,2020-02-08T22:32:49.912Z,Fort Armandotown,Nebraska,New Zealand,-8.5269,108.7802,iure,adulatio,appositus,attero,ducimus,absque,dolores,44,107.64869275101104,16,tepesco,6,0,3,true,0.052506787075470684,2024-08-30T03:44:03.004Z,Yost and Sons,true
f4e2beb1-99d7-4b5c-a367-e0c7d501e85e,2019-08-12T07:30:36.820Z,Fort Chaim,Massachusetts,United Arab Emirates,22.7253,-113.6569,sono,concedo,dolores,spoliatio,concido,summa,vulariter,92,221.81222727285095,69,esse,6,2,4,false,0.13801858362957792,2019-10-01T00:51:58.433Z,"Pollich, Nikolaus and Price",true
de22189b-2fab-4461-ae76-492b0fcec6b1,2023-08-15T17:46:38.522Z,Fort Felicitaton,South Carolina,Bhutan,-2.4306,65.0243,desolo,certus,adaugeo,textilis,stipes,placeat,decens,94,132.27573778400887,35,aestivus,1,1,2,true,0.013943206690764764,2022-07-12T02:45:05.335Z,Toy - Hackett,false
2b8659c2-507e-47be-a0cd-3284b2c8bfc4,2022-08-25T02:17:10.293Z,Lorineburgh,Washington,Saint Martin,-47.2455,-110.4549,usitas,eum,amaritudo,assentator,terebro,repellendus,adsidue,25,99.31549692976066,20,stipes,6,2,2,false,0.19854337086917445,2019-10-02T06:06:36.134Z,Emard - Balistreri,false
e4dcf628-5064-4a85-b7b2-183db6fa08bd,2022-07-19T14:46:40.002Z,East Aylafurt,Maine,Switzerland,-19.3205,-54.1518,defungo,cupio,carmen,textus,doloremque,subito,decens,101,166.84261594237938,90,sapiente,4,2,5,true,0.1266895184946802,2023-08-29T04:21:16.563Z,"Bruen, Schoen and Kertzmann",false
55cbc02d-fb4e-4bdf-8688-54f0b1a9b65e,2018-02-12T20:26:37.273Z,Ryanfurt,Wisconsin,Palestine,-16.8393,-175.3565,arca,abstergo,arx,callide,atrox,vae,accusamus,86,200.57211094530274,82,atrocitas,0,0,4,true,0.11848136352763058,2023-07-14T05:37:07.945Z,Gerlach LLC,true
fce7c6bb-1d51-4519-a599-12e0f1a3534a,2019-11-28T11:56:38.612Z,West Madelynnmouth,Colorado,Niger,-81.022,60.9872,arto,spiculum,cursim,vitiosus,vaco,voro,volubilis,58,171.2020943452733,31,perferendis,2,0,1,true,0.22147373519011757,2024-11-08T03:11:45.817Z,Ryan and Sons,false
72e3b200-113b-4898-9fdf-dcca65dc6917,2025-08-24T23:20:02.449Z,Rochester,Ohio,Madagascar,-70.0428,-59.0756,vereor,tantillus,tres,aequus,sopor,depraedor,conforto,88,1.1912263958782532,26,curatio,2,0,3,false,0.2367178058305926,2021-11-07T21:27:07.399Z,"Stokes, Runte and Herzog",false
99dd493c-e3c2-4e77-9b31-dfa69a950364,2020-10-15T23:06:49.469Z,South Eunice,Connecticut,Vanuatu,-42.4529,-91.7136,sono,cruentus,altus,patrocinor,curis,cavus,patrocinor,69,94.72619720077402,79,terreo,2,1,2,true,0.050644130052855535,2020-11-26T06:40:32.983Z,"Corwin, Hettinger and Friesen",true
7fd1d227-e3db-4199-a032-ba8ce66cbfe5,2019-06-12T07:15:34.532Z,Bruenside,Washington,Botswana,48.5704,66.4888,bene,vere,vicissitudo,asporto,quod,adflicto,sono,130,68.64645770983014,44,surgo,5,0,4,true,0.15870185923219782,2022-09-25T22:06:38.030Z,Kihn - Hirthe,false
ee596663-21f6-42b5-91d3-95040c2a07d9,2020-02-16T07:56:19.592Z,Clayville,Wisconsin,Egypt,-44.9686,56.2462,succurro,cenaculum,vix,cedo,tertius,solitudo,arma,127,220.54632794829365,79,tremo,2,2,4,true,0.24927745081166136,2018-08-19T07:23:05.431Z,Metz Group,true
743925e1-bce0-463b-ae72-81153435f917,2025-11-07T07:29:20.801Z,Lubbock,New Jersey,Canada,75.0044,-86.2645,stillicidium,possimus,asporto,officia,totidem,earum,aut,78,81.86216820011475,87,demitto,4,0,3,false,0.11696669965637185,2021-12-24T13:44:05.257Z,Rogahn - Kris,false
89e40819-5752-440b-82bd-dba993be1549,2024-02-25T10:21:45.057Z,Zemlaktown,North Dakota,Paraguay,-50.9784,-68.5212,ventito,ocer,debilito,vomito,fugit,compono,curis,23,41.03993357221492,46,inflammatio,0,2,3,true,0.07474583388629205,2018-11-28T21:24:11.098Z,Mueller LLC,true
7c5d80a6-9c7a-4323-a77c-cca8babe9b98,2023-05-09T21:09:02.178Z,Samaraton,Wisconsin,Belgium,50.2804,162.1496,vox,velociter,nisi,deserunt,aduro,cruentus,delicate,92,43.69273251010368,95,catena,1,2,3,true,0.21343814581281714,2018-03-27T11:48:31.519Z,Ernser - Jacobs,true
8c5a29c8-d88d-452f-b8b7-a064c272a46b,2022-02-07T03:00:51.209Z,Sporerport,Montana,Belgium,76.8498,-164.891,correptius,careo,dedecor,alius,perferendis,suscipio,trado,40,238.23459054660844,25,suscipio,2,1,5,true,0.11858724695304698,2022-11-04T07:37:39.660Z,Witting Group,true
1af6a582-05ba-4e1b-b084-3239aa462bb9,2021-02-06T03:35:20.452Z,Marcelinaland,North Carolina,Kiribati,-9.7633,-14.5504,paulatim,cunae,supellex,patior,nostrum,ducimus,talus,35,106.51646300578803,38,ademptio,6,0,1,true,0.13679601929566837,2018-03-15T10:15:38.577Z,Von - Armstrong,true
18a783fe-70ac-4e65-823b-b145552c02b7,2023-01-28T12:47:34.283Z,Buckeye,Iowa,Nigeria,-85.7036,110.458,paens,apud,theatrum,tabesco,provident,facere,peior,27,195.6601807470993,62,inventore,5,0,2,true,0.18062689766138096,2023-05-06T00:53:32.767Z,Okuneva - Rogahn,true
436e366f-0333-470e-a04a-8c6cd07a34e1,2024-11-01T05:42:07.603Z,Thaddeusfurt,Oklahoma,Thailand,40.816,148.0022,vomer,alveus,aperio,expedita,atrox,spes,virgo,56,129.97651244150535,40,derelinquo,0,2,5,true,0.23565609557664766,2022-07-28T12:37:33.251Z,Becker Group,true
22ec35bf-801b-4e80-b3a3-6e1d2f96ffee,2024-09-11T07:47:24.389Z,East Breannafort,Arizona,Australia,53.1472,-163.1682,audeo,sonitus,copia,deinde,umerus,vere,colligo,106,22.75803004879365,69,concido,1,0,4,false,0.112119764798955,2024-11-26T10:36:55.515Z,Brown - Hudson,true
c0dfa869-731c-44dc-bd99-4f040ac16161,2023-10-16T11:28:20.097Z,Isadorefort,Tennessee,Sri Lanka,44.0595,-124.7121,varietas,tribuo,vespillo,crur,arbustum,sapiente,sopor,129,16.471030268473264,23,distinctio,3,1,1,true,0.17227199168717766,2023-07-28T12:20:58.699Z,Ratke - Braun,false
446b6431-c8ce-4f97-9620-fc404dafa22e,2022-01-20T21:07:18.901Z,East Elinore,North Carolina,Nicaragua,2.6036,-63.8393,cupiditas,culpa,tondeo,vigilo,aureus,cribro,conqueror,59,121.4462100732901,29,officia,5,2,5,true,0.20962584834903938,2024-09-28T03:09:28.326Z,Sipes - Dare,false
e08f18ea-4587-4abd-839c-eea9b2cdc5d6,2024-03-24T08:07:48.207Z,Menifee,Rhode Island,Bouvet Island,33.7043,-3.2161,desipio,adhuc,bonus,curiositas,facilis,vester,vix,101,75.87356454799672,51,argentum,4,1,5,true,0.06240778717713347,2021-03-10T18:35:24.568Z,Daniel Group,false
11f48708-3c4f-44a0-b4b6-c5b88407dc01,2024-10-18T11:10:11.862Z,Fort Dudleyburgh,Wyoming,Falkland Islands (Malvinas),81.9051,-91.8566,solum,coniecto,tutis,vestigium,defungo,ipsum,amplus,34,81.02183316590923,76,aestas,1,1,3,true,0.15192044835733795,2020-10-28T12:46:26.498Z,Waters - Mante,true
80a9eebc-35d7-40e5-960e-96538ef781c7,2024-08-31T13:17:29.932Z,Fannieburgh,North Dakota,Chile,-38.3477,120.7373,cruciamentum,curia,dicta,cognomen,alo,corporis,socius,71,19.98334201303864,38,vetus,4,1,2,true,0.04798123118456962,2024-06-05T17:08:28.145Z,"Kshlerin, Bruen and Conroy",false
cc493f25-d610-4ab1-a8fc-076189c4fe46,2018-05-14T13:01:14.894Z,Milanchester,Florida,Guinea-Bissau,-43.0043,-75.3457,adflicto,calcar,tibi,minus,vereor,super,adficio,43,215.4896505135165,78,occaecati,5,2,3,true,0.11793919526065291,2024-11-16T18:09:24.265Z,Bailey - Rolfson,true
42c97119-d01f-4245-906f-dd06eac4eb22,2025-12-27T21:35:35.102Z,Augustboro,Connecticut,Hong Kong,-37.4265,145.153,conspergo,corroboro,blanditiis,sub,combibo,curia,contego,27,45.057394028139214,62,trans,0,0,1,false,0.23457162698178988,2024-02-15T10:07:52.049Z,Weimann and Sons,false
77aeea3e-eac0-4fc5-9b9a-b8880a329a94,2021-08-05T18:43:07.867Z,New Elza,Ohio,Qatar,30.6966,170.7293,tonsor,cursim,tandem,subvenio,similique,dapifer,terra,21,161.4764909812238,57,auditor,2,2,4,false,0.18531201973661868,2023-10-31T14:54:02.748Z,"Jenkins, Schowalter and Smith",true
ea514100-a247-4e7a-8ec9-6375144e671a,2018-01-05T12:03:58.533Z,West Kirstinfort,North Carolina,Mali,-30.6533,152.7358,desidero,deprimo,tabernus,tersus,creta,impedit,conforto,121,27.691879743590757,34,cur,1,0,3,false,0.15832181742984558,2022-05-08T19:09:53.397Z,"Hilll, Zemlak and Herman",false
8a37ed4f-a443-4d61-9750-91b226256f55,2021-01-22T21:22:07.539Z,Murphyton,West Virginia,Montenegro,64.5113,79.9871,canonicus,socius,dolorem,conicio,ante,id,non,81,87.93498353512793,43,suppono,2,2,2,true,0.19518632103983308,2020-06-11T11:11:00.022Z,"Rogahn, Kuhlman and Labadie",true
3346f6a0-2acc-4594-9677-73cd19cb987e,2018-01-19T05:04:04.808Z,Castle Rock,Missouri,Montserrat,47.6613,62.2022,voluptate,facere,patria,terminatio,voveo,tertius,curatio,108,42.976161924421774,80,communis,3,2,2,false,0.21152837980367442,2019-08-15T21:37:59.837Z,"Steuber, Bernhard and Predovic",false
66fac218-ed92-4e36-8d36-f35085361a99,2023-07-26T10:07:26.152Z,Spring Hill,South Carolina,Kazakhstan,-25.3336,167.1531,combibo,tibi,sortitus,aegrus,accusamus,arbor,voco,94,224.69329073712936,56,maiores,3,2,2,true,0.1337383927147473,2021-12-16T13:15:40.422Z,Bergnaum - Johnson,false
2855a392-97ed-41fb-94d2-f3f3f75ed52d,2024-01-09T09:37:56.507Z,Kuhnburgh,Georgia,Guam,66.2365,100.3123,turba,decerno,vindico,decretum,chirographum,utique,deleo,78,209.91910210770632,92,cado,1,2,5,true,0.22774447808494885,2022-09-23T09:36:58.216Z,Sporer - McLaughlin,true
a4e3ca19-ebaa-41f5-b948-f6c557742e75,2024-12-30T23:19:24.631Z,New Verda,Montana,Mauritania,-33.9401,-27.888,vomer,correptius,temperantia,debitis,depopulo,alveus,suspendo,84,130.64270302433502,68,blanditiis,6,2,5,false,0.19543936590701122,2021-03-04T00:19:40.406Z,"Klocko, Willms and Kilback",false
0367f5ec-f9db-4997-bae5-2c64a66cd6fa,2025-07-18T18:58:46.238Z,El Monte,Mississippi,Djibouti,14.5488,-139.0622,sortitus,cimentarius,volaticus,vito,colo,deprecator,deduco,121,125.2445585385276,98,conduco,4,1,4,true,0.16852107852388204,2022-04-05T06:24:55.312Z,Walker - Tillman,true
701a8b51-2d2b-4912-b235-3dc03ad116f9,2024-05-08T07:36:19.043Z,Howeberg,Wisconsin,Iraq,83.7352,-151.9444,aperiam,appello,vito,tantillus,dolor,deleniti,porro,125,100.63001190080412,93,defendo,1,2,5,false,0.0752157220279143,2020-10-11T19:03:01.425Z,"Stroman, Strosin and Rohan",true
5b3f8fef-6ef2-4632-86ab-89998972c729,2018-07-24T10:39:13.702Z,East Mina,Rhode Island,Christmas Island,-31.0279,154.3721,aestas,ter,eligendi,adipiscor,tot,conicio,arto,29,229.77117695646714,21,calco,2,2,4,true,0.22480867236184715,2024-11-04T03:12:30.298Z,Murphy - Bergnaum,true
8f9829e8-fd6f-4179-93cb-46f45b92b8df,2021-12-06T01:21:46.164Z,South Dakota,West Virginia,Angola,-32.0616,74.6885,iste,stipes,aegre,suscipit,delinquo,deorsum,coerceo,22,31.978154264051355,63,comptus,1,1,4,true,0.1427303454434239,2024-07-01T13:44:24.401Z,Davis - Dooley,true
0a2b36c6-700a-4f03-9327-5fc0fbe289f6,2021-09-18T06:34:08.026Z,Lake Maeganborough,Nebraska,Palau,49.7566,139.6647,defero,adimpleo,comprehendo,attonbitus,sint,deleo,adinventitias,23,166.96152661236636,91,patior,3,0,5,true,0.13191061992848566,2025-09-15T08:05:34.142Z,Nolan Inc,false
649035ea-37f9-4c4d-91d5-e5f27b903007,2021-12-23T14:37:23.387Z,Maximusboro,North Dakota,Sudan,-52.3931,16.5995,cito,pauper,adversus,porro,utrum,atrocitas,demergo,123,146.8297127466869,21,accedo,5,2,2,false,0.12319963325541086,2022-02-06T20:32:19.683Z,"Romaguera, Carter and Rice",false
e5b042b6-09c4-4690-bb72-4bbbbe4bb49e,2021-05-02T04:54:53.940Z,Port Trudie,Wyoming,Peru,-45.0589,26.0974,aduro,nostrum,suffragium,delego,auxilium,talis,curvo,95,206.35135605445734,72,denique,6,2,2,true,0.04758041622064271,2021-06-01T15:02:08.432Z,"Moore, Conroy and Crona",true
5f36f2d4-d1c4-4732-ba45-47961c32a074,2023-08-14T23:26:58.689Z,New Kaleboro,Kansas,Cape Verde,-37.8586,-88.4525,adsum,communis,vigor,celebrer,quam,defluo,tabesco,121,222.62549784327075,77,admiratio,2,2,3,true,0.17614843813137454,2019-04-09T08:41:06.503Z,"Cremin, Reichert and Williamson",true
e1131c57-be56-4486-8bab-331f29fc9ed0,2023-08-20T17:03:01.556Z,New Ida,Arizona,Anguilla,-70.6869,-89.0795,calamitas,tabula,atqui,vesco,avarus,cunctatio,solutio,55,18.431520988252288,71,tenuis,2,1,3,false,0.1360351329608302,2025-09-06T05:56:32.743Z,Mueller - Pfeffer,false
c8440a1a-cf6f-46e4-b32e-49318686e19e,2020-02-07T15:05:47.593Z,Fort Morrisberg,West Virginia,Peru,59.1456,85.5313,conitor,delibero,fugiat,praesentium,neque,cito,asperiores,40,223.36403168369404,16,contego,6,0,4,true,0.17294913460525327,2020-06-14T16:18:09.154Z,"Glover, Schimmel and Beahan",false
ee8a0997-6272-4d19-8071-70e87a81bd92,2024-08-08T02:02:43.284Z,Littleton,Vermont,Taiwan,3.9709,-36.9617,vomito,confugo,eligendi,assentator,vix,voluptatibus,vulnus,54,218.14499417740902,60,vitae,0,1,5,false,0.14071513499060154,2020-10-20T18:41:39.213Z,Casper - Crona,true
4ecd86b5-0836-4555-bbac-c1984fce4d94,2021-05-27T22:19:20.986Z,Anabellebury,Alaska,Northern Mariana Islands,-71.1904,-54.7893,aspicio,decumbo,ducimus,uberrime,temperantia,animadverto,torrens,94,134.41997115865368,67,tergiversatio,2,2,1,true,0.23413706991425826,2025-04-15T12:51:02.628Z,Nikolaus - Marks,false
cc052e2a-ac8e-4c55-afd5-8256d48c16ff,2025-09-27T23:35:15.330Z,North Odieshire,Maine,Micronesia,-58.8624,31.6102,vergo,conicio,ipsum,tutis,comparo,apud,acies,66,58.41832114658746,34,campana,2,2,5,true,0.04689660582692215,2025-08-27T02:18:45.924Z,Kilback Group,true
f09d896e-6a77-43ff-b9bf-d0ead81df053,2024-05-01T13:41:50.792Z,Lake Devonville,Connecticut,Bulgaria,33.2916,-4.3237,delinquo,adulatio,sto,doloremque,alius,arbor,amita,21,174.9180819452255,69,aedificium,2,1,2,true,0.08233447698907162,2018-04-26T06:31:42.852Z,"Rice, McLaughlin and Champlin",true
dbe17191-2c76-463c-8a7c-57a3555a24ed,2024-07-04T20:29:41.778Z,Lake Jacksonfield,Pennsylvania,Moldova,-18.0752,-83.1963,amor,texo,argentum,articulus,ater,tabula,succedo,34,152.79425568678812,58,aliquam,6,2,4,false,0.24436434813118849,2021-06-22T00:38:58.999Z,Swift - Gibson,false
0312572a-4c5b-4f90-8bad-f36fa6f7e491,2024-07-15T05:04:10.240Z,New Maymiecester,Mississippi,Mozambique,71.7838,155.5041,victus,patior,nisi,tremo,adulescens,benevolentia,cursus,107,173.9766574729305,53,somniculosus,1,1,3,false,0.058872060667040205,2018-09-30T08:59:59.661Z,Schmeler - Wilkinson,false
4c2b5760-f8a8-4007-8d43-d49b86e40878,2018-09-02T00:35:33.625Z,Nashville-Davidson,North Dakota,Equatorial Guinea,-25.6561,53.3687,ad,subseco,optio,deficio,desipio,decumbo,avaritia,103,83.96935556332481,30,architecto,6,0,2,false,0.15676044022317728,2022-08-22T10:14:15.952Z,Grady - Gleason,false
2a8f302c-6e00-46f7-b719-11e18b882377,2020-07-17T05:28:22.388Z,Ettiechester,New Hampshire,Cuba,14.1283,3.4162,tandem,degenero,ut,cohors,theca,tactus,aut,80,236.89954485527792,100,quo,6,0,1,true,0.24078444476783673,2025-04-03T15:00:20.792Z,Legros Group,true
7bafb1ad-9845-4ead-aa82-725ad55636b4,2020-10-02T04:39:57.160Z,Jakaylaboro,New Hampshire,Congo,42.8443,-133.8698,stillicidium,utique,torqueo,atque,cunctatio,audio,turpis,126,172.79117108339813,18,delectus,2,0,1,true,0.016440691060657542,2020-03-01T22:09:51.684Z,"Corkery, Powlowski and Lesch",false
d3306db1-2263-4272-8333-c1aeecba2bca,2020-06-07T16:05:57.801Z,Port Retaberg,Vermont,Cote d'Ivoire,-20.6697,-164.3137,decumbo,in,caveo,derelinquo,depromo,voluptatibus,corpus,51,60.85800583904059,79,carus,0,2,2,true,0.004492271905804535,2020-10-01T08:41:01.375Z,Schowalter LLC,false
8d845ce9-e739-4ce0-89a1-859196b74427,2018-02-17T13:42:17.590Z,Port Jefferyboro,Pennsylvania,Bermuda,81.3788,-19.8246,averto,vitae,volup,distinctio,trado,supellex,amo,111,78.70037275239838,34,cervus,4,0,1,false,0.09381827800413836,2023-06-17T13:14:47.988Z,Kautzer and Sons,false
3f6581b1-8e89-4288-936e-77817a96d751,2022-06-18T21:10:54.005Z,Ankundingtown,Virginia,Gambia,11.749,147.4825,cognomen,accusantium,ver,sulum,contra,aequitas,voluptas,49,119.34560477294225,17,somnus,5,2,5,true,0.0912867964326157,2022-10-11T14:44:31.332Z,Lynch - Kuhn,false
975b1f1a-8372-474f-abe6-391f1f64e9c1,2022-11-16T02:01:47.629Z,Altamonte Springs,Minnesota,Ireland,-83.3661,-13.2138,absorbeo,suasoria,patruus,decens,dolorem,comburo,decimus,74,107.84831345720609,76,adhaero,3,1,4,true,0.12736293751606434,2025-02-15T18:59:01.981Z,Feest - MacGyver,false
d57e9084-d0f1-4ef4-94b6-8cfa9486364d,2020-03-02T02:18:06.280Z,New Spencertown,Maryland,Bangladesh,-76.1111,-90.2934,baiulus,unus,curia,deprimo,cuppedia,approbo,architecto,89,48.48525985578691,58,sustineo,0,2,3,true,0.008603023788586045,2025-05-05T03:12:21.674Z,"Rodriguez, Becker and Rohan",false
f85fe167-7fb0-41e7-96fc-15605223b892,2024-08-16T05:33:45.448Z,Port Osbaldoshire,Tennessee,Gibraltar,74.8043,112.9752,commodi,apostolus,umbra,curto,torqueo,contigo,demum,113,160.88669373593004,20,quo,3,2,1,false,0.15009042163459543,2024-10-10T12:02:46.241Z,Roberts Group,true
a6771a0b-0a34-454c-9aab-4ccc77c5c0b9,2022-11-07T08:37:58.275Z,Jennyferburgh,Washington,Rwanda,-43.7492,91.2987,conventus,cinis,autus,aedificium,soleo,suffragium,depopulo,82,160.45638502973839,71,decens,5,0,1,false,0.06863564046931694,2018-12-29T01:34:28.667Z,Wiza - Zieme,false
ccee7873-7219-4fb4-b7a6-8d8554685561,2024-05-14T11:43:00.857Z,Miramar,New York,Venezuela,-80.27,-24.7141,creator,consuasor,vobis,repudiandae,tabula,acquiro,sed,124,224.11975405112054,56,porro,0,2,5,true,0.00024757229490557364,2023-10-19T23:04:16.554Z,Stokes Group,true
ed8badeb-9c01-434f-bc9e-d877c2c08e21,2021-07-29T17:43:12.091Z,West Lorenzatown,Alabama,Guam,-6.2425,103.2015,tergiversatio,vilis,colligo,ventito,corrigo,corpus,attollo,114,175.08282169088906,21,clementia,4,1,4,true,0.11488482743938813,2023-05-24T15:45:07.487Z,Schultz - Carroll,false
0843ecbe-b307-4e42-8979-20bff7420ac0,2021-12-20T02:45:17.279Z,Kohlerberg,New Hampshire,Israel,74.3068,-141.9539,angulus,sopor,tersus,temperantia,amita,vix,nam,32,44.627736996554646,38,crux,4,2,4,false,0.12168989433829897,2024-02-20T07:30:35.200Z,"Keebler, Durgan and Nitzsche",true
9fa11d32-c6cf-475c-9ce1-cffb62831272,2025-11-18T00:29:57.012Z,West New York,Kansas,Hong Kong,-25.6572,-13.2093,depraedor,curiositas,decretum,ad,patruus,comparo,videlicet,64,103.76074230183443,100,amo,5,2,1,false,0.19235193704057252,2020-08-22T23:11:14.139Z,Dooley LLC,false
bd50a2c9-2d1c-47a0-8abf-d3412bb566e3,2023-09-02T20:23:07.138Z,South Gate,Iowa,Guinea-Bissau,35.8265,62.8391,vilitas,cuppedia,velit,tondeo,varius,cibo,angustus,123,62.18706485146142,25,speciosus,2,2,5,false,0.08908353378142048,2020-09-09T08:50:15.592Z,"Kub, Anderson and Raynor",true
330fa115-0a49-4b14-816c-03dac386cebf,2021-07-09T20:00:46.007Z,Stamford,Arizona,Pakistan,-72.4135,25.9623,cena,tero,tergo,cur,decet,curis,tamen,39,165.11400427813626,93,spoliatio,1,1,5,true,0.03347484992416372,2021-09-16T15:39:46.715Z,Schinner Inc,true
611b83e9-76a5-4546-b6bd-e4b893d712c5,2019-08-27T02:06:47.435Z,Dickensborough,Connecticut,Macao,58.3933,4.2274,clam,ipsa,abscido,ceno,alius,desino,curia,89,134.43231817412664,90,venio,0,2,2,false,0.1977108871079479,2023-12-24T09:13:07.231Z,Altenwerth - Lindgren,true
2495af88-bf7f-4335-9908-da6fdfbd9503,2021-11-18T10:46:44.865Z,Kunzeboro,North Carolina,Christmas Island,-14.5554,175.4075,theca,custodia,avarus,adfero,amet,tenetur,amoveo,57,76.72695405778006,51,angustus,3,0,1,false,0.08149575261793948,2022-07-11T22:50:37.764Z,"Pfannerstill, Lehner and Zulauf",true
1d0782cf-0a9b-4423-9cde-3746308ad69e,2019-03-07T02:52:38.042Z,Amarillo,Michigan,Benin,19.8227,143.2605,apparatus,tamen,adipisci,somnus,deprimo,bibo,natus,41,173.26383421019207,21,adulescens,2,1,5,false,0.12199319483343188,2019-11-29T21:11:08.526Z,"D'Amore, MacGyver and Mayert",true
3be9b9f1-0fd5-4e40-bd1b-797ce99f43e2,2025-02-13T02:58:39.816Z,Fort Julian,Rhode Island,New Zealand,-48.6337,34.7624,spargo,autem,patria,deprecator,vulariter,vulticulus,possimus,41,127.44748301018463,19,adamo,1,0,3,false,0.03678609486765322,2022-07-14T17:16:19.090Z,"Farrell, Hahn and Runolfsdottir",false
879869f4-a968-488d-afd3-5d3b6bc1b725,2022-07-22T00:02:44.776Z,Barneymouth,Colorado,Aland Islands,45.5289,-99.8037,traho,copia,suus,ceno,patior,vacuus,appello,110,168.8378037714298,39,ab,3,1,5,false,0.06380558262941147,2019-11-14T10:11:47.232Z,Feil Group,false
632780b2-f39d-4c3d-829b-2a6a661212a5,2020-12-16T21:36:59.785Z,West Jedidiahshire,Arizona,Guadeloupe,-55.2942,1.9121,adamo,sub,defendo,trucido,dolores,sum,utrimque,57,219.31203461819322,99,bibo,5,1,4,true,0.19966714466134694,2018-08-04T01:22:45.202Z,"Mraz, Wuckert and Walker",true