accident_id,incident_datetime,city,state,country,latitude,longitude,road_name,road_type,intersection_type,accident_type,weather_condition,road_condition,light_condition,speed_limit,actual_speed_kph,driver_age,driver_gender,casualties,fatalities,vehicles_involved,alcohol_influence,blood_alcohol_level,weather_reported_at,reporting_department,pedestrian_involved
48039171-f9ea-49c4-ac6c-e3e82e66921e,2021-05-18T06:47:24.986Z,Mesquite,New Mexico,Cote d'Ivoire,-77.6283,-46.3975,laboriosam,valeo,viduo,tenetur,sol,caveo,acsi,117,169.79071670626104,17,aegre,1,1,4,false,0.17219388791328724,2020-10-15T08:35:59.763Z,"Nikolaus, Conroy and Powlowski",true
d6d9e2e6-0041-4088-80b3-5ffdd750b02a,2022-02-25T09:18:49.032Z,Kubstead,West Virginia,Honduras,42.8202,-24.3219,ipsum,certus,umerus,aut,absconditus,uberrime,suggero,88,233.84759682326893,85,dolorum,0,2,2,true,0.08972393013727839,2019-02-26T22:20:51.692Z,Harris and Sons,false
44037d37-352b-4f12-9196-0a25984eda24,2025-04-13T19:23:22.775Z,Dietrichtown,West Virginia,El Salvador,-36.9429,68.3895,defendo,arcus,harum,absconditus,summopere,impedit,alienus,35,177.0383141970118,89,defungo,0,0,3,true,0.22674400861407737,2025-02-20T05:36:13.595Z,Jacobson and Sons,true
7cc34982-8179-411c-ab96-98a686c94e6c,2024-02-24T02:34:57.005Z,Downers Grove,Alaska,Israel,-56.8538,174.4817,arca,vetus,campana,solio,acerbitas,cui,conforto,107,164.55429615791445,96,iusto,1,1,4,false,0.08597399473244777,2022-05-07T21:52:40.960Z,Koss LLC,false
087ab68c-e8b0-4652-bb2b-42baf219df8c,2024-09-20T21:32:07.710Z,North Alessandra,North Dakota,Guinea,25.648,155.1971,praesentium,suscipio,tepesco,sequi,decretum,cur,thema,52,130.73451118316774,84,dicta,5,1,3,false,0.1863516096089096,2023-01-16T00:23:18.427Z,"Schuster, McGlynn and Gottlieb",true
a3f554f7-6a9b-4ffb-8531-752ac2550dff,2020-02-17T11:19:36.569Z,Fort Gaetanocester,Massachusetts,Greenland,45.6618,174.7338,cuppedia,succurro,minus,pauper,ventus,conqueror,cum,67,41.62398960852062,73,aliqua,4,1,1,false,0.06741818121218354,2023-08-13T09:19:42.178Z,Yost Group,false
bee007c8-095f-4a72-b04f-97c353e8f378,2018-03-11T17:57:30.262Z,Schultzchester,Tennessee,Thailand,77.4233,-114.1184,animi,vis,admiratio,curso,thesaurus,villa,enim,122,67.17907347524046,27,aufero,6,2,3,false,0.15815140270570524,2022-11-11T21:47:39.479Z,"Treutel, Langworth and Veum",false
fac09aae-1233-477e-b070-8c74e35902ad,2020-06-21T09:25:18.854Z,Port Cordiaport,Nebraska,Russian Federation,83.768,75.9791,depromo,amissio,chirographum,tantum,calamitas,conatus,uter,119,87.00435653546143,65,celo,2,1,4,true,0.14869620317148805,2019-08-16T14:31:20.321Z,"Hilll, Metz and Senger",false
3284848e-603e-45cc-8ea7-355483d48895,2021-09-12T02:41:40.567Z,Hilpertstead,Tennessee,Australia,-79.974,-99.4681,utpote,tenax,creptio,laborum,vado,somnus,verecundia,70,140.29637903208325,68,ara,1,2,4,true,0.239813519595367,2023-03-15T03:59:46.429Z,DuBuque and Sons,true
4c22cb9b-035b-407d-879b-dadbe3f9dae3,2019-02-01T11:54:56.249Z,Clearwater,New Jersey,Samoa,86.6392,85.6429,cuppedia,dolores,aestivus,somnus,dolorum,demum,urbs,117,137.60895226713646,23,anser,1,0,4,false,0.1624663516109766,2025-07-30T07:24:51.259Z,Nicolas LLC,true
44df1f27-3adb-4bb7-98b6-4da952a0049e,2021-10-12T04:50:49.097Z,New Norma,South Dakota,Guernsey,8.5292,-70.9805,voluptatem,iure,tabernus,sonitus,varietas,deorsum,dens,78,189.53456798072398,81,suus,1,1,2,false,0.04213849654561275,2019-08-16T10:02:02.389Z,"Kertzmann, Kirlin and Bradtke",true
b67ef20f-5fcf-4dec-81ea-9e69e33f7607,2018-08-10T20:35:13.807Z,North Trystan,Oregon,Dominica,70.6246,-8.5258,adfero,cuppedia,catena,accendo,clarus,adsidue,stultus,83,57.727372400542514,48,clamo,1,0,5,false,0.16196454154200138,2025-11-03T14:20:32.046Z,Schuster - Effertz,false
c5e61e7a-69bf-4968-9367-2067115d8440,2019-01-15T19:38:47.017Z,Lake Audreyport,Minnesota,Suriname,0.4935,-156.0702,appositus,pecus,thermae,debilito,cedo,capio,viscus,56,96.63306831005966,76,atque,6,1,5,true,0.08727277823320218,2018-10-21T08:57:52.542Z,"Bauch, Becker and Botsford",true
77a7a26d-d86f-4d93-9230-8191ab8c99b1,2019-10-17T20:49:58.108Z,Valentinefield,Virginia,Guinea-Bissau,-1.7586,153.9322,qui,bos,tamisium,una,sunt,voluptate,ventosus,95,74.51512889831898,27,surculus,2,0,5,false,0.15134689042034177,2021-08-17T04:52:33.006Z,Watsica - Torp,false
c8ce9952-5274-48fb-906f-8ea2ad47187c,2021-01-08T00:15:20.195Z,Elnamouth,Utah,Dominica,18.9859,-178.8975,itaque,crustulum,vox,unde,solvo,decens,crur,95,174.50911420564842,42,approbo,0,1,1,true,0.15530222763472848,2021-03-03T18:21:20.613Z,Sanford - Schimmel,false
a8a01f03-fcbc-4493-a81c-df2e72403060,2021-08-10T21:45:17.212Z,Bashirianborough,Massachusetts,Syrian Arab Republic,77.2802,133.9816,ait,amissio,tutamen,cruciamentum,advoco,averto,dedecor,96,186.28370253724535,53,assentator,2,0,4,false,0.206865993828496,2024-01-07T18:56:19.570Z,Roob and Sons,true
d4494721-909a-4696-b2e5-68923d178586,2019-07-11T14:44:09.470Z,Pourosbury,New Jersey,Saint Barthelemy,22.761,0.3105,celo,vitiosus,succurro,vulgaris,sequi,delego,similique,87,15.073474788481782,71,succedo,0,0,5,true,0.01934700169675241,2021-06-01T20:08:56.625Z,Wiegand Group,false
63723678-2d1c-441e-a942-144bf4a42cd2,2023-04-05T12:24:35.681Z,Palmaton,North Dakota,Gambia,-49.651,9.8517,conculco,vigor,veniam,audax,artificiose,adicio,sursum,63,105.42095940551741,88,tricesimus,2,0,3,false,0.18257425043108608,2021-03-10T08:35:01.635Z,"Hoppe, Mante and Funk",false
e038b6bc-3bd2-4815-845e-6fe80ab6765d,2019-07-21T17:23:53.026Z,Wittingport,Louisiana,Canada,-50.6521,32.6121,adsum,anser,usitas,aggero,ut,sumo,alioqui,107,95.40777062913958,95,libero,6,0,2,true,0.2439898579601328,2023-12-19T00:10:48.115Z,Fritsch - Shanahan,true
d5f2b857-b442-4d97-baaf-b5b8433c1497,2020-06-22T00:13:01.013Z,Burke,Missouri,Bulgaria,32.3537,-9.583,contra,quos,timidus,stips,auditor,atavus,alius,119,14.035087734675704,38,balbus,2,0,4,false,0.21750965881280068,2023-07-01T20:07:34.308Z,"Langworth, Hartmann and Yost",false
837efd70-73ae-423a-8003-137c5f04160c,2018-10-22T11:50:19.493Z,Larkinchester,Connecticut,Cook Islands,-41.2253,-33.7244,velit,utor,suggero,canonicus,adipisci,auditor,auctus,73,94.06358113038056,41,aiunt,5,0,4,true,0.10878592791073374,2024-04-21T10:03:29.050Z,Rolfson LLC,false
ce11f454-3562-45a7-a065-67c4d4bf07b7,2023-05-17T09:09:14.931Z,Port Howard,New Mexico,"Virgin Islands, British",52.5326,-74.0871,sollers,dedico,traho,alius,iste,talis,alioqui,62,19.053711239526542,30,pecus,2,0,3,false,0.10867891035287625,2018-01-31T04:25:43.179Z,Hoppe Inc,true
2cbb4c12-c585-4e1b-9993-4e6683c54e73,2018-06-04T13:12:08.888Z,North Louie,North Dakota,South Georgia and the South Sandwich Islands,49.6858,-61.5286,debilito,textilis,cetera,aestus,distinctio,advenio,quia,56,0.9012501885529023,67,tabesco,3,0,4,false,0.17247323040259935,2019-01-30T06:59:55.447Z,"Kirlin, Fisher and Metz",false
4de1b26e-351b-4820-84f3-1a3cff4e630a,2025-01-13T10:34:25.227Z,Fort Sarahville,South Carolina,Afghanistan,-61.5022,23.0489,ancilla,esse,caput,thesis,strues,provident,abutor,82,204.0683156892303,69,vito,1,1,1,true,0.19122887017534715,2020-01-25T14:43:40.923Z,"Kuhlman, Smith and Kozey",false
1923d128-13f8-4baa-abbd-5909d2375c19,2022-11-09T12:46:09.142Z,Lizethhaven,Alabama,Montenegro,30.2177,30.6044,adstringo,vix,conforto,compello,unde,sperno,tres,55,25.69356161834122,48,coma,1,0,1,true,0.17319687551046795,2024-10-03T10:58:18.507Z,Jaskolski - Moore,false
2dd11393-56ed-4f33-8662-9d711aac7f39,2021-04-08T08:29:32.944Z,Erie,Idaho,Colombia,-8.1986,2.5717,cura,curatio,acer,aer,venustas,combibo,celer,119,194.52572229987095,88,tempore,2,1,1,true,0.22694229027880472,2022-12-09T14:58:45.474Z,Doyle - Swift,true
28b2a415-93ee-496b-88dd-68e6e9ae5616,2023-10-16T04:52:18.797Z,East Carlottaton,Connecticut,Mauritius,28.0769,-43.83,terebro,subito,inventore,vulpes,ad,laborum,nisi,77,183.6019253211363,78,vis,6,2,2,false,0.07583558832881249,2025-12-03T21:14:44.850Z,Russel Inc,false
d3a406f5-85dc-4c60-9416-6a710949f8bc,2025-06-21T13:34:01.867Z,Yvetteworth,Delaware,Germany,77.4086,23.116,maiores,sodalitas,paulatim,nulla,delinquo,tonsor,corrumpo,39,217.5508413794649,85,error,0,0,5,false,0.02370480041698486,2024-07-06T00:32:45.997Z,Schimmel Group,false
3ed5b2cf-884a-44df-85cd-d00a152019ab,2018-11-23T10:28:18.132Z,Port Sabinahaven,Nebraska,Gambia,38.82,148.9473,quis,abbas,debitis,aeneus,stips,cornu,abeo,49,50.772799164078734,20,aequus,6,1,2,false,0.08415665424248375,2025-05-13T10:39:20.131Z,Yost - Friesen,false
01276d37-0161-48a3-be3f-289540be4029,2025-10-23T02:27:07.784Z,Midland,Ohio,New Caledonia,-43.5313,-164.2222,stillicidium,tum,condico,vigor,tandem,talus,verbum,109,46.22297389221134,42,dapifer,2,2,1,false,0.24214306287410822,2022-09-15T14:50:43.938Z,"Luettgen, Weber and Beahan",false
03b99e64-f189-4f8e-8d92-ab287de5895e,2021-05-25T20:47:11.822Z,West Savanahhaven,Michigan,Bahamas,45.3483,-147.399,ocer,suscipit,carpo,caput,fugiat,vicinus,reprehenderit,29,106.03800124824221,87,defetiscor,2,2,2,false,0.18821261856743374,2020-09-08T02:07:36.470Z,Stehr - White,true
4c66e028-43c0-41c5-80c3-c89b442fab6e,2023-07-20T10:16:54.633Z,Dickitown,Missouri,Serbia,-13.5115,-10.1136,stillicidium,solum,ante,trepide,speciosus,cuppedia,viriliter,58,220.1787737571362,48,valetudo,0,1,4,false,0.005451412854063503,2019-05-10T10:50:36.592Z,Pfannerstill Inc,false
3e1b0c49-457a-4ec0-adf5-f7c0d3de4665,2020-06-03T01:19:26.105Z,Lake Mayrafield,Oregon,Eswatini,27.224,-161.9693,omnis,asper,suggero,suasoria,triumphus,texo,enim,25,239.60618445830062,22,vigilo,3,2,1,false,0.08943316370956758,2024-01-26T14:41:03.127Z,Kuhn - Frami,false
ebd09bfd-7144-4679-9139-263f4232d180,2023-10-23T22:11:59.059Z,Janiefield,Texas,Palestine,83.5852,-62.5503,amissio,avarus,avaritia,alioqui,approbo,delinquo,cum,33,51.47147423607497,88,tepesco,0,1,1,true,0.08393407458571175,2019-01-30T11:09:29.390Z,"Marquardt, Fadel and Abernathy",false
2753cc98-08fa-47ca-a387-3ca22f748d82,2020-11-09T19:43:01.175Z,North Elwin,Idaho,Zambia,39.4482,144.6835,compono,adfectus,aufero,succurro,solio,placeat,corona,60,22.578255272306762,73,desparatus,4,0,4,true,0.03569805260054168,2023-05-05T03:23:50.639Z,"Cummings, Nienow and Fahey",true
e85a6f12-4294-4f5d-8d78-45bfffe9a082,2019-06-23T01:46:44.710Z,North Princechester,Massachusetts,Azerbaijan,31.871,90.7879,sumo,vito,iste,demens,amissio,pariatur,tabesco,107,171.14075670578222,81,suggero,1,0,5,false,0.0906163218051127,2020-09-07T18:31:15.768Z,Emmerich - Lowe,true
538bf18b-6050-49eb-a46a-dbf41ebc4e67,2019-03-25T00:08:50.765Z,West Kelsiefurt,Missouri,Croatia,30.5075,58.3618,crudelis,utique,vespillo,suppono,beatae,crustulum,verbera,90,225.55435322126237,67,officiis,2,0,2,true,0.11011257280123232,2023-10-15T12:32:33.864Z,Hartmann and Sons,false
697f6d33-1758-431a-a0d2-7def005e3fc9,2019-05-15T21:47:09.592Z,Rickystead,Michigan,Andorra,0.3148,-177.8624,strenuus,tero,aurum,vehemens,ex,claustrum,defaeco,41,207.11283798890472,23,aro,2,1,1,true,0.1527198438296387,2018-10-25T17:50:45.894Z,Fritsch Group,true
c5dc4ce4-6521-4873-938e-e298922f776c,2022-05-19T04:30:36.052Z,Port Omari,Texas,Macao,-17.2208,-119.7121,defero,ratione,nostrum,basium,vis,coadunatio,abduco,21,178.03139736336897,86,amiculum,6,2,1,false,0.07688144737170169,2018-01-07T21:07:47.356Z,Mraz - Gerlach,false
4c9791a4-2e8f-4409-80cf-d6b4b1711135,2025-11-08T07:20:16.789Z,Port Anthonyshire,Minnesota,Dominica,26.6857,-99.2331,damno,tribuo,campana,conforto,amicitia,appello,ventus,70,107.79014784400997,43,patrocinor,2,2,5,false,0.11443807598135891,2025-09-05T05:15:22.752Z,Fritsch - Cruickshank,true
d0096527-2dc4-4977-b574-b78d3dabb6a2,2024-01-09T21:01:20.574Z,Coral Gables,West Virginia,Cocos (Keeling) Islands,64.7297,-124.4693,sustineo,absconditus,quidem,solutio,solus,charisma,adulescens,101,152.6223838158954,27,uxor,5,2,2,false,0.052953448257830854,2023-09-23T14:31:02.628Z,"Wilderman, Grady and Effertz",true
cc0bacd5-2e45-44b1-9726-72240244f024,2020-03-14T17:28:56.249Z,North Fredatown,Iowa,United Kingdom,-39.5535,70.6752,aeternus,quasi,comptus,comis,utroque,sapiente,tepidus,115,182.28335653225741,76,cresco,6,2,4,true,0.07284781154028652,2023-04-21T08:21:36.076Z,Feeney - Rohan,false
9d762acd-93a4-4437-b5b4-97997889b215,2024-06-12T19:45:26.339Z,East Roderickburgh,Oklahoma,El Salvador,43.8043,43.857,aegrus,sum,vulgo,tondeo,vorago,ducimus,deripio,130,206.57049489271364,93,spiculum,2,2,1,true,0.20436631332425195,2024-03-13T23:45:11.672Z,Heller - Herman,false
36b4c42b-70a3-495e-9247-76605373f303,2022-01-12T00:56:57.702Z,Stokesfield,Arkansas,Belgium,13.0099,130.4744,accusantium,ipsum,quo,volo,accommodo,culpo,cunctatio,121,116.80092060857524,31,aduro,3,2,5,true,0.21781833764301842,2018-01-04T22:43:32.125Z,Rodriguez - Goodwin,true
01c2ede6-31bd-470a-b6e4-5656951e4dc6,2025-12-13T17:03:40.900Z,Lake Claudeport,Texas,Maldives,73.716,170.1285,tot,adimpleo,cohibeo,balbus,verecundia,ipsa,suffragium,91,207.37176589450848,98,audentia,3,2,2,true,0.23839468045473639,2020-12-21T21:12:56.347Z,Weissnat - Dare,true
c085f7c0-6eec-4920-a162-b21a732acf41,2021-07-17T03:12:10.249Z,West Leonoraview,Vermont,Niger,-7.066,50.725,appono,caecus,tergum,carus,eos,bestia,velociter,88,231.59388616436362,43,alienus,1,1,2,true,0.045687430818899255,2021-08-23T06:13:25.822Z,"Wisoky, Quigley and Weissnat",true
0882d456-9794-4949-84da-f78766a43fd9,2024-11-05T15:23:28.042Z,Dickensstead,Nevada,Lebanon,1.3716,-149.7639,abeo,acervus,tantillus,textor,solum,temptatio,ipsam,73,99.5439836438763,39,corrupti,5,0,1,true,0.027878771999397867,2022-03-17T14:44:14.091Z,Kirlin - Bernhard,false
16cbda0f-9060-4da6-804d-9f50bdcf9f97,2022-07-30T12:29:45.455Z,Kemmerborough,Illinois,Svalbard & Jan Mayen Islands,41.8863,-103.504,coruscus,acies,aestas,tamquam,id,suffoco,comis,69,132.70005224832798,29,summopere,6,2,4,true,0.23847721786215265,2018-05-02T10:20:27.610Z,"Rodriguez, Yost and Abbott",false
40d811ef-a38b-42ee-a3b0-964c0e991f97,2020-11-23T18:17:07.573Z,Kodyfurt,Connecticut,United Arab Emirates,-9.3008,89.1824,tabula,utroque,caecus,veniam,enim,crustulum,valeo,31,56.92569295622192,35,vivo,2,2,4,false,0.22900737119453315,2025-08-18T20:54:05.102Z,Botsford - Bernhard,true
4f11a5a9-d39b-4f19-8b15-167cb7d9d3a0,2022-12-06T22:59:03.824Z,Lake Kileyworth,Utah,Tonga,-75.3411,-8.4094,dignissimos,tamquam,decens,cattus,tracto,velut,causa,54,21.525796954193286,29,defetiscor,5,1,4,true,0.058289335384096,2019-06-10T21:32:27.680Z,Bahringer and Sons,false
2a562c10-2c86-44d4-8d7c-ac2144b9ad8a,2018-03-03T12:56:07.144Z,Port Rebekahboro,Alaska,Hong Kong,12.6739,163.6497,maiores,comptus,deinde,est,truculenter,turpis,tantillus,25,164.03899326371504,68,adaugeo,3,0,3,true,0.11298500393143673,2022-09-02T10:38:23.189Z,"Ebert, Gerhold and Kutch",true
a2e32f4f-3cfa-49aa-82ef-ecab622fd2de,2021-06-10T19:26:19.688Z,Justynside,Arizona,Iraq,10.0705,58.3644,decor,trans,veniam,adhuc,ara,depulso,venustas,72,192.50533589485002,45,debilito,5,1,2,false,0.08004082064153203,2024-06-12T23:13:53.132Z,"Dach, Zemlak and Parker",true
37dd364c-6527-4c1f-81f0-56a4f543d894,2022-12-24T23:54:09.615Z,Marvincester,Rhode Island,Burkina Faso,-55.3728,17.1571,defungo,avarus,eligendi,aequus,tutamen,suasoria,adiuvo,64,209.5792451308355,62,adinventitias,0,2,4,false,0.07224083494405134,2024-06-02T08:31:49.294Z,"Russel, Treutel and Grady",false
027d7b41-ffee-4d71-97a3-9a7823692361,2019-09-28T17:17:54.776Z,Victoria,Iowa,Montenegro,-35.5221,9.1031,ab,depulso,allatus,cernuus,temeritas,benevolentia,voluptas,30,112.34636424189249,71,possimus,1,0,5,false,0.04754914006978128,2024-08-04T03:35:15.520Z,"Rempel, Ward and Roob",true
720de2ae-6053-4ccb-a82c-1df074e4df8a,2024-12-05T22:26:57.414Z,Smyrna,Arizona,Denmark,54.8747,50.062,sponte,deprimo,delinquo,speculum,tabella,tenax,copiose,80,135.9506393722153,73,quidem,6,0,4,true,0.03706605847164712,2023-03-27T04:35:13.496Z,"Green, Rath and Blick",true
802f707a-646c-443b-8c9d-7eda4c099ccf,2024-12-07T22:56:30.419Z,Lake Jaime,North Dakota,Papua New Guinea,-60.2175,117.5533,cena,vespillo,antea,undique,canto,validus,surculus,120,136.58851459832943,92,auxilium,5,1,5,false,0.15276611671708093,2024-07-16T14:29:40.555Z,Towne Group,true
a2b8a775-5ee7-4bf8-a9e0-53f8683ae11b,2019-11-16T08:15:54.463Z,New Otiliacester,Louisiana,United Arab Emirates,-15.6581,-83.434,terra,ater,sulum,rerum,coaegresco,consuasor,laboriosam,61,31.480780784382798,76,ademptio,2,0,1,false,0.21687209956908776,2025-11-07T17:20:02.009Z,"Ryan, D'Amore and Brekke",false
3ba6974a-9dd5-4d46-92bc-cd6f4f3b788b,2024-09-25T05:47:57.809Z,Salvadorchester,New Mexico,Holy See (Vatican City State),-36.0884,-58.9454,sublime,porro,carbo,defungo,officia,illum,suffragium,67,194.89715583949325,35,vesco,3,2,5,true,0.23197250853735052,2020-06-08T17:49:46.558Z,Gibson - Bartell,false
c32497b2-8ed2-4602-95fb-6d780a44bfd9,2020-06-18T12:43:36.573Z,Erintown,Idaho,Fiji,24.7089,-72.215,coepi,statim,considero,theologus,ago,fuga,cras,22,224.98943489091076,97,crebro,3,1,1,false,0.046247581093759316,2023-10-08T19:10:36.412Z,Bogan Group,false
c21ed44c-0f59-4cfc-a4aa-aa0974ebd06d,2021-01-10T18:00:05.902Z,Lake Tobin,Georgia,Italy,-66.0266,-133.5177,cunabula,sto,mollitia,asper,tempore,spectaculum,adfero,95,23.548958710367593,98,vicinus,0,0,2,true,0.10008782822664186,2019-11-14T23:42:09.710Z,Bauch - Schmitt,false
0b80b496-796c-4ab4-be19-923233efd729,2023-04-26T22:34:51.036Z,Welchberg,Iowa,French Polynesia,-44.5024,4.4607,vilitas,terreo,ullam,teneo,tergiversatio,turpis,curiositas,129,103.28226633448642,49,dens,0,0,2,false,0.10065633151533201,2021-07-07T15:48:32.044Z,Schaefer - Donnelly,true
1cfa4890-6f36-4605-91dc-ef9efed8ad18,2020-06-20T15:56:43.528Z,Linwoodville,Nebraska,Vietnam,-53.6423,172.5427,tredecim,degero,solus,admoveo,ceno,acidus,venia,86,114.34601280337958,79,peccatus,0,1,2,false,0.19634281042458956,2025-07-15T06:44:39.566Z,"Ortiz, Auer and Runolfsson",false
b7bc9414-abf2-4477-92d8-d6ccfca41d52,2022-10-23T11:32:41.618Z,West Keirachester,Missouri,Afghanistan,-49.2365,-129.8205,enim,suppellex,altus,perspiciatis,deduco,adaugeo,anser,76,119.10215663089063,58,perferendis,4,2,3,false,0.1963456863342728,2023-06-17T04:30:16.885Z,Hermann - Schroeder,true
06fa3aaf-4a90-41a9-94a7-8418dc5f661b,2023-07-19T08:26:36.625Z,Susannaport,North Dakota,Somalia,35.71,-23.8638,victoria,utrum,bestia,adstringo,accusantium,decerno,calculus,37,10.711826771008495,33,conventus,5,2,1,true,0.22356579200859505,2021-10-26T05:07:43.143Z,Tillman - Schultz,false
3b8a469d-90be-4610-94f2-047fafac3e2b,2023-05-17T19:10:13.778Z,Plainfield,Hawaii,Haiti,-57.2539,-27.8319,amita,suffragium,quod,cohaero,temptatio,viridis,canis,54,126.1447271634009,19,adulatio,3,1,3,true,0.23648063976250328,2019-04-05T23:17:49.866Z,Zulauf - Schumm,false
ddd6283a-6e5d-4e98-b53b-409472f6ab6c,2021-01-11T15:17:25.155Z,Crookschester,Arizona,Liechtenstein,-62.4084,-73.2047,curatio,currus,patior,cogo,earum,virgo,ad,46,84.04558258460499,84,bis,5,2,4,false,0.17197237633275636,2018-11-22T00:32:34.993Z,MacGyver - Lueilwitz,false
51bc4c7d-bfe4-424a-ad3a-2700a123f107,2021-12-02T01:36:36.944Z,Ryleighstead,Connecticut,Belize,48.6668,-179.3443,hic,asporto,anser,fuga,accendo,audeo,amplitudo,21,152.0806159584529,75,velit,2,1,1,true,0.1691131666347032,2020-08-05T18:19:59.419Z,"Koelpin, Jerde and Larkin",false
ec937435-4905-4019-b875-6b1474af505e,2024-10-01T13:16:29.976Z,Svenboro,Utah,Algeria,53.5713,20.7569,suffragium,accendo,videlicet,pecus,convoco,canto,commodo,79,38.57225280598429,30,aegrotatio,0,0,3,false,0.2225917217276884,2022-08-13T01:36:50.296Z,"Strosin, Hills and Durgan",true
910cb187-e5f8-47f6-8387-5712aa040db5,2023-11-19T00:57:52.612Z,North Nathanaelstad,Montana,Jordan,-21.9314,74.7428,bellicus,somniculosus,strenuus,soleo,culpo,arma,aeneus,98,74.54179766704516,44,sit,1,0,5,true,0.21618153763021764,2022-12-17T10:07:34.215Z,Abernathy Group,true
25451902-1597-4fae-ab68-74fe2707339c,2018-05-11T11:16:08.740Z,Lake Everett,Arkansas,Honduras,-14.4786,-141.2302,colo,coadunatio,vinum,confido,deinde,summisse,texo,71,44.9233573568616,41,ars,0,1,2,true,0.1435827715252041,2025-09-30T23:49:04.403Z,Torp - Klein,false
7089dc23-6e77-43f9-8743-a2b934e13542,2021-12-11T21:47:11.329Z,Morrisbury,Arkansas,Ghana,11.9888,-117.8372,appositus,pecto,cupio,correptius,comis,surgo,ventosus,69,104.54442268915328,49,abduco,4,2,2,false,0.2274372368289312,2020-04-11T06:00:11.627Z,Frami - Hagenes,true
10b8be9a-f631-4a3a-8442-64157f0b91d2,2024-05-11T19:03:41.970Z,Grand Forks,Maryland,Gambia,74.5974,-18.2281,attollo,trans,vulgivagus,quidem,vae,cernuus,civis,90,29.32259280565524,61,delego,4,2,3,false,0.04856372683320054,2021-03-12T00:37:51.234Z,Halvorson - Brekke,false
99b9c0dc-97ca-4380-b83f-c2205e3184e4,2023-08-16T00:20:40.006Z,South Preciouschester,South Dakota,Norway,-46.7479,3.3591,decet,utrimque,acquiro,agnitio,deficio,coaegresco,animi,110,34.50817348088612,72,umbra,2,1,1,true,0.1865559676446277,2018-12-23T17:17:10.354Z,Volkman Group,true
ba172a96-392c-4a49-88ac-dc08a756dbb3,2021-03-13T03:26:27.787Z,Fort Cedrickport,Kentucky,Mayotte,-10.3736,-73.5156,peior,adiuvo,bibo,quia,tenax,summisse,atqui,103,44.42899323158288,67,acsi,1,1,2,true,0.12219727712630302,2019-01-11T08:32:23.464Z,Hermann - Cronin,true
610bc76b-b9c0-4ce5-a001-f67c31184bfc,2025-04-29T02:25:52.709Z,Heavenbury,Maine,Fiji,-48.0633,25.9141,spes,molestiae,tamquam,ventito,adfectus,debitis,sequi,114,44.69773464254825,17,copia,2,2,2,true,0.12779726534479152,2024-04-21T16:11:40.391Z,"Schulist, Bergstrom and Kub",true
93231b60-ed18-4ca3-8ee4-dd92db841921,2018-12-14T08:29:52.586Z,Revere,Delaware,Cameroon,-59.9913,-18.5218,turba,solvo,casso,surgo,angulus,culpa,contigo,94,228.4550652589332,67,auctor,0,1,2,true,0.1457071347808753,2020-03-15T20:55:30.589Z,Towne - Smitham,true
2de8ea62-6d50-44b5-ad7d-540d2052c42e,2021-10-22T08:54:48.964Z,Mesa,North Dakota,Uruguay,60.9665,-10.21,tondeo,ter,vel,odio,laudantium,doloribus,dapifer,121,56.17995870730806,72,solvo,6,2,5,false,0.14566166642729236,2022-05-16T21:32:49.029Z,"King, Gleason and Bruen",true
8d2f4e38-bf62-4d9b-86f0-db76294e3f95,2023-07-14T04:00:10.411Z,Pensacola,Maine,Guam,87.5326,2.2623,conspergo,dapifer,spero,damno,suppellex,tepidus,laborum,78,231.21148448851582,78,articulus,3,1,3,true,0.1754220351543997,2023-11-20T03:00:49.600Z,Tromp - Flatley,false
dc32c85f-9b4c-49e6-8eec-3c05fca09fb6,2021-06-30T19:47:05.464Z,North Lizethstead,Oklahoma,Panama,37.2633,-26.3012,abundans,sursum,alius,cavus,vestrum,compello,spero,63,93.32795181590396,85,usus,3,2,2,true,0.17298889116666347,2020-09-18T17:07:39.160Z,"Jast, Kihn and Murray",false
1b9a10d4-fd37-4de7-a0d9-116ef0c8be7b,2020-11-14T14:00:22.469Z,New Floy,Florida,Latvia,-73.0779,13.676,solvo,suspendo,recusandae,comparo,decretum,solutio,animi,115,238.0134182435145,81,creator,6,1,5,true,0.1250618943912456,2021-03-31T15:07:03.886Z,"Metz, Hilll and Keeling",false
b2df40cf-2fa8-43d5-b4c7-0fc002874f17,2023-07-04T13:30:49.051Z,West Modesto,Maryland,Greenland,76.5665,-124.6788,tertius,coruscus,arbor,tempore,super,vestigium,usus,114,222.28081865592918,95,demulceo,1,2,2,false,0.053553363985957086,2021-01-01T21:21:18.520Z,Schuppe Group,true
6eb0f702-102b-459b-9b82-fea1de316ae1,2022-12-28T22:59:26.811Z,Kaylinfort,Georgia,Democratic Republic of the Congo,22.777,-49.875,textus,angelus,vigor,voveo,cilicium,cuius,amissio,85,238.00536388922555,51,tripudio,2,1,4,false,0.06299004826925761,2021-01-05T18:15:22.838Z,Turcotte and Sons,false
33a64604-fbf2-4208-9fe4-13c7e0ffd7ec,2023-07-21T05:19:55.106Z,Trevorboro,Oregon,Poland,-51.4022,133.7005,minus,doloribus,urbanus,terra,cedo,delinquo,urbs,70,63.83315670162534,17,eveniet,1,1,1,true,0.03664633759854957,2019-08-04T01:28:33.667Z,Cormier LLC,true
ec12b3e0-37b6-4630-9343-a00a930adf13,2019-12-10T16:54:43.536Z,Potomac,Pennsylvania,Australia,-15.6741,-173.4654,spero,stabilis,uberrime,doloremque,attero,vel,beatus,32,13.34377448811419,88,cena,6,0,2,false,0.10290694381387536,2024-04-22T00:34:21.056Z,Casper - Marvin,true