accident_id,incident_datetime,city,state,country,latitude,longitude,road_name,road_type,intersection_type,accident_type,weather_condition,road_condition,light_condition,speed_limit,actual_speed_kph,driver_age,driver_gender,casualties,fatalities,vehicles_involved,alcohol_influence,blood_alcohol_level,weather_reported_at,reporting_department,pedestrian_involved
5a42d039-47e1-4ff5-8b10-7161a032ad9c,2022-05-24T06:07:13.543Z,North Myronmouth,Kansas,Jersey,63.2249,-92.227,defendo,benigne,sub,aggero,adsuesco,non,arbitro,128,164.444141351528,18,patruus,6,1,1,true,0.19421675669099217,2020-07-23T03:11:08.473Z,Deckow Inc,false
8570ae8b-56e3-4578-9529-795946a720b3,2018-08-28T20:14:10.938Z,Columbia,Indiana,Namibia,-65.9943,18.3066,tamquam,volutabrum,terminatio,degero,ambitus,quibusdam,crudelis,95,192.46541033599837,97,advoco,3,0,3,true,0.18252821358443372,2025-02-04T04:51:26.257Z,Wolf Inc,true
adb7addb-503c-4b36-84d1-022f8bf8497b,2018-02-13T16:32:07.008Z,North Reeseworth,Vermont,Georgia,-2.7957,-1.0598,vester,tendo,truculenter,facere,ultio,volutabrum,spoliatio,27,184.6109842171909,76,corona,0,2,2,false,0.23892916575640286,2024-04-25T17:54:37.542Z,Hamill - Blick,true
498f8711-c18d-40c1-af96-78c877e356c9,2022-08-04T00:14:26.358Z,Patriciamouth,West Virginia,Sierra Leone,-15.2602,-92.4099,curto,aer,adsidue,quam,cur,voluptate,ut,87,169.14603076333444,41,tametsi,5,0,2,true,0.004629553857904284,2023-11-16T09:44:21.058Z,Schinner LLC,false
9bfad0d9-3805-4b48-8b80-76a3bfcac111,2019-03-24T23:55:35.146Z,South Jarret,Hawaii,Latvia,-56.1173,55.0371,vehemens,crur,suppellex,non,cibus,reprehenderit,calculus,93,176.85441344431135,68,perferendis,2,1,5,false,0.06760593345164859,2024-03-05T00:42:52.106Z,"Jacobi, Corkery and Walsh",true
0ecb9547-1c18-4dbf-9ea2-7052867ab2d7,2025-03-19T23:58:52.236Z,Hermanbury,North Dakota,Uzbekistan,-19.7513,80.6701,casso,creber,coruscus,suscipio,vigor,impedit,calcar,89,194.92886009081235,20,brevis,2,0,2,false,0.16961698136845882,2025-06-25T10:08:29.297Z,"Blanda, Considine and Breitenberg",false
f1a807bb-e1a0-45f1-8276-b642531fad0b,2019-05-10T14:24:40.987Z,Elk Grove,Indiana,Malaysia,-64.9958,-104.2519,voluntarius,denique,bos,amplus,capillus,caterva,copia,33,149.8396430832094,100,bellicus,0,0,4,true,0.13993640425463505,2020-08-14T16:50:11.709Z,"Romaguera, Schultz and Stracke",false
aea833b3-7b75-41e4-8d31-0e4134f942a8,2021-01-03T18:40:05.151Z,O'Connerville,Washington,San Marino,32.0434,-110.0789,defungo,mollitia,supplanto,contabesco,sol,nesciunt,amplitudo,129,182.78730983160784,89,incidunt,1,2,2,false,0.005760748068316668,2025-09-10T01:47:12.503Z,Graham and Sons,false
ecb8c225-6b31-4e39-bd80-7301ddc0a886,2025-01-16T06:44:49.102Z,Jovanyburgh,Nevada,Tanzania,-47.4604,-134.8669,solio,suasoria,pax,excepturi,desolo,vindico,vigilo,24,204.02913717717428,19,administratio,4,2,2,true,0.19422123796278296,2021-01-23T07:42:46.071Z,Koelpin LLC,true
aec95d61-46c4-4ca0-a2e9-c1d98a059dd9,2019-06-24T17:20:37.739Z,Spring Hill,Kansas,Iceland,84.6963,-162.6092,varietas,architecto,tonsor,vestrum,suscipit,tubineus,arcesso,97,51.60779696174964,89,claro,5,0,5,true,0.14646176987353618,2022-01-06T19:24:23.943Z,Volkman - Farrell,true
0e33d373-0ef0-4316-a56b-1d19012d298c,2018-04-10T13:21:40.757Z,Cassinton,Nebraska,Uganda,-63.8318,51.7425,atrocitas,ventosus,contigo,sumo,suspendo,audeo,veniam,82,163.8175758363418,79,abundans,4,0,2,true,0.028491031677255474,2018-02-12T19:20:55.056Z,Stehr - Crooks,true
9b05f83b-0b52-4448-870a-21059b38d366,2025-03-31T20:00:19.020Z,Florencioborough,Hawaii,Montserrat,-27.0766,-91.5771,consequuntur,subnecto,vigilo,claro,nobis,deleniti,tremo,127,145.77059089260877,88,quia,1,2,4,false,0.002834185768750469,2022-10-15T02:45:50.422Z,"Kessler, Botsford and Farrell",false
f59c1814-1547-4fa3-8e15-80dcd1110e59,2025-09-19T20:26:16.574Z,Kiehnport,Nevada,Cape Verde,-47.9006,115.5773,caveo,vinco,conatus,similique,aut,adulescens,thesaurus,119,217.75980806689495,49,adhaero,4,2,4,true,0.05085441557679221,2019-08-23T17:08:31.081Z,Barton and Sons,false
62517629-48d4-4872-95f4-e66d271569bf,2025-01-22T15:43:17.379Z,Koelpinstad,Montana,Egypt,-7.1756,-101.9521,pecco,spectaculum,tamdiu,creptio,accommodo,comedo,somniculosus,68,220.5838705825339,64,tamquam,1,2,1,true,0.10199007874856589,2021-11-05T04:53:35.199Z,"Watsica, Reinger and Macejkovic",false
a4611992-79a5-48b0-98af-97d19691f41f,2024-03-19T08:15:38.049Z,Travonfurt,Connecticut,Nigeria,-83.6216,31.3129,tardus,angustus,bardus,sustineo,vitiosus,tui,cavus,101,159.446219897675,42,vix,3,2,5,false,0.16484157331908825,2022-10-15T02:37:57.758Z,Hane - Franey,true
b9dabf41-c47e-455d-8719-c6eeb086d4c0,2023-01-20T13:59:23.833Z,North Josue,Alaska,Belarus,-33.9037,130.6223,cubicularis,tui,turpis,ciminatio,spoliatio,correptius,id,29,87.35524556923414,49,artificiose,4,2,5,false,0.16703086949679893,2021-05-01T22:15:13.926Z,Ernser Group,true
dfa9df72-26ba-44f5-afce-9de78ac04415,2020-04-21T13:41:20.860Z,North Greenfield,Utah,Fiji,-80.3699,-157.7885,iusto,anser,ancilla,cuius,corrumpo,inventore,spargo,103,122.58169166072125,88,sint,4,1,3,false,0.22664496343984245,2025-11-21T23:10:30.561Z,Renner - Morar,false
9cd53e03-e114-4682-945a-a496d7f23b19,2022-05-31T05:12:05.135Z,Bashiriancester,Virginia,Slovakia,15.9218,57.4173,demum,velut,conspergo,summisse,bonus,architecto,attollo,61,111.97871168349322,32,odit,6,0,3,true,0.020105758430285142,2024-04-20T17:53:04.688Z,Abbott - Koss,true
52801372-3f0c-4cb9-bc0e-7e223524bab2,2020-07-07T11:57:34.801Z,South Karlie,Michigan,Russian Federation,42.5484,-109.5343,ullus,synagoga,trepide,universe,conventus,artificiose,adflicto,89,238.5233965997376,24,capitulus,5,0,4,true,0.20445996617885637,2022-04-29T07:40:33.543Z,Shanahan - Metz,false
6a35d062-4700-40fe-8f33-f7c02bcfda53,2025-07-11T02:05:57.912Z,Scottsdale,Pennsylvania,Lebanon,5.2353,54.9439,repellendus,crur,capio,vorax,corporis,uxor,addo,72,2.1024148685749555,30,voluptatem,4,2,1,false,0.19787013673939818,2021-01-11T16:24:47.442Z,Kozey Inc,false
e5cfcfdb-6bc4-47e2-83d8-9e86f2587b49,2025-12-19T03:48:30.855Z,New Pearl,Oregon,Botswana,-80.4092,33.4049,crux,depulso,advoco,capto,viduo,qui,termes,90,173.91952610282908,85,harum,5,2,3,true,0.037401221547812946,2023-01-14T22:40:28.816Z,Stark Inc,true
586ddbf4-9c3f-41ac-baba-587eb8cfd86d,2021-04-29T21:17:30.218Z,Reichelburgh,Utah,Qatar,-89.9019,141.7279,asper,coniecto,tenuis,minus,hic,sapiente,tui,112,88.07392182750434,59,antea,4,0,1,false,0.1251246461128921,2024-03-31T12:01:15.711Z,Jacobi - Schoen,false
5cc8531a-3575-49c3-96ec-60f79993ee5b,2019-03-10T16:23:03.251Z,Larkinworth,Wyoming,Saint Vincent and the Grenadines,-2.8042,30.5382,asporto,acceptus,repudiandae,sponte,iusto,bellum,desparatus,40,150.9314179421672,21,adiuvo,6,2,1,true,0.06433860377670553,2019-09-07T00:28:08.920Z,Bogan LLC,true
dd94224e-6ae0-4d9f-b76a-9384878a8f82,2018-10-06T15:32:25.459Z,Ritaborough,Pennsylvania,Tuvalu,-26.3191,-10.2869,defleo,comprehendo,casus,comes,atrox,tot,incidunt,82,217.50912128843996,62,ara,5,0,1,true,0.24948676711801468,2024-03-22T03:04:21.303Z,Wuckert - Gleason,false
1682928d-7945-45ed-ace9-e0fa3600b633,2023-10-17T06:44:43.228Z,Amarillo,Tennessee,Gabon,23.9063,84.9214,usque,eos,decumbo,derideo,solitudo,caput,modi,93,201.47695656142065,41,tabernus,0,2,3,false,0.15439089713107912,2018-11-04T01:13:24.684Z,Mohr - Flatley,false
99bd994b-f0c7-4c15-86eb-daada466c2cd,2018-05-22T17:49:32.719Z,Lake Macy,Mississippi,Sierra Leone,16.5708,93.5163,alioqui,undique,adhuc,verbera,iusto,perspiciatis,abduco,31,225.5495036040054,89,cum,6,2,3,false,0.11362269638447267,2025-04-26T02:03:41.067Z,Emmerich - Smith,false
9651cb34-3ca3-41b1-8f4d-505078a6fab7,2024-02-18T14:13:21.914Z,North Lucioborough,Delaware,Ghana,-74.2782,121.5811,amissio,curia,vero,deprimo,tricesimus,speciosus,delicate,108,192.5821228690033,53,uxor,3,1,1,false,0.058800407339525906,2022-10-09T15:03:44.518Z,Kilback and Sons,false
7df4cd9d-cbec-41f5-844c-8086d352044a,2024-06-10T14:33:56.375Z,Savannah,Kentucky,Barbados,-61.6511,152.3305,summa,antepono,ascisco,celo,concedo,bonus,iste,103,29.69032934716263,84,benigne,3,1,5,false,0.1426119802804606,2025-07-11T14:34:16.173Z,Dare Group,false
677db8e4-0f01-4dde-ad1c-053916124a53,2020-02-03T22:22:53.644Z,East Goldenmouth,New York,Puerto Rico,49.3148,-97.0456,maxime,benigne,amplus,urbanus,aduro,ager,dolorum,24,219.55742378384554,34,credo,5,1,2,true,0.0009128007479772271,2023-01-10T17:23:10.072Z,Hilpert LLC,false
b8951b9c-cb47-435a-b523-b7a6bf8458c0,2025-05-15T13:32:26.713Z,Rickieton,Ohio,Burkina Faso,-74.209,-53.2905,statim,utroque,texo,adinventitias,tollo,aeternus,cohaero,69,135.70783572609037,37,subiungo,6,2,3,true,0.09329566316024779,2024-09-04T09:17:24.554Z,Kreiger and Sons,false
53a59a4c-5a3d-45bd-b9fd-fa4b0ba6cfae,2021-10-10T17:26:29.548Z,Joshuahstad,Nebraska,Guadeloupe,88.9463,58.9906,stipes,placeat,veritas,validus,tenax,facilis,terreo,77,226.86478564908953,79,cupiditas,0,1,1,false,0.15106203395128334,2020-04-03T07:53:29.090Z,Cummerata - Bartell,true
cafc93e2-22a6-4941-8328-6bf729ef5e2d,2025-02-22T13:11:21.511Z,West Ryanbury,Florida,Tajikistan,72.269,-12.2436,curto,candidus,xiphias,eum,synagoga,bardus,contra,73,139.51120234142735,95,calco,5,2,2,false,0.13278843322549777,2024-01-14T04:23:09.854Z,"Mann, Nitzsche and Lemke",true
7014e72a-3ba4-4c92-9813-c7f309165c30,2025-04-21T13:23:32.917Z,East June,Tennessee,China,-42.3236,58.8607,utroque,ad,vulticulus,auditor,bos,commemoro,sumo,119,163.95515157277518,70,antepono,3,2,3,true,0.13989931639393127,2021-04-10T02:56:52.011Z,Osinski - Konopelski,false
944a64f4-c975-4a03-98f7-4232cfa45ea0,2023-07-23T17:55:10.516Z,New Jett,New Mexico,Nepal,48.2606,-62.6741,quae,defendo,tamisium,acidus,caries,ter,somnus,68,156.43983322704347,29,delectatio,1,2,2,true,0.05139137260202145,2019-09-08T23:17:33.443Z,Quigley Inc,false
2d95c46d-1918-4cd9-b29c-78e06ef8e669,2019-06-14T09:30:44.906Z,Larissahaven,Hawaii,Serbia,81.079,128.6735,conscendo,bene,succedo,derelinquo,confero,custodia,antiquus,33,107.06178319459552,91,strenuus,4,0,4,true,0.031178513168331146,2020-05-21T00:39:28.930Z,Gibson - Gislason,false
c081cabe-4898-4720-966a-935d1adbb10c,2025-06-22T13:07:09.986Z,St. Louis,Arkansas,Sao Tome and Principe,66.2877,90.369,cras,conturbo,caterva,utor,attonbitus,ceno,vulticulus,99,186.13608103394378,77,nulla,6,2,3,true,0.17483759336230328,2019-09-08T14:47:28.096Z,"Emmerich, Carroll and Klein",false
a4fe3996-8e74-4616-92cf-7143fb6b49c4,2025-05-21T16:13:34.506Z,McLean,New Jersey,Iceland,23.7046,9.8087,sub,condico,depono,stipes,depopulo,eaque,adinventitias,72,170.95510818944206,57,cogito,2,2,1,false,0.20008702946311147,2018-06-28T03:45:00.741Z,"Walter, Nolan and Carroll",true
e4b4f6af-f3f6-4d86-9321-02d5f2f1afbd,2021-02-02T02:09:20.078Z,Abshireshire,Idaho,Malta,60.1403,-150.6918,minus,adiuvo,demonstro,adflicto,tergum,cibo,sui,32,202.14232377139953,49,patior,5,0,5,false,0.23244029825658474,2025-09-21T06:38:35.488Z,"Schoen, Gleason and Bergnaum",true
61fbeeb8-7c05-466a-ae19-aae4d9ca065d,2019-03-07T11:27:02.844Z,East Peggieborough,Oklahoma,Christmas Island,29.9028,88.4633,temeritas,acies,aurum,vomer,ancilla,coaegresco,blandior,117,89.92548896489409,81,peior,0,0,4,true,0.08087837549070681,2018-05-17T19:47:37.765Z,"Schamberger, Hirthe and Kilback",false
da6e9a11-8d63-44d7-9019-8c99e904b23f,2021-01-01T00:35:21.472Z,Port Emilia,Utah,Honduras,-17.2237,34.8903,terror,cauda,abbas,comparo,advoco,verus,alienus,45,112.38340050476208,81,virtus,0,0,5,true,0.24844407036778565,2024-12-21T03:10:01.208Z,Kuhn Group,false
d73dee38-32af-47bf-b213-21f85ccabf5e,2024-11-09T14:01:18.887Z,Shreveport,Texas,Gabon,82.6525,51.736,vorax,tego,utrum,vespillo,uberrime,usus,ullam,73,14.589686505038149,63,carmen,1,1,3,true,0.1455744214377401,2021-02-01T02:53:28.097Z,"Connelly, Luettgen and Morar",true
28059591-ae61-4608-84d7-2b69155cc758,2019-03-13T00:12:05.218Z,Elmoreton,New Mexico,Antarctica,3.868,-54.0711,vereor,tutamen,debitis,voluptatem,coepi,rerum,statua,64,151.31036063296057,47,admoveo,6,1,3,true,0.11428847323369476,2021-12-08T14:00:54.179Z,Schneider Inc,true
1139edae-5745-424f-aaea-af0909a2a47b,2020-09-21T09:33:40.439Z,Stantonboro,Vermont,Burundi,67.3965,35.4425,vilis,condico,bis,umerus,teneo,succedo,virtus,72,139.29869071181255,88,inflammatio,3,2,3,false,0.05171161582322853,2019-02-19T07:43:30.575Z,"Boehm, Parisian and Feil",true
42a54118-d9a8-4a48-b27b-6087dc6b0088,2022-12-09T23:29:32.603Z,South Mikeburgh,Ohio,Denmark,-23.6232,-13.4447,videlicet,aestas,cotidie,vis,ullam,coerceo,amiculum,84,166.791004788465,70,temeritas,3,0,4,true,0.1261452819202115,2018-06-09T06:48:00.811Z,Renner - Lakin,true
4ccea8a3-9eab-4b5d-9e3a-3e34d237dee4,2024-09-12T16:32:42.079Z,Port Reedchester,Rhode Island,Norfolk Island,84.0824,-55.1515,quod,damno,vigilo,tyrannus,turba,tergo,voluptate,36,3.714290947643022,94,admitto,1,0,4,false,0.14335624343176534,2024-04-19T02:54:32.955Z,"Tromp, Stanton and Paucek",false
77e9ed11-a7cd-4ff9-b179-0d2f71bcf9ed,2018-02-20T19:03:53.964Z,Lake Anabel,Idaho,Madagascar,1.7358,127.8064,comptus,titulus,adeptio,crudelis,nulla,desipio,autus,108,198.73921278847644,89,aranea,0,0,2,true,0.07890832148357407,2019-03-23T14:50:45.964Z,Toy Group,false
76a7d51f-64bb-493d-9010-6c23daf7911a,2019-04-28T06:05:58.541Z,Wizashire,Connecticut,Bermuda,-1.1767,117.9337,cupiditas,quisquam,crebro,comedo,titulus,itaque,capitulus,78,192.35400364392862,38,tyrannus,3,0,4,false,0.03719164113624873,2024-09-25T22:46:55.070Z,Hermann and Sons,false
9ad4bf25-358b-4042-abdc-16c3c22930ac,2019-10-24T04:03:45.664Z,East Alfredberg,New Mexico,Bulgaria,57.0898,35.0773,aegrus,comparo,sperno,thema,virgo,tyrannus,deduco,93,187.39245355956726,70,libero,1,1,4,true,0.03300332905214573,2018-07-25T10:34:11.468Z,Hilll - Herman,true
3ee69a3a-7dea-4344-999f-e938a430db90,2023-06-30T15:22:47.751Z,Covina,Connecticut,Heard Island and McDonald Islands,10.9805,85.3906,odio,velut,apto,arma,ulciscor,sum,terminatio,105,145.7145782292066,24,spectaculum,6,0,2,false,0.060443209968703865,2023-02-04T17:33:14.435Z,"Dickinson, Ondricka and Rolfson",false
e6812be1-2616-4a75-b976-08234a7f8cb3,2022-02-02T00:41:32.072Z,Port Ernestinatown,Louisiana,Jordan,54.9939,-32.4405,statua,uterque,calco,tamdiu,degero,vespillo,tutis,50,228.33810994572798,58,infit,6,0,1,true,0.038531679304413397,2021-09-21T08:36:41.432Z,Green - Bechtelar,true
24ebcb51-fcdd-47c2-88c9-11a4db6b0908,2022-07-05T02:54:07.845Z,Santa Clarita,Oregon,South Georgia and the South Sandwich Islands,18.7508,-99.7155,patruus,ut,fugiat,velociter,nobis,crinis,commemoro,129,130.11560766996723,81,animus,4,2,5,true,0.20571209791315218,2018-12-03T15:22:13.342Z,Koepp - Cummerata,false
12cf1a04-f58b-443e-b2c2-770f42da91e3,2019-09-23T16:18:31.633Z,O'Fallon,Connecticut,Uzbekistan,81.7728,79.1587,cupiditas,debeo,explicabo,assumenda,conspergo,celo,spero,94,66.3111904890708,54,coma,2,2,3,true,0.10247384078470104,2021-11-17T07:27:12.052Z,"Dickinson, Rutherford and Nienow",true
62ba201f-d44c-44c8-af40-14ba53ffba44,2021-05-16T16:21:22.593Z,East Sammy,West Virginia,Slovakia,-65.3297,112.3398,angustus,ara,sponte,tergeo,videlicet,suffoco,baiulus,79,196.3924861649529,40,spiritus,6,2,4,false,0.11786178641972461,2020-03-19T09:24:22.328Z,Mann - Crona,false
4cc5ad4d-8ef5-4a60-9566-0bdacf235412,2021-10-01T19:55:16.418Z,Tatyanashire,Michigan,Turkey,6.9547,164.5761,truculenter,curo,nemo,utrimque,caries,thalassinus,tabella,103,209.55437192957638,96,quas,0,1,2,true,0.1998941342024419,2019-09-06T15:21:41.686Z,Lehner - Wilkinson,false
057aa41a-8357-400f-85c0-67de4a5befca,2019-04-10T16:20:17.957Z,South Myrtice,Indiana,American Samoa,-65.4584,-58.4225,quia,quas,qui,caries,studio,vigor,exercitationem,59,38.42056294925594,32,ulterius,6,2,1,false,0.14652449875530038,2021-04-23T06:46:07.360Z,Stracke Inc,true
2ce9bd39-f3ab-4988-9e00-4de5902c6e40,2019-10-29T03:15:56.041Z,Sioux City,Massachusetts,Tuvalu,1.9823,107.8564,pauper,expedita,curvo,subvenio,surculus,caste,tenax,69,33.30910122201297,52,adamo,2,2,4,true,0.18085254448920254,2025-12-13T00:01:32.427Z,Raynor - Veum,false
91bbdcf0-3c96-42b1-b660-275b6f96da47,2021-08-20T23:44:43.758Z,Mustafafield,Minnesota,Albania,27.2885,65.4514,laudantium,cicuta,aranea,decor,aperte,absque,demergo,115,119.35135148893637,81,totidem,3,0,2,false,0.16121458379250003,2023-12-28T09:04:59.484Z,"Watsica, Bergnaum and Nolan",true
47c4d1dc-7e0e-447c-8a6e-063864ccf495,2021-05-18T12:35:07.260Z,Bergeberg,Delaware,Gabon,-88.2003,16.0577,spero,creo,corroboro,quasi,demo,tendo,ara,59,67.89869897085224,98,vetus,4,2,2,true,0.22305833700688818,2019-10-29T17:01:43.642Z,Pacocha LLC,false
c44be741-8737-4ebf-9af8-7bcf54be5c5c,2021-01-11T14:55:34.205Z,Vinnieland,New Hampshire,Luxembourg,59.764,32.2901,tactus,conforto,ulciscor,bis,modi,deduco,thema,58,175.59483472331902,86,terror,5,0,2,true,0.07428035947134243,2025-02-08T19:00:46.223Z,Breitenberg - Frami,true
2852eac9-f541-4704-91ae-af5c416d88b7,2021-02-08T02:19:47.267Z,Bernhardberg,Massachusetts,New Zealand,-51.2612,136.6203,delego,careo,sub,viriliter,voluptatibus,vero,adversus,116,64.5500037074861,24,acidus,2,2,1,false,0.0007286062381282044,2023-02-26T19:30:02.524Z,Mills Inc,false
cdce76ec-375a-4ded-b535-fd0222068158,2022-06-20T15:04:52.684Z,Vivienneville,Kansas,Latvia,-56.7645,-142.14,pariatur,suffoco,atque,fugit,adiuvo,commodi,dens,104,53.29487022801602,95,coerceo,4,1,4,false,0.09234737826966186,2022-04-26T21:42:06.039Z,Breitenberg - Corwin,true
80994e2e-ccbe-4c23-a730-8ab0aa2d5aae,2022-05-17T18:52:23.177Z,West Amoscester,Colorado,Niger,79.7014,32.0802,soleo,crebro,eligendi,dolorem,conatus,suffragium,asper,122,145.58904017234119,64,surgo,6,1,3,true,0.0741804055757628,2023-03-10T14:54:47.902Z,Stokes - Jakubowski,true
d4e5c63b-1da2-4f13-b1d0-af5e76fdadcf,2020-06-14T06:38:35.768Z,Predovicland,Ohio,Iraq,-51.9757,-5.5445,defungo,acquiro,victus,adipiscor,atqui,super,summa,45,158.31699430793336,79,cursim,5,2,1,false,0.022892997603307125,2022-11-07T01:00:32.006Z,"Schultz, Moen and Flatley",true
4f8904d0-dcfc-4feb-b55b-1c3565e38f12,2024-12-28T12:59:36.450Z,Kelvinport,Hawaii,Slovenia,-50.4384,-133.8996,beatus,decretum,adulescens,arbitro,articulus,conventus,thymbra,52,150.39842190101248,47,censura,3,2,1,false,0.03256249821293869,2024-10-10T06:42:12.572Z,McKenzie - Kuhlman,true
60c57300-539b-40e6-a3bb-79861ca41789,2022-05-24T06:20:52.397Z,Hutchinson,Alaska,Saint Lucia,46.3714,4.0248,adopto,articulus,vos,arto,adamo,tricesimus,inflammatio,124,120.6556520157219,93,vulgo,4,1,4,true,0.04927548759877706,2021-09-20T01:57:10.878Z,"Strosin, Sawayn and Hintz",true
41fa570f-7e40-4e23-8a2e-5c4f6cfb0633,2025-03-25T07:07:31.915Z,Breannaport,West Virginia,British Indian Ocean Territory (Chagos Archipelago),-50.4128,-71.0759,provident,vulnero,demoror,avarus,curtus,tibi,concido,92,63.625432817953005,35,vilicus,2,2,4,false,0.187569066017856,2021-11-07T18:29:54.209Z,Kuhn and Sons,false
6425c18c-054f-4372-b8fa-23e1813c454b,2022-08-16T10:38:51.597Z,Fritzland,Iowa,Kyrgyz Republic,-77.0037,-75.724,adipisci,curriculum,capillus,ocer,denego,tabgo,a,62,194.5367431198057,87,benevolentia,3,1,5,true,0.007601739644157335,2024-01-25T02:07:00.079Z,Wintheiser Group,false
f9d122fa-6be7-47ce-8492-0a9a40de8197,2021-01-11T12:29:46.085Z,Daughertyboro,Vermont,Guam,16.544,-26.832,colo,xiphias,comparo,caelestis,confero,armarium,cogo,105,199.76141669831597,29,conqueror,2,1,2,true,0.198363157321079,2020-05-15T05:09:53.383Z,Marks - Rosenbaum,true
5a33ea53-9006-4a80-a183-9addaa300bdf,2020-02-16T04:31:23.582Z,South Mableshire,Washington,Cuba,-28.9656,-153.9797,curtus,sono,argentum,theatrum,assumenda,ea,pel,116,215.50642035816284,56,aedificium,1,2,2,false,0.04939578474580858,2020-01-13T02:48:16.224Z,Bergstrom - Wehner,true
6fd8e0c6-2e97-477b-8a04-796217fb1135,2018-01-29T13:39:13.037Z,San Buenaventura (Ventura),Alaska,Vietnam,-61.8917,91.0992,subiungo,cur,bis,curis,temptatio,compono,super,110,4.589392303710991,87,deleo,5,2,1,true,0.21250141396634417,2021-10-12T14:59:54.699Z,"Hackett, Wunsch and Dietrich",false
646b4e99-3263-49b1-b375-4aff2fa6a01b,2023-09-01T19:34:12.385Z,Malcolmworth,Kentucky,South Africa,-38.0671,-101.2122,adulescens,coerceo,pauci,cognatus,acies,nihil,comes,79,132.8901912723847,20,occaecati,5,1,3,true,0.21092551287183212,2023-10-19T10:49:55.442Z,Renner Inc,true
bd98dd3f-c97c-468d-b525-74aa0d7afd9c,2023-12-17T02:30:14.583Z,Schadenport,Indiana,Chad,-41.0188,-20.575,utroque,audacia,arx,minima,tantillus,currus,maxime,45,61.657941787101464,39,talis,5,1,3,true,0.1418751821224772,2020-10-28T13:20:44.606Z,Howell Inc,false
897227c6-9ad3-4d68-887d-81b9832de11a,2024-09-02T09:58:43.578Z,South Tillman,Hawaii,Belgium,-43.3808,111.4701,vilicus,validus,testimonium,quod,terreo,adamo,vulpes,115,110.33416332579871,95,auctus,3,2,4,false,0.18110753578418545,2024-11-08T12:01:06.749Z,Harber Inc,false
e0ddbd89-917c-4e13-828e-6677082440ea,2021-06-16T19:01:03.060Z,Eleazarberg,Tennessee,El Salvador,-37.3321,-16.837,absens,minima,aperte,absum,teneo,decet,consuasor,74,186.44333874410725,99,volup,4,2,2,true,0.05043057543326529,2021-04-20T21:06:21.195Z,Rutherford - Brekke,true
69ea176f-5c8c-4d63-b18c-845057f136cb,2025-04-05T04:54:18.967Z,Schmidttown,Illinois,Trinidad and Tobago,60.4468,-29.4199,caterva,dolorum,fugit,terra,debitis,caelestis,attero,39,160.24730982533612,78,ago,5,1,3,false,0.046490863980334585,2020-08-05T06:11:00.256Z,"Rippin, Heathcote and Greenholt",true
66ef06f5-8e3a-4f42-ac47-f73baeec264b,2022-11-13T09:43:27.751Z,Cristinaview,New Hampshire,Liechtenstein,-49.3995,107.6506,cogo,arceo,alius,amita,quas,vinitor,tenuis,42,148.29265699332703,34,admoveo,1,2,4,true,0.05925437453995058,2021-08-03T06:13:37.202Z,"Jenkins, Lubowitz and Boyer",false
f671e998-d6bf-46d9-8f83-952a834ae71c,2018-06-04T00:06:03.019Z,Felipashire,Kentucky,Curacao,74.1723,-105.0681,amplexus,ventito,deludo,odit,cui,adinventitias,cupio,41,144.5263103222282,60,bibo,2,2,2,true,0.22033302734155544,2019-06-06T00:39:47.240Z,"Rice, Daniel and Ebert",true
38610a83-0780-427f-9eaa-e32daf210cec,2021-07-31T02:34:53.756Z,Port Tobinfort,North Carolina,Oman,48.227,178.9915,delectatio,vulnero,validus,paens,calcar,adipiscor,sordeo,90,206.58293020849158,99,venio,2,2,3,true,0.1264821828801662,2018-09-10T02:48:59.866Z,Schamberger - Frami,true
332b6029-4d11-4e71-851a-2f3547682aec,2021-11-09T11:28:28.397Z,Kundehaven,Louisiana,Egypt,-25.999,-117.5762,torrens,vox,aspicio,calcar,delinquo,surculus,bonus,83,68.63148833720035,95,teres,0,1,2,false,0.17270679937830383,2025-05-17T08:10:29.776Z,Bartoletti - Reynolds,true
aead19f9-8038-4ba6-a099-e61b60aea0a5,2018-09-26T14:58:08.573Z,Tiarafort,Nevada,Lao People's Democratic Republic,76.7156,178.7082,degero,tibi,vigor,nulla,aetas,molestias,tres,23,31.408764293101534,82,quis,5,1,3,true,0.23979652800987536,2025-09-19T18:46:21.849Z,"Kuphal, Rohan and Orn",true
6943d8b9-f7f7-4c29-9b3d-b4747c7fa67e,2018-04-11T20:22:12.285Z,Lockmanfield,New Mexico,Guyana,-46.0568,-37.2253,ciminatio,decet,aut,solus,ver,repellendus,defessus,128,232.13207930065983,48,territo,4,2,5,true,0.09184264349239424,2023-01-24T10:18:42.922Z,Hegmann Inc,true
2ec772d7-abdd-49de-a079-7faa3e226c4c,2018-06-18T05:39:42.146Z,Lednerstead,South Dakota,Finland,-2.4217,-163.8899,teres,ultio,dolores,conicio,stipes,taceo,vallum,95,40.2933756376983,41,sto,6,0,5,true,0.11627457481035333,2019-10-17T22:54:24.838Z,Marquardt - Lehner,false
8d4cb374-6bca-4e82-b3e8-8101d837e646,2020-10-30T11:19:28.739Z,North Olinfurt,Tennessee,Mexico,38.3069,-13.1168,aliqua,vereor,ducimus,amaritudo,tenuis,cunctatio,aufero,65,231.31476841649277,85,sperno,5,2,4,true,0.08102476707087422,2024-11-19T21:08:42.453Z,"Labadie, Raynor and Kulas",false