accident_id,incident_datetime,city,state,country,latitude,longitude,road_name,road_type,intersection_type,accident_type,weather_condition,road_condition,light_condition,speed_limit,actual_speed_kph,driver_age,driver_gender,casualties,fatalities,vehicles_involved,alcohol_influence,blood_alcohol_level,weather_reported_at,reporting_department,pedestrian_involved
056a8c44-c98e-4d98-b6fc-9190327f8e47,2021-06-19T08:34:09.107Z,Hermistonview,Michigan,South Africa,-17.9347,-26.4895,curso,officia,commodo,absens,casso,trepide,acervus,86,3.334049433095476,23,tactus,6,2,2,true,0.22684235008456757,2021-04-27T10:03:07.013Z,Tremblay Inc,false
ca882e4f-95c4-49a8-adff-14453e260b95,2022-11-28T00:04:00.008Z,Myrlboro,Wisconsin,Sierra Leone,65.424,108.62,absorbeo,comptus,totidem,decipio,arceo,calcar,tenetur,91,216.58115665593883,48,curtus,2,2,2,false,0.08017068458979237,2022-04-24T02:04:55.528Z,Jast Inc,true
f83fb7a6-1d71-481f-9453-df0c2bd940df,2023-10-24T14:21:02.417Z,East Nichole,Michigan,Saint Lucia,-83.2552,-162.1779,vaco,peior,vulticulus,arbitro,dolore,campana,temptatio,125,8.82868170889644,39,antepono,6,0,4,false,0.10351533985524508,2021-02-28T00:19:35.869Z,Feeney Inc,true
b3dab602-6978-4239-84e6-18abf2e96297,2025-12-20T23:06:30.908Z,Schillerfield,Tennessee,Heard Island and McDonald Islands,85.8988,70.027,delego,sollers,subseco,articulus,patria,basium,cresco,80,227.40906177668478,90,utrimque,0,2,1,true,0.13670691457468953,2024-03-16T15:26:04.509Z,"Stoltenberg, Schumm and Gorczany",false
9c1661f1-b2d7-474c-bcc7-f5a3f7d6e74c,2019-05-01T15:50:29.362Z,Jazlyncester,South Carolina,Lao People's Democratic Republic,53.5479,-16.3398,solvo,urbs,arbitro,vinco,tristis,patria,beatae,48,12.840516428762978,90,quos,0,0,5,false,0.17414416127003138,2020-01-07T08:25:00.693Z,Gleason Group,true
a289f472-f8cc-4582-94b4-09bdeb74e7f3,2024-07-04T04:59:57.103Z,New Elijahchester,Vermont,El Salvador,-23.7181,-110.0743,pariatur,casus,temptatio,ipsam,deserunt,amor,cognomen,79,205.544606311416,90,solvo,3,0,4,false,0.029092489532403537,2018-01-03T20:43:17.564Z,"Adams, Pfannerstill and Howe",false
7d28501b-4f8e-483c-b72a-dd00168896b9,2019-01-30T02:18:21.922Z,Cape Coral,Connecticut,Micronesia,-30.4133,44.9707,ustulo,ultio,cinis,autus,contego,admitto,surgo,43,160.66544179578523,85,tutis,5,1,2,true,0.09065749503305637,2024-01-05T04:41:25.903Z,Lockman and Sons,false
a7434c7f-8146-4336-a0a9-cbfe33907625,2019-08-03T04:00:54.688Z,Castro Valley,Pennsylvania,Croatia,11.6794,-98.2926,utilis,dens,thema,facere,absorbeo,vado,solum,91,169.1811604309016,71,quas,5,1,4,false,0.19709205788632747,2025-04-08T16:28:41.355Z,O'Kon Inc,false
e53c9d70-eb76-4e57-878e-182097e4b3ad,2024-11-17T19:27:52.463Z,New Brainville,Indiana,Mozambique,-56.9367,33.0462,circumvenio,quis,suscipio,triduana,statua,curtus,vilicus,110,193.70375533674928,49,venia,1,2,1,true,0.24570225558498718,2022-02-11T09:21:17.706Z,Johns LLC,false
e1e616b4-fb64-44a4-8506-490e2ea0bd14,2021-11-05T00:29:23.191Z,Millermouth,Vermont,Tanzania,69.6405,-91.9625,vulgivagus,auditor,consectetur,versus,vitae,trucido,aer,40,179.77211129377469,81,causa,2,0,2,true,0.10392706065870722,2021-10-29T05:13:55.764Z,Effertz Group,false
28ed8a4d-2cdf-4222-bc7e-a28803b082d2,2022-09-20T21:34:12.848Z,Hanford,Oregon,Papua New Guinea,53.7841,78.7518,talus,depono,cimentarius,deludo,curso,animus,vilitas,60,193.62166564310584,51,deprecator,0,1,1,true,0.15897786451358709,2021-09-10T13:38:05.965Z,Herzog Group,true
1f135f7d-0299-4444-9d11-c138194f8011,2018-01-24T09:53:59.778Z,South Roberta,Iowa,Uzbekistan,29.5259,110.9103,summopere,adstringo,tactus,abundans,studio,cernuus,abundans,62,84.12063428436227,68,tunc,2,0,3,true,0.12276401823019595,2022-11-10T07:09:18.384Z,Lang Group,false
73e3571c-7e0a-4131-94c1-1d859ece20e6,2018-10-14T08:33:57.200Z,Jurupa Valley,Tennessee,Brunei Darussalam,-26.9215,62.2897,totidem,bestia,nisi,vereor,degenero,derelinquo,adinventitias,128,207.6952042596427,53,confugo,4,1,1,false,0.06734289249307487,2021-12-25T16:21:49.286Z,O'Hara - Rohan,true
21d18104-36e4-4b61-be18-9d2abd9dcdf2,2019-06-01T14:41:28.176Z,Albinchester,Indiana,Nepal,45.1642,35.1749,arca,assumenda,sollicito,tenus,compello,tres,vinculum,46,106.75887060167987,42,dolores,3,1,1,false,0.09906927583844363,2024-04-26T20:16:09.509Z,Kuhn - Friesen,false
a6b10bde-c0d2-40ea-81ec-b8db88319fbf,2022-07-19T17:35:16.948Z,Carolannefort,Arkansas,Australia,46.2453,-114.6821,audentia,pecto,aut,dicta,tot,conicio,alioqui,90,141.94369570570734,75,derelinquo,6,2,2,false,0.177157350302226,2019-07-30T07:48:42.006Z,Wolf - Doyle,true
70ba0003-4368-462a-9342-ee7e45f180be,2020-02-13T18:51:43.476Z,Montebello,West Virginia,Austria,-78.8661,-58.2967,tenax,crebro,adversus,tersus,denuncio,curso,vero,52,221.6565761652135,59,ciminatio,5,2,1,false,0.09874760225695525,2018-11-10T15:35:30.371Z,McCullough - Stroman,true
cc6aa77e-0f7a-4abc-b04a-103f8c4eefce,2024-06-13T19:13:13.082Z,North Dolores,Washington,Mauritania,29.542,-74.7376,utique,amplexus,creber,quod,tolero,aestus,turpis,110,237.45254320227318,45,termes,4,1,4,true,0.014812457759797532,2023-04-26T11:59:27.282Z,Beer - Pollich,false
30c5276f-370f-4407-ac08-54bd008d433e,2019-06-29T22:12:57.310Z,South Einarstad,New Mexico,Lesotho,4.3494,99.054,textilis,cariosus,basium,patruus,barba,amissio,subiungo,69,195.13078479370898,82,sufficio,5,1,2,false,0.10106543043432109,2022-06-13T20:48:35.853Z,"Bernier, Robel and Jaskolski",true
b2b236a3-3e81-4745-aaaf-f180b6baaeb7,2020-06-01T18:37:33.920Z,Morissetteshire,Maryland,Aruba,-74.2847,-167.7712,tenetur,tamisium,articulus,eius,tego,turbo,adinventitias,62,47.995046628815615,36,adduco,0,0,2,true,0.04682856866741647,2018-02-25T00:30:58.857Z,Stanton - Nitzsche,false
dcb53529-6b6e-4eb2-935f-206ce438aeed,2020-08-24T10:57:23.975Z,Maggioboro,Idaho,Cook Islands,76.7287,-117.308,aperio,peccatus,amoveo,thymbra,ancilla,appositus,aequus,73,141.76687583811946,70,termes,1,1,5,true,0.1533784773777475,2024-12-21T08:03:12.033Z,Jacobi - Skiles,true
505da218-51e8-4e9b-97f7-c7a5ade92f87,2020-09-29T05:39:52.590Z,Harlingen,Oregon,Malta,-22.2097,-21.9925,thema,vigor,voluptatibus,canto,culpo,depono,ars,93,143.3310336891828,89,sapiente,3,2,2,true,0.07477589154486639,2024-03-10T03:11:25.649Z,Greenfelder Inc,false
27f418f4-6536-4503-bd07-d822eb8158f8,2021-11-06T09:18:38.089Z,South Rebekah,Wyoming,Bangladesh,65.6308,122.8143,conculco,apud,repudiandae,pauper,vilitas,repellat,coniecto,52,182.91064107135097,47,velum,1,2,2,false,0.24534094084407573,2018-07-27T16:46:31.904Z,Yundt Group,true
7e77eaa7-8c89-46a2-9510-c61d9d77093f,2020-04-10T05:55:33.679Z,Port Kailee,West Virginia,Ghana,-63.5019,-133.5432,denuo,comptus,commemoro,praesentium,suppellex,temperantia,curo,93,27.106659156952844,70,amet,4,2,4,true,0.22091135609057214,2025-06-02T18:32:48.971Z,Hickle Inc,true
460c11c5-8b62-4b24-8e62-8aba75a460f3,2023-05-13T04:16:30.718Z,Dimitrichester,Utah,Isle of Man,-69.735,58.6965,inflammatio,baiulus,appositus,debilito,cribro,hic,tubineus,82,38.19162240334569,50,adficio,3,1,5,true,0.24735724816868543,2022-03-06T08:20:57.889Z,Littel Inc,false
f80b9637-7a04-4b86-8aeb-5d41296e1a28,2022-03-21T01:31:29.727Z,Hermantown,Missouri,Ethiopia,-40.5046,-31.6133,calculus,casso,agnosco,adipiscor,tricesimus,quos,minima,127,47.591011304624864,94,cicuta,3,0,2,false,0.06013363771489369,2025-09-02T10:19:09.187Z,"Predovic, Balistreri and Rippin",true
95bfa7c3-4078-46d7-9138-ed5630ad9da1,2021-11-17T08:09:40.146Z,Norvalton,Maine,Liechtenstein,-16.4969,162.8979,asporto,causa,ultra,vulariter,cotidie,uredo,vinco,39,209.75235291627627,19,demoror,2,0,1,false,0.07868942532996889,2019-06-06T18:37:44.229Z,"Swift, Lebsack and Feil",true
047bcd2f-93e8-4d24-8637-0c75ff9a9c21,2018-06-05T14:12:47.209Z,Hannahborough,Missouri,Sierra Leone,-59.1353,165.2053,creo,alioqui,utor,capto,audax,labore,approbo,30,204.6290344392128,94,astrum,6,2,5,true,0.014640527926900876,2018-12-02T05:18:54.112Z,Prosacco LLC,false
d2a3f3e7-52b2-4811-a2d7-e9cc31e01d88,2018-03-08T08:10:35.976Z,Tigard,Delaware,Norway,35.5029,-165.6234,acidus,decumbo,comis,cuppedia,tactus,cunae,ipsam,95,215.0511341031658,61,talio,4,0,3,false,0.24075361285674157,2022-04-29T05:36:15.252Z,"Bauch, O'Hara and Fadel",true
0b7fa073-cefb-4570-8dd8-b35b000196b1,2022-11-24T20:56:16.103Z,Boehmville,Wisconsin,Malawi,-42.0029,-6.0844,pariatur,varius,nesciunt,tibi,tergo,celebrer,arcus,125,14.186197599640114,17,depono,4,1,1,true,0.1024866229937483,2024-05-12T19:18:51.866Z,Rau - Weissnat,false
77e8ed3f-80a3-48cb-aae0-951e51d3664f,2018-05-16T07:17:46.516Z,Florin,Texas,Aland Islands,73.8697,68.0605,dolor,urbs,velit,creber,angustus,quidem,tergiversatio,123,205.9572337864857,82,certe,1,1,1,false,0.21810325339916398,2025-01-24T21:32:13.630Z,Reilly - Wiza,false
8c30e5ff-f41c-4a02-aa21-01fd2ecb293c,2020-02-07T02:23:47.019Z,Fort Roryfurt,Florida,Colombia,-26.2495,-47.2268,tempora,adstringo,correptius,solus,absconditus,molestiae,amplitudo,52,52.156924058058934,49,usque,4,0,5,true,0.16351925511408744,2022-04-11T10:31:36.997Z,Gislason and Sons,false
467a3460-9193-4ba4-8e92-9697d982d631,2024-07-14T14:40:16.119Z,Daynaboro,Mississippi,Heard Island and McDonald Islands,45.5533,-164.8724,quia,stultus,tribuo,thesis,tantillus,reiciendis,colligo,60,67.371473855252,98,sordeo,6,0,3,true,0.05930748892577167,2025-06-12T13:52:30.817Z,Connelly - Mraz,true
f60539ed-39ca-46fe-bd40-5e57b4bf32cf,2025-05-04T07:58:03.951Z,Anaheim,Nebraska,Western Sahara,49.6561,-65.1348,vestrum,convoco,dolor,minima,stillicidium,reprehenderit,aedificium,112,236.8258704449796,87,reiciendis,3,0,3,true,0.23275102937718434,2020-01-02T09:33:46.328Z,Gleichner - Lesch,true
7b1f4920-fba6-4b65-98f0-fa1b1673f3a1,2021-08-02T13:20:51.263Z,Daijaland,Arkansas,Zambia,-70.5882,138.0556,toties,tergiversatio,denuncio,apostolus,solio,adhuc,cognatus,108,150.36359229653308,99,modi,3,0,5,true,0.21692240305795285,2025-05-14T05:50:52.580Z,Jenkins - Haag,false
ad739c24-b97d-4b8e-92d9-5ddce1a1538e,2022-06-19T03:04:02.012Z,Ellicott City,New Mexico,Serbia,-52.648,90.7597,sperno,conqueror,confugo,derideo,contigo,bellicus,arguo,44,45.61013740313631,68,confido,3,0,2,true,0.120320945335959,2019-02-24T19:42:21.460Z,"Strosin, Goldner and Tillman",false
8c3d4fb5-9a77-4878-888c-c8511ec06b4d,2019-01-14T05:57:24.467Z,Shanahantown,Alabama,North Macedonia,-68.2002,-72.5713,vomito,inventore,vulgaris,audentia,amissio,assumenda,ciminatio,93,74.64332723521373,34,coadunatio,3,0,3,true,0.16891316279815552,2020-08-29T01:42:18.828Z,Stoltenberg - Wyman,true
04f2b3aa-ff75-4137-8b53-bdf7d7ad914a,2018-03-08T12:35:07.362Z,Teresamouth,Wyoming,Austria,-39.64,-49.0734,centum,termes,sperno,compono,trepide,curiositas,suscipit,118,152.18442232760918,96,eligendi,3,0,5,false,0.20183084100541743,2025-10-26T06:27:35.894Z,Robel - Nicolas,true
e1b614cd-1815-4265-98bc-abd7b96ae004,2024-08-23T23:21:19.217Z,Selmerberg,Kentucky,Togo,-5.7272,-153.911,supplanto,strenuus,tamquam,termes,tenuis,suggero,ante,95,59.26656530210175,47,spiculum,2,2,2,true,0.11794808184877828,2019-05-19T14:04:00.496Z,Schuster - Gislason,false
81377019-7768-472d-9813-77c03813dade,2024-12-13T11:43:16.550Z,Americaborough,Florida,Guinea-Bissau,47.7141,-135.2655,clarus,victoria,usque,decretum,suppono,surculus,amaritudo,82,118.75282922015154,59,currus,0,2,4,true,0.24133063745759906,2020-12-29T11:52:39.469Z,Ebert Inc,false
b6bd5ead-3986-4824-a695-f2331ad18869,2022-06-11T18:11:08.661Z,Janiyabury,Wisconsin,Antarctica,-46.6846,140.5407,beneficium,nesciunt,denego,anser,degenero,astrum,aureus,129,227.3828273703243,88,ullus,1,0,1,false,0.0006707701934689225,2022-10-13T12:52:32.278Z,Shields - Hermann,true
56576a37-8671-4070-887f-7840faf954ec,2024-09-26T07:11:08.371Z,Tremblayworth,North Carolina,Faroe Islands,9.5411,-6.0489,ager,vulticulus,vespillo,harum,aranea,ventus,vallum,103,143.27303158546673,27,contabesco,1,0,1,false,0.11847393411240126,2025-03-28T21:51:49.118Z,"Rath, Stanton and Graham",true
57985165-ede6-48c1-a88f-17c3d37fdb46,2020-08-17T11:21:40.531Z,Perris,Texas,Costa Rica,-56.5834,120.8878,tripudio,allatus,absconditus,victoria,volva,ducimus,accommodo,100,48.91035432995142,42,dolorum,4,2,4,false,0.1408671609555,2019-06-13T22:04:15.636Z,Witting Inc,true
a8f4fbdf-8d97-4c8b-97d0-cc2bbd462009,2021-09-26T02:19:32.619Z,New Daijahaven,Florida,Romania,-22.7833,16.6163,esse,arx,cumque,architecto,vulgivagus,adhuc,incidunt,42,11.800092708539491,17,texo,5,0,5,false,0.24159466412399325,2024-12-13T14:11:18.606Z,Fisher - Keebler,true
352b0f6f-18a9-4a32-bbd1-f285e2ed70bf,2024-08-01T14:32:46.547Z,Country Club,Utah,Saint Martin,-40.4251,-112.1296,cado,id,abduco,via,cras,abundans,cicuta,105,174.78270650037172,27,carpo,2,0,1,false,0.011851013460282417,2021-09-02T03:38:30.526Z,Hahn Group,false
20ff293b-cba8-4070-bd06-988a173a3b9f,2022-05-08T23:02:57.738Z,Sharonborough,Connecticut,Monaco,0.8932,48.8447,accedo,cauda,clarus,caelum,aperte,expedita,corporis,43,20.70030207951941,84,hic,4,1,3,true,0.21499667568044295,2025-11-07T02:15:46.662Z,Hilpert - Bins,true
428503dc-0618-45db-9a2f-d9493c7b67cb,2021-04-29T20:50:26.165Z,Amarillo,North Carolina,Pitcairn Islands,-65.9326,-50.4082,amitto,adstringo,iure,vesper,tondeo,annus,venio,97,142.36716906643755,71,libero,6,1,4,true,0.12308988020354361,2024-02-01T13:35:40.039Z,Lesch Inc,false
89bcdcbb-0188-49c3-ba0a-07a41c705848,2021-01-01T11:58:34.681Z,North Ardenport,New Hampshire,Indonesia,-10.7529,21.621,clibanus,vero,amoveo,audax,aetas,tersus,vox,31,101.90096613627588,99,cresco,4,2,4,false,0.011016074433330914,2021-06-11T12:33:23.310Z,Balistreri - Johnston,true
7162c0ce-398d-4f8f-8af1-e596a6cfb1a1,2021-10-24T16:26:20.590Z,New Matilde,North Dakota,Anguilla,66.0537,2.4303,maiores,curia,cena,abutor,vinum,nesciunt,viduo,115,3.1469360532885737,70,arceo,0,0,1,false,0.2370726659292799,2020-09-29T07:00:21.902Z,Senger - Haag,true
a61f367c-ff7e-4c06-867a-a2ef649391da,2025-07-28T07:06:08.501Z,Jaychester,Georgia,Germany,-87.5178,-64.6955,alienus,venustas,placeat,curvo,catena,bis,uter,124,188.89093580798564,88,suasoria,2,1,1,true,0.24614553162707695,2018-03-16T01:22:05.692Z,Crona - Simonis,false
d764595c-7632-41a9-a114-145863e67df9,2022-12-03T04:43:10.068Z,Donworth,North Dakota,Algeria,38.5519,-86.8024,clam,sophismata,cui,testimonium,certus,ciminatio,usus,116,13.685373257982887,23,soleo,0,0,2,true,0.09723943278336394,2020-04-27T23:55:55.651Z,Schiller - Kuhn,false
527abf39-6960-4045-91de-52c899d19374,2020-12-26T09:50:06.896Z,East Hilton,Nevada,Christmas Island,-31.2557,124.358,conventus,theca,laboriosam,vis,sol,delibero,libero,87,211.51575265843474,92,defleo,3,1,3,true,0.04135621287634214,2023-02-27T09:58:31.881Z,"Auer, Hintz and Russel",true
9625a342-a94b-4007-b509-f828086dcf9c,2025-02-16T15:59:58.045Z,Welchberg,New Hampshire,Libyan Arab Jamahiriya,-57.1972,-115.7107,cur,ascit,mollitia,sub,natus,vulnero,corporis,75,6.48343392059596,30,titulus,0,0,2,true,0.24624966318185698,2020-08-02T01:09:37.058Z,Spencer Group,false
a82e6a9c-1ca1-46de-b1ce-2bdc45d1c5e6,2024-06-30T20:47:37.028Z,Jeremieville,West Virginia,Tunisia,-40.7176,-87.855,vix,consequatur,tondeo,adsuesco,quod,adimpleo,curto,78,14.224939818799935,89,cornu,6,1,5,true,0.12498080810708528,2024-07-22T23:12:20.052Z,Dietrich - Grant,false
71e75a95-9029-461d-a15a-45a409b7e2fe,2021-07-06T19:44:11.599Z,South Eraland,Tennessee,Panama,-77.0471,-178.7302,celo,aurum,tergiversatio,autus,autem,uxor,vulticulus,34,20.243815785410185,70,conatus,3,2,3,false,0.02999237146722597,2019-09-04T13:04:41.683Z,Brown Inc,false
ba80855a-86ed-432f-8aba-b7702900eb60,2021-06-27T20:29:43.353Z,Lauderhill,Maryland,Aland Islands,28.8365,-60.507,admitto,ambulo,carus,coruscus,audax,celo,vinculum,122,128.6683422703661,82,eius,1,2,5,true,0.0672042743549626,2018-11-03T01:10:32.118Z,Deckow and Sons,true
08d6f15a-bf0f-4012-bd9b-1ef847c1fb43,2021-12-10T22:33:19.600Z,East Dayneshire,Wisconsin,Cocos (Keeling) Islands,-15.9463,90.892,voluptatibus,beatus,nisi,mollitia,solio,cauda,solitudo,39,38.08513692208145,31,voluptatum,4,0,3,true,0.21423535832400425,2019-12-18T16:33:36.190Z,Senger Inc,true
d973dae4-99fc-4ce3-b8cb-32005149c2f5,2018-03-03T14:59:56.940Z,Padbergview,Pennsylvania,Argentina,25.7443,160.4022,perspiciatis,cresco,demo,conventus,sui,ipsam,tremo,108,44.079745410628355,42,tergum,0,1,5,true,0.07166966210725917,2025-10-17T03:29:32.514Z,"Hammes, Nikolaus and Effertz",false
27d51222-3e41-4b7f-bad0-08a65152859d,2021-01-14T05:27:23.740Z,Frederikmouth,New Jersey,Benin,12.0736,-99.2921,vestrum,sumo,molestias,studio,constans,cumque,communis,119,131.54295520224989,72,textor,0,2,1,false,0.09095849373607573,2021-08-21T17:14:58.722Z,"Murazik, Kemmer and Sawayn",false
1e51c3aa-081d-4d3f-a83f-9d86f1b87e2b,2019-10-13T08:06:40.223Z,Oberbrunnerborough,Massachusetts,Haiti,51.0191,65.6757,nulla,contigo,defetiscor,templum,stipes,summopere,curia,54,59.31114851589317,97,cimentarius,1,1,1,false,0.0005815390180952673,2020-03-01T13:16:04.488Z,Casper - Huels,false
831169d4-0805-47f4-b951-8169e9915d7a,2020-07-01T13:01:26.527Z,Bonita Springs,South Dakota,China,8.4002,0.1613,aedificium,demoror,delicate,amor,volaticus,bardus,totidem,104,18.818901318510804,45,combibo,3,1,5,true,0.21504041880209357,2023-06-03T05:14:30.191Z,Hermann LLC,true
32c8e7ce-ffdc-4489-83c7-3bf330bf3311,2023-12-19T23:19:18.395Z,Jackberg,West Virginia,Burundi,-24.6461,-144.153,tripudio,aeternus,suppellex,possimus,quidem,cometes,curvo,67,77.62464989228276,55,deripio,4,1,5,true,0.12263546477691925,2020-06-12T05:46:46.513Z,Yost - Lebsack,false
6e454daa-4a0a-4e69-9bd2-a4f53359fd52,2020-03-18T21:36:40.374Z,Spinkachester,Pennsylvania,South Africa,2.8862,23.2894,velit,spiritus,aeternus,ter,terra,cursim,caritas,113,37.56302851471588,21,adflicto,5,2,3,false,0.031051247731110176,2023-09-02T09:31:46.643Z,Schoen - Bartell,false
748f98fb-5583-421f-bc4c-b2fc3a8a3e7c,2020-04-15T10:12:33.256Z,Fort Troy,Alaska,Luxembourg,87.457,2.8116,cumque,venustas,contabesco,tersus,quo,alienus,tripudio,77,170.92772554689356,94,talus,4,0,1,false,0.1123375089865788,2025-06-29T05:17:20.968Z,Morar Inc,false
c93edccc-ec1b-4d8f-a4d0-b246b8908254,2021-08-19T04:37:52.027Z,Aishafurt,Massachusetts,United States of America,61.5952,46.0063,aer,saepe,vester,vigor,cunae,summa,administratio,85,225.61438637135376,32,tribuo,5,0,5,true,0.22345959051050943,2025-04-28T00:32:42.746Z,Erdman - Windler,true
e177cf8b-01c8-414b-b592-0822aafb574e,2021-05-04T11:05:04.077Z,Port Sheridan,Arizona,United States Minor Outlying Islands,34.0033,-113.5553,volutabrum,deleo,canis,thorax,cursus,atavus,temeritas,74,172.79906795660017,35,sopor,3,1,5,true,0.14923361448566483,2020-03-07T02:55:31.661Z,Jones - Romaguera,false
ba8bc8f7-4155-4454-b517-0e1065612043,2020-09-09T18:57:11.757Z,Fargo,Massachusetts,Costa Rica,-15.4888,156.0365,velut,apto,porro,denuncio,correptius,succedo,velum,114,153.08140997414003,74,aliqua,2,1,3,true,0.15058067386790197,2023-03-21T06:09:08.095Z,Orn Group,true
529de362-0d35-4b81-ab90-491e03b8598e,2021-07-12T15:49:22.100Z,New Jarrell,Oklahoma,Uruguay,-19.7753,106.7824,deleo,ducimus,solitudo,dicta,quisquam,corrumpo,sursum,57,41.48186020801782,79,aliqua,2,1,2,true,0.03193736669154895,2019-08-08T14:09:38.910Z,Grady Inc,false
73f2dce9-fabb-4312-92bf-e717031cb3eb,2020-08-16T09:18:35.575Z,Fort Collins,Hawaii,Czechia,-18.5321,-122.1015,alienus,sui,aureus,ex,paulatim,accommodo,pauci,35,218.02486186367295,38,auditor,0,0,3,true,0.00048320832314874274,2019-08-10T12:41:21.587Z,Mraz - Zieme,true
a3a792de-27d7-42fc-a5cb-8312c73ad741,2024-12-07T07:34:25.672Z,New Randallview,Florida,North Macedonia,12.7152,-32.4329,ait,universe,absorbeo,valetudo,arbor,ventito,aureus,32,83.05542682278399,69,ceno,4,1,4,false,0.22535630595948708,2025-11-05T18:16:01.606Z,Auer - Ryan,true
7d161614-f6fa-43ee-9581-18526c42de4a,2024-05-13T03:44:44.444Z,Soledadfort,Ohio,Croatia,-6.3763,41.8219,desolo,teres,depereo,canonicus,abstergo,careo,allatus,72,55.53532480726823,85,aeger,4,0,5,true,0.09999700633961048,2020-06-01T14:34:43.061Z,"McCullough, Cormier and Reynolds",false
e39d7772-e3d9-4583-a58b-95003a9ab1b9,2018-01-11T18:23:32.250Z,Corpus Christi,Illinois,Namibia,0.4228,141.2744,votum,desolo,utrum,nam,color,delinquo,aperte,60,153.37446241469843,31,corporis,6,2,3,false,0.1749048461612412,2024-03-11T14:17:56.639Z,Jones LLC,false
cf88a276-fc83-4f9a-a7be-a969e275465d,2020-03-28T11:24:25.350Z,Thousand Oaks,Idaho,"Virgin Islands, U.S.",24.6162,104.1505,commodi,absconditus,adduco,aduro,voluptatum,tergum,bestia,124,186.57535492297436,32,decimus,2,1,5,true,0.03519354101046851,2018-06-28T21:55:43.748Z,Stracke Inc,false
08f80360-575c-4577-abe2-9198021cf034,2024-10-02T12:04:26.493Z,Christyhaven,New Jersey,New Caledonia,-65.289,-162.9524,catena,officia,quam,attollo,acerbitas,vinum,aliquam,84,64.53109103307455,36,eveniet,1,0,4,false,0.17499290653764576,2024-07-21T03:47:50.796Z,Ortiz - Rice,false
63fde21d-f8a3-46a6-969c-f370a4f97e75,2019-09-07T17:56:49.652Z,West Maddison,Kentucky,New Zealand,-17.8333,-66.4723,vergo,curtus,vallum,copiose,aliquam,possimus,summopere,38,175.3407667977794,37,timor,3,0,2,false,0.10429524418716823,2018-05-23T05:03:11.188Z,"Jerde, Hyatt and Wisozk",false
0819cf2c-0e93-4599-8042-933f89bd16b5,2018-07-23T18:43:36.064Z,Benjaminstad,Indiana,Singapore,-39.226,-174.332,vesica,decipio,aggredior,contabesco,contabesco,tripudio,vulgaris,92,94.14406215263182,25,pecus,4,0,5,false,0.06774781608375618,2018-01-04T05:28:21.663Z,"Blanda, Wiza and Okuneva",false
3f3b772f-1678-4575-86d7-4e079412e1df,2020-11-07T00:17:48.768Z,North Imogene,Texas,Barbados,17.1209,15.4929,tamen,stillicidium,beneficium,sulum,sponte,quasi,corporis,51,29.01989668105628,89,conatus,5,0,1,false,0.027493514683814474,2022-05-18T07:53:17.810Z,Stiedemann and Sons,false
68192a19-c3c9-4dab-8ef9-15d7de461706,2018-02-14T02:53:36.507Z,West Ila,Oklahoma,Somalia,-69.8793,178.4826,cinis,conicio,attonbitus,creber,tepesco,rem,cariosus,48,46.84971180202624,50,cavus,2,0,4,false,0.10592945586416672,2022-07-25T04:56:16.029Z,Glover LLC,false
7b1a876f-9f2a-4b8d-b71d-cad1bdb3c4f6,2021-09-24T06:26:48.197Z,Lauderhill,Vermont,Panama,9.8219,-148.2792,strenuus,ducimus,xiphias,vulgo,aptus,eligendi,bellum,71,79.80274419771901,63,curatio,0,0,4,true,0.04191660728194263,2019-01-20T11:14:34.157Z,"Flatley, Crist and Hagenes",true
2d42e9b5-1773-449c-8351-116f8156c417,2022-12-26T12:08:19.650Z,West Markland,Georgia,Ecuador,-68.4443,-10.7924,auctor,vobis,condico,cicuta,talio,tego,deleo,124,211.30689910276814,69,vomer,3,2,4,false,0.20038393710206417,2018-12-12T08:52:51.514Z,"Adams, Blick and Abshire",true
066f202e-c472-4afe-9313-e474a78dce95,2018-07-30T16:57:38.134Z,Graysonboro,Montana,Austria,-87.3693,33.4704,comminor,amplitudo,confido,atavus,consuasor,consequuntur,vergo,86,228.2390886300737,65,testimonium,4,1,3,false,0.002547425115930896,2022-12-06T05:28:14.534Z,White Inc,true
f6c86abe-3086-4fc7-a7c3-24f717781ed4,2025-02-24T14:51:31.883Z,Abernathycester,Wisconsin,Brazil,35.1675,98.0981,adulatio,cado,thymbra,vindico,tam,defleo,terga,52,220.4221684062626,18,vitium,0,2,4,false,0.24600923118818582,2023-06-05T23:55:50.076Z,"Harris, Ferry and Haag",true
f6f66ed5-f58e-4ae6-9645-1e1bb3af7128,2025-11-20T20:07:02.426Z,Hagenesfield,Montana,Ukraine,-77.5905,74.5883,deinde,volva,aequitas,reiciendis,crustulum,stultus,strues,98,92.55660861721778,75,consectetur,3,0,4,false,0.06704954722309808,2022-01-12T05:23:26.220Z,Miller - Spencer,false
26b98f34-f986-4e9d-a8dc-374648bb5528,2024-08-06T21:52:51.787Z,South Darryl,Kansas,Qatar,-5.3083,-26.3704,vitiosus,ipsa,culpa,attero,abeo,velum,thema,24,63.56830651646736,34,rem,2,0,5,false,0.2386220670428621,2023-10-18T02:26:10.942Z,"Rath, Sawayn and Runolfsdottir",true