accident_id,incident_datetime,city,state,country,latitude,longitude,road_name,road_type,intersection_type,accident_type,weather_condition,road_condition,light_condition,speed_limit,actual_speed_kph,driver_age,driver_gender,casualties,fatalities,vehicles_involved,alcohol_influence,blood_alcohol_level,weather_reported_at,reporting_department,pedestrian_involved
c015ec96-385d-4d00-ace2-36b3708fc028,2025-06-28T08:01:34.591Z,Lake Hassie,Illinois,Argentina,-19.095,-116.4682,adfectus,apostolus,deleniti,vesco,asporto,textor,earum,104,43.04824615140915,47,temporibus,0,2,4,false,0.19554721780131204,2021-04-28T17:16:11.668Z,Barton - Anderson,true
bd150e51-5b18-410e-bfec-f52eb7f8fd32,2021-01-13T15:58:35.174Z,East Arvilla,Alabama,Finland,28.0052,-33.7151,antea,ter,cupressus,animadverto,texo,cerno,qui,102,167.90612383207215,40,suscipio,1,2,4,true,0.0849908958651874,2018-09-11T13:32:06.175Z,Schroeder - Langworth,true
a857d467-e402-47b5-9f64-b1c21c1ac215,2022-12-14T18:36:57.128Z,Wiegandville,Nebraska,United States of America,-62.4228,100.3979,validus,trado,aggredior,cura,viduo,vitium,cibo,74,217.3884085986161,59,optio,6,1,4,false,0.23378675112736172,2020-11-01T12:30:55.390Z,Emmerich - Jacobson,false
de0a4438-bfdb-4c43-a581-0527f2a5ce38,2022-04-07T21:44:45.639Z,Huntersville,North Dakota,Zambia,-79.6267,110.398,tondeo,delicate,illo,excepturi,cresco,addo,colligo,40,57.00376447862452,64,clarus,4,0,3,false,0.20089954443338598,2022-08-01T04:25:30.311Z,"Schulist, Greenfelder and Kessler",false
affde28b-8ddc-408f-8b88-0010ec270529,2025-09-02T10:01:08.746Z,Stephonfort,Montana,El Salvador,48.083,-98.3237,curto,conventus,atqui,curto,basium,sit,vitiosus,63,58.5490324818663,41,vilicus,5,2,4,true,0.1070897763766725,2018-03-25T13:49:26.487Z,Lowe Group,true
2941621c-1e27-42fa-85da-ee5858c50422,2021-12-21T19:36:06.157Z,Yundtview,Maryland,Bolivia,30.4764,135.9318,sulum,libero,dolorem,vinitor,auditor,creo,quasi,60,153.30614188733549,16,animi,1,2,5,false,0.11846924663308264,2024-07-10T07:26:08.581Z,Schoen - Franecki,true
fef9ecf7-e74c-43e3-b6a0-5719b02c9d99,2021-02-23T21:47:27.269Z,Brionnafield,West Virginia,Estonia,-16.0386,87.9066,acies,tripudio,derideo,utilis,quibusdam,quo,crustulum,50,13.038850620710205,32,verbera,5,2,3,false,0.2352403220367363,2023-08-05T12:09:46.080Z,Dickens - O'Reilly,false
a83304d3-b28a-49db-991c-6875cd5792e6,2019-08-28T20:51:25.706Z,Lake Eusebiostead,Missouri,Heard Island and McDonald Islands,-55.2634,172.182,acceptus,admoneo,acceptus,totidem,vindico,deserunt,adulescens,39,66.12131240837171,100,vel,0,2,1,false,0.22314273261333045,2025-01-15T17:27:37.804Z,"Koch, O'Hara and Hamill",false
bc25edeb-1c9d-4de7-a5d6-98855839ec0a,2025-08-22T13:42:05.067Z,Vivastad,Vermont,Zimbabwe,13.8511,-32.7474,spiculum,cernuus,thorax,creber,uberrime,bestia,dolore,122,5.170334697342165,88,claro,1,1,2,true,0.17691967949263818,2022-01-28T23:28:15.634Z,Murazik Group,true
c0aed367-3a10-4196-bfd7-05cad4b8db93,2018-02-24T19:42:55.326Z,Bismarck,Pennsylvania,Madagascar,-13.4588,-50.3096,tenus,cubicularis,deludo,sponte,adhaero,trans,commemoro,123,83.20969337036458,67,dolores,1,2,2,true,0.19100295943551676,2022-05-30T05:19:53.992Z,Franey and Sons,true
c81f200f-f7ba-4353-a634-784da1493878,2025-06-29T12:45:10.274Z,Port Ignatiusfurt,South Dakota,Jordan,-23.1724,-45.1792,adulatio,rerum,defetiscor,doloremque,aliquid,dicta,congregatio,90,71.09291752181645,75,solio,6,2,5,false,0.12411654874691566,2022-03-06T06:49:12.832Z,Lesch Group,true
0f5ebf31-293e-426a-ae58-81687a29b42f,2020-11-14T16:08:36.806Z,Veumhaven,Hawaii,Marshall Islands,29.816,-135.3499,calamitas,suscipio,quasi,caveo,stillicidium,templum,defendo,114,238.9200769238858,29,suffragium,4,2,4,false,0.16492838013667876,2022-05-17T10:05:02.978Z,Runolfsson - Runolfsson,false
1b241b31-eb10-497d-b12d-9c5e8cd33551,2020-05-02T07:48:55.839Z,Santa Clarita,Hawaii,Iraq,-1.2649,-137.2815,tener,maxime,charisma,tres,decens,rerum,creta,34,79.08912191110882,89,abstergo,6,1,5,true,0.2378363302763271,2025-09-11T21:26:46.102Z,Nitzsche - Wilderman,true
b0ab5986-e3d0-4818-8986-06876b6d475c,2022-03-08T17:35:53.988Z,Shanietown,Montana,Denmark,11.4535,-119.2304,cohibeo,vestrum,velociter,illum,bis,provident,videlicet,92,234.98931177014936,76,colligo,6,0,2,true,0.14806711100993417,2022-04-10T01:17:34.646Z,Effertz - Huels,false
cd761873-3934-4e89-92d5-e453f7cfa6f2,2024-06-26T19:53:50.814Z,East Susana,South Carolina,Bouvet Island,44.0875,-92.458,articulus,tandem,dapifer,corrupti,cur,clementia,ait,87,1.936298415165325,30,suscipio,5,1,3,true,0.10689705622027698,2022-04-10T07:34:03.107Z,Mosciski LLC,false
a39a7b34-60d2-456b-9347-9a1ab39370c1,2024-09-22T06:20:55.575Z,Lake Braden,North Carolina,United States Minor Outlying Islands,-39.6949,-59.2023,pauci,allatus,subiungo,debeo,cibus,suadeo,bardus,130,52.72634551279724,53,beatus,4,0,4,true,0.06840215375999087,2018-04-20T11:03:44.995Z,"Homenick, Farrell and Rogahn",true
7b39f95a-a916-478f-877f-2d2b835e1787,2025-07-27T00:20:24.070Z,Rohnert Park,Rhode Island,South Africa,68.6762,26.5448,deripio,corrupti,acidus,denuncio,ambulo,cum,terror,51,158.1991694301987,20,delego,2,2,3,false,0.18326545437472794,2025-01-08T03:15:40.424Z,"Christiansen, Rice and Sporer",true
2fab1a62-829b-493e-b397-5a1b42cc9096,2023-06-20T06:17:52.648Z,Spencertown,Arizona,Kenya,22.0205,118.6257,deputo,pecco,absum,crux,atavus,tonsor,deorsum,60,61.37500543640107,86,succedo,6,1,3,true,0.062476010572175944,2024-10-17T12:58:43.870Z,"Anderson, McCullough and Stark",false
8a3da832-f98a-47ef-8ada-fd6b42fcc3e3,2019-08-23T08:20:24.960Z,Santa Ana,Maryland,"Virgin Islands, British",-34.1071,-54.3101,solium,ascisco,expedita,astrum,terminatio,aiunt,capitulus,89,224.3739394116247,58,caveo,1,0,5,false,0.1717445447231046,2025-08-31T22:06:03.804Z,Huels - Fahey,false
5101fe8b-88c9-4440-b456-533d72e787ad,2020-02-16T02:55:33.848Z,Wardside,New Hampshire,Macao,24.7222,63.6829,casso,velit,deduco,hic,thesis,anser,decimus,84,163.61578382756915,55,quo,3,2,4,true,0.13556278435496955,2021-02-16T17:58:51.628Z,"Hayes, Leannon and Schowalter",false
36b06ef9-8b45-4f8a-a876-e77e7eb9a871,2018-09-26T05:43:58.315Z,Mattiestead,North Carolina,Gambia,68.9163,-155.3174,tempus,venustas,ulciscor,voluptates,aggero,tabernus,delectus,35,110.89007778877553,46,odit,3,0,1,true,0.05240004059837575,2019-03-06T01:22:02.645Z,"Senger, Fritsch and Lueilwitz",false
3e02dc2d-103a-4e92-8dc7-fb58de896ce9,2022-06-04T12:04:08.735Z,Willton,Oklahoma,Saint Pierre and Miquelon,65.7628,-50.868,cinis,utroque,deprecator,clarus,atavus,strenuus,umquam,117,85.84304293067683,41,tergiversatio,4,2,5,true,0.037152866258039874,2023-10-25T17:43:38.215Z,"Kemmer, Kutch and Fay",true
78c11352-9a7a-4a90-9a9e-ef319cb94635,2019-01-08T12:29:51.061Z,Lake Nicolasstead,Maryland,Cayman Islands,27.231,6.3795,consectetur,cilicium,quo,thorax,comitatus,aggredior,sto,94,116.13413521691504,44,agnitio,1,0,1,false,0.13208572057536494,2020-12-02T13:58:10.988Z,Okuneva - Bartoletti,false
660d038d-0d37-4666-ab5d-1360a1075f27,2019-08-05T03:11:44.308Z,Nampa,Alabama,Bouvet Island,65.6811,-60.7335,supra,delectatio,sollers,crapula,vivo,vespillo,comparo,84,228.51917274120427,65,angulus,3,0,3,true,0.21895433021666985,2025-01-30T20:29:51.347Z,"Moen, Haag and Mills",true
4ce52142-8019-4787-b81a-11f9b4845585,2024-05-21T21:33:31.091Z,Hackettbury,Arkansas,Bahamas,11.5038,16.1474,uterque,terminatio,umquam,ante,aeger,veniam,cetera,32,133.5532663221877,44,copiose,1,2,4,false,0.191368148247608,2025-05-06T09:46:10.990Z,Braun - Pouros,true
56f5b917-006e-4898-83f4-8dcb5af54be8,2024-02-17T21:32:59.313Z,Port Dee,Wisconsin,Algeria,-32.3561,177.6788,defero,comis,terga,vir,turbo,carmen,tardus,104,148.5545284228179,58,comes,3,0,2,true,0.005168919445969838,2023-12-01T01:06:18.035Z,Rogahn - Gutmann,true
10f6339a-af77-4fe4-ab7d-e39be070f194,2024-05-21T12:28:14.356Z,Port Alvena,Minnesota,Slovenia,45.553,138.6706,autem,denuncio,blanditiis,depopulo,tabesco,custodia,reiciendis,53,232.06548643520242,23,curso,2,2,4,false,0.2431562046548779,2022-08-18T05:50:53.433Z,"Bogan, Ratke and Mertz",false
640ca68c-8a57-487d-a652-f7c6148fa582,2025-11-17T10:46:51.237Z,New Rochelle,Louisiana,Namibia,77.2726,56.1646,tempore,ullus,caput,claustrum,tunc,bellum,recusandae,115,0.3608124670666779,99,conatus,2,1,1,false,0.10331328398932088,2022-07-19T16:09:59.063Z,"Welch, Erdman and Herzog",true
044489d8-03fd-4041-b308-a2e1ed0e8213,2023-09-06T05:17:36.048Z,Fort Kaleview,Minnesota,Uruguay,-60.2351,46.6502,sunt,supellex,vulnus,et,culpa,aegrus,quidem,96,57.66745554238337,99,culpa,3,0,4,true,0.18190635503113786,2020-03-28T04:39:40.292Z,Fadel Group,true
5e0d5f89-8f1e-4665-be26-7f7df6a25f42,2021-10-06T15:48:56.033Z,Port Owen,Delaware,Italy,-88.4244,-163.8669,cultellus,statim,tersus,cado,patior,caute,abundans,100,3.6447576657495517,48,una,1,1,2,false,0.1039373896981147,2018-02-13T03:40:23.683Z,"Corwin, Conroy and Bernhard",false
ac60d510-994d-487a-87a6-6025b99191fc,2025-01-19T02:22:25.365Z,Madelynstead,Georgia,Slovenia,-9.5449,43.8505,subvenio,adfectus,celo,articulus,vitae,aqua,eos,22,19.49095863210207,20,demo,3,0,5,false,0.0076093930185339165,2025-08-05T20:20:57.576Z,"Franecki, Champlin and Kiehn",true
c08c2ed3-cd93-4506-983c-29312dc94104,2025-05-18T07:29:46.971Z,Lake Tremaine,New Hampshire,Bosnia and Herzegovina,57.1815,177.2636,tamen,delibero,tenuis,abstergo,audacia,clamo,accommodo,28,184.93626062522824,19,usque,2,2,2,true,0.11955068054042853,2023-10-17T05:32:32.068Z,McLaughlin - Lueilwitz,false
60e5e9f6-2ba2-40ee-a6e2-023a11349e8d,2022-07-21T22:43:22.356Z,Fort Amira,Ohio,American Samoa,70.5515,93.5931,volutabrum,canto,trucido,despecto,vehemens,angelus,deinde,126,223.3022205763178,35,contigo,0,0,5,false,0.05317304366420003,2023-03-17T23:41:28.394Z,Welch and Sons,false
a0ebb46a-fc2b-41f7-bcbb-a5b37b8201c9,2022-10-15T01:45:04.203Z,Ellicott City,New Hampshire,Pakistan,-77.4656,102.0501,attonbitus,tametsi,cena,acquiro,atavus,amor,solutio,79,150.91282563292702,98,eos,0,1,4,true,0.0036253269965040302,2019-09-01T10:25:27.388Z,Bartoletti and Sons,false
35886650-8271-4e03-83a3-98c49265b6ef,2025-06-28T12:01:46.958Z,South Unafort,Idaho,Guinea,-42.4561,99.1582,vehemens,uredo,termes,suspendo,vorago,virtus,itaque,115,20.467999182977135,62,amicitia,2,2,5,true,0.14986939838079072,2020-09-07T12:55:14.636Z,Langosh and Sons,true
e501abb2-01c9-4516-b868-8e4d053c38e8,2022-10-08T05:28:11.458Z,Toyshire,Tennessee,Bolivia,-28.0331,159.3447,vilitas,tricesimus,mollitia,amitto,autem,confugo,conturbo,73,226.89306682085262,82,caput,6,0,1,false,0.20189091550913135,2019-02-02T19:55:31.388Z,Wilkinson - Beer,false
a34de81c-4228-459b-a9c9-70ddd58d45b7,2024-08-25T20:58:00.428Z,Merced,Tennessee,France,-1.8423,-156.2443,coniuratio,ago,tego,tres,blandior,ago,cupiditate,37,146.50705485870213,83,dedecor,3,2,4,true,0.12222439241592223,2025-11-29T12:48:25.258Z,Swift Group,false
612d083f-071a-4f04-a639-b57552b4617b,2024-10-10T12:05:46.304Z,Placentia,Texas,Antarctica,35.4769,-112.3061,talus,defaeco,coruscus,vallum,viriliter,iusto,vinco,60,55.39361565258548,33,summisse,5,2,4,false,0.1939968609361386,2018-10-22T03:29:03.695Z,"Stamm, Witting and Lemke",false
9363c42e-d69e-4160-bf29-19b3c3e266be,2025-08-10T13:53:07.721Z,Lake Dawsonchester,Maine,Sudan,-88.8579,-66.4922,administratio,distinctio,auctus,debitis,delicate,laudantium,cauda,51,233.9989774196375,53,vilis,3,1,4,true,0.21822788774166818,2023-09-15T13:42:29.359Z,"Welch, Williamson and Maggio",true
2771847a-b544-4693-960e-eba6fa808d0a,2018-02-13T09:52:00.762Z,Runolfssonstad,Ohio,Monaco,-34.3654,-100.4227,voluptatum,quidem,amet,cohibeo,depraedor,suffragium,vos,110,126.83686229063417,37,ulciscor,6,1,1,true,0.20958797102066037,2025-01-11T18:57:08.491Z,"McGlynn, Price and Pollich",false
f0e1f2d2-3bdb-4116-9173-3ca9e8a5fe46,2025-11-14T22:56:33.194Z,North Terrenceberg,Wyoming,Antigua and Barbuda,-26.4614,-124.4647,pecco,varius,vomer,curis,celo,cognomen,cresco,68,39.59730696333498,89,arceo,4,1,5,true,0.04145286342089699,2022-01-16T10:28:27.443Z,Gottlieb LLC,true
8a28fa5d-81d8-4120-9be4-f12f88a4c61f,2021-06-19T00:21:20.222Z,Sanfordworth,West Virginia,Morocco,66.0234,-23.2787,asporto,tumultus,tabella,cogo,coerceo,thorax,ara,63,178.5348069302383,45,ars,3,2,2,false,0.23203283739584848,2022-02-28T10:58:59.160Z,Skiles Inc,true
8c6eff37-8a49-4018-a615-828cf169852c,2021-04-10T23:28:40.441Z,Bernierfurt,Arizona,Germany,22.8243,146.5414,defungo,coerceo,curvo,amplitudo,corporis,decumbo,volup,115,197.45909665000704,74,canonicus,2,1,2,true,0.06915739975413268,2018-02-01T16:30:27.824Z,"Marks, Kreiger and Huel",false
b6eb9c5f-0483-43a0-815c-a7c7f8aa59c0,2019-09-14T04:15:10.831Z,Lake Makayla,Nebraska,Eritrea,22.9339,146.5003,cetera,officiis,tactus,ater,demulceo,aeneus,tabella,74,207.69556204264293,31,appello,5,2,3,true,0.10460217438224276,2025-11-08T12:58:55.379Z,Cronin and Sons,true
79c61bc7-dd11-409d-aefd-4da95c4861a2,2020-09-02T04:00:31.198Z,Taunton,Maryland,Liberia,-2.6407,77.6464,curriculum,abbas,sapiente,crapula,aro,provident,crastinus,25,117.89240225286656,50,audio,2,2,4,false,0.0307675792970325,2023-05-08T16:32:52.558Z,Hartmann - Ferry,true
9437e408-9495-4fa0-ad67-c1e6f132f4a7,2020-10-10T18:17:22.324Z,Roderickside,New Jersey,Sweden,-38.9057,66.4532,fugit,eius,excepturi,combibo,ago,arca,votum,41,149.08722034134567,21,beatus,6,0,1,true,0.10484045771652512,2020-04-21T10:08:57.861Z,Hirthe - Hilpert,false
3e752506-59cd-4fad-9bb4-d04628d0aba3,2024-10-02T20:58:42.993Z,Port Alanischester,Oregon,Dominican Republic,60.4575,-17.7585,asperiores,cribro,cupressus,defessus,suus,iure,confero,126,205.94380933291308,56,centum,1,2,2,false,0.12336196146550005,2021-04-09T08:46:54.414Z,Funk and Sons,true
46f8a132-51bd-41b3-976c-b7843bb4a4c7,2019-04-04T04:09:56.957Z,East Kristinstead,North Dakota,Netherlands,70.549,-81.5243,damno,curriculum,at,cuius,cohaero,ultio,strenuus,52,62.9697974139298,77,auctus,3,0,2,true,0.17083321532895135,2025-04-11T17:46:06.830Z,Robel Inc,true
ec485968-d78e-4e4d-889c-aabcd1b1e466,2023-09-17T02:48:39.221Z,Pico Rivera,Wyoming,Norfolk Island,9.928,-140.6279,tantum,deripio,non,spes,deleo,video,certe,33,34.99113796763964,55,pariatur,5,1,1,false,0.16269521809541704,2022-05-09T00:30:08.253Z,Gerhold - Buckridge,true
5c43f0ee-a146-4788-9029-c165601b7ec2,2018-02-08T06:38:51.931Z,Sheridanstead,South Dakota,Finland,40.0388,32.7161,textilis,labore,centum,trepide,decipio,tempus,uterque,56,105.88503190017883,24,caput,5,0,3,true,0.06551583295619595,2021-01-28T10:06:39.715Z,Pagac - Bernhard,true
4dee70e6-ff12-49d5-a08b-c03f0909991a,2025-12-26T00:20:05.514Z,Okunevaburgh,Utah,Ireland,-2.7938,-172.4452,tactus,solutio,advenio,est,conturbo,solutio,decerno,54,157.92130839603115,50,despecto,1,2,3,false,0.09814677709213854,2020-09-13T16:34:11.906Z,"Kutch, Rosenbaum and Hamill",false
0d409776-ce92-4e60-ae40-43e0c2769605,2021-07-08T14:14:53.478Z,South Aleenfort,North Carolina,Faroe Islands,-39.1623,62.8122,cras,super,coerceo,cernuus,vulticulus,aeneus,ambulo,106,104.4691495435911,53,aveho,3,0,5,false,0.19816915246597988,2021-07-04T20:32:52.524Z,Bahringer LLC,false
0e8c7dd3-a324-4c9b-964d-b1e4c2f06ebd,2025-10-19T08:22:46.788Z,West Kailyntown,Nebraska,Reunion,-22.3381,-167.704,bos,tricesimus,comprehendo,curto,aestus,talus,animi,95,28.922462126137034,96,adflicto,2,0,5,true,0.2308130338951801,2019-02-13T18:35:45.490Z,Rau Group,true
426dbb56-7d4d-45dc-a219-c8dba7231ecc,2018-08-02T02:01:38.380Z,North Darienfort,Florida,Armenia,-29.418,-16.3754,defendo,cohors,correptius,curia,sponte,umerus,cado,64,104.61449359715797,82,aeneus,2,2,2,true,0.0453155859809469,2019-10-17T05:45:07.205Z,Swift Group,true
7de7e525-d142-4b24-8810-f05c2afe9c36,2022-12-19T22:47:19.802Z,Candidahaven,Minnesota,Curacao,49.3294,164.995,cilicium,desino,vergo,avarus,crebro,est,umbra,126,18.61854080047796,40,annus,1,1,2,false,0.03761720785408065,2021-11-29T13:14:33.789Z,"Pfannerstill, Huels and Larson",false
fa9aca5a-a37d-4f57-b883-3f014ea3928d,2020-06-22T12:19:36.056Z,Fort Hayliefurt,Missouri,Uganda,-10.3594,86.6472,decens,fugiat,caecus,adhuc,vir,copiose,stillicidium,63,63.4270114582716,87,cognomen,4,1,2,false,0.12903019346838193,2019-08-20T22:32:02.980Z,"Schmitt, Nader and Wintheiser",false
22cf33a1-19e8-4dc8-ae40-111915ab6302,2018-06-16T05:03:01.746Z,North Austyn,North Carolina,Tuvalu,-86.345,55.3687,curo,velum,iure,victus,colo,cuius,desipio,42,172.35039129246363,74,omnis,3,1,4,true,0.2465646679680472,2023-02-25T16:27:12.107Z,Waelchi - Osinski,false
da5c0d9c-4661-4195-a749-c5a417da035c,2021-01-01T15:40:24.474Z,Josephineberg,Arizona,San Marino,-29.7088,-164.9702,absque,auditor,termes,magnam,vox,tonsor,tergiversatio,128,45.77735237170339,90,crudelis,4,1,2,true,0.1124584791237773,2018-03-14T17:04:20.189Z,Leannon LLC,true
dbd8a8a7-a6d1-45be-8e18-9f2ba103841c,2021-01-24T13:24:03.086Z,North Seth,Louisiana,Israel,-81.455,37.0355,caelum,aurum,adiuvo,adicio,pax,arca,acidus,107,60.735965034342,27,auctor,2,0,4,true,0.19755304477263194,2023-07-17T18:38:37.562Z,Ziemann Inc,true
49f09840-2118-44f5-906d-c1c99e12b8fd,2024-09-09T06:19:34.103Z,Fort Caleb,Nevada,Liberia,5.6143,70.2419,bellicus,curatio,uredo,ceno,optio,torrens,necessitatibus,41,96.20486189605654,84,degusto,0,0,1,true,0.1537284240283293,2022-07-10T13:07:01.401Z,"Nolan, Boyer and DuBuque",false
c95e4d37-4dde-4b37-9376-96fbfad4bef2,2023-03-07T19:26:57.977Z,Mauricioworth,Nevada,Liechtenstein,-50.0946,-115.3423,torqueo,suscipio,dicta,caveo,placeat,textilis,conqueror,76,75.31804780829431,23,sit,2,0,5,false,0.10953615755206056,2018-11-15T03:12:35.915Z,Kshlerin LLC,false
4abcd732-a70c-45e1-b511-a9d3965a74b6,2019-09-20T01:09:35.955Z,Taunton,Alabama,Timor-Leste,-12.1575,-8.6696,eos,demens,virgo,eaque,nisi,arma,repellat,59,233.78837379234577,65,coniecto,3,1,1,true,0.07132623032975896,2022-10-10T16:55:07.269Z,"Spencer, Dicki and Grant",false
781eabde-434b-4c6b-9c8b-7323a37d6bbd,2020-02-03T10:33:51.074Z,Linwoodville,Alabama,Cambodia,-44.7523,-27.0798,terga,urbs,comminor,coaegresco,suggero,viscus,testimonium,37,77.53994015973048,31,charisma,4,1,3,true,0.0322158790673098,2023-09-30T01:57:36.669Z,"Farrell, Upton and Feest",false
365bcce8-1595-4d7d-a4d7-f9c1599903ca,2025-09-01T05:22:44.921Z,Grimesfurt,Mississippi,Democratic Republic of the Congo,82.9965,-51.964,amiculum,accendo,succedo,corona,attero,delicate,vix,87,164.43994029211697,59,at,2,1,5,true,0.24915917432965742,2020-02-05T23:49:24.515Z,Jerde Inc,false
41597c59-cd8c-447b-b0c2-ca1617dbff7e,2021-09-04T00:22:30.879Z,North Janaefield,Indiana,Liechtenstein,-8.5209,-93.9649,rerum,voro,vacuus,enim,aperte,vallum,cerno,48,181.96104736608095,93,natus,1,0,1,false,0.010141938341015594,2025-06-01T22:03:55.654Z,"MacGyver, Klein and Ritchie",true
f6bcc845-7ce3-4484-aabe-d0764e46d8dc,2023-02-03T22:15:57.510Z,Jonestown,Washington,Democratic People's Republic of Korea,50.6137,136.8619,vociferor,virgo,adulescens,thorax,temptatio,labore,vox,78,114.24868124591687,54,suffragium,0,0,5,true,0.21201319722630932,2022-10-17T04:16:57.698Z,Herzog Inc,false
fb995959-7253-492d-ab3e-a0d8d86e8959,2025-11-29T04:56:12.120Z,Fritschfield,Delaware,Suriname,66.7764,173.1771,excepturi,cavus,pecus,corrupti,theca,cicuta,circumvenio,44,64.3015943629776,77,animadverto,1,0,1,true,0.10690524213284577,2024-11-13T01:01:23.635Z,Sipes Inc,false
3e8ac3e2-5527-48e0-a38c-fad2b72d3cfe,2024-07-27T03:03:53.169Z,Frederiqueton,Colorado,Colombia,-36.1877,35.1431,voluntarius,sodalitas,copia,eius,quae,illum,crustulum,117,224.7773039311244,26,iusto,5,2,4,true,0.15786847912405524,2025-03-02T10:26:58.803Z,Ondricka LLC,false
7b43aaf2-f8ca-4bad-8fe5-70d73f0d8294,2019-09-07T08:30:18.149Z,Vinceburgh,North Dakota,Japan,6.0931,51.0822,alius,vespillo,celer,ancilla,ullus,debeo,synagoga,52,79.47546239849908,63,fuga,3,2,3,false,0.22862022575204677,2023-01-26T02:18:47.851Z,"Simonis, Hauck and McDermott",false
14db609e-b95c-4e11-ac1a-967ccb99c258,2021-11-27T12:02:43.731Z,Gavinchester,Florida,United States of America,-41.6473,-77.6988,demergo,creator,talis,conitor,bos,umerus,ademptio,39,222.14677339527302,19,strenuus,3,0,4,true,0.08940240143766304,2023-12-08T08:00:08.173Z,"Hirthe, Casper and Hodkiewicz",true
ca42c245-2908-4d3a-8359-e39d06f209d4,2025-12-05T23:10:40.060Z,Emeliafield,Massachusetts,Marshall Islands,70.0514,141.2671,crebro,terror,vis,temperantia,paulatim,sustineo,neque,112,208.25074910248225,16,aegre,6,1,4,false,0.03542822127436643,2025-04-08T18:55:22.415Z,McLaughlin - Bogisich,true
756bb4a5-b10b-42d4-987d-f813afb1e2b8,2021-12-22T15:10:40.459Z,Adamport,New York,Liberia,30.4751,43.7545,spiritus,rem,viduo,volup,terebro,appono,curia,102,51.773039947933235,90,caute,2,1,2,false,0.1750405561889915,2019-06-02T08:42:58.963Z,Pacocha - Predovic,true
85429b0d-6563-4afb-b184-8a41278b606f,2018-11-25T23:08:55.802Z,North Rodrick,Arizona,Mozambique,83.0807,67.0842,velum,venia,adduco,basium,vulnus,tergeo,cimentarius,52,153.42858436336024,79,aperio,4,1,1,true,0.18259638820786459,2024-05-05T13:34:38.556Z,"Heller, Hoppe and Corwin",false
a5ef1cae-0573-423a-8d53-f2fb94314d41,2019-01-20T19:38:54.028Z,Estellaview,Washington,Turkey,-45.3479,48.976,ultio,solium,aspernatur,tactus,abbas,cognatus,tamquam,98,48.54052764107729,41,turbo,0,0,1,true,0.19952101548822052,2022-10-14T02:12:24.481Z,Harris Group,true
1db61414-7101-47c0-9d84-b53c9946dbbb,2025-03-21T03:42:25.633Z,Sidfort,Connecticut,Monaco,18.8647,15.4171,carus,textor,denuo,maiores,alii,theca,turbo,69,43.40629989250182,54,cunae,5,2,4,false,0.128797347715322,2019-07-07T06:48:23.714Z,Abshire Inc,false
e9d23573-26fe-413d-bfa3-b1f8348b74cf,2020-08-31T18:37:28.169Z,Kohlerborough,Vermont,Svalbard & Jan Mayen Islands,43.0398,-21.6656,minima,tendo,dignissimos,tempora,caecus,numquam,communis,47,16.918525501806776,37,ex,3,0,4,false,0.08284918014520193,2019-01-15T17:25:00.136Z,Fritsch - Emard,true
5537972c-c187-4673-b486-22426a61d7d6,2020-08-06T12:12:48.772Z,Redondo Beach,New Hampshire,Romania,-29.0702,94.5982,coaegresco,iste,alius,aequitas,vicinus,compono,vere,96,141.55648763453934,84,cibo,2,2,3,false,0.13811636658292265,2018-02-09T15:03:49.463Z,"Crona, Hand and Sporer",true
b0ef3c5a-0cd7-4234-8020-8ed1338d9d42,2022-04-17T06:55:34.950Z,East Jerald,New Hampshire,Algeria,40.472,111.8827,vestrum,deprecator,ago,summa,non,curis,summa,24,1.548253127714112,32,ater,4,0,1,false,0.1419225950149583,2023-10-05T21:23:40.702Z,McCullough and Sons,true
159ecb30-2caf-413c-81b9-de114c8139b8,2020-04-19T08:59:07.351Z,Salina,Nevada,Holy See (Vatican City State),36.9854,14.8683,truculenter,excepturi,cimentarius,civis,cimentarius,depulso,crustulum,119,78.64007749779043,98,viridis,4,1,3,true,0.1500897475699841,2022-04-16T08:05:43.107Z,"Anderson, Wehner and Gorczany",true
9394f264-53a1-4791-999f-fbb4696bfbc9,2023-02-21T22:17:51.777Z,Minneapolis,Maryland,Germany,51.4373,-6.2297,minima,tollo,quis,accendo,cui,cernuus,aut,29,196.10993799030945,81,caterva,5,2,5,true,0.17060410072799423,2019-01-15T11:17:32.615Z,Kulas - Schmeler,false
6fc61572-d39e-4838-9049-129b9c49d928,2025-06-17T17:00:20.027Z,Lake Alberta,Massachusetts,Sao Tome and Principe,60.4931,11.8601,conicio,strues,adfectus,eum,deduco,velociter,non,89,15.60826902753269,83,amissio,3,1,3,true,0.24787588492212137,2025-11-19T17:58:38.390Z,"Armstrong, Flatley and Maggio",false
7f507c2b-717c-4a8a-850f-e2fa7cba0f28,2021-12-24T14:38:34.573Z,New Jessica,Hawaii,Wallis and Futuna,-53.3289,138.3531,ultio,ipsum,iusto,maiores,demo,utpote,arguo,41,0.9491895678391149,69,tollo,3,2,5,false,0.1167069520293362,2024-04-04T01:06:03.250Z,Reichel Inc,true