accident_id,incident_datetime,city,state,country,latitude,longitude,road_name,road_type,intersection_type,accident_type,weather_condition,road_condition,light_condition,speed_limit,actual_speed_kph,driver_age,driver_gender,casualties,fatalities,vehicles_involved,alcohol_influence,blood_alcohol_level,weather_reported_at,reporting_department,pedestrian_involved
1239805a-3df5-421a-bb31-752817292eb0,2019-06-27T03:02:31.986Z,New Juvenalstead,Kansas,South Africa,15.8847,171.3784,atque,adiuvo,textilis,amicitia,asper,spero,curto,109,121.07751840794225,43,comprehendo,4,0,2,true,0.1812929427847546,2020-12-19T00:16:57.921Z,Heidenreich LLC,false
e3b8fd04-ea21-490d-871a-93d066460fa3,2023-10-13T22:04:05.556Z,Mireyafort,Hawaii,Namibia,-19.8089,-147.9464,certe,eaque,speculum,vado,acceptus,ventosus,aduro,62,82.50949024709503,74,pel,2,1,5,false,0.23390482348161126,2021-04-28T15:15:26.789Z,Schuster - McKenzie,false
519694b7-9322-4505-a2da-cee6b7b220e4,2022-03-10T21:36:57.727Z,Othabury,Missouri,Jordan,-52.3913,-113.6212,beatae,turba,temptatio,caecus,tactus,officiis,atqui,104,168.49557054306587,24,utique,5,0,4,false,0.11307834323725219,2024-02-22T18:53:56.074Z,"Dooley, Aufderhar and Cronin",false
51e82b76-2543-46fc-997e-232c1622381e,2021-07-03T20:34:46.239Z,Steuberstad,Louisiana,Timor-Leste,53.8077,-37.6946,nisi,truculenter,necessitatibus,praesentium,dedecor,tamquam,celo,47,201.4749528312125,61,trans,2,0,3,true,0.1375746075203804,2023-10-15T18:24:59.239Z,"Ziemann, Hermiston and Cartwright",true
931e9d66-c98c-4bda-a110-7b8afbee1e9f,2025-01-11T14:26:54.629Z,Coachella,Hawaii,Netherlands,-66.8263,-149.9313,quaerat,aequitas,decerno,trucido,abduco,spectaculum,thermae,103,176.21275274859747,22,talus,2,2,5,true,0.013454113229666359,2020-08-29T05:41:17.295Z,"Koepp, Klein and Smith",false
b6950281-f688-4e3e-a776-d404f4e48982,2019-05-03T21:56:14.410Z,North Michaelaland,Connecticut,Eritrea,21.0615,-47.1858,torrens,torqueo,eligendi,demonstro,ab,suggero,aduro,80,112.62968009287404,81,cumque,3,0,5,true,0.13544305721802544,2019-02-11T03:23:39.078Z,Will LLC,false
9874ff33-d0da-40b8-802c-0f36a11e0005,2023-06-14T16:28:09.750Z,Veumhaven,Delaware,United Arab Emirates,47.6246,-166.3971,solum,sub,creber,viridis,inflammatio,totidem,in,100,85.26630234300556,91,sint,3,1,2,false,0.21493339588748933,2021-08-28T18:42:12.838Z,Medhurst Inc,false
07fb7ebe-bc7f-472c-9f10-5c113a9e5d3d,2019-05-28T11:35:17.688Z,Lake Jarrod,North Dakota,Ireland,22.8821,159.6101,tristis,utrimque,utrimque,complectus,virtus,ver,tibi,105,162.7609596973712,96,approbo,0,2,4,true,0.05445347802353703,2019-03-20T12:53:26.434Z,Kub - Ward,false
ba777cff-3e57-4429-ada3-39fb510578fc,2019-08-21T21:53:25.633Z,Chapel Hill,New Jersey,El Salvador,-55.5325,-145.3149,comptus,amo,ventito,cuius,aut,acerbitas,sophismata,56,22.081913202557466,91,volutabrum,3,2,1,true,0.032810628284873855,2020-07-28T08:07:50.467Z,Mills Inc,false
8ed13143-9c71-473e-9a78-a89e896a6d28,2020-03-16T20:07:04.822Z,North Johnmouth,Mississippi,Samoa,3.648,-167.692,volutabrum,repellendus,tremo,pauci,tamisium,pax,ut,73,148.94830009108125,45,torqueo,3,1,3,false,0.1814332430569539,2020-02-10T16:12:50.291Z,Dooley and Sons,false
e539e8aa-f8a2-4f19-ab27-5f2b9ffe094f,2024-06-08T00:07:36.240Z,Palm Springs,Mississippi,Madagascar,-14.3733,118.1629,tertius,harum,amo,solus,eum,amplus,bibo,92,194.29841685712668,21,id,5,1,4,true,0.06402582943143667,2018-01-29T07:08:13.078Z,Terry LLC,false
eb1f178a-0f66-4198-a424-c1f9321eaa95,2022-10-30T06:31:20.042Z,Lake Earlene,Colorado,Palestine,-62.6902,160.2385,tres,vitiosus,ex,supellex,crustulum,aduro,creator,69,146.34718358880787,65,arto,1,1,3,true,0.13403548152706804,2018-04-29T23:26:47.911Z,"Huel, Hackett and Mante",false
6ab45c12-68f1-4123-ba1f-f4a3505621a6,2020-09-16T08:19:59.439Z,Fort Katrina,West Virginia,Madagascar,79.3208,8.6025,copia,absum,earum,dolorem,timor,collum,impedit,98,77.13543071625905,65,deficio,2,1,4,false,0.19319469329193265,2019-06-24T04:00:15.268Z,Cruickshank Group,false
f9695725-4690-4063-8bd7-e24251ec740e,2019-07-13T02:44:51.155Z,East Dillonstad,Illinois,Peru,8.6606,-114.8882,compello,absorbeo,angelus,constans,textor,pauci,quos,41,180.94540209801798,27,dolorum,5,1,3,true,0.05544241596390315,2025-08-30T04:18:21.812Z,Kris and Sons,false
ef94a9b0-20a4-4879-b38c-97ecd3243272,2020-12-13T05:36:42.073Z,Ryderside,Alaska,Slovakia,51.9188,131.0629,conventus,valeo,amplexus,calamitas,teneo,tantum,demonstro,42,118.67887369160086,66,pel,6,2,3,false,0.19842154468368225,2018-07-13T03:26:20.565Z,"Jacobi, Wolff and Kuvalis",false
07bca66c-d45b-46f6-9b9c-6f363ee4e215,2021-06-20T13:08:35.075Z,Isactown,Connecticut,Puerto Rico,18.7789,36.5827,officiis,conqueror,ipsa,ultio,sustineo,ratione,tutamen,73,44.71892442495562,46,ab,5,0,1,true,0.1573808186885268,2023-10-27T21:06:21.194Z,Krajcik - Murphy,false
13d12507-ee1d-40ad-9df5-5d9b7d85b03d,2021-02-25T21:50:00.855Z,Coachella,Colorado,Liechtenstein,84.0789,25.4895,venia,crastinus,suppellex,terreo,caste,tendo,carus,76,7.221580143629254,60,comburo,4,0,5,false,0.1970632399173296,2021-08-16T19:28:22.933Z,"Wintheiser, Balistreri and Bergnaum",true
c8f467b6-84ea-4405-91dd-ac21b03c3e50,2025-10-15T17:16:47.676Z,Encinitas,Arkansas,South Georgia and the South Sandwich Islands,-20.0523,96.4096,acquiro,asperiores,supra,compello,virtus,validus,eveniet,124,17.505937211018043,75,cubicularis,0,1,5,true,0.2156662006664078,2025-06-24T12:43:00.385Z,Lockman - Kemmer,false
d404220e-6eb0-4c92-a4f1-82450bd79187,2020-01-30T00:27:33.754Z,Port Royal,Montana,Yemen,-6.8572,-154.0864,stultus,crustulum,defetiscor,dolor,contego,tamisium,traho,108,30.350739485617115,67,officiis,5,2,3,true,0.04549992961053592,2022-12-19T15:12:22.722Z,Morar Group,true
95aa72fa-9c03-4baf-acc8-0fe26018f8d9,2025-09-24T04:44:34.055Z,Wolfborough,Arkansas,Burundi,-81.0209,48.2987,agnitio,aestus,adulatio,derideo,vigor,totam,testimonium,114,18.78879639561149,67,cras,5,2,1,true,0.1779264205705664,2020-11-28T03:29:47.787Z,Cartwright - Schaefer,true
46276bfd-fce1-4026-b8bc-80e19afb653d,2023-12-03T22:12:55.673Z,West Luciousstead,Ohio,Senegal,-32.0647,125.554,et,derideo,tenus,cohors,custodia,auctus,patruus,96,16.203173537998417,38,iure,1,2,2,true,0.15996546346200138,2023-01-28T02:02:24.330Z,"Marquardt, Murazik and Grant",true
9a487637-fa88-4bd8-bdd0-53cd6650a972,2018-04-04T17:23:10.769Z,Carloburgh,Florida,Nepal,-69.0867,112.8945,repellendus,totidem,demergo,abscido,amet,amita,quisquam,118,7.193810627531887,26,vulticulus,2,1,3,false,0.06851321128451321,2025-10-20T08:03:03.071Z,"Morissette, Beahan and Barrows",false
aae0f806-9f2e-493d-b31c-e2b7dfd1dde1,2022-11-10T04:33:10.323Z,West Jeffereyport,Wyoming,Gabon,-25.6599,-124.9052,speciosus,valens,laborum,amoveo,ea,tero,dolore,68,77.475901527456,70,claudeo,3,0,4,false,0.043991778384373875,2024-05-06T01:58:37.056Z,Price - Gorczany,true
6c832182-022e-48ad-a0c5-f68a2dd7bffb,2020-02-28T21:03:44.478Z,Fort Dorotheashire,Minnesota,Montserrat,33.1279,-154.2484,pel,subseco,sonitus,deludo,tui,quis,aperte,102,65.08808983897525,82,cohaero,1,1,2,false,0.1524406074512676,2018-11-05T05:13:19.062Z,Strosin - Emmerich,true
173d1750-7e5e-48bc-9168-231148800f2a,2023-07-23T06:40:55.880Z,Port Ryley,Texas,Gambia,-0.676,-8.2803,claudeo,dolores,cernuus,repellendus,denuncio,charisma,centum,21,212.2308690982877,74,adiuvo,3,0,2,true,0.1769308119521004,2024-03-10T08:55:42.411Z,Weimann LLC,true
7cb556a6-9438-41d6-8d9f-530aba5989b0,2025-07-09T18:17:51.866Z,Bartellshire,Michigan,Afghanistan,-18.5715,-19.3829,clam,adipiscor,curis,vulgo,distinctio,vereor,arma,83,126.3147977076602,57,aegrus,4,0,3,true,0.15141963698137495,2022-12-06T15:02:26.792Z,"Jacobi, Ferry and Gulgowski",false
1246015b-8afd-4fc0-8e9e-10f297d8db44,2025-01-26T18:15:05.055Z,South Betsy,Ohio,Fiji,87.3649,-25.4477,curso,deorsum,somnus,complectus,atrox,vacuus,patria,52,39.993506578858195,16,verbera,2,2,5,false,0.009065506849565752,2019-11-05T03:04:28.055Z,"Corwin, Shields and Schowalter",false
7819632f-d5b9-48eb-8e85-fd63baa213b5,2025-06-27T21:53:33.233Z,Port Dane,New Jersey,Nepal,-55.3761,-105.0544,accommodo,enim,velit,vitae,aedificium,unde,aggredior,25,12.35615430457429,24,denuo,1,1,4,true,0.0984570352988755,2020-08-27T06:48:00.628Z,Goyette - Orn,true
a4c8461c-c865-4857-9324-a258e9d06f1a,2019-02-03T00:54:14.452Z,West Nella,South Dakota,Bahamas,10.7446,-61.8044,illum,ipsum,somniculosus,deprecator,somnus,defendo,pauci,62,236.94092891575355,65,vigor,6,1,1,true,0.06549378073810555,2020-09-08T23:31:11.664Z,"Beatty, Treutel and Wehner",true
76926c07-c364-4dcb-8b5e-617bc7b12b63,2022-09-09T22:15:24.966Z,Port Rudy,Utah,Belize,-70.2389,156.9325,bibo,asper,brevis,cruentus,velut,vel,cervus,108,194.60819302975807,57,praesentium,1,0,4,true,0.14920486325890228,2019-11-18T20:17:13.484Z,"Jones, Huels and Schultz",false
76832207-dcde-4165-8143-7a7a34c5fecc,2022-10-09T05:23:58.424Z,Perris,Texas,Equatorial Guinea,75.5514,-145.7489,coepi,aggero,corroboro,ipsa,conor,centum,vulgaris,85,171.43363072645693,29,strues,1,1,1,false,0.01256730868758138,2018-05-08T19:37:37.958Z,Barton LLC,false
212d4a24-f4fe-4fc0-8602-9e2268c9875e,2020-06-23T09:28:13.842Z,Mollyhaven,Oregon,Armenia,31.9883,100.4187,denuo,deludo,credo,sit,abstergo,strenuus,quam,79,170.70956559406463,80,concido,2,0,2,false,0.17971834313795443,2020-05-03T16:23:15.837Z,Marquardt - Batz,false
c7d9d7a0-a964-4ece-a243-2a1effeb1bba,2025-07-25T06:31:00.968Z,Oklahoma City,Utah,Afghanistan,-48.7219,-66.6755,spiculum,vesco,demonstro,aetas,administratio,vacuus,caries,122,170.0406246373578,72,correptius,6,1,2,true,0.10394661266099847,2019-09-07T02:59:57.004Z,"Olson, Braun and Waelchi",true
18d1b884-4f67-4c2f-997b-a404f6f58ca0,2023-11-12T02:34:17.853Z,Flostead,Florida,Northern Mariana Islands,26.1811,-149.7187,textilis,derelinquo,cubo,natus,adulescens,adamo,cultura,48,80.39763040143679,92,verbera,0,2,4,false,0.03595228738027864,2019-04-29T21:13:21.012Z,"Witting, Welch and Schuppe",false
31472b63-1cae-4b2c-ad40-a07326202aa8,2019-12-21T22:32:21.988Z,Tamiaview,Maine,Tajikistan,-69.3654,88.749,thymbra,fugit,vetus,verus,minima,laborum,compono,64,137.16668456421877,45,pel,2,0,2,false,0.20873813093780072,2019-09-09T12:17:56.864Z,"Bruen, Walter and Bailey",true
b181f3d1-821c-4aa3-bfda-aa3945779d4a,2023-05-09T08:01:18.426Z,Waterloo,Nevada,Chile,62.6366,15.5367,itaque,demitto,facilis,at,adstringo,confugo,terra,100,87.86470611135698,75,corroboro,0,1,3,true,0.15478316919961274,2023-09-28T07:25:20.171Z,Walsh - Rath,true
7e25e148-4c71-40b5-9485-7e4de102d820,2022-09-02T01:50:31.637Z,North Javon,Rhode Island,Finland,-8.4587,123.531,cumque,ipsum,veritas,quaerat,doloremque,tabesco,canto,98,78.8731660552177,23,defleo,3,1,2,false,0.03191807994650203,2020-12-15T13:03:24.278Z,Kassulke - Kessler,true
d6e90e3b-c736-4e66-bd1d-820585faa27c,2022-12-22T20:27:45.807Z,Zulaufbury,Kentucky,Georgia,28.9523,114.9726,desidero,vomer,suscipit,arto,caterva,ver,caput,25,233.5387430037869,17,advoco,1,2,2,false,0.04539078105289951,2019-07-14T08:11:51.580Z,Beier - Turcotte,false
7673c396-beda-4804-950d-55fb81934835,2025-09-07T02:13:58.447Z,West Caleport,Idaho,India,29.4616,-36.5904,suus,dolores,nulla,tenetur,sollicito,tot,communis,72,108.41397619169987,70,atrocitas,1,2,1,false,0.2297370339422483,2020-09-20T23:04:29.048Z,Kovacek - Williamson,true
9826e436-13ae-4a08-aa00-cf879143c7d6,2018-02-28T06:30:54.587Z,North Antonette,Massachusetts,Kiribati,83.848,-56.5412,spes,tutamen,vomica,vix,eos,quo,verto,92,133.44997353713308,72,ipsa,5,0,1,false,0.245797543083173,2023-07-29T00:40:01.515Z,Conroy - Hoeger,true
c3032d9d-d37e-4bd2-a3e6-48f6ff3f0cf7,2019-02-27T19:17:33.598Z,Bakersfield,New Mexico,Sudan,-1.0619,137.0297,clam,asper,tutamen,complectus,temeritas,talis,caute,61,20.947240702637025,41,vitae,5,0,2,true,0.1266031537843934,2022-01-08T19:11:42.940Z,Carter - Altenwerth,false
0d12b948-5b9f-4b3b-8661-8d07290fe695,2022-06-17T02:15:10.524Z,Markshire,North Carolina,Paraguay,-38.9889,-134.7055,tactus,hic,demergo,corporis,tamen,coepi,custodia,45,235.50766385609526,46,cupiditate,6,2,4,false,0.2221740513928465,2023-07-04T19:47:44.550Z,Altenwerth Group,false
ea115f6e-9112-4842-8f98-5bb882570d39,2020-12-24T05:05:03.691Z,Zariafield,Oklahoma,Heard Island and McDonald Islands,-68.3099,-99.6413,laborum,atque,urbanus,sursum,corrupti,vitae,sursum,33,36.34467558760335,73,calculus,0,1,2,true,0.2200755317015401,2025-12-13T14:21:25.369Z,"Gusikowski, Bashirian and Murray",false
1f512bf6-4d44-4428-916b-10a51c07e66d,2018-11-17T06:06:55.792Z,Port St. Lucie,Virginia,Tonga,-29.2319,-118.4777,eos,perspiciatis,conqueror,cursus,terminatio,spiculum,aveho,66,54.909301772513224,52,vir,1,2,2,true,0.21687745018348661,2022-10-27T00:50:54.387Z,Morissette - Simonis,false
8b501faa-0b22-4309-96b7-e5aec47a7e01,2023-04-22T16:31:06.523Z,Kemmertown,Connecticut,Guinea,70.5768,179.3496,conduco,uxor,validus,celebrer,reprehenderit,tamen,clamo,69,212.1977123204329,54,truculenter,2,2,3,false,0.07651877741723595,2020-06-09T07:51:48.421Z,"Cremin, Schimmel and Lindgren",true
7d14362d-be97-4b4d-9f61-c270fd18db42,2022-08-11T23:24:58.385Z,Norvalworth,Oregon,Romania,-15.9087,177.4359,patior,vacuus,perferendis,officiis,adstringo,acerbitas,ventus,110,224.93936818488186,72,averto,2,1,3,true,0.16316360393289137,2025-10-21T22:20:34.379Z,Greenfelder - Luettgen,false
4bb9c74a-9036-4084-925d-a9a183082623,2018-02-22T10:43:38.835Z,Sterling Heights,South Dakota,Guyana,-62.1084,1.3171,ea,voco,villa,vitae,id,cado,alveus,54,220.23210337541892,53,adiuvo,0,1,5,true,0.2091466300866844,2022-03-18T11:53:37.594Z,Zulauf - Cummings,false
28b6a10e-e164-4a83-8d0d-8cb618e5790e,2020-12-11T15:04:54.840Z,South Maxine,Maine,Czechia,-33.9254,64.6667,viridis,calco,subnecto,clam,colligo,caecus,cohors,59,2.3318063396274713,68,tribuo,5,0,3,false,0.2065210192000719,2025-09-19T14:45:23.834Z,"Jast, Kunde and Lebsack",false
e3496448-1f9b-4b4a-853a-17c7a0d11bf9,2021-10-04T08:02:42.384Z,West Claude,Delaware,Iraq,50.3625,95.7424,adflicto,terror,aspicio,amplexus,summisse,capitulus,tepidus,64,92.36502904325204,30,inflammatio,6,0,4,false,0.08141566773203485,2022-02-15T02:52:17.008Z,Erdman - Gottlieb,true
8608223f-666e-45b9-bb47-9fe2b28fe6e2,2019-12-02T07:16:53.884Z,Biankaport,Mississippi,Tuvalu,-14.7728,-59.2626,ullus,aestivus,temperantia,cauda,ustulo,vado,totus,26,122.34903919501706,24,atavus,1,2,3,false,0.012232518732993414,2020-06-17T05:25:05.712Z,"Feeney, Goodwin and Corwin",true
b88b62f9-d9ae-434f-89f8-06712b0b9660,2022-11-02T05:46:55.508Z,Mullermouth,Indiana,Holy See (Vatican City State),80.9013,129.9391,suadeo,maxime,villa,nam,uxor,thermae,defessus,80,69.38939080928571,52,inventore,5,1,3,true,0.2127481149944079,2022-11-09T02:30:39.724Z,"Little, Bednar and Konopelski",true
ae043179-4d1d-4274-b89d-dbd28ca72235,2018-09-06T13:50:34.484Z,New Grace,Idaho,Sweden,-87.7169,64.1917,articulus,velit,veritatis,tremo,delectus,nemo,aeneus,78,121.69080961304219,39,provident,4,1,4,false,0.1430814412237975,2023-06-04T20:14:21.841Z,Leffler - Lynch,true
afecfc31-0508-45f1-bf8b-43ecd1855d68,2025-08-24T23:29:37.089Z,Bellevue,Kentucky,Timor-Leste,-24.537,-38.7768,carcer,volva,pecto,carus,candidus,dolore,vel,118,225.9574259091876,78,consectetur,0,2,2,false,0.21414936110628607,2022-11-20T16:25:17.835Z,"Cruickshank, Stehr and Kassulke",true
b64ce118-c7f8-4c7a-9239-bbccdeb7834e,2024-04-21T09:21:56.887Z,New Taryn,Iowa,New Zealand,-10.9979,-128.6106,admoneo,coaegresco,cumque,tempus,voluptas,accommodo,comprehendo,107,115.00084840257645,99,ter,0,0,5,false,0.08304004667389975,2023-10-08T23:00:36.035Z,Mitchell - Ryan,true
68f1a75b-14f6-4f62-9a2b-4f3e992dcbc7,2019-02-14T00:07:13.520Z,East Izaiahhaven,Montana,Chad,-59.7004,-62.548,universe,conscendo,stella,sulum,officiis,vere,dolore,26,61.71060687501977,67,valens,5,0,3,false,0.0894614385603334,2023-10-25T11:01:34.352Z,Fritsch Inc,true
ceb14f20-979d-45a5-a75a-f6793c14fa6c,2018-11-25T22:50:48.475Z,Fort Minnie,West Virginia,"Bonaire, Sint Eustatius and Saba",-2.6667,-78.7573,tondeo,suus,culpo,supplanto,alioqui,aperte,adstringo,31,217.99618852665546,65,vulpes,1,2,1,false,0.043662765361552225,2018-09-27T17:28:21.066Z,Olson Inc,false
df414c2d-c597-4a0a-966c-52335cc6dd60,2022-05-01T04:45:16.536Z,East Beulahton,New Jersey,Ireland,-66.1988,-93.6775,abstergo,volaticus,cras,somnus,creo,conculco,quibusdam,82,68.46272280351026,67,subseco,2,2,3,true,0.20740211962257066,2023-04-02T19:16:50.685Z,Schoen - Hudson,true
17f289b1-039c-4ffe-b98f-1b2587aa6552,2022-10-31T20:52:40.540Z,Wesley Chapel,Iowa,Bhutan,22.7195,84.7996,denuo,carcer,culpa,illum,ventosus,abutor,benevolentia,129,88.9803475155221,60,trepide,4,1,5,true,0.040537372083576134,2024-08-17T19:53:58.085Z,Mills - Will,false
72e08175-07d0-467c-baec-380236561d9c,2018-09-30T08:29:44.504Z,Heidenreichburgh,Missouri,United States Minor Outlying Islands,-10.223,-63.1903,uberrime,tardus,impedit,crastinus,quibusdam,suscipit,utpote,79,79.28508119641046,78,sursum,3,0,1,false,0.22830279373002377,2018-12-01T00:46:00.091Z,Yost - Stiedemann,true
baf92ad0-ef81-4ff7-abf7-ad23d0594f22,2019-08-04T08:57:01.637Z,Harrisview,Washington,Poland,-6.1387,-98.4948,sperno,ademptio,confido,aliquam,complectus,uter,cunae,116,115.81383326396308,76,amaritudo,3,2,4,true,0.06938520796087744,2022-09-13T19:40:23.730Z,Herman - Tromp,true
4b0b53dc-5cc7-487d-bf64-f0dcae4640a4,2024-08-03T22:13:25.284Z,Racine,Maine,Uruguay,27.8968,-121.0596,depromo,aveho,caste,vir,desino,vivo,coruscus,37,89.13302199143084,36,caste,5,0,2,true,0.18368799463058882,2021-03-19T07:03:21.700Z,"Miller, Fadel and Murazik",true
98d800fc-e8df-4e54-b6f8-1028ba750cc6,2025-07-23T10:00:06.986Z,Darrelville,Idaho,Saint Martin,-29.0019,-60.5673,conqueror,accusamus,damno,vulnero,dicta,thesaurus,tempora,106,98.7493233555308,63,carmen,1,1,1,true,0.17243872981874786,2025-04-15T16:35:11.891Z,"Beahan, Feeney and Erdman",true
104b39a4-e2c5-4f53-a9f3-d7fd41cdc6fc,2018-09-08T19:59:48.723Z,San Marcos,Oklahoma,Guinea,64.8189,-46.7672,vivo,cunae,una,valeo,thesaurus,cunabula,territo,105,21.779161731262615,24,tempus,3,1,5,false,0.0391020217760239,2018-01-31T01:09:03.648Z,Bartoletti - Langosh,false
75443b7e-e6f7-41e0-8134-744a3b0e4752,2019-08-28T17:31:40.798Z,New Karley,Nebraska,Qatar,32.9449,169.036,cohors,deficio,suffragium,angulus,carus,quis,statim,120,58.672333616389885,52,vereor,1,2,4,true,0.20730865789636926,2025-09-03T05:00:32.935Z,"Swift, Frami and Fahey",true
52aba79b-4f7e-473a-b084-20bf40d9e146,2018-02-16T00:48:46.524Z,North Abdielshire,Tennessee,Portugal,-41.8541,-54.2874,defendo,substantia,tot,tergum,calamitas,rem,vigilo,97,214.60521322548257,72,ars,5,0,1,true,0.0070503767249684435,2021-04-04T14:38:59.038Z,"Crooks, West and Gleichner",false
d760f8f5-2bb5-468b-bf4f-aa25d4566539,2021-03-28T11:29:19.647Z,Fort Juliamouth,Massachusetts,Denmark,51.0125,-10.9745,cursus,deduco,cui,caute,aegre,ascit,triumphus,51,179.91484061146906,20,cinis,0,0,1,true,0.24224826278294292,2023-11-13T09:10:10.625Z,Yundt Inc,true
5c9e09bf-4775-4bfa-b620-f291cc8514af,2018-03-10T05:32:35.981Z,Lewisville,Connecticut,Hong Kong,-73.356,79.6281,fugiat,vulariter,absum,tersus,causa,angustus,commemoro,64,127.39856859076237,24,conservo,3,2,2,true,0.08503159879274758,2020-07-22T00:15:36.518Z,"Hirthe, Gorczany and Kuhn",false
d53c3de9-43f1-4159-b1dd-76e51e810757,2020-05-23T05:10:34.319Z,Lake Jermainefurt,Indiana,Saint Lucia,79.8243,47.7428,circumvenio,cumque,tendo,aduro,canis,voluptatum,torqueo,38,111.72041083579634,57,conservo,3,2,2,false,0.24832844808468674,2019-04-29T12:45:44.106Z,Jakubowski - Hauck,false
941aa29f-4e6b-4484-9fb4-64d09f009347,2023-04-02T04:39:16.641Z,Lomaworth,Delaware,Saint Martin,46.4211,-153.1048,considero,blandior,corona,adimpleo,cribro,theologus,thesaurus,126,121.77785644971085,67,totam,2,0,1,false,0.016420597447878327,2020-12-15T20:20:11.747Z,Sporer LLC,false
e6d763df-cd86-4afc-8079-c9af035bed5d,2020-12-04T01:49:43.843Z,Waelchistad,Tennessee,Norfolk Island,83.4909,45.5568,solvo,uxor,appono,apto,triumphus,cursus,molestiae,35,187.48204229294294,33,vigor,0,0,3,false,0.11758003116709984,2025-05-04T03:07:19.789Z,"Lang, Purdy and Jacobi",false
602f782c-d63f-432b-ba75-de5da40a83d1,2024-05-10T00:52:46.600Z,Edwardfort,Alaska,Uruguay,-23.7202,-18.3255,degusto,consuasor,eos,cubicularis,natus,caritas,explicabo,120,24.001145790357732,35,cubo,4,0,3,true,0.009647382435083646,2020-11-28T23:39:17.320Z,Marks - Conn,true
f05cc141-da02-4dd0-8d2d-44286c195b54,2020-12-27T05:38:41.933Z,North Ritafurt,Michigan,Estonia,75.383,70.3288,cura,auctus,copia,saepe,ulciscor,desolo,vorax,96,105.76423644399534,56,universe,3,0,5,false,0.19307134479724997,2020-01-09T01:13:08.946Z,Will - Medhurst,false
494932fb-3126-4288-ae73-f9659095b663,2023-12-07T21:27:21.685Z,South Sterling,Maryland,Brazil,-77.9273,124.3588,campana,impedit,explicabo,charisma,vox,condico,odit,48,233.75652484043462,85,cunae,3,1,5,false,0.09721246234159078,2023-10-26T02:59:38.941Z,Hermiston Group,true
6a51bedd-d63a-4891-aa51-765f5c465121,2020-04-01T02:53:05.891Z,East Ervinhaven,Connecticut,Jordan,29.9339,10.5484,contego,volup,curatio,ultio,cerno,rerum,comparo,66,183.31676003048216,34,sublime,6,0,5,false,0.22980149993988566,2018-01-15T15:18:19.136Z,Jacobi - Dach,false
d60ce134-553a-480a-bc4a-91a38638230b,2019-04-24T01:05:25.997Z,Valentineboro,Alabama,Cayman Islands,45.458,45.0546,acceptus,venia,spiculum,amo,volup,coma,sumptus,49,78.42003452515053,96,toties,5,1,3,true,0.07789431176743317,2018-03-10T04:55:51.224Z,Wuckert Inc,false
44a9cc84-3304-4f8a-8d5e-5191059ae421,2019-07-24T08:52:43.106Z,Jaquelinside,Idaho,Guatemala,83.009,32.6727,arx,vicissitudo,paens,cariosus,crur,cras,carpo,98,226.26342272314616,75,illum,3,0,1,true,0.029485133336182273,2018-02-26T04:40:27.110Z,Cummings - Cruickshank,true
e13fd8cb-6813-4368-8be7-1252d47404f2,2025-11-21T18:56:55.813Z,O'Connelltown,Wyoming,Gabon,-80.618,67.0293,sunt,articulus,ulterius,thesaurus,optio,sonitus,studio,51,96.5324842567677,98,concedo,5,0,5,false,0.04972041232126115,2023-07-15T16:17:08.986Z,"Hodkiewicz, Kuhn and Reynolds",true
9fb1b7d3-ab47-4c4c-9da0-a73733144390,2024-04-02T14:07:53.858Z,Alexandrinefurt,Maryland,Argentina,-54.6183,-153.8732,vado,facere,despecto,texo,eligendi,claustrum,alo,33,74.806141918213,26,combibo,3,1,4,true,0.08106833754900206,2018-08-20T10:45:51.861Z,Spinka and Sons,true
d2b3f1cc-ed83-4461-8419-c7bef1717886,2022-12-26T07:04:08.224Z,Port Kameron,Arkansas,Latvia,39.4579,-178.8529,cometes,desolo,tertius,deduco,sit,arx,textilis,40,238.64548634036822,93,tabgo,2,1,1,true,0.12039741184827887,2025-03-21T22:34:15.795Z,"MacGyver, Tillman and Pfannerstill",true
d5bf4f14-207f-46b4-980b-5969784187f2,2018-10-22T23:00:20.472Z,Alpharetta,Louisiana,Azerbaijan,67.5532,138.2392,tibi,sumptus,soleo,aequitas,autem,vesco,aveho,44,6.362027604266212,53,angulus,2,0,2,true,0.1203459339287585,2022-01-22T19:16:22.805Z,Bins - Adams,false
605c5dbf-cf51-4562-8840-a3c5f88e6723,2024-06-13T03:18:43.259Z,South Nakiafurt,Kentucky,New Zealand,24.6815,-47.4754,sollers,sopor,debitis,apto,vos,curtus,facilis,128,70.09293606307838,75,decens,3,1,1,false,0.08054185847321896,2018-11-04T18:56:53.955Z,Maggio - O'Keefe,false
e3000806-a95c-4e00-b7c4-944900b44519,2024-02-11T14:02:20.714Z,La Mesa,Pennsylvania,Aruba,-52.7237,-11.1059,veniam,adversus,cunae,tamen,aedificium,cibo,conitor,128,149.04551922611992,30,sub,3,1,5,true,0.2337790995288849,2018-02-25T15:50:19.640Z,Carter Inc,false
ac810e81-88ad-478c-bd9f-5fdd488c10bd,2023-10-19T04:36:06.403Z,New Ethel,Ohio,Chad,-59.3241,55.3503,argentum,amaritudo,tempora,aliqua,aestivus,temperantia,capitulus,124,24.736916844636177,19,celer,5,2,5,true,0.1644072424678658,2022-12-04T23:12:14.901Z,Armstrong Group,true
8122150f-e73a-42e9-80ea-40118be81bee,2025-08-01T13:53:29.322Z,Joshside,Hawaii,Anguilla,-86.9984,-71.5264,commodo,reiciendis,casso,creber,reiciendis,aufero,vilicus,83,64.22112978795911,51,cimentarius,2,1,5,true,0.08716798689418645,2022-01-17T02:36:47.081Z,"Becker, Kihn and Kuhlman",true