accident_id,incident_datetime,city,state,country,latitude,longitude,road_name,road_type,intersection_type,accident_type,weather_condition,road_condition,light_condition,speed_limit,actual_speed_kph,driver_age,driver_gender,casualties,fatalities,vehicles_involved,alcohol_influence,blood_alcohol_level,weather_reported_at,reporting_department,pedestrian_involved
5adbce6c-8a1b-423a-a92a-8e219003cfe2,2022-11-24T04:53:38.443Z,Pleasanton,Kansas,Tunisia,-64.8606,-43.4546,bos,beneficium,sodalitas,denique,capitulus,suus,demonstro,58,100.42761411729357,78,adhaero,6,1,4,false,0.015340427029089831,2019-01-09T00:39:53.663Z,Rodriguez - Ebert,false
f2aa69be-7c77-4a79-b9ed-4334acd1d149,2018-01-02T12:06:16.730Z,Finnton,Iowa,Saint Vincent and the Grenadines,34.4541,-171.3866,vito,ab,tunc,vilicus,summisse,repellat,inventore,100,78.77794362536635,42,vinculum,6,0,3,true,0.2457140325569841,2025-03-14T00:25:11.423Z,Larson - Brown,false
2c9d1b5a-b360-4be6-9fe0-19fc22fc4ddb,2023-02-07T18:40:46.969Z,Pasco,Kansas,Peru,86.6432,37.3691,nihil,copiose,suffragium,necessitatibus,apparatus,subseco,fugiat,126,10.892608461849438,23,tergo,0,2,1,false,0.146784095870295,2019-04-26T16:17:41.622Z,Cummerata Group,false
36a0e15b-8ef6-46c0-8bde-868dc5a34733,2019-05-21T22:44:40.711Z,North Edisonfield,Arizona,Italy,-50.9074,132.2005,solvo,tener,cupiditas,id,acsi,capto,vehemens,22,110.99344901235112,31,curia,5,2,5,true,0.2149339396719335,2023-04-02T14:10:49.359Z,Johns - Veum,true
bff6b48c-c071-471a-84a1-5a7924bea913,2025-07-26T09:31:58.034Z,North Marilou,Wisconsin,Kyrgyz Republic,40.4015,35.9826,conatus,umquam,territo,degero,condico,coerceo,spectaculum,108,108.67786998840087,29,tollo,3,0,1,false,0.19183118291895723,2021-05-19T06:59:41.217Z,Bernhard and Sons,true
cc6af276-c0a6-4a49-a0b5-30513b1bed97,2025-07-24T15:28:51.417Z,Gerholdview,Oklahoma,Sao Tome and Principe,41.0667,87.3809,arx,quisquam,degusto,theologus,curiositas,vito,quae,83,11.608842816437308,81,ter,2,2,4,false,0.18852324838872425,2022-10-23T21:56:07.445Z,Pagac - Predovic,false
7c3d8f4c-b29e-4c99-80a5-e228e2cdc984,2023-04-22T01:56:43.565Z,Franciscafort,Pennsylvania,Brunei Darussalam,8.0441,47.0783,corroboro,tenax,cum,cibus,accedo,ea,adulatio,96,83.52439735320065,97,magni,0,0,2,true,0.11490380071606643,2025-08-18T02:44:01.616Z,"Parisian, Emard and Cronin",false
9513aa69-997d-4518-92d9-0fd35b18fd0f,2021-09-16T05:27:34.393Z,West Brook,Colorado,Jamaica,49.0304,-61.2647,tenetur,comminor,terga,bene,canonicus,calcar,viduo,54,174.908181812908,88,aro,0,2,5,true,0.2274936330504048,2018-08-02T07:18:00.463Z,"Aufderhar, Smitham and Legros",true
d12dc354-dfbf-42aa-98da-9dae5a06091a,2023-08-30T22:54:48.101Z,Jacquesfield,Washington,Comoros,71.0108,29.4345,fuga,adnuo,repellat,adiuvo,temperantia,adulescens,stultus,30,78.70429095183408,72,id,2,0,3,true,0.02524313548952467,2020-05-14T14:33:36.471Z,Langworth - Walsh,true
b1747493-951d-4b79-a31b-8caf83373fde,2024-08-03T18:11:10.240Z,Yundtchester,Wyoming,Western Sahara,42.524,-104.6679,celer,amicitia,sustineo,colo,capto,creo,nihil,55,226.68857451088107,62,patruus,5,2,1,false,0.1102072096128745,2023-04-07T21:05:25.675Z,"Kertzmann, Willms and Runolfsdottir",false
c2dcdf14-a958-4a56-8173-14f04b6be494,2020-05-13T19:43:17.432Z,East Anna,Colorado,Madagascar,-10.0195,-154.9758,amissio,tendo,consectetur,inventore,supplanto,abscido,demergo,25,4.017119433555996,20,cilicium,0,1,1,false,0.08526005038243309,2022-04-05T22:52:06.200Z,Kovacek - Kshlerin,false
6f12d030-a8b0-485b-8252-58c5faa258e8,2019-11-20T06:38:36.475Z,Port Ozella,Hawaii,China,47.4876,96.1323,vado,cumque,angelus,impedit,tener,damnatio,succedo,124,55.76506654789127,21,degenero,5,2,1,true,0.1328651033834228,2024-09-08T08:07:09.056Z,McKenzie Group,false
f0d50d92-f5cb-4da8-95fd-b0ca8d0e3fa2,2019-11-10T11:00:49.120Z,Port Abigayleton,Arkansas,Bulgaria,58.5466,-114.6404,demitto,absorbeo,creator,capillus,callide,vomer,ducimus,65,85.4472224909913,66,abutor,3,1,4,true,0.24308267803584097,2021-02-10T19:38:34.467Z,Becker - Maggio,false
ff31582d-c55e-4bef-bab3-191c4e0c941c,2022-05-23T08:53:27.172Z,East Jimmie,Colorado,Portugal,18.7248,115.4116,nam,demens,culpo,adopto,deprimo,ustilo,amaritudo,41,99.88646962700996,75,admoveo,3,0,5,false,0.1624975953841191,2023-09-06T19:09:49.190Z,Rolfson LLC,true
1b18b5f4-506e-4d8e-81c2-b24438f78bce,2023-04-30T13:19:30.889Z,Lake Camilachester,Oklahoma,United States Minor Outlying Islands,5.004,-124.5904,conor,debilito,vox,dedico,callide,natus,cultellus,57,112.81632680488912,44,denique,5,0,4,false,0.20347663810162983,2023-02-22T08:11:10.633Z,Gulgowski Group,true
0e09c696-b8f6-4b0f-8cca-97704e7935b3,2018-11-10T10:06:51.840Z,Gunnertown,Alaska,Ethiopia,-86.8059,-68.1524,teres,casus,atrox,termes,commemoro,arbor,viduo,25,18.75520960840536,41,auctor,5,0,3,true,0.11691317038045593,2019-12-04T13:48:32.072Z,"Abbott, Senger and Shields",false
b698a9aa-eee3-443f-8af2-7d791e923b35,2023-04-01T09:00:02.497Z,Miami Gardens,Hawaii,Democratic People's Republic of Korea,-39.2406,171.9789,textilis,deduco,succurro,coepi,tres,coma,sufficio,30,109.41708036711145,70,ceno,2,0,4,false,0.14709501971182798,2024-12-28T03:37:11.048Z,Pouros - Feeney,true
acd97a70-46ab-433b-b590-2e221d870b7a,2023-12-14T11:45:06.857Z,South Immanuelborough,Arkansas,Cayman Islands,59.901,-121.926,crepusculum,vereor,deleo,summopere,basium,asperiores,ducimus,112,156.70125650087238,54,bonus,2,1,5,false,0.23906014432348216,2020-05-02T07:53:16.064Z,Mante and Sons,true
db8f6a8e-6c09-43d8-919a-62e2d13b6dd2,2024-05-08T15:28:31.235Z,Fort Tristian,Utah,Slovenia,50.9033,-64.9192,vester,tot,communis,sol,autem,terga,texo,85,211.558570971792,53,vergo,5,1,3,true,0.14275394845492204,2019-12-10T17:35:50.974Z,Pagac LLC,true
db132548-7a04-4e55-bf8a-c2e19a1d61f7,2023-09-12T02:41:12.731Z,Aldenstad,New Hampshire,Marshall Islands,-56.7167,154.9077,provident,audax,una,triduana,quidem,desidero,sapiente,128,221.01088158912995,80,antepono,5,1,2,true,0.022499324128088027,2022-02-03T13:25:10.117Z,"Carroll, Greenfelder and Kohler",true
22d61e39-0add-4fd6-8408-d24a331888d2,2022-10-14T19:42:20.040Z,Meriden,Virginia,Faroe Islands,46.6534,157.3188,censura,tutamen,credo,vito,terminatio,ait,libero,43,199.22893796688132,74,cenaculum,3,2,3,true,0.09616862059826173,2021-08-22T19:23:45.630Z,Torphy - Little,true
1c59c3d0-9a24-4572-85a6-6d7fad117a71,2020-12-06T11:31:20.253Z,East Garrettport,Ohio,El Salvador,23.144,-73.667,via,caste,defetiscor,aperiam,aranea,curia,iure,111,201.2975746907546,23,uxor,2,1,3,true,0.23416546919902165,2025-07-12T23:39:16.516Z,Jacobson Group,false
b20a8fc1-9205-4a7b-9090-b226b9817ae8,2023-08-30T06:37:37.147Z,North Uniqueborough,Connecticut,Iraq,-83.2349,-177.0923,celer,usus,audentia,totidem,casus,nostrum,aperte,25,48.73855716619545,58,patria,2,2,4,false,0.1875713840252457,2022-10-23T23:24:07.959Z,Okuneva - Botsford,false
fc272fde-cadc-4953-a08d-5144d5c467e1,2018-05-28T16:53:18.915Z,West Ethylborough,Oregon,Svalbard & Jan Mayen Islands,-1.3056,67.2554,debilito,victoria,depono,uterque,ventosus,inflammatio,creber,36,189.16179887657907,85,supplanto,0,2,3,false,0.12487987693113856,2020-07-26T21:43:39.523Z,"Blick, Bartell and Rutherford",true
7289c8a5-66c9-4d69-b1ba-976f34de592e,2024-12-01T22:02:00.297Z,Wisokyburgh,Arizona,Antigua and Barbuda,41.953,-59.5251,conor,cibus,vicinus,admiratio,animi,error,vehemens,48,232.15207526201905,28,copiose,2,1,4,false,0.09290907514542751,2025-01-20T01:12:51.002Z,Cormier - Murphy,true
b8b7be20-cf4d-4956-aa1f-e37b68b25a11,2020-03-02T07:35:24.647Z,Bernardburgh,Ohio,France,-12.1403,98.2746,ea,caput,talus,thorax,absens,arceo,calamitas,93,71.19284945575885,97,delectatio,1,1,3,false,0.14181903612653868,2018-11-13T08:23:59.484Z,Murazik and Sons,false
528e7d05-84e4-4e1b-9b48-298673daaf15,2024-07-03T00:02:21.117Z,Port Stanfordside,Hawaii,Tokelau,6.1284,-103.287,addo,stella,absum,volubilis,denique,tumultus,velociter,106,92.49946711550852,94,nostrum,1,0,1,true,0.029674398118914203,2024-11-24T07:30:01.598Z,Quigley and Sons,true
0941070d-77fb-4f6b-b71f-c9617ea6abae,2025-01-05T09:42:02.469Z,Port Lionel,New York,Namibia,32.1508,3.0831,depromo,stillicidium,arceo,charisma,minima,aegrotatio,cura,74,36.51200242098688,72,aeneus,2,1,2,true,0.03178529292901561,2020-04-21T09:45:57.656Z,Pollich LLC,true
91ae5468-25c9-4697-aa24-8e61219385d0,2019-09-21T05:18:01.002Z,North Raina,Washington,Chad,-89.5873,140.6728,apto,dolorum,curis,degero,convoco,nostrum,capillus,116,214.74960788689424,100,pecus,3,2,1,false,0.001090855478996372,2019-04-22T18:22:45.983Z,"Gerlach, Murphy and Wolff",false
34886591-38f8-4d17-b928-f8ecb62a3a2d,2021-02-23T13:09:48.519Z,New Miles,Oregon,Cocos (Keeling) Islands,31.3002,-125.8957,carbo,clementia,talis,depulso,avarus,nostrum,appono,65,162.58415955423416,21,cui,6,1,4,true,0.0852239835747634,2022-10-30T18:56:31.302Z,"Jast, Heidenreich and Jacobson",true
3ab607d8-eab1-45fc-8af7-3ce24b8d5960,2024-01-16T03:44:06.661Z,Monahanbury,North Dakota,Martinique,4.3074,-56.1207,absum,trado,acidus,sequi,ustulo,benigne,audeo,38,55.55155540130751,48,cogo,5,1,4,true,0.13739464740886348,2020-05-06T02:22:18.648Z,Heathcote - Hayes,true
a326e0cc-b1eb-40f3-8937-936b514fbd26,2020-04-01T19:26:06.514Z,Port Jarenchester,New York,Anguilla,58.3281,-69.8261,curatio,occaecati,volubilis,acsi,denique,calcar,vilicus,96,3.103325036386364,98,esse,1,2,4,false,0.11626444612362852,2025-09-22T15:25:52.864Z,"Rodriguez, Jast and Gorczany",true
a819ff2a-4b37-4406-8046-43b617167bbb,2024-05-14T06:07:50.190Z,East Abbyhaven,South Carolina,Sweden,-32.888,8.4383,perferendis,cui,curto,tot,turba,caste,architecto,51,109.54959047108004,72,abutor,6,0,5,false,0.1790552367833795,2021-12-01T10:00:15.101Z,Walter Group,true
2b240010-edca-4c01-9d9b-9171e1a8405d,2025-11-27T03:58:09.149Z,Port Carlos,Iowa,Tonga,-32.0414,113.3588,sulum,collum,cresco,accusantium,arbor,voro,concido,70,145.03806216810787,35,tondeo,2,1,3,true,0.17149838394593275,2022-08-19T10:51:00.072Z,Wilkinson - Lind,false
82a898d7-7747-4120-984a-4e4c873a487b,2019-11-01T16:02:40.461Z,Lake Blaiseworth,Nevada,Australia,-20.9364,-75.5951,vado,excepturi,excepturi,suppellex,appello,cuius,desolo,106,85.39232270656737,71,subvenio,3,2,5,true,0.005151310714937241,2019-11-29T06:25:44.011Z,Huels - Hermann,false
f289e059-83d0-43fb-aafc-f469674e66f5,2020-06-28T05:43:04.042Z,New Kathlyn,New Jersey,Bermuda,-43.9558,72.5813,peccatus,antepono,ver,cauda,sortitus,absorbeo,curriculum,69,191.8332164532154,81,pecto,3,0,1,true,0.18329078003838903,2021-12-30T19:35:01.120Z,Funk - Watsica,true
61624824-b708-4a1b-abf8-a3c482aa722b,2025-03-09T03:08:38.738Z,Lake Loma,Kentucky,Saint Lucia,1.314,-135.3315,thymbra,consectetur,absorbeo,vinco,suffoco,quis,concido,48,170.38715864048677,75,adiuvo,2,1,5,false,0.20808917655791836,2021-05-26T13:33:37.570Z,Funk and Sons,true
ce56caaf-ded4-4e65-82cf-4c8e57cdac82,2024-09-30T10:18:15.337Z,Turcotteborough,Oklahoma,Saint Barthelemy,88.9946,-95.2318,tremo,ciminatio,dignissimos,tremo,alo,casus,terminatio,91,188.5380283717121,69,cumque,4,0,5,false,0.06537233734301912,2020-04-28T19:00:00.772Z,"Harber, Glover and Grimes",false
450904d7-9243-474d-ba3a-c4f6aad39aa6,2019-01-17T00:34:36.323Z,Beavercreek,Arizona,Pitcairn Islands,86.373,-105.4043,ventosus,aequus,armarium,theca,eum,spero,administratio,30,77.13529130576629,64,tabula,0,2,5,false,0.12678552551952793,2024-01-21T04:54:45.866Z,"Bergstrom, Conroy and Hane",false
364171ad-1fea-4d33-a337-40f5ab990d97,2020-06-25T10:56:14.899Z,Bloomington,Connecticut,Armenia,64.5638,33.7368,neque,advenio,thermae,decet,stabilis,spargo,admoneo,23,43.46990497248616,82,debilito,4,1,4,false,0.03075313186111786,2019-03-04T18:20:06.898Z,McGlynn Group,false
cea985e8-d644-45cb-84a9-abeb8ff55950,2021-07-01T19:57:48.268Z,Rowlett,Wyoming,Bangladesh,-9.5321,164.2633,alioqui,synagoga,avarus,cito,similique,catena,auctor,70,61.017891439870965,82,debilito,4,2,4,false,0.07477400362831416,2022-05-08T14:40:28.331Z,"Dach, Kerluke and Wunsch",true
623189e1-6d01-40ab-ac0d-b1c3f50945d2,2021-05-19T11:17:14.990Z,New Franciscofort,Georgia,Tonga,85.2582,-2.1186,aut,creta,terra,somnus,ultio,comitatus,rerum,29,19.55425501073007,65,asporto,1,0,4,false,0.09440061046926054,2025-08-02T07:30:48.490Z,Dietrich LLC,true
f3fbbc5d-8e06-4a05-821d-b33a599eaca4,2025-06-15T01:12:58.515Z,Port Sim,Washington,Democratic Republic of the Congo,-82.6188,53.5827,vestigium,tamquam,tandem,abundans,vapulus,adfectus,clam,54,38.44656023540217,16,via,2,0,5,true,0.15370641265279802,2024-09-27T12:36:38.076Z,Sporer - Powlowski,true
a2f75d3b-95a5-45bb-94d7-7c9fa5f46971,2018-08-17T08:38:40.732Z,Port Joseborough,Kansas,Palau,-29.661,-115.0202,vehemens,absconditus,cernuus,crustulum,armarium,thesis,torqueo,46,36.75177692511986,89,considero,3,1,4,false,0.1473411960023158,2020-08-12T20:45:29.219Z,Franecki - Grant,true
ebebbe9e-a349-4c70-b4ab-332b023f45d0,2019-10-19T05:57:55.801Z,Izaiahchester,New York,Haiti,-70.6146,140.9779,vero,suus,talus,arbustum,quo,textilis,condico,121,5.90574065087881,88,sed,0,1,2,false,0.07169513257989812,2021-04-09T17:42:07.547Z,Macejkovic Group,false
1dc25816-fe99-4b4a-9bc1-06a302fdb247,2022-03-31T17:47:23.520Z,Victoria,Wyoming,Republic of Korea,42.7444,38.9821,auxilium,solium,vulnus,conturbo,sordeo,sperno,adaugeo,105,163.11456759194553,29,contra,5,1,3,false,0.2170630218364556,2020-09-21T19:49:29.713Z,Pacocha - Skiles,false
a5baaece-19a1-4543-b8ba-dde81b5498e9,2020-08-31T22:16:26.671Z,Shanahanstad,Illinois,Pitcairn Islands,60.2644,134.969,dicta,ullam,cometes,ulciscor,pectus,ad,tero,130,232.04330209844974,93,thymbra,4,0,5,false,0.08460391814635515,2023-09-11T20:26:00.578Z,"Reinger, Kuhn and Cremin",false
65a85db1-6110-4013-82d7-3ae4e8617a3d,2022-03-26T06:01:30.101Z,Lake Darlene,Florida,Iran,74.9029,99.1263,calculus,temporibus,coma,amaritudo,celebrer,animi,solitudo,47,94.44759008260617,34,ipsam,4,1,4,false,0.11434869004632978,2023-07-31T21:05:05.520Z,Mann - Emard,true
6d9e1d11-eccc-429b-bd04-e39b9435b461,2023-08-11T14:05:19.998Z,Port Karina,New York,Bosnia and Herzegovina,22.3965,72.6335,bardus,talus,theologus,despecto,substantia,constans,carcer,30,93.29460754550473,49,desolo,0,1,4,true,0.11573443571926659,2022-08-23T14:13:35.152Z,Krajcik Group,false
d5fd4412-df72-45cf-a71e-2288f89a67a6,2021-10-22T15:09:51.922Z,Rogahnworth,Georgia,Aruba,-8.5339,-132.2243,praesentium,adversus,conqueror,sum,culpa,similique,illo,69,156.63093842446722,96,aut,0,0,4,false,0.2178823380091336,2022-08-25T18:29:07.787Z,"Gislason, Jast and Nitzsche",false
9ff8539b-532b-4e66-a92e-e103f27fa7b6,2019-04-27T11:46:31.506Z,Minneapolis,New York,Spain,8.4357,-79.2512,absens,uterque,verecundia,adicio,fugit,natus,dicta,101,4.989339701422395,70,copiose,3,2,2,false,0.1890433373352829,2022-10-30T15:08:07.422Z,Olson - McCullough,true
dc949ece-b14c-4970-8c55-21eaae02af1e,2025-10-29T01:59:32.995Z,New Britain,Georgia,Zimbabwe,5.1208,-25.7715,vester,vilis,textor,tergo,impedit,canto,sollicito,84,23.32067234272759,95,decerno,0,0,4,false,0.15696254406254068,2021-10-14T10:50:15.569Z,Hagenes LLC,true
ca01041e-4e11-4280-a5d4-495609b4cde7,2023-06-20T12:53:34.176Z,Deronchester,Indiana,Libyan Arab Jamahiriya,-35.0362,-88.5693,cicuta,agnosco,velit,adficio,angustus,adimpleo,vulnero,50,223.79213610161997,88,alo,5,2,4,true,0.18786412115436368,2023-03-16T01:44:30.087Z,Botsford - Dicki,true
0a196271-3037-4a4b-9e8c-119d43baebae,2021-09-14T23:44:50.659Z,Natborough,Utah,Hungary,-52.3799,-21.5067,alius,cruentus,denego,cum,arbor,atque,vorax,39,163.75273087472763,60,venustas,3,0,3,true,0.13729449606360336,2019-06-21T22:42:29.115Z,Kuhn Inc,false
e2e71d03-b676-4dbc-b619-2ccf2ef3a62c,2022-05-22T05:21:48.869Z,Johnstonfort,Tennessee,Indonesia,-49.4156,-7.5855,tribuo,velociter,quidem,harum,curatio,artificiose,acervus,29,56.49153618701935,18,suspendo,5,1,5,true,0.20757546029545457,2018-09-06T17:35:17.305Z,Jones and Sons,true
74cf6c61-513c-4555-886b-cf6508f654c2,2024-01-22T17:12:45.537Z,Berkeley,Oklahoma,Cook Islands,-74.2865,128.1878,tutamen,aperiam,terra,vallum,sollicito,administratio,caelestis,30,233.42089659120037,61,quaerat,0,2,5,true,0.24369713985070893,2020-02-08T07:34:32.406Z,Considine - Kunze,true
130e6d96-1118-445f-b421-a023fe8a0912,2022-06-19T19:04:33.218Z,New Britain,Washington,Romania,-68.2274,72.6788,pecco,copiose,angustus,abstergo,nemo,curia,suffragium,52,82.18650466957476,68,sub,6,1,2,false,0.0873941060476241,2020-11-23T00:10:37.604Z,Gislason Inc,false
7e33b9b7-1aac-4a73-b3a5-567443e06c3b,2018-05-23T06:40:59.845Z,North Waltonborough,New Hampshire,Spain,73.2408,-136.3028,voveo,virgo,argentum,summisse,taceo,sumptus,urbs,103,186.14702084776565,55,summopere,4,2,5,true,0.1627479480814327,2018-10-21T11:23:50.369Z,Armstrong - Cummerata,false
8e199172-05ff-4793-b486-bd5169570c52,2024-04-01T18:41:26.465Z,West Chester,Tennessee,Timor-Leste,-1.3369,-5.9409,surculus,vos,apparatus,adinventitias,atrox,amplus,impedit,127,18.993621464217412,42,veritas,0,0,1,false,0.2033521887139754,2018-09-13T09:02:19.141Z,"Braun, Cassin and Corwin",true
5b6d2f83-1dab-465c-9856-9b0d27161190,2021-04-13T03:07:51.861Z,North Virginiaville,Vermont,Costa Rica,-10.0373,-176.6307,vomito,adversus,conduco,capitulus,altus,viridis,tempore,55,136.27462390020332,84,tandem,2,1,2,false,0.010129941971533551,2019-05-14T04:39:41.201Z,Pacocha Inc,true
a3700069-aea1-4fb0-9468-a4f536875a19,2023-09-29T20:18:34.610Z,New Benjamin,Indiana,Svalbard & Jan Mayen Islands,-18.2092,-105.6509,comptus,quia,quasi,tersus,coniecto,curia,perferendis,71,30.31956347348362,87,molestiae,0,1,5,true,0.0016802414037873636,2019-03-27T10:39:50.229Z,Ratke and Sons,true
ceb5495d-d62c-4b43-be0b-58a6669ae816,2021-04-07T07:10:19.446Z,West Phyllis,Vermont,Uzbekistan,-0.1389,-65.5576,viduo,culpa,necessitatibus,decerno,aut,nihil,defungo,104,72.5054254541405,68,vulariter,4,2,3,false,0.1831183701487884,2019-05-19T23:52:22.332Z,Brakus Group,false
6348daa9-9667-4637-9c74-74d0b815f09c,2020-03-23T12:28:24.636Z,West Cicero,Maryland,Iceland,-78.3491,10.6113,creator,appono,super,thesis,talis,sursum,soleo,80,207.5376355988844,59,unus,5,0,5,false,0.10934403967390668,2019-01-11T18:49:22.515Z,Bernhard LLC,false
95dbe9d4-d416-414b-9cbd-3a158410c824,2018-12-21T01:44:12.196Z,Fort Carole,Kentucky,South Georgia and the South Sandwich Islands,-0.087,-88.0087,adulescens,ter,comes,crinis,abundans,cibo,defessus,128,13.949957699527804,31,averto,4,1,3,true,0.08830663303937267,2020-05-06T16:33:59.979Z,"O'Reilly, Carroll and Connelly",true
4d537cab-13f2-41ca-824f-d7621a8aec6e,2021-06-23T07:37:31.433Z,Gislasonbury,Alaska,Micronesia,-31.2515,64.5069,acceptus,casus,corporis,canonicus,somniculosus,defluo,tametsi,44,16.227682145162667,56,deleniti,0,2,1,false,0.1838198188953845,2019-02-10T22:11:54.272Z,Mayert Group,false
0f2c514c-3a16-4fa6-8890-0a6f38e56fb0,2019-06-29T10:35:24.881Z,Boynton Beach,Florida,Azerbaijan,-38.8272,30.1946,caput,eum,adinventitias,est,admoneo,ab,vos,79,127.80945540631684,93,arcus,1,0,3,false,0.07060366697266732,2019-01-14T23:50:43.249Z,"Lueilwitz, Haag and Shanahan",true
683b6088-ab31-48b3-aa48-74d4b52c2699,2018-10-27T20:15:18.866Z,Bayonne,West Virginia,Tajikistan,-82.0922,120.3297,delibero,adsum,trepide,basium,supplanto,turba,debeo,33,118.60185633650525,91,stella,3,2,1,false,0.23762060086694695,2019-03-05T09:06:30.328Z,Kreiger Group,true
6c4d9820-ff6d-4a4b-ac6b-924a14f6f3fe,2019-03-06T19:31:01.514Z,Fort Allen,Alaska,Palau,-57.5977,-27.7295,nam,cariosus,color,possimus,verto,adduco,crapula,97,43.160370210578236,25,cito,4,0,3,false,0.023537544171459784,2022-06-18T18:00:51.680Z,Friesen Group,true
62b677ab-7373-4d88-ae31-790a58cfde49,2022-01-14T18:51:21.600Z,Kolbyview,Louisiana,Ghana,33.949,69.8199,recusandae,adeptio,stultus,optio,curtus,textor,ater,114,234.320199699982,83,deprecator,0,0,2,false,0.06364179486482094,2025-01-28T22:57:53.219Z,"Blick, Kozey and Veum",true
1273293e-23d5-4043-b931-569f249d9931,2018-09-04T10:34:11.661Z,East Demarioshire,Missouri,Palestine,72.358,166.3556,verecundia,defluo,cunabula,aveho,currus,dens,ventosus,81,37.59749899027821,98,absorbeo,2,0,2,true,0.2178973494305067,2023-12-24T03:58:14.689Z,Armstrong and Sons,false
37b78497-dd64-43e3-a891-c96fc3bb2fef,2022-05-20T22:55:29.397Z,Fort Lauraton,Colorado,Uruguay,19.5556,-125.2998,administratio,viriliter,pauci,autem,umquam,delectus,qui,69,150.92172429670492,86,tabula,4,1,4,true,0.17620006320271916,2021-11-14T08:36:17.724Z,Batz - Hodkiewicz,true
c13c4024-8097-4983-88b8-0c5e4fd05871,2022-03-21T08:21:34.843Z,Troyfurt,New York,Algeria,22.078,122.3075,chirographum,basium,blandior,uter,statim,deludo,tempora,37,47.992583991429655,84,arbor,4,0,2,true,0.10468794179698152,2023-07-27T02:29:46.014Z,Hessel Group,false
e802d2b6-b129-41b1-9666-ed34d19504e9,2019-04-26T05:15:39.221Z,Larkinhaven,New Jersey,Democratic Republic of the Congo,-76.5461,-129.0679,toties,bonus,avaritia,trepide,absens,dignissimos,celer,90,195.8438894510006,83,absorbeo,1,0,5,false,0.16293622999345447,2022-06-13T11:22:58.388Z,Towne - Bashirian,false
74027561-7250-405f-961d-f79614a44f8f,2023-12-27T13:34:11.714Z,Fort Anabelle,Hawaii,Greece,81.1539,142.1454,sperno,arca,vito,mollitia,calculus,acies,cibo,37,169.7768735745702,73,arbustum,4,0,2,false,0.2453176106024455,2023-07-16T14:46:24.480Z,Fadel Group,true
82eede4f-8309-41b5-9c1c-566fc68002c3,2023-05-03T17:45:08.370Z,Eldridgeboro,Colorado,Bahamas,-20.7612,-95.1478,patria,allatus,demonstro,adfero,benigne,spiculum,virtus,26,226.76772507260972,66,blanditiis,4,1,2,true,0.00646538708768149,2020-10-17T08:12:47.963Z,Howell - Torp,true
f9762e9f-ce82-46f8-8ea4-6cc43c5cea59,2023-12-29T08:38:31.381Z,Boganville,Oklahoma,Saint Lucia,73.4943,-85.8497,confero,una,vorax,sollicito,soleo,truculenter,cena,82,59.879509011563094,87,enim,0,2,4,false,0.058086867416233784,2023-08-05T19:44:21.331Z,Nikolaus - Mohr,false
ca0eb66a-b943-44cb-9d7d-895203347334,2021-08-10T17:40:48.317Z,West Hollie,Oklahoma,Panama,-53.0101,-30.1796,caste,vapulus,crinis,tardus,nemo,debilito,expedita,67,209.10406062651563,38,alias,6,2,2,true,0.17024385754428908,2024-09-06T16:18:27.173Z,Beatty - Waters,true
89a6967d-2b7b-4f7c-86ee-cdb69dc5c6df,2020-05-02T17:02:43.900Z,Lake Ellaworth,Alabama,French Guiana,-75.0025,47.9926,coniuratio,abutor,non,explicabo,cibo,reprehenderit,pecus,118,109.57543164358538,74,coadunatio,2,1,5,true,0.14133334848011694,2023-11-28T14:03:37.762Z,Johns - Labadie,true
c1d3bedb-18eb-455a-b315-f7afe06b964c,2020-09-11T09:13:10.110Z,Lake Missouri,Vermont,Papua New Guinea,45.5316,-130.302,cuius,suspendo,absque,consequatur,vado,ubi,curtus,111,82.94936688524592,63,accusantium,1,1,3,true,0.007495517526683704,2022-01-11T13:16:06.556Z,"O'Connell, Labadie and Dickens",false
bfe3d896-1bfa-41bf-b690-5218749e7a13,2024-11-09T05:59:02.901Z,Haneborough,Alabama,El Salvador,44.3899,11.5962,causa,tubineus,cibo,tego,admiratio,desidero,ut,54,19.071047961489498,90,communis,6,1,3,false,0.15237078541257817,2018-11-22T10:17:16.125Z,Stoltenberg Group,false
987295d2-7071-406f-b9dd-942dd13fc724,2024-10-10T05:50:37.294Z,Rogerfurt,Connecticut,Equatorial Guinea,74.3033,94.5751,eaque,cum,tutis,crastinus,cogito,sustineo,repellendus,75,52.83419404142981,88,caecus,5,2,3,false,0.1028066946682169,2023-12-03T02:32:19.894Z,Morar - Koelpin,false
4cb2ed50-c8db-42f7-8030-0b073b0d08b7,2022-02-26T20:37:58.152Z,Lake Borisfurt,Georgia,Niue,23.0089,146.6246,cupiditas,currus,clarus,atrocitas,xiphias,super,vorago,47,1.1803113172496893,70,confugo,4,0,2,true,0.13863758670827267,2020-05-02T05:35:29.944Z,Ziemann - Graham,true