accident_id,incident_datetime,city,state,country,latitude,longitude,road_name,road_type,intersection_type,accident_type,weather_condition,road_condition,light_condition,speed_limit,actual_speed_kph,driver_age,driver_gender,casualties,fatalities,vehicles_involved,alcohol_influence,blood_alcohol_level,weather_reported_at,reporting_department,pedestrian_involved
85645d53-d7f2-4c0e-9924-09e41093752b,2018-01-25T14:59:48.065Z,Oberbrunnerstad,Missouri,Tuvalu,-20.9014,-3.846,custodia,subiungo,animadverto,curis,delicate,volaticus,argentum,23,145.4811082425718,32,blanditiis,3,0,4,false,0.14919659902900334,2018-12-24T15:53:14.410Z,Upton LLC,false
94ad0bcc-0c4e-4900-ae02-b1e8476979af,2022-01-15T00:08:16.992Z,Bayerland,Delaware,Singapore,-75.6695,165.7769,non,apostolus,alii,baiulus,vir,tamisium,acsi,81,111.98053189963733,34,vindico,2,0,2,false,0.1301665486152504,2024-05-24T02:07:40.452Z,"Donnelly, Littel and Upton",false
22fec15c-6f37-4924-b16c-4a4c89e165c3,2019-07-13T17:53:36.837Z,Port Chesleyboro,Illinois,Jordan,54.329,97.1057,umquam,suasoria,pecco,arguo,vulgus,capitulus,urbs,70,43.01351756211883,60,capillus,6,1,1,false,0.17247759842179766,2021-01-26T10:45:33.590Z,Hessel and Sons,true
0195a299-0096-415e-a8c4-87ebe738625c,2020-03-24T20:04:23.136Z,Lewisville,Colorado,Ghana,-12.0498,-169.5229,varietas,cuppedia,caelestis,angelus,aestus,aspernatur,cursim,125,103.81311364045531,92,tamquam,2,0,3,false,0.017066105111802593,2023-02-11T02:50:27.636Z,Larson Group,false
433fb146-78b1-4050-bd98-202ed31d9554,2023-03-02T08:51:33.437Z,Valentinastad,Idaho,Burundi,4.3957,59.9427,contra,aegrotatio,fugit,tabgo,crepusculum,conturbo,at,78,101.24877635113366,97,umquam,3,2,1,false,0.10450264040050153,2021-11-19T05:38:51.212Z,Russel and Sons,false
73fc4e7a-997d-4338-a30b-1fdc9622a5df,2024-04-11T20:13:54.629Z,Madison,Utah,Mauritius,6.4255,-152.2963,accusator,utrum,venio,cuius,soluta,ipsa,tabgo,86,225.17038802933584,72,laudantium,2,0,2,false,0.22134455081903867,2018-03-25T03:52:53.955Z,"Renner, Parisian and Mueller",false
9ee16c55-bc08-4d0a-b046-9a43d5f8eb0d,2023-02-22T00:34:59.443Z,Port Geneville,Montana,El Salvador,-19.9665,-39.5217,accusantium,creator,laboriosam,canis,esse,attonbitus,vis,37,223.84740266086288,92,decumbo,6,0,3,false,0.018857163233855778,2024-04-02T22:14:27.565Z,Beier Inc,true
5416ac43-db21-4618-b176-1206353acf87,2019-01-14T07:12:07.632Z,O'Connerstead,Tennessee,Pakistan,70.3637,93.4509,angelus,depono,corpus,rerum,charisma,clarus,animi,53,194.47433413892284,76,creator,5,0,5,false,0.10215522903025276,2025-12-25T16:53:32.989Z,Lockman - Leuschke,true
e4bd4952-5ab9-4246-98d7-0a8b68d7dd1e,2021-04-25T21:51:10.506Z,West Caleighchester,South Carolina,Qatar,-47.2979,-102.5726,crapula,sto,debitis,vomica,a,animus,nihil,128,203.6428316396152,69,uterque,4,1,4,true,0.01941869593938572,2019-12-22T04:33:47.608Z,"Walker, Kohler and Hilll",true
b193ec13-2228-48dd-8f50-22836132b024,2019-06-25T06:01:48.424Z,Port Jordyn,Michigan,Bermuda,-61.4278,68.2082,clamo,alius,varius,deputo,derelinquo,claustrum,desipio,107,158.59963617723758,69,vomito,6,0,2,false,0.08768500873441257,2021-12-26T09:58:43.537Z,Bosco - Zboncak,false
a5f4b315-7d8b-450e-9ce3-800ec18d703e,2025-06-15T23:03:39.188Z,South San Francisco,Iowa,Ukraine,-75.5091,-72.0641,corpus,certe,rem,suppellex,decet,corporis,creator,87,1.8621775116375705,88,defluo,2,2,3,false,0.17950259427097168,2021-09-26T14:03:23.345Z,Fahey - Bins,false
a2684742-6967-4601-918b-00493b925dca,2025-07-03T13:24:35.336Z,East Lavada,Mississippi,Oman,-64.7405,-115.6441,abscido,vindico,spargo,atavus,culpo,verus,quidem,80,83.85918624221472,22,terga,1,0,5,true,0.22577442536699685,2020-09-11T11:26:53.122Z,"Tremblay, Schultz and Schmidt",false
06d66aac-a188-4918-ba3b-a045a7f96fe7,2022-04-11T22:48:22.033Z,Rochester,Wyoming,French Southern Territories,-12.7722,122.4043,aro,trado,sol,usus,umbra,adeptio,tandem,122,138.56043315086387,81,custodia,1,1,1,true,0.2324135522115586,2021-04-14T11:55:05.290Z,"Streich, Bode and Torphy",false
fd472d28-eaca-49e8-800a-d72ecdc035ea,2019-11-26T05:16:12.477Z,Sterling Heights,North Carolina,Montenegro,-56.3115,-119.9364,consequuntur,demonstro,cernuus,verumtamen,bellum,advenio,sufficio,76,150.07194508818435,51,varietas,0,2,1,true,0.132792124777872,2022-01-27T15:41:17.886Z,Jerde - Welch,false
c3301b96-aa5b-4782-9b0b-d8fae0709575,2021-09-05T05:32:30.943Z,Tuckahoe,Missouri,Libyan Arab Jamahiriya,10.099,-98.334,velum,super,acerbitas,ipsam,sub,circumvenio,tactus,74,19.153662014561277,21,adflicto,4,1,4,true,0.09170126388426642,2022-05-04T03:19:18.762Z,Dietrich - Zulauf,false
59d76c0c-0f58-4547-bbcc-43b5df0802d4,2018-08-21T16:03:37.891Z,South Brennon,Rhode Island,Switzerland,-65.8109,-45.9634,vinco,acerbitas,adulescens,sperno,aduro,versus,crux,40,146.257645498772,90,ustilo,4,0,3,true,0.1421010457264744,2023-04-21T12:42:18.644Z,Koss and Sons,true
b407a6d4-4f9e-476d-9aa0-4ef49227e2a7,2022-05-31T02:28:53.074Z,New Peytonburgh,Wyoming,Turks and Caicos Islands,-6.6378,-79.2745,amaritudo,vivo,stips,victus,curvo,nam,altus,45,101.61439412048607,85,nisi,4,1,1,false,0.04659600994776447,2023-01-25T15:43:51.579Z,Bosco Group,false
1af31bf0-4fee-4249-8b44-4e71d36ffa95,2020-01-07T09:41:30.927Z,Korbinton,Minnesota,Kyrgyz Republic,1.0632,-69.7681,vita,tristis,sum,crapula,ademptio,solitudo,clamo,37,14.771908078173848,57,subvenio,3,0,5,true,0.21013627714841523,2019-07-26T06:46:58.857Z,"White, Durgan and Robel",true
38794102-dbf6-4824-8a3f-b84350719d58,2021-07-14T10:51:00.471Z,Kleinmouth,Nebraska,Vanuatu,86.5888,150.3359,deludo,comitatus,civitas,aperte,assumenda,adiuvo,fugiat,121,129.3556142794545,23,celer,3,1,2,true,0.05608508902964057,2018-03-15T08:07:23.205Z,Stroman - Reichel,true
821c2b9c-3847-46dd-afdf-b7aff9ef8b0a,2023-02-18T06:55:51.046Z,Urbana,New Jersey,Sao Tome and Principe,-62.8858,-47.3187,stella,civitas,solvo,cado,amicitia,vulgus,stips,78,116.63061558095774,73,voluptas,3,1,5,false,0.23276813237136268,2025-07-24T21:50:10.495Z,"Hauck, Kuhlman and Jacobi",false
ddc60333-e3a9-461a-8df3-606c9413717d,2024-11-06T02:09:59.317Z,Turcottechester,Wyoming,Niue,-6.0016,-27.6402,a,aggero,demo,bestia,caritas,angustus,animadverto,128,227.45923379974363,75,creptio,2,2,3,false,0.21006666600611912,2023-04-17T00:06:41.619Z,Ratke - Parker,false
946e90d9-a1f9-49f6-a26d-5844be5b2a4c,2023-12-04T14:33:01.396Z,East Philipbury,Maryland,Turkmenistan,8.3625,-8.2364,suadeo,provident,acidus,talio,utor,tamdiu,abbas,106,200.3391366821756,28,terreo,5,1,5,false,0.022311831942001453,2022-03-09T21:35:24.815Z,Zieme Group,false
c16935d9-c39d-4d02-9db8-a969c3dc388e,2024-03-07T18:37:24.364Z,East Joany,Arizona,Montenegro,82.8357,74.1155,centum,adfectus,tam,adduco,recusandae,sustineo,reiciendis,93,63.82869385122312,73,aqua,4,1,3,false,0.08940696834697001,2020-05-11T07:28:29.285Z,Hoeger LLC,false
de863483-f1e9-499a-9c2f-b7544253c397,2024-07-01T02:59:21.228Z,North Brettmouth,Mississippi,Saint Vincent and the Grenadines,58.0242,122.7977,adstringo,tego,adhaero,conicio,socius,corroboro,currus,68,74.36904574796829,85,tepesco,1,0,5,true,0.04701487156933365,2020-03-23T11:46:27.664Z,Corkery and Sons,true
f721ac3b-dc0b-468f-b4aa-a1c94903e77d,2025-03-12T21:09:21.579Z,Port Mckenzieport,Indiana,Saint Barthelemy,-15.2654,-36.2716,admitto,adhaero,concedo,artificiose,decumbo,sapiente,comminor,96,116.45025530670219,54,atrocitas,1,1,1,true,0.0939425976601802,2020-05-12T20:08:03.758Z,Wehner and Sons,false
3221efaa-57f3-49b4-bd87-8f33a814fe3f,2018-06-03T13:59:52.060Z,Burke,Nebraska,Ireland,53.1455,168.3337,terreo,cogito,tantillus,suggero,illum,sursum,quia,52,209.21015422464282,72,decumbo,5,2,1,true,0.21673697121089025,2025-01-21T23:15:36.563Z,Keebler - Abbott,false
0b5c5295-473f-4282-97e2-c3a1b7f8f2f0,2018-10-02T10:54:49.739Z,Warner Robins,West Virginia,Georgia,61.6096,-143.9574,contabesco,turpis,caecus,vere,tam,cunabula,neque,51,151.53297140874622,41,ante,1,1,1,true,0.008458379796075527,2018-11-24T18:52:53.148Z,Graham Group,false
8a2c939b-a598-4e47-aa72-a9cae6046aef,2020-04-26T22:26:19.884Z,North Bomouth,Rhode Island,United States Minor Outlying Islands,-28.179,-71.7466,demens,arcus,titulus,curvo,aestas,auditor,delectus,100,16.963655398715023,33,turba,1,2,2,false,0.035281696072727825,2021-11-28T09:19:12.163Z,Rolfson Inc,true
83bd3c3a-67d1-43e7-96b7-5ecb44ca810c,2019-10-12T14:52:44.364Z,Port Vida,Washington,Indonesia,-30.1647,179.6151,inventore,subito,tantum,vitium,aer,vos,tergum,108,121.17448593813714,98,conspergo,3,1,2,true,0.1552638195192381,2020-07-13T10:19:21.883Z,Nicolas Inc,true
049efcff-90e9-4c85-901a-69f087558212,2020-09-10T17:56:11.915Z,Eldonport,Oregon,Dominican Republic,35.6845,55.6031,degero,doloribus,theatrum,causa,adinventitias,tergiversatio,ambitus,101,185.64930394835798,95,derideo,0,1,5,true,0.00991873431421586,2023-06-15T00:21:15.923Z,"Mraz, Dare and Von",false
f6bea674-231a-42c2-992f-2c4b88dfd09b,2023-06-01T05:51:31.047Z,Harrisside,South Dakota,Namibia,-9.6133,-17.0251,vero,corrupti,ulciscor,teres,acsi,cerno,cernuus,59,148.8501430753134,85,comminor,6,2,1,false,0.030491887328235046,2025-03-26T22:50:42.347Z,Johnston Inc,true
eef2c82e-fa21-4ec9-b474-57eaa0c88951,2024-08-17T19:18:15.217Z,Pittsburgh,Colorado,Curacao,6.7689,-131.4898,amor,victus,cenaculum,audentia,eos,tolero,cogo,126,160.55705811081873,74,vesper,5,1,5,false,0.1889213188618553,2024-09-05T18:04:53.136Z,Ullrich LLC,true
7a37cc28-6179-4441-b38f-910edf7a5035,2023-03-01T22:28:19.766Z,Riverboro,Hawaii,Turkey,-2.2006,-144.8842,ducimus,benevolentia,colo,denique,sui,abutor,approbo,81,25.509799820664014,26,trans,5,2,2,true,0.12876408834234346,2022-03-07T18:29:14.047Z,Nolan - Dicki,true
09b7e69d-72ce-4c5b-b20a-eed8e95a43fb,2020-11-17T12:42:37.645Z,West Garnetbury,South Carolina,Indonesia,14.5958,147.2812,maiores,agnitio,nesciunt,corpus,termes,comis,textus,109,37.10685426602459,52,suppellex,1,2,2,true,0.04976949898771624,2019-03-06T19:34:02.358Z,"Jacobi, Mueller and Gleason",true
c15d9ee7-3de3-4ae9-b074-06d0ff853c80,2021-06-26T08:46:25.199Z,Pine Bluff,Georgia,Venezuela,72.5611,73.7555,pauper,blandior,cunabula,curiositas,coadunatio,caecus,spero,85,230.0715533417371,97,vilicus,4,1,1,true,0.20903645115655295,2025-03-26T18:18:39.806Z,McCullough Inc,true
fe5e00b7-ca79-4a2a-8ecb-9e0ec0916159,2019-11-08T07:11:43.351Z,East Crystal,Tennessee,Ethiopia,-62.2883,-106.184,adduco,capitulus,curriculum,vinitor,vulpes,omnis,fugiat,85,66.94235210312684,19,arceo,3,1,4,true,0.19712830122703956,2019-06-18T11:04:52.428Z,"Douglas, Hermann and Stroman",false
f076aeb1-1a2b-47d6-8fcb-992e1661d7c9,2020-01-29T18:34:13.762Z,West Sarah,Alabama,Kiribati,82.683,-11.1033,doloremque,summopere,pecus,vesper,cunctatio,auctor,venia,108,226.63589439367698,43,cupio,6,2,3,true,0.20047912637856963,2024-05-15T06:14:23.430Z,Conn - Thiel,false
f6d1eac0-b68a-4858-87fe-6fe392f19789,2018-08-02T13:53:37.665Z,West Alishastead,Montana,Kiribati,-55.8726,-158.779,officiis,cultellus,vestrum,aveho,textus,cursim,concedo,26,85.67484740634154,91,deficio,6,2,2,true,0.19325571865061902,2023-05-13T15:10:28.380Z,White - Lind,false
788baf59-a1c1-4797-b302-f2b041d88efb,2021-05-16T07:17:18.453Z,Sanfordberg,Mississippi,Saint Martin,54.7928,-54.381,viriliter,uredo,ipsa,deprecator,calco,quia,usus,100,161.80670003325383,42,vacuus,2,1,2,true,0.05035163326795769,2025-04-01T15:00:05.297Z,Bernhard - Effertz,true
422608ee-8e94-4229-bccb-86653666ec5e,2021-05-06T11:10:55.476Z,Lehigh Acres,Massachusetts,Guinea,-46.938,174.1398,bos,advoco,vobis,nihil,concedo,tandem,suus,86,158.85112487814104,82,claudeo,3,0,3,false,0.16028879178393743,2022-03-20T21:17:52.542Z,Kuhn - Walsh,false
6b4a59e5-89e7-4ebd-a831-36f9c272a73a,2022-11-06T11:12:39.936Z,Fort Markborough,Connecticut,Ethiopia,72.3507,-8.5787,vita,pax,infit,tergiversatio,asper,sit,asporto,61,216.4346493063725,87,desolo,6,0,3,false,0.035227858092611586,2019-05-31T17:28:26.458Z,"Torphy, Graham and Farrell",false
debd905d-650a-4c92-b177-b81b62daa990,2022-09-06T18:41:33.035Z,South Terrencestead,South Dakota,Hong Kong,22.1289,91.8822,vigor,canonicus,viduo,commodi,tantum,alter,urbs,129,188.4083232862788,37,stella,6,0,4,false,0.006833527930519945,2018-05-04T10:29:13.651Z,Simonis - Nader,false
69a133c3-8ba6-4c2f-ae3e-b7f33deb7909,2020-10-10T03:32:36.550Z,South Celestinoside,New Mexico,Mauritania,16.3175,25.4483,tenetur,alius,pectus,demonstro,magnam,tutamen,tutis,104,40.6216514397979,88,vesica,3,0,1,false,0.15966698580696376,2019-09-14T13:48:25.919Z,Koepp and Sons,false
ecfa583f-7016-404f-85cf-212aed7f88c7,2018-09-17T10:25:47.436Z,Floyburgh,Missouri,South Georgia and the South Sandwich Islands,-2.1321,-153.9528,arca,suffoco,vulticulus,coepi,verto,annus,vereor,102,9.975445814743908,46,sufficio,4,2,1,false,0.06019523406930241,2025-03-19T04:49:50.554Z,"Greenholt, Carroll and Denesik",false
f8336a76-b855-4b7d-b876-82d47e4094e8,2020-07-06T09:05:22.390Z,Port Hortense,Maine,Saint Martin,54.0517,-121.4325,crapula,demo,sordeo,apud,comminor,sonitus,quo,22,159.85789218654006,78,asporto,2,2,2,false,0.20918525211642514,2025-10-09T16:09:59.481Z,Wintheiser - Fay,true
44b92083-35ae-4a29-aef5-b49114f79c39,2024-01-12T08:52:10.429Z,Elnaberg,Louisiana,South Georgia and the South Sandwich Islands,-73.1251,-88.4903,suppellex,arbustum,thesaurus,voluntarius,circumvenio,acer,decipio,44,101.12138637379496,21,alo,6,1,3,false,0.14241410698244303,2024-12-14T20:28:26.180Z,Thiel Group,false
6db0e092-329d-4e3b-9c8a-7bd6b54289df,2025-11-01T04:10:22.857Z,Jenkinshaven,Kansas,Eswatini,71.8019,30.0101,hic,vinculum,vere,clamo,tardus,sopor,contabesco,68,60.18181259424998,53,corona,6,1,2,false,0.10355720596394788,2025-10-28T07:45:44.200Z,Parisian and Sons,false
4699b7f2-074f-48b7-a1df-65559fe85e71,2022-07-08T00:00:21.187Z,South Jazmyn,Louisiana,Pakistan,24.469,154.4357,ter,stultus,viridis,vorago,facere,ventus,fuga,42,135.18970780133077,84,timor,4,1,5,false,0.2400206047598036,2021-02-17T06:08:00.548Z,Hahn - Doyle,true
997881a3-992c-4878-9aaf-997f015516a6,2022-12-21T06:58:41.261Z,North Corrine,South Dakota,Croatia,7.298,101.1931,consequuntur,adulescens,demo,aegrotatio,arceo,numquam,cupiditate,70,99.99967310474592,29,sperno,0,2,3,false,0.021838594721063448,2020-06-20T19:29:38.005Z,"Russel, Rice and Farrell",false
ac551794-9caa-4aa3-97c8-2f746f114c5b,2023-03-29T17:26:37.840Z,East Dahliaborough,Georgia,Gambia,76.3585,-123.313,quaerat,ventito,attonbitus,cervus,suffoco,administratio,verus,55,148.53983084893622,97,amaritudo,1,0,1,false,0.11039070394944103,2019-10-11T20:49:50.273Z,"O'Connell, Luettgen and Hahn",true
decf04d8-18cf-43b9-a6dc-23a2c628b292,2023-07-10T06:52:36.242Z,Ricardofort,New Hampshire,Afghanistan,85.6521,49.4256,somniculosus,crebro,spero,supellex,labore,complectus,nulla,81,199.3324999078566,47,dolorem,2,0,5,false,0.08664215795825339,2022-02-03T05:56:56.177Z,"Farrell, Herman and Dach",false
9d2f0e6d-da83-4ef6-b446-4dbc22fb9df3,2024-01-08T16:00:26.823Z,Curtstead,New Mexico,Niue,71.0926,-170.7189,comes,alioqui,coadunatio,desidero,balbus,minima,beneficium,71,128.21327761260991,28,quod,5,0,5,false,0.15829347839274205,2023-03-29T01:49:36.085Z,Pfannerstill Inc,true
d9a4b4d2-3a0a-4048-ac4b-35676c065ec4,2019-04-01T13:40:01.472Z,Fort Danika,Nevada,Bouvet Island,-67.8908,-126.6831,vergo,varius,audio,ascit,copiose,ullus,tonsor,120,87.43017010510107,65,alter,4,2,5,true,0.2091220240822919,2024-05-15T11:27:12.152Z,Quitzon - Emmerich,true
2ff7e71e-fda6-4626-ab50-e16a01e40d6f,2023-09-17T16:43:04.373Z,South Korbin,Wyoming,Tajikistan,-14.6093,-175.9885,tenetur,ocer,utilis,candidus,contra,amplus,molestias,105,110.01475111468457,72,peccatus,0,2,3,true,0.07936690933779444,2020-10-27T17:26:55.502Z,Marquardt and Sons,true
f64128c6-195c-4878-9686-2a7d639f902d,2021-11-13T20:01:16.164Z,Josuefort,Nevada,Micronesia,-26.7759,47.2893,temperantia,comedo,caterva,quaerat,temptatio,error,patrocinor,79,93.27665895554483,84,accusantium,2,0,4,true,0.05446916221608661,2021-11-20T15:15:47.605Z,Hammes Group,false
7e5434df-a9bf-4481-b454-cd5dace6a74e,2019-09-16T17:27:57.958Z,Okunevaside,Mississippi,France,8.4788,128.6291,odio,callide,corporis,adstringo,beatae,magnam,suasoria,128,196.6329546903659,96,officia,6,1,2,false,0.20002159775674191,2018-07-15T14:12:23.623Z,"Ortiz, Crist and Windler",true
275b1105-75a9-4e00-9112-2134cd2b9ba3,2018-10-31T15:11:03.116Z,Ilianaborough,Idaho,New Caledonia,-73.3412,-59.307,ater,tumultus,tempus,amaritudo,brevis,cedo,audeo,34,68.89964063969157,53,cubitum,6,0,1,true,0.014639242335349245,2019-03-26T07:35:52.381Z,Champlin Group,true
7b42cd53-8f02-4ccf-80d2-2d1c015a927b,2018-01-24T07:32:22.771Z,Calistaberg,New Jersey,Trinidad and Tobago,71.9077,162.7402,arcesso,vulticulus,depulso,defetiscor,nostrum,aperiam,patruus,29,76.96316028255818,37,custodia,1,2,2,false,0.1925979024511239,2019-10-31T11:14:23.356Z,"Barton, Moen and White",true
736bf7fb-cf3b-4604-92a2-1aaec259ed48,2022-10-07T05:48:03.080Z,North Kaylie,Massachusetts,Isle of Man,4.3967,73.0959,verus,earum,aurum,ciminatio,officiis,canonicus,turpis,93,208.70171730019425,39,valens,1,1,5,false,0.00936527829779027,2024-07-19T14:42:06.427Z,Gibson Group,true
eb89f3b8-2141-4fd9-8afc-4f1cabfd7445,2018-07-03T09:18:58.511Z,New Alycia,Louisiana,South Sudan,17.724,-173.8907,aspicio,odit,conduco,arguo,aliquid,audax,coerceo,103,173.31842204772826,69,depraedor,5,0,5,true,0.03255326400254063,2021-06-12T10:57:56.628Z,Jast LLC,true
81ab68d9-88a6-492e-8d72-3bf6f88f81c3,2019-01-16T17:26:00.595Z,Nicolasport,New York,Saint Vincent and the Grenadines,-20.1883,-80.196,arca,voluntarius,deludo,adfectus,undique,confero,denego,31,181.57515069817782,70,ab,2,0,5,true,0.15346878614686163,2020-06-19T14:55:50.803Z,Hoppe - Kiehn,false
a575c265-4711-4d3f-ac82-c5c65d729546,2025-07-09T02:40:00.247Z,West Doris,Connecticut,Thailand,87.7249,6.9903,ustilo,conor,validus,studio,cursim,strues,ventosus,70,87.83344500000871,43,sumo,3,1,1,true,0.08112656256476769,2018-10-24T14:09:51.510Z,Schoen LLC,true
8235622b-629b-4a7e-930d-adb315fc84d0,2021-06-02T00:52:01.306Z,Port Maybelleport,Connecticut,Suriname,55.5869,13.8941,cenaculum,custodia,facere,tumultus,cito,terga,amissio,80,1.9232856254382291,58,sapiente,3,0,3,true,0.074325491048572,2023-03-30T12:31:10.099Z,"Schulist, King and Swift",true
d2496c1f-992a-4ebe-b902-df08d451179e,2020-06-11T06:21:17.234Z,Fort Jaimeberg,New Mexico,Djibouti,-69.1256,-173.1115,calco,vesper,curo,degenero,xiphias,arto,cur,56,156.82098775393672,37,curo,1,1,3,true,0.20279430674626137,2025-02-11T04:25:47.889Z,Predovic Group,false
f8f7f4e0-99bd-4a4d-a3a6-76c6506cb48c,2022-01-02T12:53:09.999Z,South Shyannworth,Maryland,Saint Barthelemy,61.1313,-3.5147,stipes,terreo,damnatio,concido,vindico,caelestis,comitatus,101,124.96443554644299,59,tribuo,5,1,5,false,0.00708803066819455,2023-08-16T00:33:28.674Z,Satterfield and Sons,false
14fb2a25-2ed1-4391-a850-2e4e540ac648,2022-09-23T14:39:19.791Z,Brownshire,Alabama,French Guiana,-21.7581,152.8721,tribuo,defaeco,taceo,cilicium,volup,stella,vitium,105,105.20914722773546,26,cariosus,6,1,4,true,0.10492229151151347,2019-08-02T20:37:23.072Z,"Goldner, Hegmann and Mitchell",true
ff708ebd-487b-4ab9-8ea2-345ce5558487,2022-11-12T13:35:56.303Z,Fort Raheemworth,New Mexico,Moldova,-35.566,113.5699,subnecto,vito,summopere,delinquo,blandior,voco,ver,81,172.4827890150466,67,solitudo,4,1,5,false,0.05837953205618676,2025-11-12T08:25:04.266Z,"O'Reilly, Spinka and Romaguera",false
c172de64-bd88-4629-aae6-84b2a9b0aa07,2024-06-19T07:57:35.258Z,Alessiaboro,West Virginia,Kiribati,31.0959,-130.5148,varietas,vinum,vito,attonbitus,tripudio,angustus,comes,86,204.03625997618826,51,aetas,1,0,1,false,0.0719829082745875,2024-03-20T21:33:35.769Z,"Renner, Bailey and Stehr",true
0e89a47e-0f23-4998-be55-a6291cc8b19a,2019-12-13T17:03:06.542Z,Ethanworth,Colorado,"Bonaire, Sint Eustatius and Saba",43.5931,-98.6979,officia,bellum,defleo,sono,tum,laborum,volaticus,82,90.24004986149775,52,cui,2,0,3,true,0.12979841565000988,2020-06-18T12:46:34.720Z,"Greenfelder, Beer and Bartoletti",false
be94af11-8b5f-4ad2-8298-2515cb50c217,2020-05-25T21:05:40.787Z,Aurelieburgh,Tennessee,"Bonaire, Sint Eustatius and Saba",63.3512,-90.6044,velit,termes,subvenio,voluptate,sed,alveus,valde,70,8.248648930773221,77,dolore,4,2,5,false,0.21135252998897489,2024-02-13T19:48:34.697Z,Gleason - McCullough,true
ce074c99-41b5-48d4-8149-e144e154169a,2024-12-10T01:31:47.961Z,Port Libbyfort,North Dakota,Jamaica,-78.98,47.1806,circumvenio,cinis,adinventitias,similique,supellex,vix,civitas,84,47.51442853987359,82,vulticulus,3,0,1,true,0.047630939248965554,2025-02-06T16:24:39.134Z,"Runte, Hermann and Sauer",true
7627b4e9-05fe-40a0-81ae-fe9906740775,2025-07-24T04:56:59.111Z,East Montyboro,Georgia,Iran,-7.4223,-85.7512,ascisco,denego,totidem,carbo,cura,defungo,capto,32,200.25185550935035,86,aestus,2,1,1,false,0.24365182237350955,2019-10-22T00:12:08.926Z,Boehm - Abernathy,true
0c2d7af0-bf25-4d35-aad9-a48bbe26c128,2025-10-18T19:09:58.471Z,Cruickshankhaven,Arizona,Turkmenistan,89.081,-67.0585,conduco,corrigo,culpo,tabella,cribro,stultus,casso,47,5.753615146144355,78,creber,2,1,2,false,0.04431131452715817,2024-11-15T16:43:50.552Z,Weissnat - Lehner,false
fa491bf9-a2cc-4b6e-ad68-7a9349ef1aa2,2025-01-24T07:59:32.402Z,East Magdalenaside,Rhode Island,Reunion,17.4212,-61.2726,varius,comburo,curo,vigor,illum,inflammatio,ubi,99,41.407954139721994,85,damno,2,0,4,true,0.18917225900037143,2021-12-22T13:23:26.199Z,Emard Inc,false
349d1133-3023-48f8-87b4-d21382934f7c,2019-12-28T16:40:32.806Z,Konopelskiberg,Virginia,Palau,-49.1957,-108.95,colligo,suscipit,tres,annus,talus,curvo,victoria,63,10.631983886761418,59,nostrum,6,0,1,true,0.10058532507661597,2019-11-16T06:07:57.336Z,Greenfelder - Davis,false
c582e237-03e7-4bf0-b23e-5757d001d68d,2024-09-16T14:20:57.498Z,Elsafield,Colorado,Morocco,-25.8078,8.5086,virtus,viriliter,solvo,arcesso,cicuta,vinculum,tertius,79,13.84797642914867,17,suffragium,0,2,5,true,0.02157363535608811,2023-03-15T08:34:03.404Z,Hilll - Marks,false
db4bc7a3-9894-4c6f-8db6-617096cb8e7f,2025-12-24T06:46:14.200Z,Tyler,Colorado,Thailand,-57.0318,103.554,cum,tamen,cimentarius,condico,maxime,adsidue,aperio,125,57.398747945739245,35,urbs,3,0,2,false,0.16080390026628422,2019-01-17T05:44:16.455Z,Bruen LLC,true
cbc326c4-f28c-45f6-a19c-410ba3c973b7,2018-05-22T15:21:53.202Z,Providence,Connecticut,Malawi,-16.7796,159.2848,sunt,depraedor,creo,vergo,adimpleo,umerus,super,66,142.73662629735773,74,aurum,5,0,5,false,0.17346835968489613,2024-04-30T18:34:03.417Z,Kling Group,true
88e73138-d423-4312-9518-91b35be7bb8f,2022-08-24T21:15:43.890Z,South Jaylinview,Illinois,Greece,-85.5015,1.4463,patior,inflammatio,velut,quidem,aeternus,spiritus,bene,41,219.5523274604598,89,spiculum,4,1,3,false,0.1492090474708924,2018-01-08T06:13:36.830Z,"Aufderhar, Ullrich and Hansen",false
0da7cd3f-67d6-407d-bc4d-b725008534cc,2021-01-05T16:59:15.468Z,Dachside,West Virginia,"Virgin Islands, British",-25.9615,-67.2551,facere,sunt,voveo,terminatio,sunt,theatrum,tergiversatio,55,15.832862204274232,41,sodalitas,4,0,5,false,0.09193383166808464,2023-01-20T03:17:23.760Z,Olson Group,true
64d5634c-e3f3-4b7a-b99f-e823c08f5190,2023-01-14T04:53:04.075Z,Cape Coral,Wisconsin,Niue,-34.0687,-151.3048,vito,vorax,solitudo,conitor,clementia,crur,blandior,42,2.8427077477298557,35,inflammatio,4,0,4,true,0.017842333229919183,2025-10-12T16:18:09.322Z,"Jacobi, Waelchi and Wiza",true
8e4e8cef-2b5e-4a06-be17-195a19931135,2022-06-23T21:01:11.461Z,Fort Lauderdale,Montana,Republic of Korea,77.5232,48.592,tandem,assumenda,aeneus,asporto,pectus,pectus,clam,97,17.024516628318516,82,demulceo,1,0,1,false,0.0006820886974654716,2018-10-22T01:34:29.356Z,Klein Inc,true
f2c30d00-5cb8-4527-a0a3-41a9b1a4327c,2021-02-23T11:31:59.053Z,Corkeryport,Colorado,Latvia,-66.6711,-98.4733,venio,ventito,terra,aliqua,abeo,contigo,repudiandae,82,112.90714676131347,54,venustas,2,1,4,true,0.04354796733595362,2018-03-10T13:47:01.329Z,Crist and Sons,false