accident_id,incident_datetime,city,state,country,latitude,longitude,road_name,road_type,intersection_type,accident_type,weather_condition,road_condition,light_condition,speed_limit,actual_speed_kph,driver_age,driver_gender,casualties,fatalities,vehicles_involved,alcohol_influence,blood_alcohol_level,weather_reported_at,reporting_department,pedestrian_involved
70759ee6-704e-49d3-8aa0-fa51d0a10a54,2018-01-29T22:08:27.126Z,Port Jaycee,New York,Zambia,-57.7458,-178.5217,caelestis,denego,autem,patria,crinis,libero,valde,82,235.9911112582957,31,solium,1,1,3,false,0.07515984730501318,2020-08-07T15:31:06.097Z,Torp LLC,false
d8eab688-0aec-4df1-a4fa-21912f800bce,2021-07-05T03:11:13.752Z,East Aileen,Ohio,Tonga,30.7424,123.4452,advenio,vomer,cicuta,asper,spoliatio,demulceo,blandior,121,31.386152406611618,63,iste,2,2,4,true,0.009902672964244491,2020-01-13T11:45:13.702Z,"Raynor, McClure and Kuhic",false
21a2cbba-15a6-41ae-98e7-4e3846b00812,2019-11-17T05:50:24.443Z,East Taurean,South Dakota,Northern Mariana Islands,-77.7216,176.9424,ultra,vestigium,tactus,depopulo,porro,stabilis,strenuus,127,139.51607686063593,92,ulterius,2,0,1,true,0.04823546958871899,2020-12-23T06:29:13.287Z,"Collier, Veum and Hintz",true
154cc7df-c534-4ece-9cfc-001a4f3e7787,2025-05-21T13:45:03.175Z,Broomfield,New Mexico,Sierra Leone,-74.2337,-125.8439,bellum,cupio,repudiandae,bene,nemo,sublime,tardus,48,210.33023468784873,55,amplitudo,5,2,4,false,0.19219298727647607,2018-05-22T10:52:43.231Z,Spencer Group,false
887e497a-d004-4e13-a4bf-5e3c5b66f35f,2023-10-01T06:11:51.530Z,Norbertostead,Iowa,United States of America,-88.7562,83.9317,atavus,cubicularis,degenero,blandior,vox,cognatus,conatus,60,34.09765780734367,85,supplanto,5,1,3,false,0.17506085746487382,2023-03-08T16:25:01.502Z,Schulist LLC,true
4f54dad3-2b5d-44c5-b4dc-c60628190fc7,2018-05-02T04:37:36.260Z,Fort Santa,Maine,South Africa,67.2549,-147.8548,vox,atrox,tonsor,succedo,adstringo,terga,ars,40,95.77366522723236,60,impedit,5,1,4,true,0.19406776919355903,2021-05-22T08:58:10.167Z,Schulist Inc,true
d2f98fac-fa3f-4abf-9e8a-f4c5499ab925,2018-12-28T23:40:47.365Z,West Jaychester,Colorado,Martinique,7.9957,126.7318,valde,convoco,aurum,absens,correptius,temeritas,demo,89,95.69323215205326,89,ullus,0,1,3,false,0.16266496764082156,2025-05-13T16:23:58.783Z,Bahringer and Sons,true
752cc6d7-e21c-4d7f-b900-89804a08caa5,2023-05-09T14:59:21.005Z,Vineland,Rhode Island,Gibraltar,30.0978,52.3945,cum,vaco,certe,culpo,atqui,incidunt,attonbitus,94,121.01012884214546,72,provident,4,2,1,true,0.13538131933001377,2021-10-09T05:27:44.112Z,Ankunding Inc,false
806b9128-3f60-4424-b16f-218647ddb4ce,2019-07-31T18:27:25.764Z,VonRuedenbury,Georgia,Morocco,-54.8352,-49.0603,valens,supra,crustulum,amoveo,solvo,cum,stips,33,60.67197945854158,95,curatio,4,1,2,true,0.19374300657618398,2020-08-17T15:22:34.408Z,"Kuhlman, Bernhard and Windler",true
ed9c3ed3-53fc-4f5f-8935-5ad6df3efcf5,2020-05-20T16:19:19.565Z,Brentworth,Washington,Zambia,75.8972,-56.1486,studio,viscus,vero,cultura,impedit,capto,maxime,129,64.75410176660704,67,deputo,2,0,2,false,0.15001101556948682,2018-01-26T01:42:20.726Z,Stark LLC,true
328405be-dc2b-4b26-a27e-1f972d06576d,2023-04-17T02:22:45.807Z,North Petrashire,South Dakota,Western Sahara,15.828,151.509,thema,soluta,coadunatio,ipsum,mollitia,possimus,strues,47,161.29257252715252,63,utpote,0,0,3,false,0.01765427942301362,2019-02-06T17:11:41.184Z,"Spinka, Krajcik and Boyle",false
07017a6b-b30d-483d-9eee-0965adc50c22,2024-12-24T13:10:58.453Z,Lubowitzworth,Texas,Slovakia,41.216,-107.923,pecus,deludo,amita,aliqua,caste,virtus,praesentium,43,69.6404342981101,68,aperte,2,0,2,true,0.2111402578629058,2025-04-18T12:55:30.143Z,Robel - Baumbach,false
6c15d404-247a-41d8-ad81-cf08395b04af,2020-06-20T02:07:11.386Z,Kansas City,North Dakota,Ethiopia,-16.4666,56.6181,timidus,thesaurus,cauda,minima,vorago,quasi,incidunt,60,110.7558568061362,86,unus,0,1,3,false,0.12994050689502842,2019-08-22T14:45:03.322Z,Breitenberg Group,true
7d3d3f03-bfe0-4cc3-b4f3-f4966a4dae5a,2019-10-20T22:07:16.680Z,Heathchester,Wyoming,Colombia,-39.3073,-129.7406,abundans,vae,sed,iure,caterva,commemoro,atqui,97,66.94031698428012,38,umquam,0,0,3,true,0.18786928862310096,2025-08-11T21:16:41.647Z,Jacobi LLC,false
fbdb5ba1-6c18-48db-a450-e34d6e4eb716,2021-12-15T09:39:42.358Z,Martineton,Maryland,French Guiana,-26.6597,-131.4846,tabula,cresco,beneficium,utique,spectaculum,pectus,est,130,1.849647301801296,50,ea,0,1,5,true,0.03608696400973116,2019-06-22T19:47:50.059Z,Batz and Sons,true
1768c995-b8da-463b-bdb5-b7d22e902bc3,2022-12-17T13:09:51.292Z,Barrowstown,Kansas,Guatemala,10.7116,164.215,patrocinor,dignissimos,curto,caput,suggero,succurro,tepesco,75,197.28116363580108,62,vobis,0,0,3,false,0.13487787118398023,2024-01-25T08:18:59.214Z,Welch - Kuhlman,true
2601f691-a97e-441b-bb78-f0fa8aadc2a9,2020-02-28T08:47:22.410Z,East Berniceport,Hawaii,Lesotho,-8.6655,101.7524,consequuntur,bis,repellat,coniecto,delibero,vestrum,solium,106,67.92409048275687,37,clarus,0,0,5,false,0.03758798438276045,2024-08-25T08:38:08.689Z,Buckridge and Sons,true
b5031119-1726-4231-a660-dc9895ed9016,2023-08-14T19:25:22.982Z,Laceymouth,Washington,"Virgin Islands, British",-2.0017,-116.8438,spectaculum,decretum,aestus,vere,quod,approbo,quia,49,5.214430411584825,64,villa,0,1,1,false,0.18828283840345653,2019-02-21T01:57:04.615Z,Bosco - Leannon,false
2967eef1-6eeb-4549-b916-4e2f270ee8b6,2023-09-22T22:27:08.866Z,Lake Briacester,Delaware,Papua New Guinea,-69.1853,112.3227,bellicus,vulgus,defungo,cibo,auctus,concedo,degenero,98,171.56067169462187,32,anser,0,1,4,true,0.18070450547433503,2018-02-08T20:07:27.753Z,Dibbert Group,true
a2d67941-1690-4a31-b6d7-0eff64c66149,2020-05-14T08:37:33.519Z,Warwick,Louisiana,Barbados,-58.7003,80.541,aequus,vapulus,quae,degenero,voluptatum,molestias,aegre,113,185.5422924823869,55,terra,4,1,1,false,0.11665892609328068,2021-03-17T18:47:49.781Z,Kilback Group,true
1c49fe08-ddfe-467d-b6c3-d93c93efa362,2018-10-12T01:12:11.098Z,Evansville,Indiana,Albania,-54.8569,-79.0042,calcar,neque,velit,depraedor,cado,cum,volo,121,239.90907818966048,31,aureus,1,0,1,false,0.02145400415019763,2024-03-27T16:54:06.543Z,DuBuque Group,false
bfca6461-9274-4618-8009-ca23f3b824a2,2019-03-06T23:17:51.868Z,Chadricktown,Georgia,Uganda,-58.2058,-56.5692,aro,unus,consuasor,terreo,cunabula,clarus,centum,63,199.9618207083396,34,cerno,5,0,1,true,0.24500833399560598,2025-04-07T19:16:04.522Z,Pfannerstill Group,true
9b466290-ab5b-4a5b-85ec-ac754458e98c,2019-06-03T05:23:37.666Z,Hilo,Iowa,New Zealand,37.0507,-86.6867,aliquid,velut,libero,audentia,ustilo,sperno,arx,118,230.41403377545993,91,solutio,3,1,3,true,0.11184288390326075,2018-02-07T01:17:45.199Z,"Rogahn, McGlynn and West",false
5c9f8764-0b40-4f92-bfc6-ec66e7624f2d,2019-10-06T11:51:52.022Z,Port Manuelatown,Kentucky,Niue,3.8821,-93.7634,temptatio,adaugeo,tantum,trado,illum,certus,tui,121,205.578482978503,41,venia,4,2,1,false,0.04031763883090317,2025-08-23T18:30:07.151Z,Lesch and Sons,true
0a677841-1565-461d-a501-1c1b11206625,2022-08-22T19:34:41.947Z,West Iva,Iowa,Liberia,-85.3073,146.59,aestas,solutio,spes,asperiores,vivo,defessus,denique,65,233.17721781465406,56,unus,0,0,5,false,0.010755454493867916,2019-12-01T16:34:24.469Z,Will - Kassulke,false
d0c1c4b4-142e-490b-9647-f30aaabb9207,2018-11-21T09:15:48.003Z,South Heloisestad,Iowa,Tajikistan,-85.9164,123.5682,curo,adopto,laboriosam,curatio,adduco,abduco,vulgo,47,31.211170761479323,44,aut,3,0,5,true,0.22798619201041034,2021-07-12T06:45:30.976Z,Labadie LLC,false
60379092-85c8-4be3-b975-24092e8933e4,2018-07-22T07:23:40.375Z,Emilianoburgh,Missouri,American Samoa,80.4925,-160.2246,cito,rem,vita,amiculum,temporibus,sortitus,abutor,91,73.04279679179595,96,ea,4,1,4,true,0.17383483480937342,2024-07-13T08:17:30.900Z,"Jakubowski, Gibson and Rodriguez",true
0a173bf1-95bf-457d-9b8d-e0741492b5e3,2020-12-19T17:13:38.481Z,Fort Emily,New Hampshire,Uzbekistan,81.6868,-160.3455,adinventitias,delibero,vallum,traho,varietas,demitto,suscipit,115,63.59421021990502,29,tricesimus,4,0,3,true,0.11704810552961267,2020-05-23T13:17:23.724Z,Boehm - Witting,true
2c3491a2-cfae-4397-b785-ea39976673f9,2021-04-23T16:01:13.980Z,New Einoborough,Georgia,Norway,-28.4566,163.2884,vomer,valeo,desipio,paens,antea,architecto,cerno,37,19.578998267099294,61,una,0,2,2,false,0.08558228073882126,2018-07-13T21:57:08.578Z,Langosh Inc,false
4894d55e-8a26-4240-979a-5617724f61dd,2020-04-12T20:23:42.289Z,New Carli,Minnesota,Papua New Guinea,85.6725,-171.085,ut,carpo,quam,thymbra,sordeo,architecto,capto,34,131.88630772005234,46,aqua,6,0,5,true,0.1409670613052482,2020-12-09T20:21:22.078Z,"Luettgen, Conroy and Weimann",false
70486031-0ba8-49fd-8a06-f84a16c55945,2019-12-10T21:02:26.983Z,Owensboro,Mississippi,India,22.0231,91.2027,vulnus,debitis,studio,apostolus,maxime,abduco,cunabula,67,161.80639731325223,30,vitiosus,0,1,1,false,0.24691738174902575,2020-10-18T02:51:37.220Z,Monahan - Wyman,true
7466625e-ae98-4006-9997-81ccafba34ff,2025-08-03T14:03:26.871Z,New Beulahboro,Virginia,Sweden,-43.2362,-77.7433,pauci,sumptus,curiositas,amplitudo,defluo,tres,tergum,45,42.81300270517478,33,truculenter,3,0,3,true,0.0011529104989511096,2020-10-23T02:11:12.346Z,Kling - Bechtelar,false
314973fd-5b97-4300-b777-499b90d239fd,2021-09-16T23:34:02.838Z,Mantestad,Missouri,Northern Mariana Islands,-35.3281,-127.4724,vita,suffoco,amplus,verbera,ad,adopto,dolorum,108,26.551361436602434,21,a,5,2,2,false,0.016946939107204434,2021-07-20T19:01:39.278Z,Christiansen - Schumm,true
249399f2-72bc-4e0f-a79e-f68adde1ed54,2018-06-14T03:13:00.962Z,Framingham,North Carolina,Bahrain,15.2886,-32.3115,umbra,ullam,aggero,thymum,tremo,cibus,ipsum,46,124.06333076722505,33,vesper,3,1,2,true,0.20199404419813083,2020-02-05T10:09:06.483Z,Baumbach - Schneider,true
bdce6cb2-94ee-4679-9f53-75a032cdbf7d,2019-09-06T02:12:11.734Z,Port Kelly,Florida,Norfolk Island,75.3179,45.8388,vehemens,ut,calculus,tenax,acquiro,maiores,reiciendis,49,59.741019670593886,86,quia,3,1,2,true,0.031001237294002615,2018-06-14T08:23:26.025Z,Swift and Sons,false
f210127c-c0b1-408f-8182-65afaefad01a,2022-02-16T16:13:09.114Z,North Avahaven,New Hampshire,Bangladesh,84.7624,174.956,vulpes,vilicus,pecto,adipiscor,tego,urbs,esse,33,1.1896063066103402,57,audacia,3,1,3,false,0.2054874179436431,2021-10-07T19:03:15.679Z,Kohler - MacGyver,false
cf1af618-6c05-4ff0-8e48-7d5b9bc96bfd,2021-12-02T14:04:43.027Z,Palm Desert,New Jersey,Republic of Korea,-75.9694,142.0312,apto,vespillo,aggero,corona,subvenio,aperio,auctor,64,198.93837970174624,93,defetiscor,3,0,1,false,0.1864310439886313,2018-07-04T05:07:24.161Z,Ortiz - Gusikowski,true
c97029e2-4e91-4f91-b916-961e2028aba6,2022-11-20T21:23:59.560Z,Pearlinechester,Kansas,Cuba,40.284,-160.6571,correptius,adstringo,ter,clamo,consectetur,vomer,auctor,114,131.1771691967328,80,aedificium,0,0,2,true,0.18876508559817406,2024-03-13T04:58:42.026Z,Brown - Hayes,false
a18473b6-b19a-4a12-84bc-d36f34ce63b3,2023-08-21T02:27:27.892Z,North Alanaborough,Louisiana,Cote d'Ivoire,-58.1041,75.7198,stips,terreo,talio,delego,aureus,thesis,aspicio,82,233.83043112790057,79,tepesco,2,1,3,true,0.13139562703046057,2021-12-23T13:55:38.650Z,"Olson, Erdman and Mohr",true
b6b52539-364a-44d9-859f-897e39f3f6ad,2025-08-10T19:40:30.793Z,South Curthaven,Kentucky,Gabon,-57.1245,-44.534,terga,coniecto,verus,demoror,stipes,suppellex,demo,51,212.93738141217986,22,coma,2,1,3,false,0.058554422930936934,2025-02-11T15:21:34.894Z,Lehner LLC,true
e065fdab-2cd4-4b62-9408-8762b3707f52,2023-04-16T15:05:03.289Z,East Brigitteview,Oklahoma,Italy,71.3928,-76.1,amaritudo,hic,accusantium,comis,dolore,cultura,validus,105,104.14113295997838,20,tribuo,2,1,5,true,0.2482105845854445,2020-03-02T14:03:49.745Z,Schuster - Haag,false
49983b1d-120e-4f99-a013-538f9af20af7,2023-03-31T14:45:39.827Z,Jaroncester,Alabama,Portugal,-39.0378,-43.7348,aiunt,compello,maiores,tremo,ciminatio,dignissimos,calamitas,93,39.5035037534349,72,canis,0,0,3,true,0.22287323313569657,2023-01-12T13:44:08.796Z,Luettgen LLC,true
bd360f96-c95b-499c-9ac3-f699bb12eab9,2020-09-04T15:05:23.688Z,Kiehnburgh,Wyoming,Madagascar,-5.0871,152.8977,beatae,laboriosam,deduco,ager,confido,vinitor,tergo,104,60.644968595379645,58,tego,5,2,5,true,0.02841778805999659,2021-02-14T19:13:47.469Z,Mraz - Koch,false
b3b6c565-0728-43fd-93fa-0cb5a120d160,2024-08-06T04:49:56.123Z,Lake Ulices,Tennessee,Malaysia,56.4745,37.537,angustus,apto,ars,volo,amplitudo,quisquam,mollitia,56,239.264672244018,81,capitulus,6,1,2,false,0.000027306467323129358,2021-08-27T17:00:14.107Z,Marvin - Collins,false
d7d77a59-7344-4fdf-8e39-fbad1ec46abb,2021-04-27T10:35:10.203Z,Fort Margotstad,Rhode Island,Puerto Rico,-61.9251,37.4576,vilicus,voluptatibus,demo,coadunatio,vulticulus,porro,spiritus,114,121.80369459894752,74,casus,1,2,3,true,0.21603435943063906,2022-08-01T18:40:00.051Z,Erdman - McKenzie,false
5009df60-1321-4540-aaea-6413991a7211,2023-05-13T00:05:24.514Z,Stockton,New Hampshire,Montserrat,-64.1674,-69.7107,amet,conqueror,depereo,dolores,suscipit,pecto,confugo,124,198.85581826157855,44,dicta,6,0,5,true,0.24823500213834507,2022-03-21T03:48:42.081Z,Halvorson Inc,false
37b796b4-6443-49b9-b5a4-55aaddcda614,2023-04-17T20:46:43.330Z,New Elyssa,South Dakota,United States Minor Outlying Islands,-22.3259,-56.3669,demo,cernuus,cunae,vitae,volutabrum,aspernatur,nobis,45,85.24866152786538,85,cognatus,5,0,3,false,0.18165183630357648,2020-10-04T01:17:37.539Z,West and Sons,false
47990f5b-1207-40b1-8357-45a106442e66,2023-11-07T18:32:02.896Z,Kenyattastead,South Carolina,Cameroon,-38.4168,4.2111,atque,turpis,beatus,defessus,confido,crastinus,minima,52,149.09501176082816,66,debeo,4,2,2,false,0.13218973106579746,2018-12-19T12:23:18.372Z,Larkin and Sons,true
3479459d-d869-4d4f-9a78-a6302b0e71ed,2022-04-28T08:58:00.563Z,Lake Kayden,New Jersey,Madagascar,-65.4943,-74.7188,eaque,carbo,pecco,ceno,aperio,compono,supplanto,63,108.05478034001287,100,claro,4,2,2,true,0.1996448779485369,2020-05-11T15:49:48.182Z,Gorczany Group,true
cb7d2069-39e2-4c9f-a2dc-e88879f87c6d,2024-05-28T02:50:53.744Z,East Fatima,Maryland,Aruba,-37.5925,12.5158,arto,adaugeo,turbo,caste,occaecati,adipiscor,carmen,90,62.75171054694028,79,paens,0,1,5,true,0.1597290909277099,2018-01-08T09:06:05.303Z,"Walsh, Reichel and Thompson",false
a295598f-f42a-4e73-ae81-f520c258ed31,2023-10-08T12:54:06.059Z,Vista,Missouri,Libyan Arab Jamahiriya,-50.7514,44.705,ait,solio,conventus,comburo,vulgivagus,esse,vado,57,177.47743022595924,89,clementia,1,2,3,false,0.15737842622181322,2024-08-18T13:03:21.427Z,Mraz - Wisoky,true
2c19b3ca-6af7-4b66-87ab-d664dee46934,2018-08-05T16:24:03.588Z,Hyattshire,Montana,Democratic Republic of the Congo,72.891,-64.6844,avaritia,asperiores,alo,somnus,ventito,vociferor,trado,90,85.87495207431806,30,thymum,2,0,5,true,0.23059500886421994,2021-06-07T10:24:49.222Z,Dickens Group,true
36455ef3-3fcb-4b64-8c63-96921dd9939f,2024-01-07T09:04:50.968Z,Tierraport,Colorado,Cambodia,-26.1446,-127.718,stella,abstergo,depopulo,uredo,coma,cervus,consectetur,23,95.08575755616452,92,contego,2,1,5,true,0.04290860330551893,2021-04-28T07:25:13.195Z,"Hagenes, Hessel and Cassin",false
415444bc-1391-4a53-bb23-1e594a20b984,2018-12-09T10:17:03.936Z,Allenehaven,Tennessee,Antigua and Barbuda,-23.2148,-1.9692,accommodo,tantillus,fuga,hic,vivo,defluo,fugiat,39,96.27842303046,77,corrigo,4,2,1,true,0.17253748799841737,2022-08-22T12:12:54.832Z,Koelpin - Stiedemann,true
ae49c71b-1d7a-4931-b1ac-fc8ab147b493,2019-10-02T03:34:35.381Z,Trujillo Alto,Arizona,Vietnam,-35.7467,-132.5758,in,ager,apparatus,adiuvo,vesco,atrox,uberrime,114,185.98888520924118,37,articulus,3,1,3,false,0.11352622950642616,2022-08-14T06:31:50.696Z,Runte - Altenwerth,true
7f161782-7081-4223-becb-d4220ad3e50b,2024-12-18T11:51:35.268Z,South Leatha,Rhode Island,Democratic Republic of the Congo,84.3693,-65.5276,tergo,abbas,studio,contabesco,abundans,sum,spiculum,100,94.55049782379673,50,harum,6,0,3,true,0.21607823221785027,2021-12-07T23:28:53.852Z,"Ruecker, Rogahn and Kilback",true
00d60cab-581a-47a0-9f19-ce66bf0b68ed,2020-10-11T11:20:21.094Z,Jacobiton,South Carolina,Christmas Island,89.8082,-92.1984,curis,quisquam,depulso,acies,suasoria,patior,abbas,50,38.29328796554386,95,adficio,5,0,2,false,0.11658392731976755,2020-12-10T08:56:10.117Z,Jast - Franecki,false
5954e534-ad38-47f0-8a68-4a7d0a46275e,2020-02-12T16:09:47.643Z,Shieldsshire,New Hampshire,Estonia,37.3093,-26.5141,ratione,modi,vestrum,creptio,ullus,sumptus,uter,85,82.72942145678473,32,subvenio,2,1,2,false,0.04111909232516242,2024-08-03T11:29:11.108Z,"Franey, Bahringer and Mitchell",true
c3651720-44b4-4385-a810-8ed34a1534e7,2019-07-27T18:40:57.431Z,Kuphalcester,Arizona,"Virgin Islands, British",16.4597,73.394,traho,stillicidium,ustulo,fugit,tergeo,votum,decerno,81,138.87739259960736,85,conor,1,0,4,false,0.023770292599056053,2018-04-16T23:30:05.986Z,"Hane, Walsh and Torp",false
6cc7e7a8-5c5a-4126-8cfa-17cb70845037,2022-09-19T11:05:25.514Z,Karianeboro,Utah,Cameroon,6.1554,164.2095,vestigium,summopere,custodia,tabella,angustus,tribuo,denego,120,135.07054286631092,75,casus,1,0,4,false,0.03286064479426892,2023-07-21T19:59:10.511Z,Grady - Kerluke,false
072ab99e-8c16-49bd-892c-fe1217f40f36,2020-03-20T20:53:21.580Z,Berkeley,Maryland,Equatorial Guinea,83.3742,163.9112,caterva,aiunt,hic,copiose,venio,textor,enim,60,217.4557474811743,71,cado,5,0,4,false,0.24005965369192514,2025-12-03T19:48:30.369Z,Yost - Russel,false
018ab358-61cd-438e-bef2-ad0b0c41a60d,2021-03-14T11:29:23.664Z,West Leila,Kansas,Tokelau,23.6578,-32.184,aperte,ara,ciminatio,tergeo,arcesso,sublime,vito,90,205.01592311920527,18,conatus,2,2,5,false,0.024345659452347568,2021-07-01T22:30:50.860Z,Morar Inc,false
366ac74d-5162-4c90-8e20-84f0b29cf4cd,2019-08-29T13:09:21.743Z,Lake Ray,Washington,"Virgin Islands, U.S.",-32.837,162.921,utor,cultellus,defaeco,deprimo,addo,vinco,arma,99,75.66151847849079,96,dedecor,0,1,4,true,0.120922875657021,2025-07-23T03:31:45.627Z,Altenwerth Group,false
2202e019-d312-4cb1-a231-3c2c08b3a49b,2019-12-19T16:10:10.999Z,Durham,New Jersey,Kiribati,-79.4168,33.1614,occaecati,deficio,harum,nam,virga,angelus,quibusdam,100,178.56412701324714,77,cuius,5,1,3,true,0.22960495349795526,2022-08-04T14:27:17.534Z,Von LLC,true
b53943a7-12d0-4247-8c88-79c47d2e8bad,2021-10-05T02:23:43.389Z,Lake Angelica,Missouri,"Virgin Islands, U.S.",19.4315,159.1381,ventito,defessus,confido,vilis,advoco,quidem,veritatis,110,167.82344017218807,71,sequi,2,1,5,true,0.06717774377990185,2019-04-24T17:46:22.245Z,"Volkman, Mann and Heller",true
e484a005-6f0a-441e-a03b-3fc2cbf277fe,2019-02-28T17:27:00.180Z,Kylerborough,Massachusetts,Mauritius,-12.5071,162.7141,vesica,degusto,tibi,addo,territo,vinum,amiculum,69,219.4751102639981,49,laborum,5,2,3,false,0.12759856367607847,2025-05-04T17:30:07.443Z,"Hoeger, Hackett and Kohler",false
c24cdb73-d944-424d-b0f5-f158731e31fd,2019-09-21T14:23:49.171Z,Aspen Hill,Louisiana,Central African Republic,-25.9094,53.6377,conqueror,sint,vesper,suspendo,vitium,voluptas,sol,38,20.580996664618407,54,strenuus,4,1,2,false,0.11152101781614743,2019-01-15T23:10:30.119Z,Heaney and Sons,false
dad4df50-7673-4ca8-a8b0-018900a47691,2018-08-15T03:48:43.976Z,Koeppshire,Alaska,Turkey,-41.695,-38.767,tumultus,varietas,amet,tener,comis,vociferor,trucido,53,40.74308657481821,35,spargo,5,0,3,false,0.003228921288164266,2024-10-24T00:38:26.615Z,Paucek Inc,false
448b28d2-6141-4b7f-9e71-8ccb16abc030,2021-08-26T13:21:17.338Z,Cheyenne,Connecticut,Bermuda,77.4663,-79.7244,cervus,solitudo,contigo,cetera,vae,depulso,tremo,121,33.659377458451075,33,quos,4,1,2,false,0.16656320478676204,2024-11-24T14:21:06.767Z,Jacobs - Volkman,true
c14abbf4-a44a-40ef-9572-bbd31c67ed98,2020-09-08T02:20:47.092Z,Casas Adobes,Ohio,Malaysia,-39.8058,151.7981,adhuc,venustas,viscus,corona,vicinus,porro,videlicet,73,131.91679163514593,48,varietas,5,2,5,true,0.1586675963780562,2019-08-14T12:00:02.031Z,Sawayn Inc,true
aa78479a-e85d-4182-be08-7f20885c5fde,2024-05-30T04:38:43.478Z,Fort Sharon,South Carolina,Jamaica,21.2947,62.1833,audacia,ipsam,arbustum,volutabrum,varius,utrimque,denego,89,97.52792011541351,39,contigo,2,0,5,false,0.17185481214600545,2023-12-11T18:05:53.133Z,"King, Brakus and Vandervort",true
aace1be5-7353-4931-bdc0-0a938205312b,2020-10-23T21:58:11.437Z,North Lelandside,Texas,Albania,2.7101,134.0506,ante,sodalitas,altus,tepidus,peccatus,dolores,acceptus,37,155.7426127704467,82,ante,5,1,1,false,0.0005293328888492099,2020-06-16T05:25:51.281Z,Hettinger and Sons,true
95718882-2ab5-4cfa-9c3a-60a2a3e6937c,2020-01-20T02:48:42.263Z,Carmeloshire,Louisiana,Malta,-68.4978,33.1805,asper,amor,votum,surgo,crastinus,ducimus,molestiae,34,182.89639170696202,50,ater,5,2,2,false,0.23352813633969408,2022-01-01T12:27:38.879Z,"Balistreri, McGlynn and Krajcik",false
8745eed0-8c01-41f0-bb66-a8b6e472a2c3,2018-12-22T19:48:14.807Z,Fort Myers,Virginia,Republic of Korea,59.0345,-3.7292,denique,defessus,baiulus,conculco,terror,assumenda,deludo,55,200.88007049041136,38,conitor,5,2,1,true,0.2291227310436999,2023-02-09T00:28:31.217Z,Hoeger Inc,true
1cab9a64-3126-4478-a568-7e9ca6ab331f,2024-12-25T15:18:49.221Z,Fort Virgil,Kentucky,Poland,50.181,-81.7795,varietas,thalassinus,bene,viscus,paens,utpote,varietas,126,42.535515140595884,26,sopor,4,1,1,true,0.05452479559960982,2019-03-28T16:35:14.998Z,"Feil, Kuhlman and O'Keefe",true
8b1b549d-3553-4223-b77d-9b30dd8b0b1a,2021-11-01T12:14:18.545Z,Philadelphia,Oklahoma,Sudan,11.5452,109.5454,tandem,venia,brevis,dapifer,aro,umbra,tertius,69,116.51032252301738,38,complectus,5,2,2,false,0.21616443402405208,2018-09-05T08:38:32.466Z,Mante LLC,true
8bf91034-a78d-4330-b871-f8f6e2cbdd2a,2025-07-23T12:27:54.754Z,South Lonnieville,Vermont,Saint Martin,9.4121,27.574,utroque,crur,laborum,thymbra,maxime,depulso,terreo,26,66.10276365469613,79,fugiat,4,0,5,false,0.022675676129032707,2018-07-25T03:05:10.113Z,"Mann, Greenfelder and Orn",false
dcc5f8fa-9c95-4972-a2c6-c74857c83059,2025-04-22T16:28:55.240Z,Langoshcester,Maryland,Djibouti,34.7774,11.7766,dens,recusandae,terra,doloremque,alter,denuncio,astrum,27,127.45980853642538,34,considero,6,2,4,true,0.027773368995422376,2023-08-03T17:26:58.632Z,Little - Runte,false
ea88d98e-8112-4de8-8d28-958489a73d27,2021-01-26T05:26:00.697Z,East Shayne,Wyoming,Greenland,-55.8774,-121.1326,ancilla,acquiro,defero,turba,excepturi,eius,substantia,69,48.39514503712715,42,thorax,3,0,4,true,0.14720055151844952,2018-10-24T09:11:25.782Z,Dickens LLC,false
c985f8fc-3161-41f8-bde5-698d28dac828,2025-08-29T09:27:04.328Z,Kaydenton,New Mexico,Comoros,-14.8037,149.8259,umbra,arbustum,suadeo,patruus,deripio,repellendus,debeo,89,143.5962523294774,55,solutio,1,1,3,true,0.10428408500867078,2023-04-07T06:54:55.166Z,"Hartmann, Kuvalis and Gleichner",false
d1005d3a-a20f-4c60-a5e7-64ac24247039,2019-11-01T15:45:32.665Z,VonRuedenfield,Iowa,Papua New Guinea,14.9663,-159.7018,deprecator,dolor,umquam,absum,summisse,calcar,textilis,102,42.05135302830435,74,vilicus,6,0,5,true,0.19920562357908145,2020-10-10T21:13:33.426Z,"Leffler, Ankunding and Mosciski",true
17b0ab91-01a5-436e-8c38-8d8c08246e3b,2022-11-12T11:03:35.677Z,Erdmanstead,North Carolina,New Zealand,-27.6842,-5.9606,laboriosam,sodalitas,comitatus,quidem,taedium,ater,demens,31,209.7032101908891,57,custodia,0,0,4,true,0.005875185220591522,2024-10-23T11:09:50.593Z,"Little, Ward and Balistreri",false
aa6532fd-b415-4129-a9ff-abea9104c373,2019-08-19T10:55:07.062Z,Lake Jayce,Iowa,Turkmenistan,-42.4997,159.1006,vere,qui,sordeo,depono,ultio,cilicium,amaritudo,87,91.79106733157582,37,admiratio,6,2,3,false,0.12248895905591148,2018-07-27T09:34:21.384Z,"Abshire, Boyer and Windler",false