accident_id,incident_datetime,city,state,country,latitude,longitude,road_name,road_type,intersection_type,accident_type,weather_condition,road_condition,light_condition,speed_limit,actual_speed_kph,driver_age,driver_gender,casualties,fatalities,vehicles_involved,alcohol_influence,blood_alcohol_level,weather_reported_at,reporting_department,pedestrian_involved
61795f1e-f8aa-42ef-9447-8996f0ef2734,2020-10-06T03:35:35.689Z,Auerville,Nevada,Samoa,-17.2381,-94.4117,coepi,solio,cogo,balbus,cilicium,dedico,amaritudo,35,50.449857323331116,42,campana,0,0,3,true,0.036172867896836436,2021-01-09T09:01:27.625Z,"Dickinson, Bailey and Fisher",true
7815d9a1-8f4d-4821-b824-ddd8db92d7d1,2025-11-02T04:20:36.184Z,Stoltenbergmouth,West Virginia,Timor-Leste,-7.9558,136.1974,incidunt,somnus,tamquam,crepusculum,commodo,ademptio,animus,125,25.519303407746932,32,cibo,1,2,2,true,0.011806750156512807,2023-07-15T09:27:17.415Z,"Hudson, Schaefer and Cronin",false
e3791e62-aed3-4c71-ad99-8ea1c50c29cd,2020-08-28T17:40:46.213Z,Davionbury,Wisconsin,Lithuania,55.3707,74.6634,vix,vado,appono,thymum,super,victus,textilis,130,215.37247954437456,73,inflammatio,4,1,1,true,0.2372292503080187,2018-12-06T03:11:20.709Z,Ratke Group,true
8465b41e-5e61-4d4b-8e78-9e80eeee13a8,2018-07-10T13:47:43.736Z,Mosciskicester,Florida,Comoros,-64.1931,-119.3713,audentia,conor,vomer,textor,atrocitas,condico,quam,108,151.18977471307454,89,attero,0,1,1,false,0.05452233995403871,2025-12-26T08:35:23.201Z,"Gutkowski, Stiedemann and Green",false
5583f4d6-de3c-443d-a55b-e3d5337ba9d7,2022-05-07T13:02:50.712Z,Mayerfort,Louisiana,Oman,88.7157,-132.9833,bellum,suppono,voro,dolorem,acsi,delectatio,aggredior,32,199.90782514299804,28,victus,2,1,4,false,0.19180633053525997,2019-02-20T03:34:48.693Z,Mayer - Price,false
41cef757-a856-421c-811e-ca84903f7494,2018-02-02T21:18:16.791Z,Lake Leonardoshire,Illinois,Cook Islands,1.5421,-146.5775,coadunatio,arto,aegrus,angustus,admitto,arcesso,minus,43,165.34020745849855,30,conqueror,2,1,2,true,0.2446143595125932,2020-10-07T05:44:15.989Z,"Moore, Stokes and Schowalter",false
97bb83ce-e5a7-42e8-9e09-4a99e3fe9584,2018-10-03T19:48:22.811Z,Midwest City,West Virginia,Uzbekistan,-2.6776,91.6822,tricesimus,ea,textus,beatae,tredecim,caveo,thalassinus,60,26.420702864500385,82,copia,3,2,5,false,0.21288070062274136,2019-11-18T06:11:41.322Z,Bartell Inc,true
44601721-712e-4f5e-8fa0-763d09d77a67,2020-01-31T07:33:17.643Z,Port Alenachester,Wyoming,Zimbabwe,-88.9511,2.6162,copia,decerno,abscido,facere,considero,crur,delibero,66,86.36197963683513,68,vobis,1,0,2,true,0.21103719404752289,2018-08-16T04:11:02.741Z,"Turcotte, Braun and Kautzer",false
1a6a68ea-553f-4ea6-a046-7642f853c5cb,2021-09-27T19:06:17.790Z,Urbanville,Ohio,Hong Kong,6.8792,-97.9698,succedo,caries,amoveo,impedit,decretum,vero,creator,36,52.62989639158234,63,contra,4,0,5,false,0.1478494891189242,2022-12-11T19:27:08.503Z,Conn Inc,false
4bc3aaf2-5107-4753-acfc-1cc0765a2246,2018-07-02T03:33:28.494Z,Chloechester,Maine,Belarus,-7.4258,-157.6007,amplexus,dolores,denego,infit,nisi,summisse,surculus,85,18.286526659099927,73,adeo,0,1,1,false,0.23570876728882087,2018-05-12T08:46:09.806Z,McDermott LLC,true
1a08601c-1f9a-4d24-9010-e181debf7e13,2022-11-09T08:02:07.163Z,Lake Rickie,Ohio,Mali,5.5576,-92.8967,subiungo,voluptatum,cauda,cervus,voveo,deleo,volaticus,47,134.3901753221517,40,tabgo,5,0,3,true,0.055498519909802146,2019-04-25T06:07:25.254Z,"Quigley, Buckridge and Stroman",false
5b227ec6-1c23-4e69-9a6b-999452605e54,2021-05-26T10:32:58.985Z,VonRuedenland,Minnesota,Pakistan,12.6009,138.0653,contra,patruus,vulnus,arbor,benevolentia,maiores,spiritus,114,95.83935999684813,48,ambulo,0,1,1,true,0.03720643642377108,2018-12-26T06:33:09.666Z,Hills - Reilly,false
f17cae64-0c84-46ef-90d6-a4900176f6ec,2022-01-04T15:20:42.615Z,Alexandraberg,Delaware,Wallis and Futuna,83.7707,63.4866,cauda,aegrotatio,aqua,caveo,casso,sodalitas,ut,72,42.999071029632496,52,ab,4,0,1,false,0.06323745198574068,2023-05-15T02:38:59.542Z,Reichel Group,false
eb4257d0-bc94-4062-8820-d4364af81910,2025-12-02T12:53:06.205Z,Hoegerchester,Iowa,Tajikistan,-8.1529,24.893,odit,pel,saepe,cumque,vorago,subseco,utroque,74,16.813139017442936,90,adduco,2,0,3,false,0.10970061474097093,2018-01-17T03:04:36.727Z,"Bailey, Kling and Larkin",true
4051b7e9-ec41-4417-94d9-d7923bde04b4,2023-11-15T17:26:33.361Z,Port Nevashire,Florida,Kazakhstan,28.7001,156.2638,utique,creta,adulatio,adulescens,abduco,adsidue,tribuo,63,42.60087826888181,55,tersus,3,2,1,true,0.14437922728020383,2023-12-29T18:35:39.140Z,"Gutkowski, Miller and Schiller",true
605b2177-f72c-40fb-8704-47aa5964095a,2022-03-25T12:26:07.842Z,North Harvey,Wyoming,Armenia,-84.1263,-50.384,defungo,vere,canis,tabgo,pauci,aureus,templum,89,206.96454770621065,47,claustrum,4,0,5,false,0.11336357967115315,2019-01-18T20:10:04.872Z,"Hickle, Schaefer and Hammes",false
aa41d586-6622-46e9-9c62-05cfc2610854,2020-08-15T08:07:56.174Z,Hintzton,Arizona,Guam,-55.5211,-47.8602,cura,surgo,averto,thymbra,vitium,tardus,arcesso,109,198.02665620578946,80,utroque,6,1,3,true,0.054912372852162245,2019-12-08T11:08:55.106Z,"Little, Zieme and Howe",true
46940a5d-495e-48a6-9ddd-d8b237f11e44,2021-03-09T13:17:03.243Z,Danielstad,Alabama,Nicaragua,-55.069,-83.9973,admoveo,triumphus,alii,adeo,cupiditate,stabilis,tempora,110,229.549249159268,18,deprecator,4,2,4,false,0.07550477818167509,2020-09-08T22:56:41.573Z,Watsica Group,false
35e22e83-6750-4488-b662-0cc8eb501945,2018-09-30T06:16:09.944Z,Hubertville,Georgia,Zambia,15.1263,179.9618,combibo,cruciamentum,defluo,venustas,carmen,calculus,tricesimus,72,169.69466275413978,38,vacuus,4,2,1,true,0.19019562159376707,2024-04-10T19:16:45.438Z,Fisher and Sons,false
4fa2b400-7b7c-4ba2-ba8f-cd36a65d335c,2020-03-04T20:45:02.485Z,South Colin,Washington,Belarus,-16.1105,52.0796,textus,provident,pauci,delectus,aetas,terminatio,cicuta,80,209.1387022406581,16,arca,3,2,1,false,0.18708362150452298,2023-01-20T04:57:08.389Z,Hoeger - Kiehn,false
80b01d94-9c17-412d-b1b2-539032d8a8d9,2022-11-16T20:59:53.488Z,West Jeffreyshire,Idaho,Lao People's Democratic Republic,22.2572,-74.6078,odit,accusator,corrupti,umbra,pecto,pauper,quis,22,164.41691964614947,93,argumentum,0,2,3,false,0.19618770228238047,2023-10-28T11:25:41.602Z,Cole - Hills,false
7f93cd6d-a487-4adf-926a-a37cf2fcb45e,2022-11-14T10:22:03.348Z,Joliet,Maryland,Singapore,72.718,-58.5187,deludo,sumptus,minus,addo,una,adaugeo,derelinquo,85,191.90862623090945,26,studio,3,2,2,true,0.17482734968671612,2018-06-27T15:18:57.549Z,Borer - Ernser,true
e8cbba92-cf38-4390-af03-2a18c2ddfc23,2023-06-25T19:30:04.414Z,High Point,Utah,Cuba,11.9231,49.5896,deserunt,debilito,copiose,impedit,earum,amita,velut,104,40.99230967019713,45,vorax,6,0,2,true,0.22464303764156238,2021-02-13T23:33:36.423Z,Hackett - Schimmel,true
67619431-6005-4aaa-99eb-634d632f57ff,2019-07-26T23:00:48.296Z,Dwightmouth,Michigan,Lesotho,-49.7881,19.9117,amaritudo,summopere,adsum,deleo,sumo,ulterius,subnecto,115,60.54640024231034,31,communis,3,2,1,false,0.19961019976761424,2018-05-17T05:37:37.148Z,Gulgowski LLC,true
a5e124cb-5cca-405a-8d02-f4381f17df16,2024-02-22T19:44:00.110Z,Ornfield,Louisiana,Cook Islands,-56.6879,25.8164,aliquam,adversus,tergiversatio,depopulo,vulgus,aspicio,tabella,76,38.091090139795554,65,administratio,4,1,1,false,0.0805126811446118,2019-03-29T10:09:47.115Z,"Crona, Fisher and Cruickshank",true
7d0ad3ec-902e-4660-bb76-1ffedff6f71a,2021-05-03T20:07:55.075Z,Lake Marinaborough,Colorado,Nauru,6.9268,-15.7908,illo,quasi,talis,theatrum,depereo,cresco,adiuvo,24,165.96727415092593,35,thermae,6,2,3,false,0.23043586441350167,2021-12-10T15:04:33.313Z,"Marks, Parisian and Greenholt",false
2bd064de-e206-45ae-add0-cdabcfca935b,2024-12-29T03:35:22.707Z,Ephraimland,Alaska,Kuwait,-4.7217,-118.1448,crapula,in,suscipio,iusto,temporibus,acceptus,volaticus,89,117.79327666277992,61,defetiscor,0,0,3,false,0.10720874054854257,2022-12-10T05:23:12.141Z,"Cartwright, Heaney and Hirthe",false
94de176f-b24b-445d-a444-6132db2677eb,2024-09-16T04:57:24.084Z,East Allisonberg,Kansas,Venezuela,77.7088,-176.9868,cuius,sufficio,subiungo,depraedor,cursus,omnis,crapula,126,160.1733698089324,65,caritas,2,1,5,true,0.018914556228133372,2018-09-04T11:50:47.723Z,"Becker, Kshlerin and Feeney",false
f8fcf738-1211-47e0-a0dc-7565b153e8de,2023-09-12T21:01:44.412Z,South Kurtis,Missouri,Kazakhstan,-87.4784,-148.3945,cernuus,tactus,adsidue,sequi,vicinus,sufficio,vito,60,80.97542972558077,76,praesentium,2,0,4,false,0.17623177951894264,2022-09-19T19:32:29.994Z,Crooks Inc,true
29917bdd-b744-453c-a627-3a03d7d1c6c5,2024-01-29T02:43:43.666Z,Cesarworth,Arizona,Israel,26.1952,-98.2991,vilis,curriculum,stella,sortitus,vox,caveo,alius,105,18.2802930251298,78,arcesso,2,2,1,true,0.07354472069097584,2023-03-11T07:42:02.342Z,Thompson and Sons,true
76d6fa65-de0a-4dbd-879c-97c98f8c5d06,2023-08-23T21:27:33.745Z,Port Lavonne,Wyoming,Uganda,19.377,-18.1823,tantillus,atqui,clementia,tres,desparatus,curis,pecus,47,229.46332394761154,30,facere,3,2,4,true,0.19326358172119643,2019-02-10T21:25:18.718Z,"Blick, Farrell and Kovacek",true
4c615ae0-97af-46aa-aba6-d7f36167e66a,2022-02-18T01:42:25.369Z,Gerlachburgh,North Carolina,Jamaica,78.7381,179.6424,adsidue,asperiores,pecco,voco,aurum,carmen,necessitatibus,97,146.85911691658862,16,ipsam,1,0,5,false,0.05193408711248873,2019-06-27T17:38:59.348Z,Reinger - Sauer,false
eb3e4d14-8bb5-4bb4-8a5d-032166278b19,2019-05-08T09:23:09.930Z,Jacobibury,New Mexico,India,-30.6335,76.7965,ver,voco,via,abstergo,bonus,talus,color,111,65.03570032419184,68,adiuvo,0,2,1,false,0.07710364090943331,2024-03-14T09:26:25.045Z,"Maggio, Toy and Marks",true
ad8db6a5-af91-4f1f-b431-56043ad3fdb0,2019-10-17T01:20:06.677Z,Westland,Arizona,Bolivia,39.2122,-39.7951,ambitus,villa,cilicium,sonitus,tutamen,consectetur,crux,90,135.39064149561116,41,sortitus,5,1,3,false,0.028493717963199522,2020-02-19T09:28:55.881Z,Towne Group,true
ef7c1145-2680-44b8-9206-96ec2cbc2948,2021-12-08T20:26:03.335Z,Gislasonfield,Colorado,French Polynesia,-14.1977,-16.0558,abbas,sortitus,agnosco,sapiente,conitor,addo,colo,71,52.155490326536686,92,suppellex,2,0,5,true,0.21227119509550774,2025-08-12T07:47:07.991Z,Rau and Sons,true
f5a9e7d8-79c7-4853-8b36-d0a64977edb2,2023-02-08T19:43:46.464Z,Jaskolskifort,Nebraska,Tanzania,-56.3683,-169.4654,spoliatio,tempora,brevis,ulterius,contigo,iure,credo,97,187.16372683376406,22,volutabrum,1,1,3,true,0.23697815253397525,2018-04-25T01:17:06.858Z,Grady and Sons,false
336ec387-4c94-4f69-bbd7-57fc20b647a4,2025-05-27T08:59:05.889Z,Abbottmouth,Oregon,Dominican Republic,-69.2438,-162.9104,commodo,cultura,sol,aequitas,subito,deorsum,tolero,20,119.99109341478524,39,administratio,4,0,2,false,0.14559578747618543,2025-12-09T07:48:49.339Z,"Reichert, Hilpert and Fritsch",true
53576801-8a27-4dec-a5e0-a5c4b1de455a,2023-01-17T21:14:51.049Z,Fort Molliemouth,Indiana,Tunisia,-29.4276,-156.8186,sponte,cohibeo,sol,a,iusto,excepturi,sum,65,155.37620373683882,99,amplus,1,0,3,false,0.03972230227475196,2020-08-06T15:54:13.792Z,Bartell - Mraz,false
167abed3-d54b-4405-a3d6-e66a14b9070b,2024-07-15T16:50:09.771Z,Kendraland,New Mexico,Saudi Arabia,-84.3177,94.5579,at,credo,laborum,testimonium,attero,viscus,atqui,64,92.06423803173055,83,odio,4,0,3,true,0.14324306091056888,2019-01-30T18:25:52.338Z,Balistreri - Kunze,false
f1a2846c-cca3-40ab-a1ac-3f552e3c5619,2024-11-01T02:31:38.720Z,Willside,South Carolina,Republic of Korea,47.3107,-144.8798,carmen,demulceo,aeternus,solvo,calcar,tabella,adsuesco,78,126.40948987657123,50,cena,6,2,4,false,0.1304444466220422,2021-07-17T09:31:30.617Z,Zulauf - Littel,false
30e6fcb5-b465-4962-92de-06c458d348ce,2020-11-19T12:41:18.932Z,Maximofield,Illinois,Montenegro,-35.1328,129.7069,tener,vaco,adipisci,ut,infit,totidem,iusto,104,202.89877235386876,43,spiritus,1,2,3,false,0.14966649717523173,2018-05-06T13:39:21.360Z,Goldner Group,false
482c025c-d186-4bbc-9a40-8a6c7c04f0a4,2024-09-25T11:59:02.320Z,Port Janae,Wisconsin,British Indian Ocean Territory (Chagos Archipelago),60.365,-165.7439,terminatio,certus,tepesco,via,surculus,aetas,cupiditas,31,71.96339348973208,81,cursim,6,1,2,true,0.23320844062113125,2018-11-11T20:22:54.656Z,Hagenes Group,true
07f92f18-5f5d-49c2-9029-e262c8cdbc19,2018-02-11T13:45:13.608Z,Port Vivianneview,Ohio,Antigua and Barbuda,59.0912,102.1471,aqua,comes,vulnus,cuppedia,ulciscor,suadeo,adficio,112,24.79116282066248,97,condico,4,0,2,true,0.1435103792937889,2021-11-27T17:33:11.884Z,Weber - Boyer,false
7d444cd2-32e9-46ee-832d-7a9483a818f2,2024-09-26T07:39:49.735Z,Lehigh Acres,Tennessee,Benin,-42.8457,15.7932,celebrer,deserunt,damnatio,amor,terror,repudiandae,arceo,128,100.1880714263588,18,ocer,0,2,4,true,0.11207258201173481,2018-04-02T21:22:15.563Z,Sawayn Inc,true
4d49d7d1-5606-4c34-9747-01b28cb8d557,2024-11-09T18:17:23.189Z,Gutmannbury,Utah,United States Minor Outlying Islands,82.4476,84.155,solvo,deorsum,aeneus,spectaculum,dolorem,harum,tutamen,81,117.31006024789903,86,timidus,0,0,3,true,0.11199708095832317,2023-05-20T00:29:21.850Z,"Leuschke, Kub and Bednar",true
84c42928-a9b5-4b6d-9bc6-7836c277a5b7,2022-02-09T07:56:11.845Z,South Alfordfield,Montana,Greenland,56.4158,-87.7601,color,aro,tardus,torqueo,arto,coniecto,vinum,43,197.39832802603232,17,beatus,2,0,2,true,0.23217590442992161,2021-04-25T20:06:46.118Z,Hills and Sons,false
996c73f5-21dd-4cc8-8b0b-2d3c01dbb0de,2020-07-18T10:50:15.320Z,Jenkinsview,Iowa,Zambia,-54.2295,-45.0715,adsuesco,stabilis,curtus,omnis,et,animadverto,atqui,21,157.98374933957498,20,deludo,1,0,2,true,0.15722243820738468,2021-09-03T01:57:23.842Z,"Gleason, Wehner and Hermann",true
f24997f1-5257-4050-b9fe-95c1e634a523,2019-01-18T16:32:42.794Z,Lake Scarletttown,New Mexico,Seychelles,-65.0294,91.7315,peccatus,sulum,numquam,volutabrum,abscido,creta,ait,86,131.73553622005517,37,vapulus,1,1,2,false,0.06282240341734549,2018-05-29T00:18:59.162Z,Stroman - Ullrich,true
f752cd0f-a0b8-4779-a74c-93f77b34be84,2023-03-05T13:11:57.580Z,Rooseveltview,Colorado,Aland Islands,43.6877,152.3675,vacuus,cunae,talio,cogito,id,avarus,depopulo,122,93.49006878324143,52,crux,1,0,4,false,0.1742701254791445,2019-08-26T19:38:37.209Z,"Feeney, Olson and Dibbert",true
fe3e67af-7f4e-411c-bda8-20ef651ba84d,2022-01-29T11:30:28.117Z,Frankfort,Wyoming,El Salvador,-68.2289,57.9968,dolorum,decretum,cometes,defaeco,auctus,comprehendo,denuo,128,217.717646825432,67,damno,3,1,1,true,0.2127234956668222,2023-08-20T06:07:36.756Z,"Dibbert, Paucek and Marquardt",true
b565b2a7-14cc-41a2-8142-2df737c73a2d,2021-01-15T16:33:12.032Z,East Verniceview,New Mexico,Ukraine,-64.6091,96.972,uxor,cohaero,uberrime,tenax,demens,deludo,volva,28,142.91857278512654,97,tum,3,2,5,false,0.05625815019281072,2021-12-07T23:55:20.508Z,Stehr and Sons,true
560fbc30-1ffb-48c1-a5a8-9ba5c8ae8cde,2025-11-06T07:08:01.782Z,North Kenton,Pennsylvania,Anguilla,41.6836,61.4356,versus,officiis,annus,patruus,defendo,cum,quod,88,135.53658678375538,80,thymbra,4,0,5,true,0.0251462089443599,2022-06-07T17:37:28.231Z,"Kirlin, Lynch and O'Kon",false
57b1cf4c-1872-4fe2-9488-842bf24ca1e7,2020-08-13T17:23:22.793Z,East Imeldaberg,Pennsylvania,Cameroon,87.3792,-35.6955,attonbitus,appello,deprimo,aurum,tredecim,tollo,explicabo,59,192.8617903657831,16,non,6,1,1,true,0.1411286726980036,2021-09-20T13:51:05.320Z,Hintz LLC,true
e504932f-8063-4dcc-b7a5-72447e64ad16,2025-07-13T09:33:15.463Z,Port Rosalynhaven,Massachusetts,Guyana,72.9564,113.1517,quia,solum,pecus,statim,conduco,cognatus,possimus,55,116.589469306502,46,tunc,0,1,1,false,0.13252450250081768,2018-09-10T13:24:41.531Z,Becker LLC,false
10de9590-7928-4c1f-ad47-d78bcfc21821,2020-12-09T15:18:54.251Z,Wellington,Florida,Central African Republic,19.9071,-16.8602,comminor,triumphus,quod,ullus,ocer,vae,vehemens,48,72.09897577848126,87,audax,3,1,1,false,0.23582062613242757,2019-11-11T16:33:02.673Z,Terry LLC,false
6c340276-938f-4369-86d8-f0a2ea628e1c,2024-05-17T04:48:51.667Z,East Aliahaven,Virginia,Bermuda,51.2007,-109.2416,utroque,vespillo,praesentium,sulum,cuppedia,peccatus,capillus,83,232.34318692393722,21,custodia,3,1,3,false,0.05728289354352675,2021-06-17T06:46:30.084Z,"Wunsch, Murphy and Pfannerstill",true
b81df6d4-ed4c-4db0-9c60-7fa06933f5f5,2020-11-23T15:10:20.182Z,Kristofferton,Mississippi,Taiwan,62.2471,-78.1193,celo,timor,quas,celo,audax,tardus,nostrum,49,229.51781169304223,44,amiculum,5,1,1,false,0.14218180953758622,2018-05-26T07:14:40.534Z,Haley LLC,false
03ee62d9-c7fb-489c-9a9e-71046fcf7623,2025-06-07T11:37:12.722Z,Fort Alfordmouth,Oklahoma,Malawi,3.5499,-52.43,cervus,denuncio,sumo,eos,adficio,recusandae,vitiosus,24,154.78936667483842,94,surgo,5,0,2,true,0.06277748075848569,2019-03-27T05:26:03.630Z,"Kutch, Heaney and Gutmann",false
41afa11e-d7a3-468a-a58f-b8927756808f,2021-08-27T11:05:00.440Z,Ethylcester,South Carolina,Nauru,-10.0815,22.303,speculum,conqueror,conforto,mollitia,communis,earum,vado,100,235.27584133005945,70,compono,2,1,5,false,0.16968780230394798,2021-08-30T13:31:05.229Z,Stroman and Sons,true
e2c90031-afec-4402-92cd-eaa4f4bf63bd,2020-12-25T16:38:40.648Z,Tiaraton,Iowa,Greece,49.8865,-33.0058,calamitas,decumbo,addo,commodo,defungo,censura,asperiores,83,209.19944599416488,44,aegrotatio,3,2,4,true,0.1487154642791354,2021-02-10T03:40:24.714Z,"Schneider, Hyatt and Cole",false
398c2ca3-efcd-41e7-9c80-9918ad95a70e,2020-06-26T11:19:57.598Z,South Abel,Indiana,Brazil,21.7992,65.6835,demens,coepi,vix,sequi,damno,cenaculum,cinis,82,74.85449387324087,24,comprehendo,5,0,5,true,0.17459882483326655,2022-04-21T22:23:18.538Z,Moen - Paucek,false
17f11870-9ad3-408a-bc5d-23084e5c53c6,2022-04-17T02:51:26.555Z,Covina,Louisiana,Bhutan,11.407,-10.3617,adicio,patior,turba,deleo,sol,dolorum,aestus,102,27.14870804498096,69,nihil,0,1,3,true,0.24790147365790186,2019-11-29T07:44:57.967Z,Brown and Sons,true
2bdc6280-5268-4a19-8ace-9842c86ef348,2019-08-12T08:36:20.145Z,Kirstinburgh,Connecticut,Saudi Arabia,-16.3421,124.0734,repellat,universe,illo,cervus,conduco,vetus,suggero,85,153.96623737286694,32,stella,6,1,4,true,0.0735385718701739,2021-07-03T19:04:10.336Z,Kihn Inc,true
e124e024-946a-4e6f-a352-9ca721696447,2020-07-31T02:38:37.049Z,Leoneview,Texas,Saint Pierre and Miquelon,29.6807,-34.9721,alveus,tracto,patria,tergo,peccatus,vulgivagus,omnis,90,237.52095280476397,22,benigne,4,0,4,true,0.06383546798237125,2025-05-17T00:18:04.760Z,"Jast, O'Kon and Zboncak",true
72e72a3b-f958-4d3d-83d7-0a43b4135bc7,2022-12-09T04:24:46.681Z,Urbanview,Massachusetts,Turkmenistan,-63.7804,70.4837,argumentum,tibi,cognomen,trans,volo,adulatio,neque,51,184.9479856097979,75,curvo,3,0,5,true,0.23155776627819608,2018-11-07T09:52:05.305Z,Gerlach - Luettgen,true
2e4309c1-6b6b-4ca3-9451-0a471f9f4c41,2020-04-05T19:52:24.151Z,Lake Lindseyview,Colorado,Northern Mariana Islands,-42.1769,-118.0949,vestrum,colligo,desino,trans,deleniti,vinitor,complectus,88,29.894243345627434,59,claustrum,2,1,2,false,0.19698755910091975,2018-04-20T11:09:23.957Z,"White, Becker and Johnston",true
8e15482b-250d-4356-9a58-9fe75fd8973b,2020-08-28T17:20:12.809Z,Runolfssonshire,North Carolina,Uruguay,27.4373,-84.5009,cenaculum,eaque,aqua,admoneo,conqueror,viduo,amplitudo,104,39.93609446010272,46,bestia,1,1,3,false,0.206145322995823,2024-10-08T23:44:58.468Z,Boehm - Bogisich,false
6afa2423-9334-4b2d-b62f-9b51ca82701b,2024-01-04T23:36:22.860Z,Fort Tabithaville,Nebraska,India,71.419,-7.1103,cariosus,vita,tui,vulgaris,alius,sophismata,suadeo,127,42.23296506226422,52,carcer,6,0,1,false,0.08479840711068867,2019-10-02T21:14:21.240Z,"Schmitt, Dietrich and Klocko",false
977a906c-6b8b-4a49-981f-e30c37884ec5,2025-03-29T00:54:15.915Z,South Zakarycester,Indiana,Tunisia,23.4669,23.9872,torqueo,subnecto,decimus,defero,artificiose,acceptus,ambitus,69,218.01891676105302,40,alius,2,1,1,false,0.176430421688485,2024-09-22T19:53:33.197Z,Lind and Sons,true
820597a1-b0ae-4375-92f2-0d25f436d90d,2022-08-12T19:29:50.752Z,Spokane Valley,Wisconsin,Democratic Republic of the Congo,-15.6747,124.325,causa,error,verbera,ascit,soluta,auxilium,vae,26,135.79851467928844,45,cerno,6,1,3,false,0.08190110988485966,2021-06-22T12:30:43.057Z,Goyette and Sons,true
349766fa-13b8-4563-9786-14a88cc858dd,2020-09-08T03:23:39.384Z,North Gudrun,Georgia,Congo,-32.7231,-40.3654,conqueror,sui,ad,vulnus,coma,ambitus,summopere,56,158.00529467893392,99,explicabo,6,0,4,true,0.24358438451903586,2023-12-12T07:34:53.839Z,"Runolfsson, Konopelski and Reinger",true
6cf02939-71b2-482e-8469-c6b77dc78f8b,2025-04-28T01:37:45.925Z,San Bruno,New Jersey,Liechtenstein,67.638,-50.9547,demitto,theologus,vitae,acquiro,degusto,cunae,repellat,108,96.32844386483904,63,vulticulus,2,2,5,true,0.060482077481556734,2018-12-25T15:22:01.916Z,Green Group,false
fa1d6066-81cc-4a16-a2d9-deaaba0e8d16,2022-07-10T17:46:24.102Z,Abagailstead,Hawaii,Georgia,-21.6424,-165.7646,ducimus,admoneo,ab,somnus,undique,velum,aduro,31,13.215469710110943,88,depromo,6,2,2,true,0.054132948698079886,2019-01-31T01:39:00.232Z,"Leuschke, Spinka and Franey",true
45259083-87ab-40ab-a793-223ca2a03a68,2025-01-04T12:29:21.812Z,Trompport,Mississippi,Sri Lanka,-5.9585,-6.4176,iusto,qui,umbra,omnis,assentator,theca,curatio,67,121.11288117175859,40,suffoco,3,2,2,true,0.1361930333556176,2018-07-20T20:04:57.280Z,"Wintheiser, Will and Douglas",false
311a05b4-0d86-4974-af4d-3082e5bc23d3,2022-07-12T08:26:43.962Z,Lake Rickie,Hawaii,Bahamas,32.8203,-67.2261,abutor,vespillo,admoneo,ago,audax,dapifer,subito,23,92.21124657157581,95,umquam,1,0,5,false,0.0756841640708143,2021-12-06T12:15:56.718Z,Gislason - Ratke,false
320e7b2d-52cd-4de6-932e-68a76a8383a2,2018-08-31T03:18:12.768Z,Lodi,Pennsylvania,Greece,-67.9531,-165.5686,coadunatio,laborum,blanditiis,trepide,ventus,vitium,cruciamentum,88,166.09089207067962,47,alius,3,0,4,false,0.11508119164266814,2023-04-29T14:54:28.841Z,Carroll LLC,true
37c88dd2-5c9d-4d49-b7a1-f41300fd9676,2020-05-13T07:47:09.244Z,Port Jedidiahburgh,Hawaii,Macao,69.824,-103.0154,censura,carpo,laboriosam,currus,depopulo,catena,truculenter,104,183.29547616223095,46,natus,3,1,4,true,0.03397790187234015,2023-01-15T14:57:47.078Z,Smitham Group,false
abd3d865-7b0c-4384-949b-471de08848ad,2020-02-12T12:42:23.250Z,North Woodrow,Oregon,Saint Pierre and Miquelon,48.8235,168.3761,contego,ancilla,aqua,adipisci,crudelis,sulum,aegre,126,235.110930931286,81,suffragium,1,2,3,true,0.22175806043203722,2023-01-29T20:16:00.671Z,Beahan - Larson,false
c9a3eee8-d3d0-4c1f-b9d3-087ed50921a7,2024-03-11T13:31:36.618Z,Bayertown,New York,United Kingdom,43.7158,157.9462,vita,ventus,vereor,tergiversatio,veritas,vinitor,sollicito,119,131.28252250798383,26,officia,3,1,2,true,0.07036789060659965,2024-09-16T02:55:33.119Z,Stokes Inc,false
f16c671c-2b79-4812-8c4d-377fdbcb3836,2023-11-06T10:52:30.842Z,Romagueraboro,Tennessee,Bulgaria,21.3929,-125.262,conscendo,absque,suus,considero,quibusdam,deleniti,molestias,126,13.183595794904619,95,vestrum,6,1,1,false,0.2102240495495625,2024-02-24T23:53:25.984Z,"Klocko, Borer and Hills",false
566c2c2f-5591-4bdf-a6ab-f4682067b2f0,2024-03-19T15:13:44.859Z,South Bernadetteland,Hawaii,Brazil,70.4821,-66.7099,qui,vacuus,cuius,avaritia,attero,vorago,pectus,26,152.21364025541385,62,capio,2,0,3,false,0.069383071630776,2021-03-08T22:10:20.435Z,"Kling, Mitchell and Wolff",false
3944e79b-dc81-436c-855b-7fc85ba8c8f0,2023-02-20T01:01:02.229Z,Huldamouth,Minnesota,Bosnia and Herzegovina,-15.5735,19.0424,conscendo,sto,adaugeo,perferendis,sumptus,vesica,a,93,46.80611915891876,27,abbas,5,2,2,false,0.18411237930474392,2019-02-25T03:50:12.139Z,"Lakin, Goodwin and Nolan",false