accident_id,incident_datetime,city,state,country,latitude,longitude,road_name,road_type,intersection_type,accident_type,weather_condition,road_condition,light_condition,speed_limit,actual_speed_kph,driver_age,driver_gender,casualties,fatalities,vehicles_involved,alcohol_influence,blood_alcohol_level,weather_reported_at,reporting_department,pedestrian_involved
60628f5d-093a-4136-acb8-a3c13d69bcb6,2022-01-08T12:54:25.088Z,Lake Aliviaville,Kansas,Syrian Arab Republic,-35.0439,160.4252,usitas,acerbitas,tabella,supplanto,vivo,cursim,antiquus,42,231.29392306449742,41,ab,0,0,5,false,0.15137597106176373,2020-07-09T14:23:38.074Z,"Bruen, Tromp and Hayes",false
d3ec1908-e835-43ff-93bd-4ac978f00db6,2023-09-06T07:07:48.061Z,Wuckertburgh,Tennessee,Maldives,72.205,-143.8981,argentum,cupressus,conculco,quam,omnis,ventito,pax,97,153.7750065629953,61,ducimus,6,0,2,true,0.03766852655507172,2021-11-02T17:03:45.536Z,Vandervort Inc,false
0dcbcbc5-10a7-4416-b8c7-fa06899aab6e,2024-06-27T04:35:44.766Z,East Owen,Oregon,Macao,-70.9085,100.5428,nisi,sonitus,terebro,crapula,audeo,cibo,vox,99,52.257465606310234,24,arto,5,2,4,true,0.1974079203879112,2024-02-28T08:16:23.792Z,Kertzmann - Zulauf,false
e6e3eb8d-61f6-4c16-9d60-d52376ad9521,2020-06-03T23:50:40.338Z,West Robertohaven,West Virginia,Heard Island and McDonald Islands,81.438,150.2038,thesis,vito,sed,vir,pecto,argumentum,condico,79,131.0719931509686,90,vitiosus,5,1,1,true,0.20623414926708714,2020-04-02T01:07:36.440Z,Deckow and Sons,false
381438ff-d404-4680-a85d-fe11deb7a615,2024-11-05T14:15:20.860Z,Fort Collins,Montana,Denmark,-52.7366,86.772,corrupti,creptio,cicuta,pauci,infit,verecundia,perspiciatis,83,77.0281609837859,70,dedecor,5,0,5,true,0.08184305859830807,2021-08-07T05:28:33.368Z,Walsh Group,true
115f0853-faf5-450b-be01-37f2cd1cbc8d,2023-08-03T18:42:32.559Z,Rosarioworth,Montana,Bhutan,26.381,130.3449,cotidie,cura,explicabo,fugiat,dolorum,desino,catena,121,188.26292376137067,79,volva,5,1,4,false,0.020351778550901867,2018-05-10T06:20:37.316Z,Wuckert - Crooks,false
d6fe0d4a-ada9-4533-9a49-c16630931aee,2024-08-01T23:39:15.590Z,Smyrna,Rhode Island,United Arab Emirates,57.6788,83.7251,audax,totus,corrigo,vereor,bene,conspergo,dens,78,188.4362192349008,58,decimus,3,2,3,false,0.15833232805174144,2022-04-30T02:02:35.589Z,Mayert LLC,false
d9d9ca67-6792-4872-b07b-2efef5e893ff,2022-06-25T08:46:26.603Z,Purdyland,Colorado,Nicaragua,78.0894,2.8793,coerceo,aro,rerum,canis,voluptatum,coniecto,cavus,85,163.43482498914454,24,adeo,6,2,3,true,0.13475021923042682,2019-10-29T07:51:55.298Z,Kuvalis - Harris,false
837c1f85-8c71-484a-b94b-28ce4cf1b865,2022-09-06T23:28:02.220Z,Heidenreichshire,Arkansas,American Samoa,-51.4243,143.2665,suffragium,campana,sit,appositus,patria,pauci,qui,84,26.414976005705277,84,aiunt,4,2,1,true,0.17488467285141676,2025-09-13T13:19:44.435Z,"Stoltenberg, Homenick and Hartmann",false
9d84ece7-dca0-4f5f-8c10-b0ee1e4fe7ce,2021-01-30T02:37:30.466Z,East Kamron,Idaho,Rwanda,-53.6701,112.983,bene,caveo,coepi,corrupti,utilis,tam,temporibus,36,106.79224631619148,46,curtus,5,1,1,true,0.0268487499568259,2018-10-01T20:20:52.561Z,Sipes - Brown,true
c0d1dcf6-8a9a-41a1-9856-36c2eec1af47,2018-01-27T01:49:30.356Z,Ashburn,North Carolina,Afghanistan,-12.354,-23.6335,carmen,talis,pecco,truculenter,blandior,illum,sono,117,57.26095500778912,39,dolores,2,1,3,false,0.12573518877293613,2025-03-11T05:33:37.644Z,MacGyver - Kemmer,true
46234014-0b5c-4191-a926-b3f1821f6f7c,2018-04-13T12:56:20.167Z,Santa Barbara,Maryland,Lao People's Democratic Republic,-78.6907,39.4367,sunt,aduro,crur,adulatio,basium,aro,optio,112,4.710447314373942,79,accommodo,4,2,3,false,0.14808769759067614,2023-02-16T21:44:24.775Z,Welch Group,false
fd63d837-a15a-4a0c-a2d6-15160d582a7b,2022-03-04T03:28:26.813Z,Lake Rene,New Mexico,Saint Barthelemy,-38.2337,52.9676,comedo,vestrum,suspendo,vobis,tumultus,casso,quis,61,198.66607627088544,21,aegre,0,0,1,true,0.2329222567362827,2019-12-04T18:36:26.131Z,"Morissette, Oberbrunner and Rodriguez",true
e7ef60fc-aedd-43bb-8514-71881b0e71bc,2021-03-23T15:56:53.094Z,Gorczanyburgh,Washington,"Virgin Islands, U.S.",-73.2369,119.6015,apto,confero,arx,patria,aeger,tego,bellicus,90,210.4920246157892,49,aeternus,5,0,5,true,0.014695662824535466,2022-03-19T14:57:15.059Z,Turner and Sons,false
2d19aff6-66c2-40f7-930f-09e2381e0e79,2024-12-07T07:00:14.597Z,Collierton,Idaho,Republic of Korea,72.8926,-105.9172,valeo,campana,infit,ubi,sit,molestiae,sol,98,140.0682954722283,83,cupiditas,4,0,5,true,0.01669028410209994,2021-11-06T17:03:37.524Z,Reynolds - Witting,false
830b3822-ad94-40f6-8ba3-d750e0bd822e,2019-01-02T18:40:32.829Z,West Hillary,Maryland,Germany,-49.5484,-38.0548,curatio,arcus,valeo,corporis,taedium,caries,audio,30,152.9159779984543,70,capto,2,0,3,false,0.14894136468800526,2020-01-02T23:28:03.719Z,Torp - Shanahan,false
a1a8a03b-3870-4c8d-a55c-0686c0e2ebe6,2024-02-20T03:39:31.531Z,Fort Flavie,Utah,Faroe Islands,60.5953,150.5237,adnuo,vitae,solvo,terreo,valens,adstringo,studio,35,216.25888273873935,18,pecto,3,1,1,false,0.19693009618088161,2022-08-22T10:20:33.422Z,"Cole, Cummerata and Wisozk",true
5dfe7421-11aa-4102-900b-b53b4f06a6ed,2023-09-29T21:06:25.448Z,San Marcos,Virginia,Liechtenstein,21.7289,35.2406,vitium,compono,cumque,acervus,varius,admiratio,adipisci,88,117.45323742971156,52,undique,5,0,4,false,0.2012256369743487,2025-09-22T13:16:04.405Z,Jacobs - Moore,true
4623cb05-390f-4661-ad6f-e1598cb7f334,2022-02-19T03:08:41.968Z,East Lonnyfurt,Mississippi,Mayotte,53.6477,-76.4638,comitatus,adnuo,ciminatio,corrigo,admiratio,doloremque,adopto,77,68.58960649192102,27,desidero,1,0,1,true,0.059460229650886987,2018-08-23T04:05:21.611Z,"Olson, Kris and Luettgen",false
32964d69-978a-444a-95d9-4c7143951901,2019-08-18T00:30:19.325Z,DeSoto,Kansas,Sudan,-47.2034,64.1953,excepturi,aut,odio,rem,adflicto,itaque,cilicium,110,90.5357254717289,36,demitto,0,0,2,false,0.20478297185373162,2022-10-02T11:53:02.623Z,"Tillman, Homenick and Pfannerstill",false
83569223-def3-4766-8b8f-ceb846b977ee,2021-09-30T08:09:03.052Z,Grand Island,West Virginia,San Marino,86.847,69.5881,theca,subito,crudelis,thesis,tergeo,teneo,adsuesco,115,44.90305194297782,26,creber,0,2,5,true,0.18616878978397602,2021-03-01T18:23:04.895Z,Wolff Inc,false
e3f0d953-4d6d-4c80-b1da-8e922f943a72,2024-07-13T13:53:55.071Z,Maeganberg,Michigan,New Caledonia,-73.8615,25.5716,coadunatio,conicio,tumultus,pecco,veniam,amoveo,acidus,75,205.70198861416978,44,degusto,3,2,5,true,0.07902312632449618,2024-07-06T11:08:57.854Z,Keebler Group,true
2df2adc5-1f77-4aa1-92a6-95d738e7915f,2025-02-16T23:05:04.166Z,Worcester,Montana,Iran,5.5583,-42.427,dignissimos,bardus,videlicet,claro,cerno,denique,civitas,31,11.3749913614551,50,nihil,3,0,3,false,0.08397305333235844,2021-12-08T05:13:24.519Z,Kris - Abshire,false
2b0bda1a-696e-4036-8be9-57f542f95562,2025-03-22T12:14:20.223Z,Port Amelia,South Dakota,Belgium,54.8148,100.6919,conspergo,viridis,strenuus,corona,aequus,tego,claro,75,72.72432461018623,93,ea,4,0,4,true,0.02841413693229236,2021-11-30T23:13:11.099Z,Flatley Inc,false
3f3e2246-0c6f-42d3-a39f-94f0c1d48cfa,2019-05-12T09:36:35.336Z,North Cristinatown,Connecticut,South Georgia and the South Sandwich Islands,48.2447,-166.8982,allatus,tolero,ascit,textilis,ad,censura,deputo,89,63.9086734001997,23,certus,0,1,4,false,0.11648694411536867,2022-07-30T16:02:49.029Z,Barrows - Hahn,false
e32ce427-b295-4712-bf4d-1635d0a6de12,2020-01-29T03:34:00.058Z,Rosalynshire,Kentucky,Angola,-31.3172,34.5917,sonitus,ventosus,volva,arguo,celo,veritatis,certe,24,122.90360893694937,43,comes,3,2,1,false,0.22219897160249105,2023-08-10T20:07:02.760Z,"Yundt, Aufderhar and Ortiz",false
b7d9ee13-680c-4445-b48b-1c2daaa9b325,2020-11-10T18:54:34.808Z,West Brendonburgh,Minnesota,Saudi Arabia,-85.3433,21.0854,accommodo,sumo,paulatim,ea,demulceo,voluptates,ex,101,41.06230597646014,25,cribro,2,2,4,true,0.005753686261858626,2018-03-30T09:25:52.219Z,Lubowitz - Ratke,false
096dce22-f75b-447e-8298-520d9ef82ba8,2020-12-31T23:02:12.089Z,Niagara Falls,Idaho,Georgia,-45.7791,-48.463,tenetur,dedico,ceno,spero,vitae,chirographum,cicuta,23,7.28573001789707,60,conqueror,5,2,1,true,0.008045604768404824,2022-08-29T13:03:57.972Z,Gislason - Batz,false
c63c899e-0996-44c5-89e5-7193374b567e,2023-01-04T08:02:46.836Z,Irmahaven,Mississippi,Israel,17.8473,159.1779,totus,sumptus,amor,arca,abundans,capto,tabula,39,50.24122986742178,21,confido,0,2,3,false,0.09751238759953174,2020-04-09T15:58:00.340Z,Klein Group,false
8e888742-d5a1-4432-a8b4-8a1c6326abb1,2023-02-21T18:10:29.067Z,East Isabellabury,Oregon,Bosnia and Herzegovina,79.0006,114.3543,audax,non,abscido,varietas,appositus,spiritus,defungo,114,237.4131390006528,79,angustus,3,0,4,true,0.1557485084730896,2025-01-21T12:15:38.237Z,Hintz - Grady,true
bed2388c-a532-4489-adf4-781216c1b1b1,2022-03-24T03:04:39.763Z,Gildafort,New York,Bhutan,21.8582,53.5219,subito,alienus,caste,inflammatio,bestia,umbra,deserunt,20,4.1253261158292265,51,claro,6,2,4,true,0.20967586214381578,2023-07-19T10:51:58.774Z,Tremblay Inc,false
3c1e87b2-5512-4411-894a-c4a75c527c6a,2023-05-01T20:33:22.293Z,Pasco,Alaska,Namibia,39.3676,175.7925,attero,nisi,ultra,coadunatio,tergiversatio,repellendus,triduana,121,80.384460316248,64,infit,2,0,1,true,0.005385211264543527,2020-04-04T13:18:29.525Z,Bauch Inc,false
f2b33aec-1102-4796-a5e1-cd63e9f85952,2024-05-29T07:50:23.107Z,Pasco,Washington,Canada,25.2024,-16.2777,amplus,illo,commodo,claudeo,non,suscipio,peior,37,23.17775454810782,43,voveo,3,2,2,true,0.11714253151238199,2023-04-01T01:00:09.215Z,Howell - Shields,true
f7749032-caab-42f3-8457-c7acf378db37,2020-11-24T16:40:09.151Z,Ontario,Massachusetts,Bhutan,-62.4066,13.5131,conitor,vito,atqui,vacuus,casus,pax,cinis,98,157.45197286190714,17,conforto,4,0,2,false,0.09026029867542942,2021-01-28T19:24:07.545Z,Stokes - Mante,false
c7b53285-13f5-4313-bab6-814b2c8a8e16,2019-10-31T09:21:47.101Z,Hicklebury,Indiana,Malta,-62.8631,-46.0483,subseco,causa,substantia,pax,quidem,esse,vergo,50,182.53121409070692,77,cunctatio,6,0,5,false,0.053846309928694464,2018-08-24T09:08:11.042Z,"Hilpert, King and Koepp",true
33457f03-5754-492e-98eb-4075b0873f5a,2021-03-27T13:35:19.381Z,New Justynfurt,Virginia,United States of America,-13.4664,102.7894,tactus,cunabula,tribuo,cupio,cohibeo,adinventitias,socius,98,17.790834403407352,88,teneo,2,0,2,false,0.0179713196299833,2021-03-09T01:32:10.691Z,Crooks Group,false
8a09509d-8b0b-4e60-a17d-e6856d64a61a,2024-10-01T12:50:17.012Z,Lake Thora,Minnesota,Djibouti,30.3692,118.9793,suffoco,vito,amo,dapifer,eos,titulus,depulso,87,123.65903559159632,75,currus,4,2,5,true,0.1393906597123899,2020-04-04T17:16:52.364Z,Von Inc,true
c42a9c8b-7d50-466c-947e-b611b3f887a2,2024-03-01T02:24:29.564Z,Southaven,Pennsylvania,Moldova,-35.763,155.5415,ver,considero,adficio,animi,aer,aestus,acceptus,49,80.89212108041707,75,benigne,3,0,2,true,0.21859795233327078,2020-07-25T13:03:39.021Z,Paucek - Cronin,false
f23cafa2-ffac-448d-a6f7-966b55b4e784,2023-06-28T05:57:21.807Z,East Fredrickville,Oklahoma,Djibouti,-45.7326,-152.8515,vallum,templum,alius,arceo,adversus,est,decens,24,62.820765152338595,84,eius,1,1,2,true,0.2478187467158442,2018-01-12T19:43:48.762Z,Marquardt - Harvey,false
cc2463bd-c916-4ea4-ae3d-b6a23ef17e76,2023-04-12T02:53:56.137Z,North Karson,Ohio,Saint Lucia,41.4506,37.136,pectus,adhaero,advenio,deporto,libero,amiculum,creo,69,233.40869024367544,72,enim,0,0,5,true,0.14869507490505068,2021-11-17T23:40:35.921Z,Daniel - Altenwerth,true
58b31605-5b20-4284-80ca-9f38f8a12f38,2021-12-05T05:17:41.451Z,New Declanton,Missouri,Cote d'Ivoire,64.5066,125.4799,arbustum,caritas,pecto,cauda,quam,iure,deleniti,123,64.5047508339548,62,carpo,4,2,3,true,0.12473781463044964,2021-12-29T22:13:06.868Z,Hammes Inc,false
98a119b2-32d2-4c0e-b30a-066ea86378ca,2021-01-30T19:00:43.502Z,Fort Yazminland,Massachusetts,Uzbekistan,29.1468,-105.6408,aetas,quos,dolor,causa,ante,undique,acervus,122,96.84741581115807,33,canis,0,1,5,false,0.23888042411942734,2020-08-01T00:55:50.463Z,Raynor Inc,false
b7a41269-1f9b-4f0f-85ab-5ce992d4a884,2025-05-23T17:48:38.466Z,South Valley,Missouri,Isle of Man,-16.2538,89.4644,defendo,copia,sophismata,aliquid,somniculosus,accendo,avarus,75,45.23358542447986,28,assentator,0,1,1,true,0.09303585479628221,2021-05-25T03:10:17.570Z,"Lowe, Bartell and Dibbert",false
1525d674-a7b1-4979-a5f6-f4c5907e2b4a,2022-07-10T02:06:49.116Z,Oleberg,Maine,Georgia,-82.1154,108.9473,suppono,temptatio,vere,creta,magni,conscendo,carmen,120,1.1772820644268123,64,tempora,0,2,5,true,0.04734105794632726,2019-06-05T15:34:13.057Z,Hilll - Murphy,false
a9e212b5-8c7e-4701-ac60-609d5968428f,2020-08-03T19:06:34.968Z,West Emiestead,West Virginia,Heard Island and McDonald Islands,67.4484,41.9042,aperte,addo,confido,demitto,ventito,tabesco,denego,61,26.79311568691081,77,alter,2,0,3,false,0.2134871796014681,2024-04-25T03:07:06.974Z,"Rolfson, MacGyver and Carter",false
4c4b892d-9c31-40f9-b650-b177ff8cbf87,2021-02-24T05:32:52.668Z,South Hectorbury,Arizona,"Virgin Islands, U.S.",6.0574,-5.0629,agnitio,patria,virtus,odit,cupiditate,theca,defleo,40,19.82782490408266,60,derideo,0,0,3,false,0.17648301996766266,2019-01-31T01:53:50.121Z,Murphy - West,false
5a5844cf-9dba-444b-bee8-506e7a03af04,2022-02-10T21:24:22.210Z,New Mollychester,Tennessee,Australia,-66.1307,-0.1697,sum,templum,comburo,qui,adulescens,acervus,solum,48,147.41962198620126,85,pariatur,5,0,2,false,0.07853822654928933,2025-04-29T08:53:41.565Z,Kerluke LLC,false
c0c29265-a027-4d63-be5c-91f1149ad2c1,2024-07-24T15:53:56.734Z,Malden,Michigan,Nauru,-41.8992,153.3126,stips,arceo,vester,ratione,ut,comis,ceno,28,101.17591270345498,77,studio,1,2,2,false,0.23511533898022616,2021-05-13T07:27:07.114Z,"Cruickshank, Emmerich and Cartwright",true
289d0e61-03b4-46ac-9a8b-853480e2735b,2023-06-03T11:31:57.138Z,East Belle,West Virginia,Lao People's Democratic Republic,43.6339,98.1564,harum,surculus,auctor,thermae,acervus,absconditus,summisse,123,118.18963709953168,20,beneficium,1,2,4,true,0.13115100367860666,2024-12-22T08:50:55.868Z,"Nader, Nienow and Tillman",true
63cdd8a7-e7ad-40c6-8ceb-65903377c3b3,2022-06-10T13:27:43.004Z,Yasminworth,Indiana,Azerbaijan,71.456,-106.3134,culpa,undique,commodo,cresco,comptus,spiritus,sodalitas,21,164.97172871862824,89,minima,2,1,2,true,0.2283184820658907,2022-02-10T08:14:52.838Z,"Hilpert, Zemlak and Batz",false
c78a43b2-5d3b-4d47-8aa9-b32c7628f6e6,2023-06-08T08:54:59.686Z,Lake Enafort,Virginia,Aruba,-52.3397,28.8142,complectus,substantia,torqueo,cotidie,venia,alioqui,centum,55,13.230938971528898,99,caveo,0,2,3,false,0.12801569517832648,2024-05-29T21:52:48.913Z,"Ferry, Murphy and Ullrich",true
b2aa75e2-0b38-40a3-b78e-002ead481c2a,2020-12-13T03:13:40.892Z,Schulistberg,Tennessee,Isle of Man,-76.3407,169.3873,et,consectetur,claro,patruus,comitatus,carmen,cresco,87,231.72711867783167,81,in,2,1,3,false,0.10300842866571863,2021-03-04T06:00:05.656Z,Stamm LLC,false
be6ac6d2-4c2f-46fc-b9d6-6b72c8a36263,2023-09-27T17:15:51.793Z,Lake Eryn,Nebraska,Mexico,49.2532,154.2828,triduana,defaeco,amitto,supellex,venia,umquam,bibo,111,113.13567479002288,81,abstergo,4,1,5,true,0.19904395734166525,2019-03-29T02:56:24.578Z,Adams - Ryan,false
c1aa07af-5fbb-4943-8d78-8f9db5ba6996,2020-10-30T11:12:51.801Z,Fernstead,Rhode Island,Czechia,-60.816,-63.0167,sumo,cetera,patrocinor,creptio,combibo,collum,cavus,42,67.7366165475112,33,complectus,5,1,3,true,0.22228070416317705,2019-03-14T16:53:51.070Z,Dickinson Inc,false
48c818e3-65af-4561-a369-933bc417d27a,2024-01-01T05:18:20.513Z,Lake Andyland,North Carolina,Tanzania,-66.2159,-25.8205,veritatis,sumptus,condico,tondeo,venia,careo,utor,35,8.076227817777326,83,callide,6,1,2,false,0.0016125799502974547,2023-02-23T16:51:08.916Z,Sauer LLC,false
5f8ae25e-a0e4-416d-aaa4-0a90c66ab9b5,2019-09-15T09:20:34.408Z,South Aida,Nevada,Cuba,-43.891,-172.2936,correptius,quo,tumultus,abscido,celebrer,debitis,molestias,113,39.32074475221554,25,cubo,1,2,4,true,0.10712891759611431,2023-08-12T11:28:01.065Z,Feest - Grady,false
f10116f2-7035-49ea-9d67-9ed626898127,2018-04-06T20:11:20.846Z,League City,New Mexico,Hungary,51.4617,31.5603,cervus,cohibeo,numquam,centum,vulnero,carmen,adsidue,42,195.81419603364012,66,supra,4,2,5,false,0.22957381105799798,2023-10-22T11:42:04.267Z,"Beatty, Zboncak and Nienow",false
0c58670e-68d5-4dd8-ab73-a2e5fd2453d8,2019-03-16T22:44:18.999Z,Carolina,Tennessee,Democratic People's Republic of Korea,-40.2962,-20.978,defero,demergo,tamisium,acerbitas,quasi,alo,arto,49,86.00683659688107,49,dolor,1,2,2,true,0.11351721359915379,2021-05-05T04:49:16.122Z,"Rutherford, Upton and Friesen",true
34530639-8f87-4d87-80a5-303c0d4b4cec,2018-07-19T01:58:46.923Z,East Darrellfurt,Kansas,United Arab Emirates,73.313,144.8759,velociter,demonstro,adsidue,accusantium,aiunt,ventosus,xiphias,67,43.08543732106329,67,videlicet,2,2,4,true,0.06719063153943039,2020-06-22T01:18:07.473Z,"Nitzsche, Pfeffer and Barton",false
86522e15-2c43-49e8-8aa9-3a02fbd186d2,2019-02-28T05:44:46.716Z,Denton,Wisconsin,Cote d'Ivoire,6.5608,48.7149,nihil,strues,alveus,excepturi,nam,caterva,combibo,26,19.80771787284607,88,nemo,3,2,4,true,0.027479938221275674,2025-04-24T03:51:52.821Z,Brown - Tremblay,false
9152e3ad-9a75-4398-8050-2b705cc7a7e0,2018-02-08T17:30:04.542Z,Corkeryboro,Arizona,Republic of Korea,-52.9002,-169.155,dapifer,solus,delibero,concedo,voluptate,cedo,bis,55,125.13099613887739,59,arto,3,1,1,true,0.22703062900399648,2020-07-09T23:14:35.124Z,Lockman and Sons,false
b39e83e9-3397-4ea4-8c72-d836d6bda7e0,2025-09-06T22:28:14.176Z,Tyramouth,New York,Finland,83.6743,-28.687,ultra,textus,repellendus,terra,arbor,sulum,aggredior,24,27.070442919384384,88,demonstro,3,1,4,true,0.13556751407353992,2021-09-18T10:06:39.008Z,Hermiston Inc,false
ef368eb3-9aba-42b3-a8e7-406c227f4061,2018-11-01T00:28:30.065Z,South Duaneview,South Carolina,Aruba,83.9403,-121.6258,complectus,caries,curis,debilito,caries,angulus,accusantium,92,156.3126625252549,51,tempore,3,2,5,true,0.16930828245461557,2019-04-22T22:23:56.033Z,Hickle LLC,true
e948b9cf-ad0c-4f02-b502-53f5872728dd,2021-01-15T17:06:20.774Z,Dixieton,Oregon,Oman,80.785,-124.8989,sustineo,possimus,confido,iusto,acies,pecco,quisquam,20,219.0391792878128,24,adulatio,6,1,5,true,0.20334198005209336,2020-10-10T13:22:14.565Z,Stracke and Sons,true
732a7c21-0c67-416c-ad86-5eab3139e2d4,2019-07-12T15:40:05.140Z,South Jordan,Montana,Guinea-Bissau,-16.0209,-89.0773,adeptio,thalassinus,causa,utrimque,audentia,tutamen,abbas,95,4.487433617952856,45,clementia,4,2,2,true,0.18237419284657852,2020-06-20T00:11:19.368Z,Heller Inc,true
38d6ff74-af9d-4dc4-b993-f06cf8b295d9,2025-01-01T02:31:09.995Z,Port St. Lucie,North Dakota,Senegal,-62.2306,42.2702,conduco,admitto,cunctatio,testimonium,confido,approbo,ventito,115,191.1741964644757,76,reiciendis,1,1,4,true,0.23176637635117966,2025-12-10T15:17:07.475Z,Dooley - Schinner,true
dfd35d49-b62d-4aa0-aaa6-8d425ae0058e,2018-02-05T19:07:05.531Z,West Horacio,Utah,United States of America,67.1987,27.7803,ancilla,amplus,aurum,attollo,uterque,truculenter,aeternus,117,104.80206779257165,44,corrigo,4,0,5,true,0.24291033185178854,2022-08-27T13:05:53.863Z,Corwin - Franey,true
753ff67c-5a5d-4882-8b42-f086bf549e17,2022-11-24T05:04:58.805Z,Maple Grove,Maryland,Benin,39.1857,-21.3312,tamdiu,complectus,decipio,virtus,est,aranea,artificiose,108,84.68798338869199,89,caste,3,1,3,false,0.15208742013434762,2020-10-21T20:05:48.806Z,"MacGyver, Roob and Pfeffer",false
bd105d2a-c75c-46f3-93a3-6257c1cd47ef,2025-09-05T20:02:47.528Z,East Newell,Maine,Myanmar,53.6901,-156.0835,tripudio,averto,pel,quos,teres,utilis,verus,25,67.49582564495674,65,thalassinus,4,1,1,true,0.05301671611805256,2021-11-20T11:48:24.009Z,Lesch LLC,true
180f875c-1a0e-4b96-9655-ccfc144c8448,2019-11-19T10:44:49.654Z,North Julesboro,Arizona,Tanzania,-34.3722,-134.8033,quam,amplus,crepusculum,velum,veritas,corroboro,cimentarius,67,81.01283247178729,45,turba,3,1,1,true,0.05310222584922744,2022-01-11T17:09:59.691Z,Satterfield - Hamill,true
21659cce-1d6a-43bc-b313-8f4b212afdf4,2018-06-17T22:03:15.185Z,Rafaelside,North Carolina,Belgium,-39.81,-179.2409,repellendus,bos,deficio,abscido,cura,itaque,cilicium,70,24.16937792053509,23,pectus,6,1,3,true,0.053410176782733465,2020-11-17T13:13:39.253Z,"Gusikowski, Conn and McLaughlin",false
cf6039a3-97f1-471d-860f-5da0e4bad9ca,2019-07-22T10:21:01.973Z,Fort Jeff,Maine,Nigeria,70.211,-91.3761,vivo,theologus,arbitro,illo,optio,subvenio,assumenda,46,179.87923951081433,39,civis,3,0,1,false,0.14313385580873475,2019-08-12T19:59:26.606Z,Strosin - Will,true
9325cd34-937d-4c18-9807-00cd0c54a60b,2023-01-16T14:05:56.613Z,Vallejo,Oklahoma,Comoros,57.8576,4.1324,deleo,accedo,nobis,decor,curtus,talio,cupressus,111,119.55122616472403,69,strues,2,2,5,true,0.029125035334651356,2022-12-09T14:41:11.084Z,"Ziemann, Rogahn and Bahringer",true
f7f94b0f-638f-4c43-ab76-fb09a0dbde4a,2024-06-15T17:27:58.880Z,Fort Eliseshire,New Hampshire,British Indian Ocean Territory (Chagos Archipelago),46.7418,-88.5552,aegre,praesentium,cerno,vero,bos,decipio,deporto,97,3.1634082333037927,46,dens,1,0,4,true,0.06434111880236501,2019-12-22T09:30:18.402Z,Kovacek - Runolfsdottir,false
d5ffcdd5-d9a8-464d-8190-977ddb952fe9,2023-07-07T16:41:18.965Z,Manteca,Washington,Mayotte,-27.7783,-15.2813,abstergo,eius,mollitia,succurro,explicabo,accommodo,viscus,44,186.85822484781553,82,quia,1,2,2,true,0.07601217791826234,2022-08-29T08:55:54.929Z,Reichel - Kuphal,false
8489d4f5-96d1-4143-8d8c-fcd130ad360b,2020-04-10T18:52:54.952Z,Prestonbury,New Mexico,Holy See (Vatican City State),-4.0265,73.5668,labore,adipiscor,vallum,temperantia,viridis,creator,voco,22,145.69554609401425,16,delicate,6,1,4,true,0.24151876320000454,2024-07-22T18:33:08.280Z,Hodkiewicz - Ondricka,true
d4b0310c-0955-4c14-9bde-b00bafd34f76,2022-10-20T23:12:13.340Z,Fort Kyleigh,Hawaii,Tuvalu,60.2912,168.8799,ver,optio,vehemens,sollers,vero,similique,certe,34,58.080649313223695,86,natus,3,1,3,true,0.019326788991352983,2019-02-07T18:15:17.835Z,Padberg Group,true
4b84df88-d922-414a-983f-8b15d929ee3d,2018-05-10T09:48:47.827Z,Ortizland,Delaware,Cocos (Keeling) Islands,-60.4209,15.1674,tabernus,curis,canto,clementia,vero,ultio,adinventitias,52,201.80664114494854,37,comburo,3,1,4,false,0.09682061240285714,2025-12-22T20:19:10.405Z,Predovic - Pfannerstill,true
7f17eb2c-8eb4-4416-8f15-a26dce030168,2019-01-25T02:07:27.014Z,Davis,New Jersey,Croatia,69.9078,144.9268,centum,thema,cattus,est,utilis,cimentarius,supra,125,137.0516956971508,24,cresco,2,0,2,false,0.16139810908621718,2022-02-13T02:19:08.432Z,Halvorson - Hand,true
518466d1-46bd-4994-8700-f142908e3f74,2025-09-29T07:54:07.617Z,Port Muriel,Arkansas,Croatia,-33.8707,-29.3787,suus,subito,ambulo,uxor,censura,bestia,spiritus,30,16.68163449803825,22,eius,2,2,3,true,0.017242543526906767,2023-10-02T17:39:35.052Z,Schiller LLC,true
cb06be0b-e33e-48f0-bbec-39d2f2f65a58,2025-11-27T18:40:18.349Z,North Masonworth,Wyoming,Croatia,68.5677,-79.9569,in,maiores,depereo,color,vicissitudo,vester,vomito,84,237.84604884047306,90,certus,3,2,4,true,0.1014810463932426,2019-12-18T05:31:37.960Z,"Wunsch, Hahn and Walsh",false
8dafbb7f-c6a7-4376-a7bd-c2ff459473a8,2018-12-01T15:51:30.479Z,Hauckstad,Nebraska,Germany,31.4351,-98.32,cunabula,vulticulus,explicabo,aequus,armarium,vox,explicabo,39,81.66063094091052,29,vita,1,1,2,false,0.08391389751593298,2024-11-25T09:29:37.066Z,Paucek - Effertz,false
4d94cb57-f86b-47b6-ba67-d0dfab4d5742,2025-01-01T16:29:31.388Z,Merced,Hawaii,Uruguay,-8.5329,-165.8749,abbas,communis,soleo,ager,vomica,viridis,beneficium,85,4.516262163211255,50,infit,2,0,2,false,0.1670242745912135,2023-04-26T05:02:41.216Z,"Murazik, Huel and O'Conner",true