accident_id,incident_datetime,city,state,country,latitude,longitude,road_name,road_type,intersection_type,accident_type,weather_condition,road_condition,light_condition,speed_limit,actual_speed_kph,driver_age,driver_gender,casualties,fatalities,vehicles_involved,alcohol_influence,blood_alcohol_level,weather_reported_at,reporting_department,pedestrian_involved
df907cf1-e205-4e95-a326-8aaf7bfe5a72,2023-10-14T15:55:03.993Z,Michaelhaven,Alaska,Marshall Islands,-88.3274,-80.1526,officia,amoveo,asperiores,inventore,amicitia,bene,charisma,61,32.6792005447554,83,strenuus,0,1,4,false,0.18457068805108792,2018-11-13T09:37:35.473Z,"Russel, Fahey and Prosacco",true
7cc6e18a-862b-44a2-a4dc-2108803db4aa,2024-12-29T02:58:31.901Z,East Korbintown,Maryland,Puerto Rico,18.877,-167.39,victoria,auxilium,in,officiis,utique,cibus,quae,118,38.04992465611056,24,aliqua,0,2,1,true,0.07824449049743323,2023-03-20T02:42:53.803Z,Sanford and Sons,false
1306e200-67ac-4781-8062-b6f49d6529ed,2018-10-11T23:53:27.319Z,Lake Mitchel,Mississippi,Egypt,20.3963,-12.1274,cetera,alter,demum,sublime,vomito,ager,crur,77,139.40221732607466,61,pauci,3,2,5,true,0.07847065378354623,2023-03-19T08:19:49.946Z,"Crooks, Murphy and Kshlerin",false
0c18aa7d-0c74-4cdb-b74d-ec89dd0326b8,2022-11-21T05:47:37.077Z,Kingsport,Kansas,New Caledonia,-40.948,-67.8718,ut,usitas,tempora,arbustum,ante,cubicularis,via,40,108.48355363296474,74,architecto,3,0,4,true,0.035119198233382304,2022-12-01T13:52:07.251Z,Macejkovic - Kemmer,true
8cd3cf32-878b-4ac6-a9ac-ed19cd699095,2024-04-04T12:36:42.193Z,West Gordonview,Alabama,Denmark,26.165,17.0445,vilitas,magni,confugo,bis,supplanto,cariosus,ulciscor,51,172.8932867456248,63,solio,5,0,3,true,0.07584585381493139,2018-09-03T05:53:46.419Z,"Greenholt, Langworth and O'Hara",false
68f4ff31-1a1d-48dd-808c-51f76772dc87,2018-09-19T21:13:43.292Z,East Damonhaven,Florida,Lithuania,-73.8827,-73.9167,amplitudo,bibo,amitto,alter,summa,auctor,consequuntur,69,127.73918333144022,24,degenero,1,0,3,false,0.24909191436520278,2018-04-13T02:52:13.529Z,Hagenes and Sons,true
e9015e51-f0a8-4039-ae5f-e3bd5fbee9b9,2019-10-27T18:03:21.626Z,Lake Zackhaven,Idaho,Czechia,-24.1512,-142.6073,utpote,aestas,unde,adsidue,agnosco,repudiandae,ante,129,142.95169724105787,93,somnus,5,1,4,false,0.10429178217533899,2019-05-09T13:44:15.368Z,Thompson - Welch,false
25a39837-4c4b-421d-8e64-5413541cc8d7,2021-06-15T22:36:44.667Z,Predovicberg,North Carolina,Afghanistan,59.4385,66.8466,civis,tamdiu,sollers,creptio,aggredior,adeptio,caste,46,42.84369211691073,65,talio,3,2,5,false,0.14469195301426382,2019-11-09T22:44:04.589Z,"Lehner, Pollich and Tromp",true
0ccedb21-c17b-4ee4-a366-28122f9786e1,2022-04-09T08:03:20.638Z,Port Grayceton,Washington,Saint Martin,78.5809,85.2208,clam,paulatim,depereo,ager,desino,tricesimus,comprehendo,40,87.09104652357962,96,succurro,1,0,2,false,0.03251493981439163,2019-01-25T12:16:19.337Z,MacGyver - Pacocha,false
779a75fd-ba3d-4b33-9d6e-0769f11767ae,2023-06-08T06:01:48.031Z,Lubowitzfield,Minnesota,Seychelles,42.8573,-101.0369,solutio,curis,cubicularis,volutabrum,cruentus,patior,similique,36,87.35624157524535,19,tepidus,4,1,4,true,0.19242061502399543,2023-12-13T13:15:45.896Z,Kihn - Roberts,false
e59bb9fa-fc69-40c4-8ac8-9e0f7fd9a11e,2020-10-24T12:06:10.654Z,Rockwall,Montana,French Southern Territories,-54.242,25.6006,asperiores,charisma,atavus,desidero,vergo,nemo,exercitationem,31,143.079740416662,25,thema,3,0,3,true,0.00029603710508868675,2021-12-05T21:16:46.131Z,Schmidt Inc,true
6d911b3a-ba41-4020-aeaf-14c79ec3f6ea,2022-10-08T23:55:02.404Z,Palmdale,Iowa,Ireland,54.8848,33.4696,calcar,vitium,solus,atrocitas,voro,vociferor,ter,33,157.52640204979244,60,vulgus,2,2,2,true,0.19050743321757016,2024-04-27T17:53:16.239Z,Kub LLC,false
b2ea1ccd-1eb3-48d1-83c0-b0ef5f53619e,2020-05-22T20:01:28.042Z,West Ebony,Vermont,Suriname,-41.562,-16.9251,patria,exercitationem,aduro,beatus,solus,vorago,delectatio,44,119.36019058005412,63,amissio,6,2,2,true,0.1957313742938225,2024-08-01T08:00:37.166Z,"Pollich, Hermann and Gorczany",true
4baef49e-9838-4863-b7b3-b3e23c40c796,2020-12-11T21:15:10.282Z,Grand Junction,Illinois,Russian Federation,-32.951,107.6839,alienus,volo,capillus,celo,defetiscor,venio,utroque,40,39.86699089413895,97,sulum,2,2,1,false,0.1198844140792377,2022-06-29T11:33:20.441Z,Spinka - Block,true
9c9140e3-7bc1-408f-b4f3-94bd72e099b2,2019-10-27T08:17:16.062Z,North Kameronside,New Jersey,Falkland Islands (Malvinas),81.2577,48.3265,arx,solio,deleo,abstergo,venio,demergo,absconditus,62,168.60612348977173,97,subiungo,0,0,1,false,0.14167703314715785,2020-02-28T10:26:46.908Z,Borer LLC,true
b548f92c-9a8c-4f99-a806-4bec170fd501,2022-04-19T03:14:07.009Z,Nienowville,Colorado,Sweden,-26.3759,-97.0432,thesaurus,sophismata,color,denuo,vito,stipes,thymbra,33,87.49314307629854,26,triduana,2,1,4,false,0.24332293618477183,2024-04-30T12:01:21.180Z,"Hilpert, Hagenes and Waters",false
0e1cb6b8-8bec-4d72-9c34-87e068aa6929,2020-06-06T23:10:24.118Z,Townetown,Missouri,Pakistan,-59.1745,37.8206,conduco,impedit,admiratio,damno,sumo,confido,viscus,94,206.01890562451416,91,tutamen,5,0,2,true,0.04847445262837277,2023-03-18T10:20:05.904Z,"Leuschke, Becker and Gulgowski",true
a56eb62f-e946-4f2a-a415-2794ae2a0db3,2023-01-21T17:11:07.208Z,Sporertown,Nebraska,Indonesia,89.4216,-18.1409,arx,qui,confero,accommodo,aptus,perferendis,cilicium,56,85.21470340257981,20,asperiores,1,1,5,false,0.0280794422555517,2019-11-10T03:27:59.666Z,Lockman - Weber,false
35d3d905-fb15-4fcb-81d3-75432dba7a42,2023-01-01T23:41:01.573Z,Lake Delphinefort,South Carolina,French Polynesia,-10.4837,9.8517,conforto,unus,volup,amiculum,vilitas,baiulus,somniculosus,124,233.7172000020833,45,traho,4,2,1,true,0.06737203954578858,2019-11-30T14:03:32.365Z,Hahn Group,true
658ebfbe-d176-49fd-a55d-300705952209,2024-05-08T02:57:32.161Z,Temple,Maryland,Wallis and Futuna,44.8883,36.0611,assentator,adduco,eaque,pecus,ratione,ascit,admiratio,34,74.98184326555028,51,capio,2,2,2,false,0.10517027848354282,2025-06-04T19:28:50.737Z,"Mueller, Gottlieb and Tromp",true
c709a0d0-77a2-4789-88c9-700625ccfabc,2019-03-12T00:55:53.049Z,New Magnolia,Ohio,Honduras,79.0324,-44.7491,careo,delectus,abscido,succurro,ascit,approbo,thesaurus,111,127.61192587950083,55,veniam,6,1,5,false,0.2063378890786,2019-04-17T09:37:01.508Z,"Brown, Shields and Johnston",true
dea9f6b2-4ec4-40a6-a799-4709494c52ab,2023-11-07T15:16:08.919Z,Blockbury,Wisconsin,Dominica,-38.3094,114.123,brevis,temeritas,cogito,acidus,centum,vilitas,antea,57,8.7989789358077,37,vulpes,4,0,5,true,0.09425531149534447,2018-08-24T14:06:36.116Z,"Wiza, Mraz and Tromp",true
654acb61-17c6-4996-bef4-01ac143debc4,2025-11-19T16:47:17.344Z,Stammboro,Illinois,French Polynesia,-71.8843,-133.8567,cinis,paens,delectus,annus,dapifer,adulatio,stillicidium,81,68.44058484508581,56,delinquo,3,1,3,false,0.1785148008222823,2023-03-07T06:31:41.452Z,Roberts - Lang,true
f4fe1113-319d-4a85-ba42-bad65c1bc247,2020-03-22T10:33:32.313Z,West Mosesview,Ohio,Pakistan,-51.9651,-138.7853,vehemens,capio,tot,tabgo,coadunatio,amoveo,adamo,40,157.5435792966284,62,correptius,2,0,2,false,0.24248122610204711,2024-05-08T14:27:17.032Z,"Auer, Beahan and Kuhlman",true
774d1e46-487a-448f-a580-abc94fbc61cc,2024-07-31T06:13:36.890Z,Prohaskamouth,Missouri,Sudan,-51.8805,-133.2287,tribuo,abstergo,demoror,porro,deludo,talis,capto,100,17.53693029813654,16,adsum,3,2,3,true,0.23937637974559398,2024-05-17T19:12:22.720Z,"Pouros, Crooks and Mayert",true
bf5747d0-e1b3-497d-9e86-2767af15039f,2022-06-29T10:30:04.651Z,Fort Zena,Vermont,American Samoa,-70.3301,-9.131,conicio,crur,terebro,callide,debeo,sto,patior,87,52.90286029786174,28,uredo,0,1,5,false,0.09651168705604876,2023-02-15T07:18:11.927Z,"Smitham, Hodkiewicz and Bogan",true
c22cca5e-cd27-45a4-98a5-f873de6d171d,2025-11-03T15:55:23.053Z,New Chad,Colorado,Kazakhstan,72.4659,3.3067,benevolentia,clibanus,surculus,verumtamen,absque,temptatio,coniuratio,37,122.33048024201463,24,ea,0,1,2,false,0.02380858201643757,2021-09-24T02:12:29.830Z,Schneider Inc,false
383c1ddf-8d87-494a-b773-61f2def07cb3,2020-11-25T01:52:06.761Z,Lake Emilianoton,Montana,Saint Martin,21.1522,-110.111,numquam,vitae,aut,temperantia,ambulo,cruentus,pecus,26,2.4593027568108106,21,adhuc,3,0,5,false,0.09943951352210423,2020-09-17T05:48:15.608Z,Jerde - Wuckert,false
67055287-0e07-4b3b-bf71-2b00dd34e3cb,2023-03-02T22:55:00.014Z,Lake Morgan,Georgia,Belize,67.9168,-110.4063,adipisci,iste,subiungo,crinis,cunae,vulnus,maxime,122,201.12048337636642,73,defessus,3,0,1,false,0.14216603070271816,2018-02-15T17:25:27.006Z,Abernathy Inc,false
8ba0d455-d5ae-4a04-b1a4-a0a2fc1e8eac,2021-04-22T15:12:23.298Z,Berkeley,Arkansas,Panama,-64.7091,-90.2488,tepesco,comitatus,victus,curatio,conduco,clarus,dolor,103,46.18429879120072,24,summa,4,2,2,true,0.20304795580687546,2025-06-05T02:03:13.339Z,Schaden - Heidenreich,false
12079299-a7f3-49ad-aedf-a14f18477eb3,2025-01-31T06:02:26.628Z,Leviside,Kansas,Myanmar,-7.3859,-54.4167,custodia,admoneo,ipsa,baiulus,vel,defero,amitto,66,115.82733760926105,66,sol,0,0,2,false,0.24574447887828993,2021-03-27T02:40:22.826Z,Fritsch - O'Hara,false
e6526f16-af86-4803-9611-70c1dc0d5614,2020-07-23T10:01:49.821Z,West Brigitteview,New Jersey,Angola,23.2963,-47.6531,claudeo,aqua,virtus,debilito,cupressus,dapifer,decor,74,230.50072952204425,88,aptus,2,0,4,false,0.1809270888936243,2023-11-10T05:23:22.102Z,Schumm - Jaskolski,false
410a0a91-cd1e-4441-a9f1-eb5dd20141a7,2018-07-22T14:34:52.077Z,New Jacynthe,Illinois,Kiribati,36.5305,64.9914,confugo,victus,bonus,trepide,tenus,aegrus,speciosus,44,94.23602840159586,22,conspergo,1,1,4,false,0.12449173170371763,2024-02-29T04:51:16.586Z,Abernathy - Satterfield,true
b5e42451-cba3-42e5-80e6-e4af0c28350f,2018-03-04T16:13:03.403Z,Wildermanfort,Massachusetts,Djibouti,48.1988,-21.5419,officiis,delectus,adamo,ambulo,depopulo,assentator,adopto,39,131.84057660568098,52,ultio,5,1,2,true,0.10923427338031555,2023-04-24T10:13:21.915Z,"Nikolaus, Satterfield and Zieme",false
3a5dd7df-4045-477a-8285-bbf0eca0a8c0,2021-05-19T19:14:49.112Z,Paradise,Virginia,Morocco,13.9764,64.8149,deripio,universe,absens,vaco,conitor,sollicito,defungo,64,109.59761384175324,42,commodo,5,2,2,false,0.09507106750706062,2018-03-23T20:16:32.420Z,"Jacobi, Glover and Armstrong",false
fd61b805-ab60-4f65-973d-ffb0f4e35213,2022-10-05T17:36:06.623Z,Fort Margaritastad,Utah,Central African Republic,-22.5202,-36.9563,quaerat,causa,calculus,correptius,cilicium,spargo,defungo,72,97.91861922775635,24,rerum,6,2,3,false,0.05265848604817608,2020-01-25T09:17:53.412Z,Volkman - Wolf,true
94041471-e0cf-42e2-9044-81d10fb529bb,2020-12-04T16:08:26.219Z,Vandervorthaven,North Dakota,Grenada,-21.1149,-106.4111,itaque,vinum,odit,commodi,quibusdam,cupio,delibero,85,71.78079863160332,39,vel,3,2,3,false,0.22012770441958984,2023-12-14T01:10:54.609Z,Wisozk and Sons,true
116f93e6-0424-4fdb-86ac-de8fc07f0015,2024-05-03T17:07:14.283Z,Schmelerstad,Maine,Bouvet Island,33.1583,-145.8348,admoneo,soluta,artificiose,cunae,denique,carpo,torqueo,107,18.39313514616275,65,arca,1,1,2,true,0.00908244058947058,2020-07-28T04:01:54.177Z,Predovic - Johnson,true
ec0890dc-92a6-4e95-98f6-66ff913692e3,2021-11-04T13:32:24.972Z,Rosenbaumland,Connecticut,Kiribati,-22.7733,81.4576,tenetur,suasoria,praesentium,caelestis,timor,eligendi,tolero,21,115.86789656933183,21,quasi,3,0,2,true,0.020386875339959892,2018-07-02T09:45:14.478Z,Runte and Sons,false
d3a612b9-3f52-46c2-bbcf-e3bf6d881dab,2018-08-04T02:32:18.429Z,North Elissa,Nebraska,Martinique,-50.2883,-75.2902,tabgo,thesis,velum,vaco,accedo,abstergo,creo,70,182.24600810408748,46,deleo,4,0,2,true,0.012656254716073928,2022-05-19T17:48:26.980Z,"Jacobs, Price and Mante",true
57fe2f4b-5c71-440d-8b2b-71b05f65b93a,2018-01-23T22:25:20.899Z,Handworth,Michigan,Maldives,-67.0448,-119.3167,atque,tot,apparatus,claro,defetiscor,velut,assumenda,78,34.98171207667447,54,dens,1,1,3,false,0.002137382709394481,2022-05-15T20:03:08.880Z,"Shanahan, Marks and Pouros",false
788be6fc-0735-4787-80a1-da6b9975aa8a,2023-08-14T21:19:51.988Z,Brandtfurt,Alaska,Puerto Rico,83.6275,-173.521,correptius,circumvenio,uberrime,strues,decet,demens,animadverto,45,163.27575526894927,91,chirographum,6,1,3,true,0.21907768779703315,2021-08-03T05:51:58.719Z,"Zemlak, Miller and Brown",false
dc1c7170-e3e4-4fc4-87f1-9641424f4dca,2020-02-07T21:33:45.276Z,Paucekstead,Washington,Venezuela,-24.9605,-36.6689,bellum,exercitationem,maxime,ulciscor,sufficio,vinco,trans,26,110.33261325667048,22,clarus,2,0,3,true,0.214211752617518,2022-07-23T06:42:53.080Z,"Trantow, Goyette and DuBuque",false
4d977af1-bc24-4d21-abd6-53f5c610ad65,2022-02-18T09:43:10.482Z,Lake Gabriel,Florida,United Arab Emirates,-63.9202,-16.4678,caries,bestia,quisquam,vespillo,hic,nostrum,voveo,91,173.4661507924107,73,theologus,0,0,3,false,0.21565283019091835,2019-07-04T20:27:06.544Z,Nienow - Considine,false
cfcd2e88-3ae1-4d15-9328-21385d47c4a8,2019-03-06T17:58:36.981Z,New Maiaville,Illinois,United Arab Emirates,-28.8102,29.6181,toties,utroque,valeo,comprehendo,labore,angulus,debilito,99,152.4345127776295,84,stips,2,0,4,false,0.13044880480165336,2020-09-16T22:03:14.373Z,Littel and Sons,false
11675332-748c-495e-815a-e5a6c45e3180,2022-05-25T08:55:59.119Z,South Lavada,Wyoming,Guatemala,-15.5445,-59.9997,blandior,timidus,desolo,admoveo,caveo,acidus,abstergo,117,196.31472095442936,32,decretum,0,0,5,true,0.1705985578446122,2024-03-18T07:32:57.576Z,"Feeney, Denesik and Shields",false
fe6794ba-d06d-4591-b386-0d8f57882eac,2021-08-31T21:24:28.050Z,Altoona,Michigan,French Polynesia,-49.0665,-92.67,victus,supplanto,vulticulus,toties,surculus,spoliatio,vulgaris,108,111.9030970844896,68,eos,0,1,5,true,0.035437097877607876,2021-06-25T19:37:21.686Z,Raynor - Powlowski,false
e88a3add-65d7-462d-85da-9d4eab5b6756,2025-07-03T05:35:57.577Z,Port Percy,West Virginia,Gibraltar,-22.2328,45.7814,decens,audacia,causa,adficio,vis,corrupti,debilito,31,58.7771471695379,31,commodo,6,2,4,false,0.06076140661780194,2019-01-13T04:44:15.131Z,Schmeler - Huels,true
31e085c7-2205-46a2-9e2c-9c4d523d6e34,2019-06-10T14:20:05.460Z,Eden Prairie,Montana,Russian Federation,-30.0445,-76.4649,decor,comburo,uxor,saepe,stabilis,deserunt,enim,124,70.1901906360791,89,totus,1,2,4,false,0.01539814119176977,2021-08-25T20:05:29.097Z,Mante - Schmitt,true
f639504e-fef1-4fdc-9276-cb998ecb237f,2025-08-17T14:49:12.102Z,Townebury,Delaware,El Salvador,18.4027,80.4739,valde,itaque,sodalitas,vicissitudo,statua,deleniti,attero,110,49.20131194997233,48,pauci,6,2,3,true,0.07413784989452821,2021-03-29T03:50:52.414Z,"Swift, Smith and Orn",true
fe7bb0d8-e596-4768-b876-ebe93c82738d,2022-09-17T17:02:13.218Z,Ogden,Nebraska,Kiribati,69.8726,55.4848,tyrannus,tristis,natus,vigilo,adicio,sordeo,cupiditas,70,108.14147833858743,54,expedita,2,0,1,true,0.0709280663542344,2018-10-12T01:52:54.987Z,"Gottlieb, Boehm and Metz",true
52b9a495-9183-4bd7-b373-3239f878d594,2023-11-05T15:59:53.441Z,Wilfredview,Alaska,Jersey,23.9389,-167.6443,abbas,tubineus,thymum,mollitia,virgo,ultra,optio,27,115.10161290665265,59,denego,1,0,3,true,0.007353675986972591,2019-08-17T20:10:15.494Z,Cummerata Group,true
ab76f894-17e9-45d5-b57f-1098e5ee1e97,2025-01-22T11:50:56.080Z,Melanyhaven,New Mexico,Slovenia,-61.6672,49.7018,vindico,terreo,amplus,vesco,degero,certus,temporibus,36,69.32692962151752,29,catena,4,0,3,true,0.22145332667124723,2019-09-30T03:33:47.425Z,Hahn LLC,false
3fbe9d82-541f-43ab-9f22-3e6c7ef3da6e,2021-01-12T04:46:30.887Z,Lake Ashleeview,Kentucky,Anguilla,-27.8747,-21.2615,tempore,denique,culpa,aeger,eos,depraedor,curso,88,223.65448039606324,93,voluptates,1,1,5,false,0.1443411934098937,2022-01-30T02:28:40.221Z,DuBuque - Bosco,true
09a03eff-f69b-46d8-b9c7-aeed13e1a3d2,2024-08-06T23:11:26.662Z,Horaceboro,Tennessee,Serbia,-25.5021,-107.3685,dolor,condico,atrox,caveo,demonstro,voluptatem,ager,106,87.29761411706322,20,aeternus,1,2,4,false,0.09037410593136797,2021-08-26T07:12:17.744Z,Emmerich - Jerde,true
bfc50f03-00c4-40fa-9970-ccde7ed400f2,2023-03-24T11:31:24.353Z,McLaughlinton,Indiana,Mali,-31.4907,139.0437,autem,suscipit,speciosus,ara,dolor,succurro,vulnus,26,29.778229962266998,27,vallum,2,0,4,true,0.08262024960353795,2019-03-13T23:54:57.226Z,"Heller, Schmeler and Davis",true
a7bbdc6f-6f62-497e-9ba7-1a77bd20e34f,2021-06-04T09:27:51.806Z,Port Jovaniburgh,New Mexico,Democratic Republic of the Congo,-61.4418,-43.6613,vivo,tot,termes,solitudo,aliqua,absque,blanditiis,25,31.402191216854447,96,cuius,1,1,2,true,0.18404487699145636,2022-10-14T14:46:23.761Z,"Quigley, Jacobs and Towne",true
46fbcc55-b628-4298-a4c2-6b196f3de13e,2022-05-24T00:08:24.807Z,Abernathystead,Kentucky,Montenegro,-83.3087,134.0574,cunabula,toties,abundans,fuga,commemoro,celebrer,complectus,114,108.00886337957425,83,numquam,2,1,1,false,0.20745713856821146,2021-03-24T09:20:38.369Z,"Feest, Beatty and Schimmel",true
f3ad559d-7410-42a0-8fbd-6bd3f872b0fe,2020-11-27T08:50:22.140Z,Fort Idafort,Delaware,Oman,-85.2252,-89.8347,corroboro,spoliatio,patruus,vomer,comparo,inventore,demens,126,187.28536080231672,66,correptius,6,1,2,true,0.21308209989870203,2023-05-17T07:09:50.748Z,"Hermiston, Flatley and O'Keefe",false
8cf6082c-93d8-4c84-82d4-928df4f5bb9d,2023-12-02T14:03:01.067Z,Maurineside,Maryland,Mayotte,1.2014,154.6225,combibo,amet,abstergo,deludo,maiores,iste,sophismata,116,164.73483210049613,51,cimentarius,1,1,2,true,0.14672976863172488,2022-01-11T12:08:51.986Z,Torp - Block,false
5c049ff3-da85-4f1a-807d-04e13d88c5e2,2025-12-24T19:33:44.453Z,Rogers,West Virginia,United States Minor Outlying Islands,-59.1139,-73.1372,utpote,subito,conventus,temporibus,earum,coepi,sonitus,63,130.10391171907548,19,tribuo,5,0,5,false,0.1280612521989984,2023-03-01T02:00:28.393Z,Huel Inc,false
1153d88a-e670-4a07-ad3b-1721e1e0f2cd,2021-02-21T06:31:01.600Z,Port Chelseyland,Kansas,Pakistan,68.0947,-84.4505,veritatis,verbum,alii,bellum,vinitor,turba,demitto,66,98.72542159986439,42,curo,3,2,1,false,0.1905677889435308,2018-01-26T00:28:23.178Z,Skiles and Sons,true
01f07dd5-e1e3-4e93-bf9c-178360aa9a82,2021-05-17T23:42:53.698Z,West Krystalmouth,Washington,Senegal,8.4633,-9.7477,ancilla,aegre,torrens,caelestis,demens,curatio,tepidus,79,166.47342295209387,78,voluntarius,6,2,5,false,0.06905791820645424,2023-02-22T12:23:48.052Z,Adams Inc,false
67cfbcdf-caca-4ecd-adea-67a3a84ca21c,2020-05-08T20:14:18.887Z,Schuppeville,Louisiana,Tunisia,32.4834,-73.4117,charisma,audeo,dolore,dedico,totidem,ademptio,laborum,94,162.31324786807573,89,molestiae,0,0,1,false,0.1182364654821848,2020-12-12T11:55:38.135Z,Haag Inc,false
818edd58-469a-4058-839b-ecf10b6b38cd,2023-05-22T01:43:05.557Z,Plantation,Minnesota,Cyprus,71.3364,5.5828,ut,adstringo,admitto,pel,praesentium,cariosus,ventus,33,13.804663858239232,92,earum,1,1,4,false,0.15879702044407254,2018-12-24T09:43:01.785Z,Crooks - Abernathy,false
7a55cfca-8e4f-47a1-adee-70808a641cb8,2019-01-13T23:58:36.166Z,Clifton,Utah,Reunion,-86.5309,-26.4459,tergeo,vel,aureus,volutabrum,doloribus,peccatus,eos,46,88.60677961717668,70,adsum,5,2,4,false,0.16156559739286835,2025-07-02T11:27:25.541Z,"Lebsack, Altenwerth and Stracke",true
b8376a83-9453-4382-9569-ec549797bceb,2024-02-21T11:46:14.686Z,San Francisco,Montana,Bosnia and Herzegovina,38.1057,106.3759,altus,amplexus,solum,ager,subvenio,eos,aegre,121,46.05911811786654,45,cicuta,3,1,3,false,0.23111866108383605,2023-04-14T06:18:44.937Z,"Weissnat, Mertz and Beer",true
6f059c1b-651e-4efa-bacf-f46ec3e06c96,2024-12-20T05:58:22.546Z,Lake Janellechester,Iowa,Sint Maarten,61.4417,-148.4307,tabesco,sonitus,claustrum,allatus,suppellex,acquiro,tyrannus,107,30.144407650286233,41,tenetur,0,1,2,true,0.11465692373023134,2025-09-06T15:50:55.307Z,Spinka Group,true
9174aa61-48df-4a9c-844e-2faf2ba698ad,2024-09-13T23:30:48.831Z,Greenfelderland,Alabama,Spain,-88.2923,30.5351,venia,turbo,bene,concedo,cohors,dedecor,comis,28,194.58918255766716,45,sufficio,3,1,2,false,0.07030485029445255,2020-01-14T00:46:16.129Z,"Heidenreich, Harvey and Wiza",false
c220a163-eaed-43b1-97eb-faaf8fbdd7ca,2021-09-12T19:09:56.469Z,Lake Alborough,Florida,Faroe Islands,-57.1814,41.2701,caute,anser,comprehendo,spes,angulus,ceno,delectus,58,50.54982711794894,77,degenero,6,1,3,true,0.10593186679830355,2018-07-02T10:37:02.492Z,Rempel - Hirthe,false
a0c3a04c-9807-4a08-b996-d9e7243262ac,2023-10-26T20:59:26.427Z,Dejuanstad,Massachusetts,Estonia,89.6741,158.1946,suscipit,succedo,quidem,debilito,agnosco,tripudio,depraedor,65,40.643388357548595,45,arx,2,1,2,true,0.04458428993794181,2025-03-19T23:43:53.827Z,Quitzon - Nikolaus,false
4a91f16d-f19b-4335-ac06-2631c957e7d8,2019-08-16T05:04:30.175Z,Blue Springs,Idaho,Montserrat,-43.0855,138.4337,crebro,deficio,necessitatibus,cinis,amplexus,civis,damno,46,92.25260635564833,34,verus,5,1,1,true,0.21643824501181477,2025-09-24T14:21:57.953Z,"Abernathy, Satterfield and Zieme",false
d5429236-f308-4580-80e5-8147ddafc5ec,2025-04-14T20:24:04.281Z,Lake Meggieport,Vermont,South Africa,-36.4767,52.4527,alveus,sulum,ullus,quam,conatus,denuo,culpa,113,161.44837991971278,97,corrigo,3,2,3,false,0.17134676959271297,2024-10-30T08:42:23.745Z,"Luettgen, Fadel and Walter",false
f45bbec0-fdc0-4063-a6b7-62095a389152,2025-04-21T02:17:50.368Z,West Randy,Florida,Gibraltar,20.5315,59.6799,deorsum,demergo,cohaero,laborum,cuppedia,claudeo,in,79,183.34921192105625,43,cado,1,0,5,false,0.11610923812519763,2018-01-07T18:57:25.543Z,Zemlak - Kub,false
7f1f0934-b675-4da6-8ef6-3d911ce7e30f,2022-12-25T22:50:38.257Z,Naperville,Iowa,Finland,-18.6423,85.8248,territo,adfectus,civis,ducimus,volutabrum,dolorem,vulgus,69,19.43805670750944,20,aliqua,2,0,5,true,0.18790648064474688,2020-09-01T06:57:40.371Z,Kuphal Inc,false
dba12c9c-5eef-4616-a7ce-cd68ef79303e,2019-07-06T08:15:52.784Z,Fort Taylorstad,Utah,Guadeloupe,88.4922,-23.8198,deinde,celebrer,defetiscor,attero,eaque,utpote,subseco,60,106.63168043071236,78,derelinquo,0,0,2,true,0.22725420568956362,2022-05-14T17:22:42.833Z,Dooley Group,true
99c66aa0-4705-4549-a91c-a897848ebdb6,2021-07-30T04:59:32.235Z,Quigleyfield,Maryland,Saint Martin,5.9398,-121.707,adipiscor,aspernatur,coniecto,calculus,varietas,debilito,summa,93,25.13704423441161,76,quibusdam,1,1,1,false,0.17723304155546593,2021-07-23T23:43:50.161Z,Greenfelder and Sons,true
bbc57b05-04e4-4114-8b54-1e9a3cb4fad2,2019-07-17T09:24:29.236Z,Albertastead,New Mexico,Sierra Leone,44.5899,106.301,tracto,civitas,callide,verus,auctus,decipio,aufero,32,135.8875971708994,65,cibus,1,2,5,true,0.14884069471482708,2019-05-02T00:05:46.373Z,Toy Group,false
050693fc-eea3-4cd1-95d8-bca46e6e73f1,2021-03-14T18:44:45.326Z,Port Amina,Hawaii,Brazil,37.3716,-145.3195,synagoga,cibus,depono,harum,aspicio,sodalitas,nam,81,169.89350804991022,18,audio,0,1,2,false,0.22683387567415011,2023-11-01T18:45:34.249Z,"Stoltenberg, Kuvalis and Padberg",false
f0adef0c-e782-4362-98ed-7314e70ba600,2018-04-23T03:13:20.054Z,Kalamazoo,Pennsylvania,Venezuela,-89.1316,157.8404,crux,denuo,cibo,articulus,vigor,cultellus,verbum,119,71.26072834058135,77,varius,3,1,4,false,0.05585237093123016,2018-05-01T06:22:10.177Z,Ruecker - Abernathy,true
54fab126-1a1e-4100-8440-2b28acadf89e,2025-08-08T02:57:27.444Z,South Earnestine,Rhode Island,Cayman Islands,81.7525,83.0655,quas,rem,arcus,crux,auctus,compello,sulum,54,126.740666821679,19,ceno,5,0,1,true,0.23663204050306846,2024-10-13T07:56:54.922Z,Reynolds and Sons,true
c4281393-25df-4e8c-9ab0-c0272287cad7,2021-12-09T17:29:42.147Z,Fort Estefanialand,Massachusetts,Taiwan,-10.875,53.8427,deludo,vulariter,adiuvo,minima,conscendo,decipio,dolorum,33,30.038483689247517,46,tandem,0,1,4,false,0.1065793541301126,2023-06-11T18:43:25.210Z,Hahn Inc,false