accident_id,incident_datetime,city,state,country,latitude,longitude,road_name,road_type,intersection_type,accident_type,weather_condition,road_condition,light_condition,speed_limit,actual_speed_kph,driver_age,driver_gender,casualties,fatalities,vehicles_involved,alcohol_influence,blood_alcohol_level,weather_reported_at,reporting_department,pedestrian_involved
ea178b39-117a-4e04-9bc2-81981d2e4cc7,2022-05-04T21:34:05.066Z,West Patrick,Wisconsin,Saint Martin,13.9673,-49.1251,audeo,vae,termes,nulla,balbus,decumbo,accusantium,27,6.309302527770413,16,adopto,5,1,4,true,0.005475249015205741,2025-11-15T22:29:37.597Z,MacGyver - Powlowski,false
51d0e849-0932-44ef-8fd1-2bd8c30184db,2020-10-15T03:19:13.709Z,Vickiefield,Oregon,Botswana,55.9266,27.0522,curia,tum,provident,tergeo,copia,despecto,suscipit,111,77.57209630093787,43,sequi,4,2,3,false,0.2140238241161029,2018-08-28T03:59:04.718Z,"Crona, Gislason and Marquardt",false
dbea4bd4-43bd-440d-9e5e-913f514d75d9,2018-03-22T12:52:04.952Z,Satterfieldville,Maryland,Germany,-26.6498,-161.4961,vilis,placeat,altus,cura,sto,magnam,trado,69,13.280332365420788,80,bibo,6,1,4,true,0.01341037715917115,2021-12-22T23:06:28.906Z,"Tromp, Abbott and Tromp",false
67dcd881-41f9-4c7d-bd79-9a9cd8d0ec13,2018-06-09T12:13:17.949Z,South Dameontown,Arizona,Madagascar,-55.8813,-175.0552,arto,trepide,conspergo,coadunatio,curtus,varietas,verumtamen,23,10.734367186435207,49,una,4,1,3,true,0.21277462178057585,2019-02-14T02:47:16.895Z,"Stroman, Buckridge and Zemlak",false
79e6a701-2131-482a-9a3e-e2e7052a7030,2018-07-04T18:00:49.878Z,Federal Way,Minnesota,Burkina Faso,-72.0405,79.6581,volup,atqui,celebrer,tabgo,colligo,carmen,vere,111,184.20807428027794,54,depromo,5,2,3,false,0.07047770914312823,2024-05-16T05:54:34.063Z,"Schneider, Beahan and Jacobi",true
b68563b0-5375-480c-91aa-282da757ae78,2025-01-12T00:45:25.258Z,Grahamborough,Ohio,Guadeloupe,-35.9077,-132.3151,administratio,decipio,colo,totus,bonus,nesciunt,deporto,91,236.23980140952176,55,vapulus,2,0,4,false,0.1513014810780036,2023-07-12T19:38:55.956Z,"Hickle, Nitzsche and Denesik",false
9a349962-1310-4158-8109-aa502d58a65b,2021-12-08T08:01:20.843Z,Trentport,Nevada,Belarus,-21.8859,-71.3449,vae,amoveo,bene,appello,tepidus,denuo,sursum,127,232.31641890514118,99,sustineo,1,0,4,false,0.06285301509125607,2018-10-16T11:05:10.326Z,Bergnaum and Sons,true
c0a091ed-201a-483b-8ec0-ee00c9fd94af,2025-08-12T06:50:39.146Z,North Garnetview,Michigan,Botswana,53.3311,-18.4595,denego,agnitio,deputo,solvo,apostolus,suffragium,vespillo,99,111.47204263526237,44,temeritas,4,0,4,false,0.046670569352936314,2021-03-02T00:55:41.069Z,O'Keefe - Auer,true
145eebd5-1214-4d3e-85dd-ac5b58844c67,2022-03-20T20:22:40.608Z,Port Jordyfort,Kentucky,Japan,-58.7939,-120.2756,rerum,suppellex,tam,terga,terga,quam,eveniet,109,90.83465346064165,72,candidus,5,0,1,true,0.23283779244196162,2020-02-08T16:06:30.603Z,Schmitt - Conn,true
662f0d11-6f50-4e0c-a582-9fdc756da8ee,2020-04-15T11:34:38.944Z,Casper,Idaho,Dominican Republic,-7.7326,4.9495,vulnus,argumentum,aureus,spero,excepturi,excepturi,tamisium,61,148.85834877554456,45,triduana,5,1,5,true,0.15811012946566866,2021-03-29T18:55:34.611Z,"Tillman, Dibbert and Kozey",true
665a611c-bf33-415d-8f73-35d112b880c2,2018-05-24T03:39:34.319Z,Franklin,West Virginia,Palestine,74.6375,62.5652,depromo,valde,vinculum,asper,verecundia,asporto,candidus,104,185.6775276683761,84,cunabula,3,0,3,true,0.20621803356622911,2019-08-08T06:43:08.636Z,Ryan Group,false
0733a42f-8142-4cf0-a5fe-310d938e1fd0,2018-07-14T14:11:10.069Z,Fort Tito,Wisconsin,Israel,-32.5553,-20.3669,viridis,ambulo,stillicidium,defessus,delectus,voro,tergiversatio,81,117.46056911746253,51,victus,4,0,5,false,0.15413983218464872,2025-04-12T03:23:32.892Z,Mante and Sons,false
1d0ea6be-830f-4699-8887-a55f626aeb9b,2025-08-08T15:15:44.505Z,South Braden,Nebraska,Cocos (Keeling) Islands,-12.5632,-156.8657,vestrum,curto,cicuta,baiulus,auctor,cibus,compello,107,54.77062486854536,85,agnosco,1,1,5,false,0.013959548289297796,2024-01-25T13:06:44.870Z,Roberts and Sons,true
acf9017a-dfd9-42e9-aa5e-401f36ede61b,2020-04-12T16:15:02.904Z,O'Fallon,North Dakota,Armenia,33.554,106.7502,ager,sol,paens,auctus,creta,aduro,minus,61,15.542563456869889,51,vesica,2,2,5,false,0.04119504677753666,2022-10-29T14:07:28.770Z,Rogahn Inc,false
6fa7e382-ed90-41d9-a188-4d96aee83b9b,2024-11-05T14:02:39.342Z,East Telly,New Mexico,Christmas Island,-7.6721,15.4742,ipsum,tenus,sunt,adsuesco,suppono,volubilis,perspiciatis,62,187.57613572329547,99,velut,4,0,4,false,0.08448804753507574,2018-10-01T07:32:14.543Z,Kunde Group,true
4977fc01-041a-4e7d-bcfe-bd9328921ab1,2019-08-06T20:06:05.746Z,Toledo,New Jersey,Armenia,-88.4059,140.8043,synagoga,strues,tum,coniuratio,viscus,admitto,magnam,80,60.38990511960368,40,tutis,5,0,2,true,0.1520640366902427,2021-03-06T23:45:10.133Z,Walsh - Watsica,true
0c23c450-fe07-498f-adf7-1bd9c434c455,2020-04-13T03:33:11.400Z,Baton Rouge,Oklahoma,Canada,-13.6647,-105.4526,coruscus,cervus,defluo,adopto,accedo,curatio,cultura,92,48.18405836679729,22,unus,2,0,3,false,0.10303037731734196,2023-10-13T19:09:48.755Z,"Kunze, Halvorson and Wilkinson",true
2d315a16-8e6a-4fc1-abcf-0f0ef1b8a0d9,2023-12-14T18:10:04.105Z,Uptonboro,Ohio,Northern Mariana Islands,79.5488,-38.2958,temptatio,crepusculum,quis,suffragium,argentum,neque,unus,83,136.9087156923136,22,acceptus,3,1,5,false,0.10332770935629185,2022-10-01T16:35:39.960Z,Padberg - Runolfsdottir,false
815bca06-906a-458c-9a9e-23cef14c5137,2019-11-10T13:07:25.947Z,Fort Lauderdale,Massachusetts,Gambia,73.6738,85.6693,valetudo,territo,aspernatur,cena,abbas,aestivus,tum,59,188.72219262250516,45,sui,4,0,3,false,0.0680690170014897,2020-11-27T16:53:18.040Z,Padberg Group,false
015380ef-15ce-4b7b-b5e1-018c661c7016,2021-08-06T07:46:40.991Z,Abbieland,Mississippi,Syrian Arab Republic,53.6327,-38.6269,excepturi,socius,casso,voluptatem,creator,capillus,ars,109,32.71453614420832,53,dens,4,0,2,false,0.13578627568903553,2018-01-24T13:41:48.345Z,"Gislason, Langworth and Abshire",false
40aeb70a-dc73-4a40-9992-46762547012f,2025-07-25T00:50:08.847Z,Arliefield,South Carolina,Uzbekistan,-11.3933,42.3884,torrens,curiositas,velociter,tabula,cito,in,ultio,73,148.70046104131723,34,ventito,3,0,3,true,0.0787012120893417,2021-09-27T10:14:50.942Z,"Wolff, Walter and Greenfelder",true
94eb6511-d5de-454c-9e42-50611f6203df,2023-07-04T04:43:42.101Z,Gerdachester,Arkansas,Tajikistan,15.0208,-87.7971,basium,tutis,comis,terreo,damno,tergum,temperantia,87,63.61850339340967,94,rem,6,0,4,false,0.01736662357795879,2019-12-12T14:10:11.385Z,Hahn Group,false
f93c2682-57cb-4ad5-8d17-6a5288e2df26,2019-04-30T13:33:34.925Z,Roswell,Mississippi,Luxembourg,85.5927,51.4104,comes,cogo,dolor,sponte,natus,utrum,thalassinus,129,108.20155299048274,60,modi,5,1,4,false,0.2205569036212632,2020-06-15T18:50:05.466Z,"Bechtelar, Strosin and Rutherford",false
751fe3dc-6cf7-491a-8b7c-e6da2f28834b,2024-02-26T15:15:14.315Z,South Braxtonberg,New York,Guernsey,-58.2033,-15.0832,ante,alveus,temeritas,basium,spiritus,corrigo,curriculum,107,153.7407365633489,79,soleo,3,0,3,false,0.23631211768396,2019-09-28T12:18:48.184Z,"Gorczany, Howe and Ryan",false
158d3ea6-c11c-417a-8f29-269c7c4d72bd,2024-06-12T21:12:53.014Z,East Rupert,Georgia,Barbados,-61.7656,-136.3498,cui,apparatus,ulciscor,statua,ter,tactus,demo,53,153.75966594300132,40,supellex,1,0,5,false,0.14796600049305872,2025-08-06T07:48:54.478Z,"Bartoletti, Lubowitz and Larson",true
34c1b14e-0a3c-4994-a8a5-da9225c2cbfb,2018-05-22T05:52:29.653Z,New Osbaldocester,Ohio,Syrian Arab Republic,1.3963,-136.1706,ustulo,substantia,defleo,autus,adiuvo,omnis,venustas,35,193.31666065678547,88,trucido,5,0,3,false,0.017119170371540093,2022-07-18T11:14:22.960Z,Dicki - Schmeler,false
a0887efe-ee80-4e3b-b430-b110c84f60d8,2021-08-11T22:35:52.389Z,O'Haraton,Florida,Italy,-67.9302,54.5185,alioqui,ascisco,dolorem,corporis,adopto,colo,talus,42,1.9617251761073273,44,sophismata,4,2,2,true,0.1563424702235056,2021-03-17T01:33:36.080Z,"Kautzer, Renner and Dicki",false
4b5d7610-c552-4e5f-82b9-d244a91d91a9,2019-05-03T15:01:35.810Z,East Leolachester,Wisconsin,Ghana,-73.6895,172.1057,at,vomer,tepidus,attero,tunc,cado,tristis,112,214.66779943330806,17,pecto,0,2,4,true,0.07867874658520685,2018-10-17T00:42:56.939Z,Kshlerin Group,true
6b93ee2d-bbac-4139-9f48-2f61df60b07f,2025-09-12T03:14:44.752Z,Rocklin,Washington,Bulgaria,-44.164,143.5449,sulum,vapulus,theatrum,accendo,appono,curia,venio,113,20.383841327500267,68,angelus,1,2,3,false,0.10731357093608396,2023-06-06T23:26:09.247Z,Rau Group,false
f6f3b213-8180-4175-995c-32cdb2804c79,2022-09-09T11:43:34.736Z,Bergstromton,Massachusetts,Azerbaijan,22.3575,-145.4914,canis,traho,totidem,tendo,adiuvo,apparatus,utique,76,51.18263735050792,32,labore,6,1,5,false,0.05895378670709503,2021-02-20T05:41:06.004Z,Thiel - Thompson,false
a8f040c3-b748-41e3-8b0a-6c0fa1435fe7,2022-01-24T17:38:35.287Z,New Donnell,Washington,Greece,-63.4045,95.8871,bos,vesica,amiculum,barba,volo,tutis,cursim,89,225.78754025694192,16,bardus,5,1,2,false,0.04642061517415133,2018-02-13T12:10:02.497Z,Rowe and Sons,true
54a994cb-0fd4-499e-8700-334d337401a9,2023-12-17T07:31:55.709Z,Tabithamouth,Oregon,Monaco,-82.5367,-14.4975,vespillo,stella,depulso,alius,calco,somniculosus,antepono,61,226.44928848175346,37,vero,3,0,4,false,0.07107866266273039,2018-08-26T22:41:06.138Z,Homenick - Russel,false
4b48a342-4a4f-48d8-9d71-e585c42d90e5,2019-11-02T17:33:17.024Z,Gerholdfurt,Colorado,Slovenia,13.0451,-37.9016,ceno,ager,tandem,talis,ex,bene,compono,43,152.49770672932684,27,aer,2,0,2,false,0.09146737617997788,2020-12-04T17:05:32.782Z,Moore - Brown,false
71ed9f0e-56c0-46b1-be14-6a7a597cd709,2025-01-18T11:56:42.823Z,Irondequoit,Louisiana,Kyrgyz Republic,-44.729,-33.7446,in,censura,statua,vae,tempore,adficio,dolorum,78,90.47156394587786,49,currus,0,1,4,false,0.1966173710695834,2020-04-23T20:29:14.460Z,Shields and Sons,false
df1442dc-fe99-4f68-bf22-22397bebcccb,2021-10-12T04:30:48.168Z,East Berniceworth,Minnesota,Republic of Korea,80.7933,-162.8831,decumbo,decerno,spiculum,stella,apostolus,abundans,votum,34,51.44479188625301,35,vester,2,0,1,false,0.019803402991110414,2023-02-09T08:45:37.443Z,Jones and Sons,true
264b3f00-0de1-4b58-bcd2-8370d5c84b10,2018-11-07T16:43:47.556Z,Vladimirfort,Idaho,French Southern Territories,-4.6068,-84.7678,vulgus,delibero,vinitor,decimus,defessus,vitae,aptus,44,67.7953245943767,17,suppellex,1,0,4,true,0.17886469007256975,2024-01-01T03:58:15.384Z,Effertz Group,true
6ee65f68-6a0b-439b-a941-79c3eb9302fe,2022-11-28T13:57:05.153Z,Westview,Utah,French Polynesia,-3.0409,26.8254,adversus,abduco,animadverto,placeat,adsum,stultus,tenetur,72,70.141266529566,38,conduco,5,1,4,true,0.03599742772597159,2022-03-01T17:45:42.183Z,Blanda and Sons,false
32bdf37b-d225-49b8-837f-7ca6bae92e0e,2022-09-08T18:21:06.229Z,Canton,Oregon,Ethiopia,-66.7286,-107.7649,damnatio,ulterius,viduo,super,denego,vaco,quibusdam,20,215.3880305544859,91,nihil,6,1,5,false,0.040865925747140375,2019-01-12T02:31:39.328Z,Turner - King,true
3de9e545-d2ed-42fe-99d7-69d24f6070dd,2019-01-06T12:14:20.043Z,Fort Joy,Oregon,Senegal,-2.0297,-24.6577,pauci,dens,delicate,contigo,utilis,provident,defluo,48,209.46070788288455,28,acidus,5,2,1,false,0.24029072364279738,2023-03-07T05:26:20.005Z,Vandervort - Olson,true
02c68bc9-b704-42a4-943c-c079a1b7899d,2024-09-03T19:38:01.323Z,Lake Chaddside,Virginia,Cocos (Keeling) Islands,36.5216,30.5168,cognatus,adstringo,vulticulus,brevis,testimonium,voveo,degero,105,21.490213390900273,44,voro,1,0,4,false,0.12315271702533317,2021-11-12T20:45:57.557Z,Bauch LLC,true
af38eb52-afab-4e85-a4d2-d8f00b75b8c0,2020-09-26T23:42:11.713Z,Port Kendrick,Montana,Gambia,-86.3438,172.5497,ventosus,adflicto,aspernatur,aestus,tui,demitto,argumentum,39,225.3375372682765,28,conor,4,1,4,true,0.0042497145730863994,2019-05-19T23:15:22.277Z,Rath Group,true
22ea2cf3-9090-439d-96b4-c8b3ac0bcd68,2022-10-23T18:54:59.985Z,Lake Mathildeburgh,Alaska,Falkland Islands (Malvinas),68.7866,96.8092,necessitatibus,tametsi,charisma,subseco,ipsam,vestrum,pax,84,175.3896278316327,41,decens,4,1,1,true,0.17922018772455167,2022-06-30T22:10:39.630Z,Willms LLC,true
3b60fc16-4806-42b9-a7e4-c8bc55e98562,2025-06-26T20:13:39.902Z,New Judsonville,Vermont,Jamaica,-34.7724,160.848,coma,synagoga,est,stultus,vita,tamdiu,clam,46,8.695364658713167,59,umquam,0,2,5,true,0.01126709496878367,2021-11-05T22:17:57.371Z,"Carter, Dietrich and Ankunding",true
90d89df1-e827-42b2-baaf-316fb74d9d24,2022-04-30T19:28:57.362Z,Port Oliver,South Carolina,Zambia,45.6724,76.2419,cavus,blanditiis,thesaurus,aestus,quam,deorsum,patior,28,77.90112687713363,86,demulceo,1,1,4,true,0.1660725401474825,2021-04-24T03:48:22.097Z,Ankunding - Ruecker,false
2a6a8e68-1d66-4977-a8f2-54f6d2d1431d,2021-12-19T23:13:19.396Z,New Giovannycester,Nebraska,Argentina,-57.6888,-6.3733,sumo,adhuc,vito,sonitus,ubi,pauci,deputo,107,33.550985352099346,47,aeternus,4,2,5,true,0.07459623558099188,2018-02-24T16:25:08.101Z,Breitenberg - Grady,true
40fd95f7-a281-40ca-98a6-1ad832454fbe,2022-07-30T15:10:44.674Z,Pollichborough,Delaware,Chile,4.4867,110.4126,vomer,sulum,tamen,cornu,volaticus,tripudio,utroque,56,224.43712093801673,52,patria,6,0,2,true,0.037443249560194375,2023-10-06T22:38:26.657Z,Rice Group,true
a4ab0926-0bf2-43de-a63b-c76aa05cad30,2019-11-03T00:26:35.659Z,Brookhaven,South Carolina,Liberia,-4.3626,-141.5968,assentator,admoneo,usitas,sopor,tenuis,truculenter,cilicium,63,0.6384802617988861,49,caterva,1,1,3,true,0.055145731678753224,2020-07-15T06:11:04.926Z,Gusikowski - Bashirian,true
eeba984d-07a5-4fac-b9be-2796a22c8544,2023-01-07T03:40:06.963Z,Yostborough,Pennsylvania,Turkmenistan,-85.6962,50.5324,ab,voco,corroboro,pauper,usque,calculus,vergo,100,229.6635695469245,50,debitis,1,2,2,false,0.003989883016001061,2022-01-19T23:52:58.347Z,Hahn Inc,false
515ff03c-0b52-4247-be5f-a9b1c16b104a,2022-08-23T18:20:42.516Z,Boganburgh,Hawaii,Ethiopia,15.6399,-103.2539,tego,cibus,anser,nihil,iure,dedico,denego,69,159.81330559528436,95,arx,0,0,5,false,0.11555386903952669,2019-05-29T01:36:15.358Z,Davis - Daugherty,false
4f6af0e7-5bce-4c47-9c45-8c4e143ec9ab,2019-12-21T08:52:40.847Z,East Myrtle,Massachusetts,Norfolk Island,66.8866,-14.041,nemo,ventito,via,taceo,varius,degusto,credo,117,46.8294200875307,38,antea,6,2,4,true,0.0502420683825216,2019-07-26T04:57:59.672Z,"Sanford, Jenkins and Kub",true
687d0566-9738-46a8-a3aa-dbe40b75b92b,2022-08-20T01:10:00.904Z,Millsville,Hawaii,Norway,82.8756,-118.538,degusto,arto,minus,quis,consequuntur,vereor,cibus,98,142.41753403316724,84,valde,4,2,3,true,0.12910203269484014,2019-08-16T20:38:09.256Z,Stamm Group,true
165a9b4a-9c4e-46a0-a638-7a88350868e4,2025-09-14T14:18:00.324Z,Stammfurt,Texas,Djibouti,53.6178,43.6076,cruentus,virga,similique,doloremque,contigo,ver,vester,125,26.996661614979935,40,caelum,4,2,3,false,0.03517257667542106,2018-09-30T16:28:33.004Z,Jones and Sons,true
7c559e82-44dc-4369-bd1d-705a52376c6f,2021-06-13T05:58:17.008Z,Thomasstad,Louisiana,Burkina Faso,-9.8235,-34.7748,coepi,titulus,subseco,comparo,sollers,assumenda,blandior,88,68.339208242019,47,approbo,4,0,5,true,0.05948390905677939,2021-05-01T02:13:09.967Z,Hoppe Inc,true
54d4e395-702e-47d2-afdc-3fc9e402aa3e,2020-09-01T10:30:30.171Z,West Leif,Massachusetts,Paraguay,-20.9668,-4.5316,crastinus,strues,amiculum,vae,sublime,distinctio,verto,86,222.57102974611226,100,concedo,0,1,4,true,0.046718623266962606,2022-01-23T18:54:54.984Z,Toy LLC,true
522de590-724d-40ab-aa0d-558fc773ac38,2018-10-06T12:11:53.591Z,Lake Alysaton,Florida,Paraguay,-70.8417,-22.8619,capillus,molestiae,claro,dedecor,crudelis,uterque,decor,20,157.1931483828631,83,convoco,4,1,3,true,0.08362959921379107,2019-10-30T01:30:56.649Z,"Fahey, Herman and Leffler",false
e1925002-e4b5-41b4-8fcb-b8ea7877bc7b,2025-09-02T10:11:59.402Z,Babyville,Alaska,French Southern Territories,-15.8746,-25.4486,comminor,supplanto,contigo,sui,voluptates,subvenio,abduco,127,51.35764225957712,61,adimpleo,0,2,2,true,0.0756773284961787,2022-05-19T08:54:46.233Z,Okuneva - Zieme,true
5e2a11a5-7c81-42b6-a9df-16723ca78af0,2019-11-30T23:00:29.241Z,Schmittborough,Connecticut,Saint Lucia,-33.9678,-62.906,laborum,tamisium,deleniti,validus,decipio,valetudo,tempus,128,217.90989036506724,62,subnecto,3,0,2,true,0.022858083993480466,2021-03-22T00:28:10.514Z,O'Reilly Group,true
627338c3-7c99-455f-9f90-77c70842923a,2018-05-15T14:23:39.817Z,New Barney,New Hampshire,Spain,-33.4396,-92.13,deprecator,aufero,utilis,cilicium,cui,solium,aliquam,68,116.35598041410634,99,sub,2,1,2,false,0.16307241809605044,2025-10-14T19:38:41.423Z,O'Reilly - Langworth,true
2f0691cb-5e19-4181-9168-a27638536f07,2023-09-05T05:16:49.793Z,New Mackenziechester,Alaska,Albania,-3.4925,106.4956,calamitas,consectetur,valeo,adsuesco,considero,currus,apud,112,163.86310068877287,39,video,0,2,2,true,0.13642621216211726,2018-02-12T02:10:35.188Z,Johns - Bayer,false
ed31ec13-a825-447f-a0aa-0e65a5d19dc7,2020-05-25T10:50:18.209Z,Mitchellmouth,Maryland,Republic of Korea,31.2047,-74.2926,ex,paens,toties,attollo,triumphus,sufficio,admoveo,48,51.03672409351621,93,cras,6,0,3,true,0.131115614558454,2021-09-06T16:57:25.151Z,McKenzie Inc,false
384437e7-4cad-483a-90fd-53b7e8a110b9,2024-08-21T13:13:49.444Z,Seattle,Alaska,Honduras,42.1215,117.5075,cohors,stabilis,thymbra,aqua,quibusdam,soluta,auxilium,113,217.5894853094702,30,sufficio,2,1,5,false,0.14173731342612264,2022-11-08T03:27:41.592Z,Moore and Sons,false
4bce2d65-5094-48f1-9180-bec054aaa26a,2023-12-07T05:34:02.914Z,Tomasaton,Colorado,Tunisia,24.9408,-49.878,caecus,comptus,spiritus,collum,xiphias,tamen,turbo,50,166.53541671312865,18,tum,3,1,4,true,0.1671456553036867,2019-10-01T15:21:38.988Z,Powlowski - Turner,true
36ece139-b813-4190-a0f3-67f6f71e78cf,2023-03-30T22:50:34.855Z,Port Myles,Ohio,Algeria,-11.5847,133.6702,versus,culpa,corrumpo,annus,vulgivagus,patior,sol,56,77.2943061966669,18,depromo,6,2,5,false,0.018024937500080024,2024-05-26T22:23:26.118Z,Cremin - Stark,false
e9d21e2c-b0d5-4032-9719-0f96af2ac9c4,2021-10-09T20:37:29.192Z,North Constancefield,South Carolina,Dominica,-10.6914,121.1667,compono,audeo,odit,ancilla,arguo,tripudio,corrumpo,127,17.12935283870978,32,cilicium,3,2,1,true,0.05121302537830036,2025-11-21T19:44:59.829Z,Kertzmann - Carter,false
25ee7dd9-69dd-42c7-adce-2789ce9b6980,2021-05-07T02:48:45.123Z,East Sidboro,Hawaii,Nepal,60.8313,-149.1467,arca,suscipio,dapifer,decens,arca,curvo,spectaculum,47,182.76783081164774,90,crastinus,2,1,2,false,0.1916804939432521,2019-10-28T13:06:35.189Z,Schinner Inc,false
e1ca8542-1df7-4b2d-bedb-c61c5e353c5f,2019-12-09T14:38:15.720Z,Farrellstead,Colorado,French Polynesia,-31.1028,-121.2255,distinctio,conor,timidus,tam,suadeo,tristis,vetus,89,192.57276357955877,84,delego,3,2,4,true,0.1441599186630621,2025-11-17T21:23:25.994Z,Nitzsche Group,true
d3001b14-ac27-4545-a76a-29a0225d1357,2020-10-11T02:23:42.733Z,Janniefield,New Jersey,Wallis and Futuna,-6.1716,37.1067,dolorum,via,vallum,architecto,vel,deinde,thymum,57,123.29624940300943,70,tero,5,0,1,true,0.1290934381824485,2022-12-27T21:34:20.162Z,"Mills, Schmidt and Ryan",true
2d46f37a-9d90-435f-a473-ae5b2b8eb058,2024-06-29T21:12:31.419Z,New Buddy,Missouri,Marshall Islands,59.8401,-50.1753,ager,altus,ullus,suadeo,defungo,tamquam,valetudo,45,202.411918627735,86,tardus,3,0,1,false,0.24611659017653664,2019-02-07T21:49:42.733Z,Hagenes Group,false
950e9ce0-28d9-481b-a6de-cd81bbb8b01d,2023-09-23T14:59:47.872Z,Manteborough,Ohio,Kenya,25.4751,99.2301,defero,pax,antepono,cubitum,catena,tergo,calamitas,118,184.95022051537828,87,tyrannus,4,1,1,true,0.0051855671075653476,2018-09-27T16:30:15.979Z,"Graham, Larkin and Heidenreich",true
24ebe8eb-bd3f-4fdc-9554-9ecb0c32977f,2020-11-21T16:12:39.563Z,New Domenick,Nevada,South Georgia and the South Sandwich Islands,55.8596,-164.4021,consectetur,illo,creator,viridis,autem,derelinquo,teneo,37,115.57666440695077,78,sto,6,0,4,false,0.11586598130842121,2018-07-08T06:54:54.440Z,Ortiz - Connelly,true
2b2cb7ae-c5b2-4499-9a46-9426f727c99f,2024-09-22T05:29:38.358Z,Canton,Kentucky,Burundi,-0.0122,-35.9162,cunabula,nesciunt,vulpes,ver,comis,aiunt,sed,21,67.36285067699656,95,delinquo,5,0,5,false,0.15103314018242792,2018-07-07T18:14:14.850Z,Yundt Inc,false
5e7f332d-c16c-4d3f-8f8a-eeaa08223c0d,2024-01-17T04:57:57.634Z,Port Jefferey,Massachusetts,Holy See (Vatican City State),33.3112,-2.2509,candidus,derideo,demonstro,videlicet,tantillus,absconditus,sum,40,141.7170848607266,99,accusamus,4,1,5,false,0.06724238010425135,2025-07-14T02:43:24.924Z,Nitzsche Inc,true
fb4ea9fb-27a1-458b-a9da-b90502c146b9,2019-02-25T00:26:41.781Z,North Casimir,Tennessee,Bolivia,89.3884,158.6337,peior,apparatus,admoveo,surgo,clam,convoco,colligo,35,26.833116467830642,56,verto,3,1,3,true,0.2118997801750445,2025-08-09T20:04:41.256Z,Daugherty - Kling,false
7b609e1d-1c4e-4c40-8e73-fca6413f8b18,2025-04-06T14:03:20.459Z,Fletcherberg,New Hampshire,Tunisia,62.5111,-9.5587,temeritas,tego,illum,possimus,careo,aegre,aegrus,52,42.97864689805725,97,vinco,0,1,4,true,0.13500317796603997,2018-06-30T01:59:56.490Z,Cartwright Inc,false
b748e6bc-4e6f-4d77-92e7-bf1c3eb2cbf9,2020-09-24T22:27:04.229Z,Mohrborough,Delaware,Ethiopia,30.8739,101.4112,coniuratio,solus,absens,voco,vere,summopere,currus,29,55.516801056485775,18,victoria,1,2,5,false,0.09077669181792,2021-11-04T18:33:16.908Z,"Wehner, Schaefer and Herman",false
b7b984ea-4d49-494d-a7f7-c0fda52824dd,2018-05-01T15:36:17.268Z,Hodkiewiczfurt,Mississippi,Antarctica,-76.1771,-28.7255,adnuo,vinum,accendo,pecto,neque,curatio,comparo,113,26.12669916457004,82,volutabrum,4,1,5,false,0.21615618916886292,2022-08-26T14:49:57.689Z,Toy and Sons,false
7ab22f24-7ec6-4cb6-873f-2bf338093103,2024-01-06T05:43:18.567Z,Leilaburgh,Nevada,"Bonaire, Sint Eustatius and Saba",35.4475,-54.1847,tenus,cresco,trucido,tenax,demum,trepide,pel,31,168.298098859812,84,bene,2,1,1,true,0.11200826628423302,2023-06-05T09:54:35.402Z,Bode and Sons,true
05fb3d06-b5fd-410d-b49f-ab2ea3a3b512,2022-12-25T02:35:12.410Z,Caldwell,Ohio,France,-60.5997,-6.0288,tero,defessus,subvenio,cursim,ipsum,utpote,ipsa,20,220.40975642697302,21,ubi,0,2,4,true,0.02965639901194761,2022-11-16T18:16:56.342Z,Upton - Waelchi,false
634d5d57-3415-46a5-b1da-03ee0af87f26,2022-10-23T06:09:40.886Z,Okunevaburgh,North Dakota,Vietnam,13.4568,-177.6881,carus,stella,accusantium,copiose,occaecati,unus,adicio,110,67.33845128266245,24,architecto,1,2,4,true,0.11948848869279854,2018-10-28T08:04:07.854Z,Fadel - Koch,false
1aaa4acf-edc3-4f4a-8c7e-6c0de1e256de,2025-11-20T18:31:40.624Z,Carolynetown,New Jersey,Martinique,59.2922,-154.8122,tondeo,ulciscor,sodalitas,abbas,stipes,abundans,minima,126,193.21407398410682,25,suasoria,3,2,1,false,0.060575600609492214,2018-06-29T10:25:44.256Z,Thompson - Dickinson,false
f4a91985-fc5c-4e54-a874-b3f06d6365cc,2020-09-18T03:25:14.740Z,Elenorastad,Oregon,Mozambique,18.0835,-169.3452,exercitationem,solus,perferendis,cras,optio,desidero,aut,35,138.6249921324953,19,calamitas,4,0,1,false,0.19056281553735308,2021-02-01T14:05:06.238Z,Rau - Turcotte,true
0fa90ac2-ff22-4d67-b26a-01d87ba5913a,2018-02-14T18:14:48.828Z,Lake Lucyhaven,Mississippi,Madagascar,-8.1947,89.3014,vetus,dignissimos,audax,tot,saepe,minus,adhaero,61,126.9076966220816,99,creta,5,2,5,false,0.22568090980417743,2021-01-12T04:21:34.849Z,Huel - Kuhn,true
41a72aaf-2a4e-4734-ba52-a2cd2baed2c5,2020-03-21T04:06:55.144Z,Yuma,Maryland,Nicaragua,85.8278,-36.9308,deprimo,amor,necessitatibus,adnuo,contra,cauda,articulus,100,62.960360483327634,64,depopulo,4,0,4,false,0.1159739925215047,2022-12-12T19:45:12.672Z,Mertz - McLaughlin,false