accident_id,incident_datetime,city,state,country,latitude,longitude,road_name,road_type,intersection_type,accident_type,weather_condition,road_condition,light_condition,speed_limit,actual_speed_kph,driver_age,driver_gender,casualties,fatalities,vehicles_involved,alcohol_influence,blood_alcohol_level,weather_reported_at,reporting_department,pedestrian_involved
01775cbf-43be-41fc-b109-f4ae9b2daf5e,2022-03-02T16:37:53.653Z,Kuphalton,Kentucky,Morocco,-0.9907,21.5878,ubi,tremo,voluptatum,degusto,cibo,summopere,socius,94,70.51928066320932,90,chirographum,4,1,3,false,0.21172873945152346,2024-05-25T08:38:21.652Z,"Orn, Hoppe and Kassulke",false
cf546ea0-7f64-47fe-b8ef-3e857146dd6e,2021-01-14T11:48:41.538Z,Arnulfostad,Missouri,Saint Helena,1.3805,-35.521,desipio,versus,vociferor,cunae,aro,perferendis,vis,25,72.54897266724763,24,spiculum,5,1,2,true,0.12129776176487728,2018-12-24T07:02:32.211Z,"Cronin, Murazik and Rosenbaum",true
936fbd77-775d-4a77-82b9-cc21f0d46e79,2023-10-10T08:26:02.845Z,Corvallis,Kentucky,Samoa,3.2534,11.6019,comedo,cumque,conduco,aedificium,ustilo,dedecor,cunae,102,47.38607878218498,24,vae,1,1,2,true,0.012056288980725,2020-12-17T12:17:35.085Z,Murphy - Mohr,false
5f2088ad-ddd0-474b-9ad8-0cbe20398cd8,2022-01-26T11:11:10.248Z,North Xzaviermouth,Oklahoma,Norway,-70.9514,69.6017,teres,amiculum,argentum,esse,fugiat,cohors,acidus,37,168.92765161535092,99,tutis,3,2,2,false,0.14194048353856778,2024-07-08T09:20:13.743Z,"Stroman, Hane and Walker",true
499290b9-b4e9-44fb-85aa-b9d37f8bce77,2021-07-23T14:54:01.568Z,Ezequielstead,New Hampshire,Haiti,-44.5169,-141.7609,attero,claudeo,veritas,acervus,sui,turpis,vallum,56,77.497484715541,63,tactus,4,0,1,false,0.003539079464021544,2023-09-01T02:36:29.783Z,"Schowalter, Sporer and Von",true
8215c81a-5cad-4140-9fa0-9254dead6e86,2019-12-12T15:54:12.587Z,Lake Linnieton,Idaho,Ireland,-41.5516,-51.6611,centum,magnam,capitulus,repellat,ustulo,accendo,perferendis,105,46.20710155405721,83,censura,0,2,5,true,0.23463399157336381,2020-04-04T00:54:57.883Z,"Collier, Kub and Bernier",false
c2dd1c2c-6ac7-4752-aadc-12204e03de2e,2020-05-09T14:09:18.676Z,Jersey City,Maine,Tajikistan,-63.894,-26.3767,veritatis,solium,tardus,spero,somniculosus,volubilis,clibanus,70,229.8286848685063,93,adinventitias,5,0,4,true,0.17525122555006217,2024-06-20T17:13:13.387Z,"Fadel, Russel and Mosciski",true
ea9b48fb-d2d0-400e-96e4-be435d3432e8,2025-05-18T02:04:42.001Z,West Gustfort,Georgia,Cambodia,72.9315,-27.596,admoneo,assumenda,vicissitudo,cinis,damno,audacia,contego,73,11.674750427306808,74,caste,5,0,3,false,0.2195860684909865,2022-08-21T17:05:33.477Z,Kunde LLC,false
a3076b63-b9ee-4002-b1c6-ed06c8189ca2,2018-07-01T22:14:54.525Z,North Ramonaberg,New York,Chad,66.3254,65.8752,adnuo,cimentarius,deorsum,tripudio,tergo,civitas,advenio,42,127.6014152120533,97,iste,0,0,2,false,0.19206055681872378,2019-11-09T07:59:22.441Z,Conn - Jast,true
8bb2c276-1957-4a83-bd7b-71b3bbf3e02e,2021-06-12T00:27:39.817Z,Tempe,South Carolina,Cuba,-54.6334,108.8566,arca,tergiversatio,demitto,explicabo,creber,assumenda,admiratio,70,127.95485163195018,44,creptio,4,1,1,true,0.05302519491374244,2019-09-06T09:34:59.660Z,"Heller, Boehm and Erdman",false
474b9f7f-f9b4-443f-8335-864a6538ee35,2019-02-26T06:16:00.109Z,Diegomouth,Mississippi,Bouvet Island,75.463,95.1318,celo,depraedor,aequus,conspergo,patior,cursus,stillicidium,21,87.8948507823474,92,inventore,5,2,3,false,0.09029741188545456,2022-11-25T00:02:48.170Z,Kling - Pollich,false
2975c586-c44f-4b70-b5e3-39ae48df6a69,2020-01-06T10:51:44.728Z,Madera,Alaska,Bulgaria,22.6867,-131.9731,colo,suppono,aedificium,bibo,bestia,decerno,claro,90,44.54279847854516,41,universe,6,1,3,false,0.16251003996844435,2020-08-04T10:31:49.781Z,Zemlak - Macejkovic,false
149e6de1-07ff-48a1-a9bb-4a8c1172111f,2024-10-25T19:12:19.755Z,Lizaport,Maryland,Mayotte,-34.3332,176.476,sodalitas,ante,suggero,thalassinus,asporto,acies,tenus,30,142.14403290095058,72,commodi,2,0,5,true,0.009741143272088387,2024-03-21T08:47:01.189Z,Stiedemann Group,true
f155efb7-432f-4da2-9b89-27f682a65a30,2022-08-26T05:54:33.283Z,Lake Khalil,Pennsylvania,Syrian Arab Republic,-56.9192,-31.0532,considero,deserunt,consequuntur,sufficio,advoco,quasi,vorax,101,236.179594160461,30,solitudo,6,0,1,true,0.05811666538627161,2024-07-16T01:09:25.476Z,"Morissette, Jakubowski and Buckridge",true
40ac9a7e-4436-42e4-b3de-46abf9a9297a,2021-10-27T20:01:16.200Z,Fort Mina,Michigan,Slovenia,-36.3612,55.4303,saepe,cognomen,virtus,quod,ad,vinco,denique,80,232.0540158832287,62,vulgivagus,1,1,3,false,0.1268190455846296,2021-01-26T02:07:47.133Z,Turcotte - Stanton,true
2c2bd7e1-4bf5-4c2a-a8ee-bdfade098f19,2021-12-16T13:03:45.809Z,Swaniawskichester,Delaware,Afghanistan,9.2913,-83.5789,cetera,pectus,advenio,socius,terra,defleo,illo,88,38.837046357700174,34,theatrum,4,1,4,true,0.021707465554119787,2024-04-14T19:48:55.714Z,"O'Reilly, Treutel and Haag",true
d82c1845-c511-4d08-bea9-24b1940300d7,2018-02-25T08:53:16.850Z,Lake Gerardobury,Colorado,Cape Verde,76.2416,-67.766,conforto,custodia,verbera,minima,ait,corpus,creptio,80,51.377977736694646,36,antiquus,2,1,4,true,0.10684242091534332,2022-04-28T21:13:42.270Z,"Lockman, Kunde and Ryan",true
0891767e-6834-4e96-a032-272a451294cf,2019-02-08T13:36:52.976Z,North Melanyshire,Tennessee,Kiribati,-45.7644,31.9281,apto,mollitia,abbas,cogito,usus,verus,alii,45,198.70287691757707,78,tego,6,1,2,true,0.1625792462798592,2022-12-25T13:27:49.798Z,Johns Inc,true
4bda79e5-2c52-42b7-83f9-1c82048edcfa,2025-07-23T00:33:42.656Z,Sacramento,New Jersey,China,-50.2509,152.0452,dens,acceptus,quidem,vinitor,arma,abutor,viduo,106,62.670772341495784,51,amet,0,2,2,true,0.15209925459596926,2024-03-30T01:30:29.003Z,Heidenreich - Wunsch,true
ff6ef470-22da-45a1-aefb-2e046533c414,2025-12-22T03:03:31.613Z,Trantowfurt,Maine,Martinique,69.319,-157.1813,cubo,vehemens,vallum,tardus,alii,doloremque,cunabula,90,93.31457417997566,24,basium,6,1,5,true,0.11536800274853448,2020-11-09T04:39:56.106Z,"Reichel, Heidenreich and Ward",false
210c60e4-a097-4202-a926-8df460f0562e,2019-05-23T22:59:32.036Z,Council Bluffs,Utah,Algeria,-58.9556,36.3881,admitto,trado,cunae,cur,sollicito,subiungo,abscido,115,239.57549076857123,100,video,2,0,4,true,0.0028769639595778995,2020-03-29T13:46:27.737Z,Stiedemann Inc,true
cd01881d-13c0-421a-9a13-16a80bcac913,2023-12-09T17:30:16.612Z,Cuyahoga Falls,Vermont,"Bonaire, Sint Eustatius and Saba",26.6288,4.7846,quia,summopere,vigor,virtus,verbum,temptatio,acer,67,209.89728194037377,30,decipio,4,0,2,false,0.23687757270746135,2023-08-09T17:35:13.993Z,Mueller - Will,true
bb84bce5-6b9c-4fb8-91a6-b90eaec956fc,2023-12-20T08:43:36.662Z,Hicklechester,Arkansas,Eswatini,-20.3278,99.5503,audeo,titulus,vilis,stillicidium,cogo,turpis,crustulum,26,152.26380259435103,66,amitto,4,0,2,false,0.14807629401868216,2022-09-03T01:21:10.156Z,Braun LLC,true
bcac2000-f0bd-45d3-bd15-77344e21dab6,2023-08-25T09:01:23.433Z,Lakinstead,Virginia,Switzerland,-37.485,73.3503,harum,modi,theologus,cattus,ocer,repudiandae,annus,27,70.3771915323112,52,vomito,3,0,4,false,0.008640296597322322,2021-01-29T17:50:45.260Z,Kihn - Bode,false
2566bd1c-4149-41fa-bf68-2e463f01af66,2023-03-07T00:23:46.567Z,West Brendafurt,New York,El Salvador,63.3274,-17.9681,aestivus,abeo,succurro,suscipio,adfectus,atqui,deficio,117,124.98114544017616,87,cauda,5,1,3,true,0.22755952333176646,2019-06-26T12:07:55.067Z,"Dach, O'Reilly and Koepp",true
a1a8ff32-4c05-4d70-88da-cf160f05c202,2021-11-29T11:00:52.178Z,Holdenburgh,New Mexico,Puerto Rico,83.0121,52.0101,coruscus,aureus,adipiscor,curis,crepusculum,versus,officiis,83,131.65163302498036,77,cito,0,1,4,true,0.11862019945475322,2025-12-24T11:41:09.777Z,"Bergstrom, Hauck and Considine",false
d1353633-6e96-4761-8d84-c5e87ea84440,2018-07-12T03:42:07.128Z,Aylinfield,Colorado,Liberia,-81.1195,-37.2665,termes,vobis,tempora,quis,somnus,thalassinus,corona,31,5.794425491755977,17,collum,1,1,5,false,0.14941562160480665,2023-12-18T12:16:59.179Z,"Jenkins, Reichel and Stracke",false
abfbf8ed-c74e-451d-8142-dcefa10c0b68,2023-11-29T16:43:31.408Z,Gleasonborough,South Carolina,Hungary,-54.4999,-145.2107,aeternus,tergeo,currus,approbo,succurro,molestiae,neque,75,116.15796651781967,68,cometes,0,0,3,true,0.23570827632336758,2018-09-28T08:28:04.865Z,Nicolas LLC,true
8b93c58b-94cf-4ae3-8997-590faedbc04c,2022-10-13T23:45:12.016Z,South Garrettburgh,Washington,Dominican Republic,82.1416,-41.9809,astrum,careo,fuga,baiulus,antea,iste,delego,83,193.38617940203366,77,ex,2,1,5,true,0.1988184113228074,2022-09-04T01:14:47.589Z,Sawayn LLC,true
6d888a85-492b-4653-975b-e86c06e80fd4,2018-09-14T03:16:31.067Z,Schaeferville,North Carolina,Heard Island and McDonald Islands,-83.5067,38.1948,cogo,dolores,voluntarius,aer,volo,tener,a,32,99.09012280982495,32,beneficium,0,1,5,true,0.2218886888646417,2019-10-02T13:25:24.251Z,"McClure, Gleason and Armstrong",false
79259952-0b5f-4827-8595-f313816ba7a5,2020-07-31T15:56:40.164Z,Rosemead,Arizona,Hungary,4.5534,91.3077,tero,sodalitas,cornu,theatrum,adipiscor,rem,ustulo,96,199.69149762707573,75,volaticus,5,1,1,true,0.16385532145258125,2018-02-02T17:02:17.304Z,Hammes - Beier,true
15f1f8db-f3e4-412b-87bc-01e8da4deb00,2020-11-07T04:10:40.044Z,Stanport,New York,Albania,56.6941,120.6904,paens,depereo,spargo,damno,articulus,cunabula,minus,35,235.44730314289393,59,absorbeo,1,0,4,true,0.15470101793518673,2018-08-06T15:33:45.205Z,Halvorson - Smith,true
16e3fcae-fa2c-48ca-abd9-46402a98743f,2023-08-02T21:55:36.790Z,Bell Gardens,Nebraska,Turks and Caicos Islands,-3.7024,174.7221,vulnero,textilis,repellat,repudiandae,alioqui,strues,conventus,114,110.97069674597834,45,thymum,4,0,5,true,0.16512140613248583,2024-04-19T03:42:02.888Z,Smitham - Wintheiser,false
391828b3-b5db-4aba-b0e8-9de47421045e,2023-12-06T22:49:36.600Z,New Dawsontown,Washington,South Sudan,86.8464,-29.4059,sed,ducimus,substantia,vicissitudo,celo,tamdiu,tyrannus,121,181.51318913903702,45,accusantium,2,1,2,true,0.1696361157033127,2023-02-12T21:07:50.035Z,Dooley Inc,true
66323b12-0d70-4b2f-8774-2850eb69612e,2024-10-16T18:43:25.245Z,West Electaworth,South Carolina,North Macedonia,29.4392,-68.9273,pecco,blandior,tutamen,turbo,bellicus,avaritia,nobis,97,100.69583513390754,26,quae,6,1,2,false,0.16837403992707003,2018-08-10T09:49:15.937Z,Walter - Schoen,true
2deb181c-da2f-4a2f-9ba5-df7c40df6c26,2024-03-31T08:05:21.599Z,Fort Keyon,Texas,Afghanistan,-33.0111,-166.1774,calculus,numquam,ulterius,sum,thermae,velit,vigilo,57,137.99319107501321,72,centum,4,2,1,true,0.08633248865219634,2019-09-28T09:44:49.164Z,Quigley - Gutmann,true
a2993a89-47b7-4913-b3c2-af2aefe8b745,2021-05-03T07:56:15.078Z,South San Francisco,Colorado,Georgia,17.8472,-11.5659,illum,aeneus,tergeo,quis,cohors,virtus,numquam,40,90.54513208980808,44,angulus,0,1,4,true,0.040595343366476855,2019-03-23T20:49:42.914Z,"Walker, Wisozk and Witting",false
684345b2-5a77-41d2-8052-4ce98565e0c3,2022-08-03T14:33:59.748Z,Fort Dixiecester,Pennsylvania,Tunisia,-46.7435,44.9051,consectetur,spiritus,calco,odio,confero,ullus,convoco,129,0.2833594282541618,29,non,4,0,4,false,0.07715424489301467,2024-01-30T16:21:35.004Z,McGlynn - Mills,true
ae468f9d-b676-4662-ac5a-2502dce86bfd,2018-07-19T10:41:54.486Z,Swiftland,Illinois,Eritrea,28.5374,43.3193,xiphias,bis,copia,creta,comparo,minus,pectus,34,62.93901767047555,76,stipes,4,0,5,false,0.04222204133058344,2020-01-26T02:45:03.204Z,Goldner LLC,true
5b933006-15f9-4e30-8d89-885cb6260915,2021-05-15T20:31:47.607Z,La Crosse,New York,Azerbaijan,-44.4141,-144.594,cubo,altus,abundans,depopulo,tamdiu,atrocitas,sit,115,187.37629084578117,60,suscipit,6,0,4,false,0.14168527486903149,2025-05-14T12:14:43.807Z,Sipes - Parker,false
d4035978-75ad-4055-91de-78d1cfa21c11,2024-04-08T23:22:12.263Z,Hahnbury,Ohio,Zimbabwe,46.7936,39.895,spiculum,vero,cimentarius,caelestis,quae,umquam,cupressus,122,69.44810156858284,46,triduana,0,0,4,false,0.23800455811199328,2018-06-13T01:34:50.704Z,"Rogahn, Medhurst and Reichel",true
9a586364-b164-48b2-ade6-aae1c0cf1f1a,2022-02-19T12:59:05.832Z,Hillaryton,Mississippi,Sao Tome and Principe,54.3598,-25.5152,apparatus,aureus,blandior,arcus,tolero,aetas,pectus,70,158.7358587447917,25,spectaculum,5,2,2,true,0.19448840013767452,2021-10-31T20:55:10.579Z,"Koepp, Kreiger and Boyle",false
9adecebf-70e3-4952-94c9-11093e8b2ea4,2024-05-26T11:03:03.137Z,Rheaside,Nebraska,France,-48.5193,121.1117,taceo,culpa,summa,ab,subnecto,careo,vestrum,67,115.97956864059033,18,votum,4,1,2,true,0.21458708648692532,2023-11-30T02:20:15.962Z,"Bruen, Cummerata and Runolfsdottir",false
6d96aca5-d105-4738-af92-0f9377b2c200,2019-08-26T16:37:11.276Z,East Citlalli,Iowa,Mozambique,57.4229,20.5195,odit,nesciunt,delibero,thema,acervus,cubicularis,talio,30,99.32843557660262,17,vix,0,2,4,true,0.15060346256218646,2020-10-05T14:38:24.734Z,Murray and Sons,true
85bba817-ba27-49e8-a2dc-bfc5686eff9c,2023-10-11T02:34:46.793Z,McLean,Indiana,Madagascar,51.0467,-139.8315,vicissitudo,comitatus,beneficium,venio,id,cur,cognatus,125,212.2042369945877,54,cuppedia,3,1,4,false,0.16542007781734133,2025-01-15T15:11:00.226Z,Wilderman Inc,false
cf710fd9-cd37-49ee-99f4-024392876ddb,2024-12-17T14:07:04.639Z,Lake Horace,Wyoming,Democratic Republic of the Congo,-42.4332,55.7904,virtus,studio,cena,verecundia,cui,praesentium,caterva,119,37.59980884760437,58,copia,4,0,3,false,0.07758174533976442,2022-10-10T11:15:42.099Z,Ruecker Group,true
033f7885-1176-44f0-8e80-e9e2ba8cf0fc,2022-02-11T04:53:23.840Z,Eastvale,Utah,Luxembourg,-80.6024,-29.2911,delicate,alias,aegrus,degero,vulpes,capillus,acsi,98,223.9998563549516,98,deprimo,2,2,5,false,0.16445825900494698,2024-12-11T00:58:17.102Z,"Gutkowski, Nader and DuBuque",false
5f1d1b81-0458-4170-a593-6fdbebde7404,2022-07-31T04:14:03.639Z,East Ilenemouth,Texas,Luxembourg,-35.9427,-169.3692,recusandae,adimpleo,dens,auditor,vicinus,comis,credo,53,150.67671705434316,54,audentia,3,2,2,true,0.22801961786962097,2022-04-18T09:46:19.079Z,Wuckert - Effertz,true
91f74893-2e72-4eb9-9de1-17ec4d7b4f3b,2020-01-03T16:08:51.986Z,South Abdullah,South Carolina,Cambodia,78.9081,-20.2562,tamisium,universe,tepesco,asperiores,consequatur,sub,aeger,121,225.83853564459534,96,canis,0,2,1,true,0.211883231400216,2021-05-07T07:10:18.566Z,Schoen - Streich,false
e598220a-e521-4be3-959b-575ca7e00e13,2018-12-14T05:02:10.411Z,Ramonatown,Pennsylvania,United States of America,36.5561,-129.4404,tubineus,amor,repellat,crepusculum,delectatio,tremo,summa,95,84.35887259756359,36,aeneus,0,0,4,true,0.07637456419522676,2022-10-09T10:56:12.493Z,Weber - Reinger,true
84998997-fa9a-4469-9a74-98a003f08935,2022-12-13T18:00:20.614Z,Blue Springs,Alabama,Anguilla,21.7516,77.4672,capitulus,aegre,deficio,vis,apto,somniculosus,curatio,94,0.6654707565150897,58,verus,3,1,5,false,0.15123206084302815,2019-06-10T14:32:28.201Z,"Brakus, Hamill and McGlynn",true
69c3e926-8bf1-4a56-8b56-c4482030335f,2022-01-04T10:39:50.333Z,Ratkehaven,Wyoming,Vanuatu,83.2213,81.0681,ultio,verecundia,brevis,currus,commodi,amicitia,vulnero,95,173.28221292683415,90,arca,3,0,1,true,0.2366271003004448,2022-01-31T09:27:25.722Z,Batz Group,false
3086dcc9-af28-4923-a15f-22f205566db5,2023-03-29T06:06:41.120Z,Fritschfurt,Idaho,Tanzania,32.7532,120.2197,suasoria,alter,reprehenderit,videlicet,causa,venio,succedo,32,114.50821874623173,33,ventosus,3,1,3,true,0.22162336006346228,2019-08-17T18:42:23.671Z,Bosco LLC,false
f65bec30-1954-454c-9bb1-d0149dc8a5ba,2018-02-02T06:44:10.005Z,West Easter,Arkansas,New Zealand,-33.3757,-6.1299,ciminatio,annus,iste,tametsi,cunctatio,sulum,ducimus,22,226.83001929992122,56,adiuvo,2,0,5,false,0.2181328194949659,2019-09-09T06:19:05.678Z,Dibbert - Marvin,true
094cf386-2cc3-401c-8e56-135a928c4b4b,2023-07-11T00:29:33.174Z,Port Virginiestead,Indiana,Micronesia,-44.5377,170.403,calculus,conor,adflicto,aptus,dens,benigne,cimentarius,31,48.07930861048818,81,absque,0,0,1,false,0.029130677665943377,2022-01-05T17:09:03.374Z,VonRueden Group,true
0a637b54-2c43-44ff-ada2-4b9caef1ec0d,2023-02-11T23:32:02.626Z,Cronahaven,New Jersey,Guyana,-61.5578,-118.0831,auctus,tondeo,aggero,agnosco,verus,cicuta,contabesco,88,61.949236988796805,20,administratio,6,2,1,false,0.10800369477328761,2023-10-21T10:57:50.006Z,Fritsch - Reinger,true
4c1f3d35-f998-4dcb-acb9-5e22df522c68,2021-03-19T09:34:57.459Z,Hildegardshire,Oklahoma,Bhutan,-1.3968,-119.999,caveo,incidunt,arto,caterva,deprimo,ulciscor,facilis,55,180.39983267669444,20,tribuo,4,0,5,true,0.19404231015226853,2024-02-13T12:18:36.635Z,Rohan - Robel,false
6183af6f-ac6a-455c-93de-9cd04bdac834,2023-07-31T18:45:05.212Z,Evertborough,Washington,Qatar,-59.0289,150.8547,celebrer,error,curso,admiratio,aeternus,coadunatio,comis,111,71.12861655327231,77,studio,3,1,3,false,0.055006506146805606,2021-05-28T01:48:22.958Z,Kohler - Abbott,true
481efb08-9e1e-47e0-ad52-d2cae7baaec7,2021-10-30T22:38:22.141Z,Lake Giovanna,Missouri,Ghana,-67.5778,-33.3124,conspergo,tricesimus,sufficio,stipes,illum,abscido,tendo,114,162.6603648626816,88,arbor,4,2,4,true,0.20702906526429726,2020-04-16T15:16:24.556Z,Bailey - Reilly,true
476fef8a-789b-4289-906a-7f1acff2531a,2018-01-11T14:20:58.038Z,New Aronshire,North Carolina,Burundi,-35.1158,-41.534,celebrer,torqueo,tantillus,terra,nihil,altus,trucido,35,169.16779078616045,24,alias,4,2,3,false,0.03319154589347145,2021-05-21T12:25:29.635Z,Emard and Sons,false
1d7fd66b-d938-44a7-8ac7-a261068e7180,2021-09-30T01:19:22.184Z,Glovershire,Virginia,Burkina Faso,20.2148,-44.3291,cunabula,voveo,admitto,curso,sumptus,adhaero,acidus,24,209.3668536320042,89,venia,3,0,2,false,0.06916469516356988,2024-02-21T16:04:28.962Z,Rohan - Buckridge,true
266e4b93-4b12-4697-8c14-b05a32779a1f,2020-08-26T22:47:32.231Z,Eloisaport,Louisiana,Monaco,8.7591,158.263,cohibeo,auctus,alii,enim,terreo,deficio,tristis,21,94.75816464624577,72,concido,2,2,1,false,0.012370983239321509,2019-04-02T06:28:11.096Z,Rosenbaum Inc,true
54cd6107-601c-49f9-b47f-87361ef61f93,2025-10-23T01:24:28.228Z,Kossborough,Connecticut,Turkmenistan,76.0205,-53.123,solium,vulgo,validus,terra,voco,apostolus,vociferor,33,132.04256124245134,30,utilis,2,0,5,true,0.1825588574294277,2024-05-29T09:28:39.161Z,"Lehner, Shields and Welch",true
6cebd6e7-df0a-4ac8-842c-1596a356cd6b,2020-07-22T17:33:19.724Z,North Reinaport,Wisconsin,Namibia,-63.1741,-67.5068,soleo,abundans,termes,communis,qui,ter,exercitationem,127,66.97042435760147,69,alveus,2,0,5,true,0.06616689105426574,2019-07-03T10:15:34.523Z,Lueilwitz - O'Kon,true
1afe9025-b8ba-4dc0-94e9-40ea63fc9671,2023-09-13T13:44:51.810Z,Garfieldbury,Tennessee,El Salvador,56.6291,-113.7441,contra,delectatio,sopor,ver,thorax,uberrime,catena,39,112.95224348530779,66,terga,5,1,4,true,0.10274629603502405,2023-06-09T11:32:28.873Z,Breitenberg - Lynch,true
ca5929d9-84ea-43fb-a870-7e48675764c2,2024-08-26T21:13:54.347Z,Wisokytown,New Hampshire,Russian Federation,-69.9637,9.4849,exercitationem,cumque,ait,aestivus,pax,decumbo,demulceo,43,36.528147427692986,21,aggero,4,1,3,false,0.05274121421235825,2023-05-09T08:10:22.617Z,Auer - Gutmann,true
e5ecda66-85b7-44a9-9048-982c8f25f4c2,2018-03-11T16:34:46.981Z,Lake Wilfrid,Mississippi,India,9.6063,-168.6259,aegrotatio,concedo,cubicularis,capio,adinventitias,facere,tactus,80,50.3333593542959,62,derelinquo,1,2,1,true,0.04328137460709294,2018-01-05T11:44:16.492Z,"Connelly, Turcotte and Bauch",false
11524ca7-aaa2-42f0-a9a6-0bcf15a41e4d,2022-04-13T10:15:47.956Z,Allenefort,Montana,Suriname,-1.3416,-176.0523,terebro,neque,texo,valetudo,comparo,subiungo,sit,119,98.82765338867146,74,caste,6,2,2,true,0.1811107629588319,2019-11-03T15:18:05.642Z,Bashirian - Kerluke,true
3d1a371b-3ede-4e2f-a05d-7e303f338174,2018-08-24T22:12:29.698Z,Fort Dorisfield,Maryland,Slovakia,-77.9813,159.9968,ab,amissio,capitulus,exercitationem,suspendo,perspiciatis,rem,122,208.42034791032196,17,quae,4,2,1,false,0.2365256534120461,2018-05-03T00:24:06.272Z,"Rowe, Ritchie and Dach",false
1f0a1c8a-952e-4cbc-a499-2eaf39c02015,2018-03-17T21:20:12.307Z,South Syblemouth,South Carolina,South Africa,8.6174,179.4152,comburo,caveo,thesis,vergo,tertius,pecus,adulatio,41,125.7522545715431,20,unus,6,0,2,false,0.01733769109286215,2025-07-19T09:22:00.294Z,Bernier and Sons,false
f6ff6f1c-aac5-4564-bbdc-63f364a26537,2023-03-06T12:49:48.950Z,East Brianneland,South Carolina,French Polynesia,-62.874,85.4849,magnam,comedo,quis,conor,collum,conventus,somniculosus,102,234.64433901772546,68,victus,3,0,3,true,0.01767926670495598,2021-01-05T09:59:06.380Z,Parisian - Muller,true
8207f518-e9a1-4a5a-97a8-7871eaf2b8da,2020-09-04T10:52:36.491Z,Anyabury,Kansas,Barbados,-70.1156,3.0085,usque,tepidus,voveo,nostrum,corrigo,officiis,delego,110,27.390448851375837,71,vere,1,1,2,true,0.21650547365142336,2021-04-05T22:41:49.124Z,Collier - Bergstrom,false
4ad63048-3996-4ee9-bffe-dba623cb8480,2020-06-25T14:08:43.495Z,Christiansenport,New York,Kiribati,-21.0703,171.7879,vaco,bibo,cursus,conservo,theatrum,verus,consuasor,107,205.2804769815788,28,tener,4,2,2,false,0.04894265955509022,2019-08-15T17:57:03.461Z,Graham and Sons,false
00057757-005a-4b33-baf2-a7e883c2953e,2020-10-18T10:17:07.227Z,Gusikowskiborough,Oregon,Cameroon,6.8212,-39.8372,anser,somniculosus,minus,coerceo,coniuratio,expedita,qui,60,20.557999775485793,75,taedium,2,0,5,false,0.15460855145157731,2020-11-09T02:23:35.348Z,West Inc,false
7d9952fb-227f-4997-aa25-04b5b6235dab,2018-04-10T01:11:47.296Z,East Levi,Missouri,Ecuador,29.6192,158.5853,sollers,vulpes,combibo,accusator,vivo,derideo,accommodo,96,176.43572592082788,95,delicate,0,1,2,false,0.21370628206372896,2022-07-20T20:46:05.626Z,Herzog - King,false
0088eb5a-222f-4fb1-9507-1a36f812991e,2019-05-26T18:34:23.308Z,Jacobsview,Illinois,Bhutan,-21.9683,-164.9149,vitium,audacia,verto,curo,sapiente,statua,tyrannus,127,196.08859771676558,97,agnosco,4,2,1,true,0.16970213562657657,2019-11-22T10:37:45.391Z,Keeling - Runolfsdottir,false
5c7221ed-b29c-4318-b7a9-d86df91b5e4f,2021-12-30T12:02:34.682Z,East Kadeton,New Hampshire,Iran,-42.6484,-120.0145,victus,utrum,audentia,sophismata,damno,volaticus,voluptates,29,81.84646097837279,94,delego,0,2,2,false,0.24115258947737916,2021-07-17T18:44:47.358Z,"Hodkiewicz, Oberbrunner and Ullrich",false
c4088b77-77d3-47fd-a9a5-0b7f67584f41,2022-08-05T08:45:03.059Z,Union City,Hawaii,Kuwait,-54.7008,99.5148,defendo,cognatus,autem,auctus,cunctatio,valetudo,degusto,113,143.5983253039858,93,valeo,0,0,5,true,0.11290265534279231,2022-11-01T21:17:01.829Z,Hauck - Rohan,false
448a0c7e-b36f-40ed-8305-c3d9bbfeb5ed,2018-01-02T12:15:46.474Z,West Ralphhaven,Colorado,Portugal,-36.0085,83.0017,quibusdam,crux,cui,soluta,decretum,tolero,adulescens,92,159.89327101105553,84,ustilo,3,1,3,true,0.00027651191790975527,2018-02-13T15:56:33.677Z,Wilderman Group,true
6f82b9cf-2447-497c-b5f4-9526777440a4,2018-12-01T05:21:48.334Z,Stephaniestead,Michigan,Guernsey,-87.8769,-119.9109,tamisium,ipsa,avaritia,summopere,decens,benigne,venustas,45,133.1195771805609,23,capio,1,2,3,true,0.19375137441312057,2024-06-26T09:50:40.439Z,Kihn - Mueller,true
7c9c2781-8f9b-4661-b61c-4c70c9ff57f6,2019-02-03T13:43:29.577Z,Johnstonchester,Maryland,China,-75.5988,-103.5074,triumphus,crapula,quis,solitudo,congregatio,angelus,similique,81,34.704431781660844,66,vulgus,3,2,4,false,0.01656462400918851,2020-04-16T17:10:19.591Z,Schuster LLC,false
b9fabd0b-0b7c-440b-b519-0cd86c69bc37,2024-05-17T14:30:10.907Z,Framiburgh,Illinois,"Virgin Islands, British",-85.014,134.1475,cunabula,suppellex,contigo,suscipio,adduco,appositus,viduo,108,182.34851680285155,57,occaecati,4,0,5,true,0.006585458127281868,2022-11-10T21:35:41.010Z,Little Inc,true
a391336e-38a2-40f3-9417-a7cb3a8b6ef8,2018-10-22T01:19:25.665Z,Walterchester,Kansas,Turkey,-63.9575,-28.9598,exercitationem,tres,caelestis,reiciendis,cervus,usus,sursum,27,138.5664117621335,67,adeptio,6,0,2,true,0.031223825127001503,2022-03-03T00:36:51.507Z,"Lynch, Lemke and Dare",false