accident_id,incident_datetime,city,state,country,latitude,longitude,road_name,road_type,intersection_type,accident_type,weather_condition,road_condition,light_condition,speed_limit,actual_speed_kph,driver_age,driver_gender,casualties,fatalities,vehicles_involved,alcohol_influence,blood_alcohol_level,weather_reported_at,reporting_department,pedestrian_involved
b6761888-bf12-478d-b64b-aa3427996a98,2020-03-31T07:03:41.668Z,Robertsside,Tennessee,India,78.8265,20.4965,suscipio,defleo,auctus,recusandae,thorax,degero,demum,40,55.3248437741715,72,accusantium,4,2,2,false,0.15405314879894608,2018-07-10T00:40:57.606Z,"Leffler, Parker and Hirthe",false
54aa805d-d2bb-4a33-9862-8c50da4ac81b,2023-10-12T03:30:11.935Z,New Rosannacester,Washington,Kuwait,63.5961,-9.3443,vinum,tricesimus,alienus,aureus,quisquam,tyrannus,theologus,104,18.118906323405568,43,iusto,2,2,1,true,0.20632797531603395,2019-04-02T12:19:24.253Z,Casper Group,false
bf7dd268-efbd-434e-82a4-7ed23f6fc927,2020-06-12T15:14:45.482Z,Kacistad,North Dakota,Jamaica,56.816,-23.9424,stultus,sunt,umerus,confero,usque,amplus,spes,65,135.2209024065963,65,patrocinor,1,1,3,true,0.1636925018008396,2018-08-30T21:41:03.869Z,Bogan and Sons,false
52fb3924-7cfd-497d-9dbd-f00867a2c066,2022-07-30T02:57:20.276Z,O'Keefefurt,Louisiana,Eritrea,11.6337,35.6921,aliquid,enim,aduro,caterva,caritas,umerus,carbo,38,142.91018920225378,86,animus,4,2,5,true,0.22595787755209665,2020-02-28T18:43:13.300Z,Vandervort and Sons,true
74b744c7-b126-49fd-8024-62675efe5497,2024-06-13T00:50:07.277Z,Harveycester,Maryland,Sint Maarten,73.6441,-82.5061,amissio,speculum,defero,id,libero,auctus,super,20,21.64775610255098,45,correptius,1,2,5,false,0.1908230297557402,2021-05-04T17:47:00.213Z,"Cremin, Kuhlman and Dibbert",false
289bdb01-e742-4f90-ace5-419449b76767,2020-06-09T13:09:23.728Z,Giovannihaven,Maine,Oman,2.1632,-171.391,verumtamen,nemo,teres,statim,dignissimos,clamo,subiungo,29,51.869708762328926,38,illum,6,0,5,false,0.10521509089045297,2020-04-22T09:31:54.359Z,Kessler - Weissnat,true
c2824837-4dd2-4433-91be-9bdeac9fdec8,2025-01-31T23:32:15.031Z,North Rebecafurt,Arizona,Costa Rica,-61.7334,111.0714,crudelis,decet,turbo,tener,illum,sed,audentia,110,191.63550912217062,96,allatus,5,2,2,false,0.13407250753739516,2019-03-14T23:12:03.144Z,Borer - Quigley,true
699be33e-b57d-448b-933d-d33a067269b5,2020-04-12T02:17:32.421Z,Luciehaven,South Dakota,New Zealand,43.7174,-54.4856,amitto,ocer,alii,officia,vinum,vindico,curia,111,212.77560110353082,55,cura,2,2,3,true,0.122432961094526,2021-07-08T03:48:34.690Z,"Kirlin, Kiehn and Kovacek",true
376c3bad-7c8d-482c-9e51-f99ad6247a32,2020-01-31T11:05:12.618Z,North Laceyberg,Maryland,Sweden,62.6531,174.9429,argentum,consectetur,custodia,adhuc,casso,deludo,candidus,41,28.319530695695754,59,aureus,6,1,1,false,0.1391156126180799,2022-04-16T02:32:28.652Z,Yundt Inc,true
8b22af4b-ef43-431d-9566-f597dffb0438,2019-08-31T10:01:47.371Z,New Macy,Oregon,Heard Island and McDonald Islands,14.5881,-129.0828,distinctio,cattus,dicta,curvo,auctor,altus,allatus,94,117.45662910794339,52,cilicium,2,0,1,true,0.11362353486121968,2023-03-30T21:11:45.328Z,Mraz and Sons,false
071211f9-f9c0-4afd-b87b-733804f8a223,2019-01-09T21:33:40.074Z,Florin,Mississippi,Papua New Guinea,23.9695,-110.0077,adamo,saepe,color,volubilis,xiphias,somniculosus,dens,20,75.37716986548601,89,appello,6,1,1,false,0.06198369551961799,2024-06-28T08:28:22.429Z,McKenzie - Klocko,true
770602d5-bb52-4a71-b4dd-c08e8a7e1e73,2024-05-24T14:37:37.268Z,Lodi,Mississippi,Moldova,-43.2323,30.5128,aegrus,vere,agnitio,terebro,tondeo,abstergo,odio,91,92.21123302905727,94,congregatio,5,0,5,true,0.16852533325875763,2024-04-23T05:05:42.222Z,Ankunding and Sons,false
dd55d111-8fc8-4b1d-b5ea-fc922f7c055d,2024-05-11T14:54:15.281Z,Lowehaven,Pennsylvania,El Salvador,-59.2455,-44.227,ambitus,arbor,coerceo,aetas,atavus,incidunt,adstringo,102,125.53891279480438,43,sit,0,1,4,true,0.13204934898154547,2022-05-10T07:00:54.450Z,Lowe Inc,true
9c1538ae-1832-4117-af59-a41db9e2c638,2025-10-02T02:30:11.050Z,Gabrieltown,Hawaii,Netherlands,-23.9448,-130.1383,aureus,strenuus,adipisci,colo,talio,suus,vinculum,130,238.87192885002347,91,crur,3,0,5,false,0.11071283559533529,2024-11-17T06:24:15.984Z,West - Littel,true
3216dd83-cc22-4d13-aa51-e0051113f943,2024-10-21T19:10:05.868Z,South Emeryfurt,Oregon,Pitcairn Islands,21.5108,12.5087,circumvenio,audacia,ager,tristis,verecundia,deprecator,fugit,122,139.38515239470163,72,corona,4,0,3,false,0.023366876309818208,2018-05-31T15:36:23.783Z,Christiansen Inc,false
b1055a4f-acf0-402b-9d63-290ae66a18f6,2018-05-27T11:12:56.835Z,Fort Brown,West Virginia,Nicaragua,-64.7921,-97.9345,aestus,pel,vinum,solium,adfectus,averto,arceo,67,31.19702551583668,45,claustrum,1,0,2,true,0.19543796688322354,2022-06-30T06:22:42.898Z,Beier - Murazik,false
8f0573e9-348c-4656-8421-3d7b72e61f2c,2018-07-08T13:34:59.855Z,Arnoport,Louisiana,El Salvador,61.4489,-89.0673,alioqui,reiciendis,communis,coma,vitiosus,aegrotatio,synagoga,60,186.62266508847844,20,ipsa,0,0,5,false,0.09283135805697829,2024-11-13T21:35:06.982Z,Torp - Bode,true
0df462db-fdf6-41c7-b747-dcc9b1ab975d,2023-06-18T00:41:06.436Z,North Dejuanberg,Minnesota,Palestine,-37.0337,-65.1755,ambitus,velum,auctor,sonitus,curiositas,suscipit,speciosus,102,186.13973530914382,35,crapula,0,0,3,false,0.01273931225028263,2023-06-05T09:47:26.998Z,Ortiz Inc,false
888ca2b1-c155-44ec-81e1-4d9d595d0bb9,2023-03-19T23:42:59.507Z,Durham,Massachusetts,Slovenia,-44.5366,-76.6931,adulatio,compono,validus,nobis,cibus,subnecto,tripudio,89,0.7794542286437256,32,utilis,0,1,1,false,0.1715355702484408,2018-03-03T03:59:56.959Z,"Purdy, Dietrich and Homenick",false
d9d12e86-f8fa-4b41-bf34-5cbbcdb13cda,2024-08-07T12:58:53.311Z,West Elainaside,Idaho,Belarus,16.2288,-52.0099,nihil,modi,trucido,audacia,magni,nihil,tondeo,121,99.65859995426439,87,defero,6,0,5,false,0.031114105384992763,2025-10-05T12:33:32.195Z,Collins Group,true
315877cb-a3d0-4d8f-818e-c028c2fbb04a,2019-09-22T17:07:19.000Z,Portland,Arizona,Turkey,-36.4083,-62.7624,alo,surgo,antepono,acceptus,benevolentia,contabesco,subnecto,80,210.12869709893064,68,depulso,1,1,1,false,0.16416626095461026,2025-01-20T00:43:44.088Z,Turcotte and Sons,false
d209f581-c52b-498d-a679-38601d6653e3,2021-12-17T13:15:49.140Z,Harberside,Michigan,Libyan Arab Jamahiriya,-43.8618,89.6446,super,vulpes,sto,vita,crepusculum,repudiandae,sumo,36,119.36704671834552,61,virga,3,2,4,true,0.1818644437980014,2019-09-17T12:45:51.272Z,Schimmel and Sons,false
a3cacdce-942d-41ae-8e3b-315db5417315,2021-06-12T12:47:11.711Z,Oceanside,Alaska,Svalbard & Jan Mayen Islands,-72.7993,86.0435,aeternus,antepono,certus,vester,accusator,vigor,creta,64,119.68291294719342,41,alioqui,1,2,5,true,0.1969366333520771,2020-01-21T12:32:25.060Z,"Kessler, Balistreri and Koepp",true
c41f4593-fb65-43bb-a1dc-6c21e16d081b,2019-12-16T08:31:43.686Z,North Constantin,New Jersey,Russian Federation,-63.9547,-55.5382,venustas,modi,cedo,sustineo,absens,aestus,alter,96,163.13472552368557,20,consequatur,5,2,3,true,0.18132901422723813,2022-10-06T00:07:46.086Z,Nader LLC,true
b862b2ce-e3b0-4f02-8e6d-88b71662d957,2019-07-24T19:44:05.825Z,Armandberg,Nevada,Haiti,81.7534,-61.8258,crux,calamitas,abstergo,curiositas,sodalitas,somnus,tabgo,118,183.8565251367348,47,curto,5,0,5,false,0.08664203340378471,2019-09-20T01:07:27.768Z,Nolan - Mann,false
5422ad20-32d1-4c88-9360-76b78241ac46,2023-06-01T04:23:41.153Z,Klingtown,Idaho,Israel,56.386,-76.2628,tyrannus,cum,trado,debilito,thema,suscipio,earum,89,56.13843470892085,84,adeptio,5,2,1,false,0.11315433782219955,2025-01-10T10:37:43.615Z,"Little, Ledner and Leannon",true
5722e38c-d7e6-49eb-98bf-c31d3adc52ba,2018-07-13T09:18:12.760Z,Tucson,Colorado,Kiribati,0.8107,-83.1254,magni,thermae,denuo,commemoro,sperno,officia,cibo,109,4.505097578630846,51,sapiente,2,1,4,true,0.1897637301408693,2023-11-09T23:26:02.667Z,Russel - Boyle,false
25d75fc7-ab87-4e05-b5e3-f0f16d9cc7ff,2019-06-24T15:25:54.564Z,Birmingham,Oregon,France,4.7355,82.1026,conventus,statim,stips,cicuta,repudiandae,veritatis,volup,93,58.90929205142381,94,undique,6,1,3,true,0.0857735718364476,2024-12-09T18:38:51.095Z,"Bartell, Predovic and Stanton",false
22d4b558-8ca6-401a-9d18-9b5ba036c208,2021-07-16T18:19:11.260Z,Smyrna,Oklahoma,Madagascar,-80.2139,-173.8844,sui,substantia,victoria,eos,facere,ocer,animus,87,109.55674355767839,19,certe,0,1,4,false,0.06926724844832635,2020-04-25T22:01:51.583Z,"Koelpin, Beahan and Steuber",true
203117a9-713b-44ad-af33-14126c86b934,2025-02-14T04:15:21.115Z,Florissant,Nevada,Aruba,21.7908,135.0294,adicio,tactus,vae,conitor,attonbitus,sortitus,inflammatio,95,236.12114943584047,59,arca,6,2,4,true,0.11942148598008559,2023-07-11T08:50:00.888Z,"Zulauf, Johns and Walker",true
1b44de22-7e04-4021-a4de-ac0679c53ddf,2025-08-04T13:51:02.331Z,Myahchester,Ohio,Greece,-67.2291,10.2838,spectaculum,cohibeo,tenuis,veritatis,quisquam,stips,pectus,37,214.25724378846607,32,virga,2,0,5,true,0.1458264474014001,2019-06-27T19:34:40.869Z,Hills - Torp,true
82f8f7ec-2b40-46c4-b564-25779a927c46,2021-10-22T23:21:03.726Z,Coltenland,Pennsylvania,Nicaragua,45.7524,-164.0182,torrens,deludo,vaco,commemoro,a,cupiditas,templum,49,179.94176868178465,71,theatrum,4,2,2,true,0.18366970445428202,2023-05-24T12:12:09.552Z,Bauch LLC,true
d812b5a7-1050-49d6-b3f0-7ce60a243d0f,2023-09-18T04:40:57.183Z,North Kali,Idaho,Malaysia,-15.2136,52.7003,cernuus,umquam,apud,demum,ver,uterque,facere,57,34.118986438825786,56,adhaero,6,1,2,false,0.1385082916847494,2021-02-24T21:24:39.724Z,Crona Group,true
1b5cc2dc-a026-4595-92db-f5e9482e9928,2025-03-02T05:14:26.347Z,North Westley,Pennsylvania,United Kingdom,80.6841,101.246,sunt,caterva,color,voco,vobis,atqui,corpus,65,144.3450940586382,22,tremo,0,1,5,true,0.0428409220448544,2022-03-28T00:05:10.284Z,Schowalter LLC,false
ad443649-8f59-4498-9839-563fbb1771f4,2024-12-03T09:03:10.286Z,Hayleyland,Nebraska,Saint Vincent and the Grenadines,24.6698,-102.1506,cimentarius,terra,trans,culpa,uberrime,sublime,alius,91,84.73135000543715,74,cunabula,1,1,1,false,0.09457000048899905,2022-02-22T06:14:40.664Z,Fadel Inc,false
f6471f02-bba1-4cb9-a2bf-045d61734d5e,2018-03-14T16:45:17.194Z,Kirlinfurt,Arizona,Syrian Arab Republic,-86.8646,3.7067,textor,peccatus,callide,vester,audax,decens,sustineo,73,189.9683408261002,100,accusantium,2,0,2,true,0.062421503828541,2025-01-02T10:24:37.349Z,Hickle Inc,true
a82efde5-9c7a-4336-8cb0-057fd1b89a12,2018-02-17T22:00:04.448Z,Louveniaburgh,Utah,Cape Verde,-1.5566,40.6288,casus,correptius,demens,amplexus,concido,speculum,celebrer,107,161.0138699790042,79,clarus,1,0,3,false,0.05043931836618637,2018-06-10T07:56:48.888Z,Haley - Runolfsson,false
451fda16-d7f0-4f15-bc5b-5ace3cc26d28,2025-10-17T08:09:01.209Z,Rohanfurt,Oklahoma,Colombia,-88.6878,72.4741,ver,surgo,creta,clibanus,provident,architecto,defetiscor,52,238.06776911796842,70,stipes,5,2,5,false,0.18236651206521728,2021-12-03T05:49:49.433Z,Stokes - Balistreri,false
3ea23327-4ff4-4675-8a60-c7ade96d52b2,2021-12-09T08:23:57.304Z,Lake Maverickview,South Carolina,Western Sahara,-79.774,171.9402,absum,solutio,sollers,dedico,reprehenderit,perspiciatis,vel,97,175.6175975138438,36,vilitas,2,2,1,true,0.10762430941425363,2025-08-06T23:45:50.972Z,Klein - Cassin,false
a0755242-b7a7-4f9a-ab3c-24f5c4619d93,2018-12-01T04:59:35.581Z,St. Joseph,Colorado,Suriname,-55.1035,-86.6139,decipio,voluptatum,turbo,chirographum,tot,advoco,sulum,114,237.2969263394199,26,deprimo,0,2,1,true,0.1307637501978328,2019-02-25T00:53:49.948Z,Dare - Koelpin,true
5fc3cf72-6dc0-49fa-85db-d914fd74c643,2022-05-23T14:22:41.349Z,Arcadia,Maryland,Lebanon,69.877,48.0133,ut,bardus,cogo,peccatus,avaritia,deinde,voluptates,72,150.85550064424294,78,amo,5,1,4,false,0.13234067452973935,2023-12-02T03:24:33.403Z,Beahan Group,false
775d2200-ead3-4abe-9fe3-5bcd2cd01bf6,2021-12-04T04:49:31.141Z,Lake Boris,Alaska,Serbia,80.9061,-31.071,ara,odio,necessitatibus,crebro,annus,veritas,vulnus,126,70.55065446743171,17,arcus,6,2,1,false,0.083008795880952,2019-10-04T15:25:01.289Z,Morar - Gulgowski,true
5b6ab8dc-224e-408d-944e-65ad4f5ecd4c,2019-11-11T06:45:13.602Z,East Catherine,Virginia,Argentina,-25.9868,98.0712,aurum,sortitus,vinum,ater,aperiam,cui,admitto,26,112.06357063860942,27,angelus,6,1,4,false,0.17863010383378147,2025-10-26T23:38:35.298Z,Huel Group,true
c4b8f108-01cf-41f1-94ed-4ba3dd61ccee,2025-10-17T00:54:20.486Z,New Maximoberg,West Virginia,Algeria,53.9564,178.3259,sono,delectus,viscus,truculenter,territo,brevis,voluntarius,99,107.17964674737962,84,ager,0,1,5,false,0.040705980707166356,2023-05-03T21:08:09.267Z,Pollich - Stamm,false
31511a72-e14f-434b-94b2-f8642c9d954f,2020-01-11T17:08:03.242Z,Gleasonburgh,Washington,Czechia,23.1918,125.7135,tredecim,versus,angustus,tutamen,auctor,arca,vitiosus,77,15.727698916562991,100,ago,3,1,5,true,0.09164899752577851,2020-06-06T09:24:19.491Z,"Padberg, Swift and Waelchi",false
db282d2c-907f-445e-b92a-151fb1ef1b31,2021-01-19T10:44:20.098Z,Maymieworth,Oklahoma,Senegal,-43.9246,-96.8755,suggero,curatio,arceo,minima,ipsum,dapifer,architecto,24,87.39505381826346,28,conventus,4,1,3,true,0.16511153663826766,2024-08-21T10:35:23.570Z,Durgan Group,true
798648ce-e047-4fb0-9c8c-eea24890f1d9,2020-08-13T06:11:19.220Z,North Viva,Pennsylvania,Saint Vincent and the Grenadines,-69.3654,113.6122,denuo,culpo,deficio,cubicularis,defessus,vulticulus,aeger,85,73.27610266084329,25,versus,6,2,5,true,0.03403219098809901,2024-06-21T17:25:46.081Z,Kiehn Inc,true
d11efb0e-0c43-4154-97b1-f456b289aeff,2021-10-14T15:56:20.194Z,East Theodoreshire,Ohio,Egypt,27.6075,-156.9269,perspiciatis,abeo,alter,cum,abutor,appositus,delibero,76,108.82334594145175,48,debeo,5,1,5,true,0.14677631233205526,2024-08-01T03:28:38.314Z,"Littel, O'Kon and Towne",false
474851d5-693c-4eda-bfbf-0889cb7ef82d,2018-01-14T14:14:51.381Z,New Ovastead,Wyoming,Ireland,89.4292,120.0578,bellicus,ambitus,aetas,casso,advenio,sto,quasi,67,91.40107182882032,88,conor,0,1,2,false,0.11668340996856824,2018-10-02T04:19:58.444Z,"Bechtelar, Beatty and Beer",true
2d14753b-d73d-4c12-9407-90ab21970a5a,2025-05-01T12:37:15.400Z,Schowalterchester,Indiana,Jamaica,76.8888,-142.9743,uberrime,audeo,viriliter,casso,valetudo,atrox,tandem,88,134.14579787371625,41,similique,1,1,5,true,0.21374541407916928,2020-06-17T21:56:51.574Z,"Okuneva, Blick and Abbott",true
4da6aba2-9222-4b1b-b426-602a4e1b0ce6,2025-02-20T21:16:32.295Z,Port Ardellatown,Wyoming,Mongolia,52.6435,-31.5117,desolo,amissio,ad,convoco,cado,crinis,thesis,84,122.644172317968,70,aer,5,1,1,false,0.23437567541148036,2025-12-16T15:52:33.649Z,"Hintz, Kuhn and Braun",false
cef84349-199a-4d2f-bbff-1a5a1fb1ade0,2024-05-03T03:45:36.785Z,Joplin,Wisconsin,North Macedonia,75.9458,170.9667,adimpleo,catena,officiis,creo,est,porro,compono,113,3.624226626831488,79,sono,4,2,2,false,0.09592617296779277,2025-09-10T19:57:42.266Z,"Friesen, Hagenes and Fritsch",true
4c0d8617-cbb7-40cf-970e-102121892ecc,2020-04-28T07:04:38.682Z,Fort Thorafurt,Virginia,Comoros,-11.9265,-161.0101,voro,tantum,videlicet,vociferor,utor,nesciunt,culpa,54,181.71367748863562,99,usitas,3,0,5,true,0.08980308297236073,2021-02-16T19:32:43.599Z,Moore and Sons,true
0e74aad0-86ea-47f5-b8b5-d432b416099f,2024-01-23T13:33:05.365Z,Lafayette,South Carolina,Svalbard & Jan Mayen Islands,25.3516,167.7382,canto,triumphus,vorago,soluta,dolorem,trucido,tamquam,42,211.0823998152791,96,odio,1,2,4,false,0.01889019057787228,2020-12-17T15:19:00.549Z,"Sawayn, Stanton and Funk",true
2c47884a-129d-4346-b318-b5be9f928df5,2022-05-21T13:05:31.636Z,Enterprise,Rhode Island,Dominica,26.1877,154.5915,teres,defendo,celer,auctor,spectaculum,accusamus,cerno,129,75.13387796205521,63,pectus,3,1,5,false,0.17886201025351808,2024-06-12T17:30:30.275Z,"Williamson, Cronin and Wyman",true
9e38ca9d-930f-4bb6-b6eb-192e77b4169a,2022-03-09T03:12:54.824Z,West Solonfield,Pennsylvania,South Georgia and the South Sandwich Islands,31.3863,-82.7073,cupiditas,in,ipsam,thema,tepidus,cimentarius,repellat,61,178.88229009504795,31,texo,6,1,5,true,0.20733570746491725,2019-03-28T19:44:31.714Z,Romaguera - Orn,false
12da4013-711a-4f2d-862e-e66b53a253e9,2022-03-20T09:04:57.842Z,Denton,North Dakota,Micronesia,37.2567,-24.563,cerno,comptus,expedita,vinco,voluptatum,turbo,subvenio,114,155.3602259244038,21,supra,4,2,1,true,0.20141098194573678,2022-09-18T23:33:26.769Z,"Bahringer, Vandervort and Gorczany",true
7b8c850f-b1ec-4ef7-a76d-5f2430069d8d,2023-11-08T07:31:26.783Z,Lake Gordonfield,Arizona,Barbados,48.5316,-165.2125,undique,demoror,enim,beatus,vomer,casso,super,116,187.0450551339639,80,decretum,0,2,2,false,0.05094965629377993,2019-01-29T16:30:16.931Z,Schimmel Group,false
0e4d8d1c-c737-41c2-b5ab-4b9c5e3cf893,2023-05-05T09:21:52.048Z,West Jonshire,Minnesota,Holy See (Vatican City State),37.7794,-150.811,acer,curia,patria,assumenda,summopere,enim,volubilis,27,133.98976165807952,66,contego,3,2,4,false,0.1462371771418956,2019-06-10T18:24:48.624Z,"Brekke, Willms and Ondricka",true
b4c6bf2e-8be0-4fce-83a7-1173c7eec166,2025-08-09T14:38:47.792Z,Lake Lorainechester,Connecticut,Estonia,15.5023,70.0709,a,sonitus,sto,coaegresco,viduo,decens,facilis,63,78.02928666514788,78,celo,2,1,3,false,0.16928723622809827,2024-03-28T23:43:51.807Z,White and Sons,true
2e3b52d0-b7fd-407d-91fd-9e943c7a239e,2025-11-02T10:19:21.089Z,Amarillo,Rhode Island,Mauritius,-73.1186,-164.6957,sui,apparatus,argentum,sumptus,ventosus,odit,laboriosam,67,81.445862333655,39,crastinus,1,1,4,false,0.10531533076589414,2025-08-02T11:44:10.506Z,"Hand, Hayes and Vandervort",false
f6c25fb6-6eab-4ec9-a18e-a67e369b5c85,2024-10-19T00:29:42.082Z,Vickieworth,Rhode Island,Jordan,87.0694,-166.2158,deputo,coruscus,degenero,amoveo,utpote,certus,vobis,91,100.99518306524332,43,admitto,3,0,2,false,0.16906934673698637,2024-09-19T05:56:00.193Z,Abshire - Macejkovic,false
c3434a4a-8473-4595-8591-44aa1e92a3e9,2023-03-28T04:10:49.649Z,Carmelview,Iowa,Sweden,64.2616,18.5848,uberrime,labore,sapiente,pecus,acquiro,socius,tibi,89,208.40321185032178,47,esse,4,2,3,true,0.14763252044118377,2019-10-20T13:10:11.487Z,Bergnaum - Ward,true
a8c8523b-d4e5-4e36-a6a7-cddbc7f39ae2,2024-03-05T06:27:14.189Z,Highland,Minnesota,Norway,-83.6373,-80.2636,spoliatio,custodia,atqui,annus,adipiscor,virga,inventore,75,160.12166657813168,61,vitiosus,6,1,5,true,0.040137234723757825,2024-06-28T06:57:28.543Z,"Ferry, Jacobson and Willms",false
e55c0d39-f7af-4cbe-80ac-c8c8f2143160,2023-03-31T03:43:41.398Z,New Chaddfort,Tennessee,Azerbaijan,-6.9767,-21.4919,spiculum,impedit,veritas,clementia,tactus,caritas,occaecati,81,120.36658401089343,47,sunt,0,0,3,false,0.09046674738037397,2024-12-06T15:07:00.954Z,Bednar Inc,false
97b54495-913f-42ca-9a42-125de244f276,2023-04-19T07:55:30.809Z,Beierton,Oklahoma,Jamaica,-68.6732,43.7616,tristis,campana,error,colo,sortitus,suscipio,consectetur,82,39.89063734866602,78,natus,4,2,4,false,0.13996444533540908,2019-10-14T20:25:56.976Z,"Goodwin, Schultz and Hane",false
56e6a32b-bb2c-4d3e-b690-eddea7851903,2023-03-19T13:37:20.433Z,Lake Krystelstad,Rhode Island,United States Minor Outlying Islands,51.5139,-15.0296,comptus,adstringo,perferendis,eveniet,verto,alo,arcesso,48,150.8919098266658,65,vestrum,1,2,5,false,0.16268377262585565,2022-10-12T04:12:11.144Z,Connelly - Gorczany,true
c4803a3e-b3d6-44db-b81e-9841d24c0d6f,2025-11-26T07:19:37.359Z,South Pasquale,Indiana,Antigua and Barbuda,-22.6857,-32.9061,asperiores,amissio,antiquus,textor,collum,cum,administratio,57,239.70819468950813,74,sum,3,2,1,false,0.21942938526185832,2024-10-27T21:54:58.734Z,Labadie - Kuhic,true
e6c0e3a6-abe1-4e24-a28d-f4519dc0349d,2022-12-20T20:48:07.770Z,Crooksview,Montana,Tuvalu,-70.2178,-77.3053,ambulo,confido,molestias,esse,claustrum,culpo,absorbeo,37,233.93310535417774,16,auxilium,4,2,3,true,0.07687948306684733,2022-05-17T03:01:58.416Z,"Reynolds, Bogan and Kuhlman",true
2e016a1e-f42f-4862-962c-6623aa2e31bd,2020-05-19T00:10:03.686Z,North Adrianna,Massachusetts,Albania,-24.2917,110.8255,stella,vesica,sonitus,harum,utique,aurum,tamisium,54,100.52726392918899,25,verecundia,2,2,5,false,0.22187685864376122,2023-05-18T20:54:15.076Z,Gutkowski Inc,true
471e28d9-e828-46c0-b116-bb8a06fff732,2025-03-12T05:12:13.992Z,West Jazlyn,Texas,China,-78.3793,49.8187,absens,adhaero,doloribus,quas,absens,cauda,denego,75,9.100716828581437,26,clamo,5,1,1,true,0.07635568266818107,2019-04-02T19:11:08.317Z,Morissette Inc,false
59f6d36e-9055-4c28-87e0-5866a18ae455,2022-10-19T16:58:44.474Z,Cronaberg,Alaska,Singapore,-8.8431,-112.1074,texo,suggero,crapula,aqua,tepidus,aliquid,varietas,65,129.1112483295589,91,pectus,3,1,4,false,0.11859368781258053,2018-11-18T14:52:21.763Z,"Abernathy, Wehner and Casper",true
8bfda080-c66c-498f-9feb-6ad9a9cf614a,2020-12-10T08:15:56.521Z,East Jerelton,Alaska,Macao,-19.5524,106.5684,temptatio,vestrum,suffoco,adnuo,aduro,in,bellicus,34,117.4799022945607,66,non,2,1,1,false,0.13757061403379295,2022-03-02T10:38:38.020Z,Orn - Heller,false
9e738f1e-fe9e-4cbe-8594-2f8231eaf852,2023-05-31T21:10:59.651Z,Lake Hester,Ohio,Benin,31.8781,-12.184,autem,vomica,dignissimos,voco,textor,vetus,cunabula,40,133.69578915671627,85,spargo,5,1,5,false,0.03803893737078104,2023-04-18T12:02:38.162Z,Donnelly and Sons,true
c631f342-4554-45e7-a5a6-34d226001fb7,2021-10-16T02:09:56.570Z,New Diamond,Indiana,Latvia,37.5657,58.979,acer,quo,porro,stips,curia,decumbo,sperno,119,49.92389189145497,80,ultra,3,2,2,false,0.202206055795847,2019-02-07T14:21:17.518Z,Hodkiewicz - Labadie,true
72ffdc51-7c12-4cc6-b1a4-65b6ad440f77,2023-05-25T09:30:16.853Z,Fort Alexandrineboro,Maine,Bermuda,-2.8519,140.2026,culpa,aro,admoneo,studio,aestus,blanditiis,cohors,103,19.097806904520674,36,tergo,2,0,5,false,0.15233936546303073,2022-04-11T11:47:18.827Z,"Leffler, Rogahn and Grimes",true
6a765aae-7a3a-4200-a9bb-ac8a0d012087,2020-05-23T07:30:32.460Z,Anikastad,Montana,Guinea,-14.7064,-82.1009,confido,utilis,vix,sordeo,perspiciatis,labore,odit,107,40.51131191148731,69,allatus,1,0,3,true,0.06422744990759305,2020-03-22T07:08:28.691Z,Cole - Marquardt,true
04652539-af62-42f2-8b2f-6e207640ec5e,2020-12-30T16:51:36.793Z,Fort Eleanoraland,New Hampshire,Ukraine,-7.4597,58.3013,blanditiis,absorbeo,ocer,terebro,pauci,paulatim,vulgo,75,141.9811951580499,58,consuasor,1,0,1,false,0.1823430597283891,2023-07-15T15:11:54.791Z,"Feest, Walsh and Franey",false
719fdda3-fe2c-4b46-a9d8-5962f04c776b,2025-07-07T19:03:36.206Z,Lake Ridge,Minnesota,New Zealand,-0.3449,66.948,trucido,umquam,verbera,torrens,alter,umbra,vereor,113,28.720203033061438,23,theatrum,1,0,3,false,0.0537088841548328,2020-11-30T02:22:36.735Z,Parker - Kulas,true
ade6b023-d705-4578-ab0a-9d86ebeb6c85,2021-04-16T22:59:12.166Z,Elroystead,Indiana,Saint Martin,-85.6839,55.3598,cohibeo,argumentum,comitatus,decet,animus,amaritudo,solium,33,161.61459425319956,60,delinquo,5,2,4,true,0.10884914352183955,2021-05-02T10:50:30.448Z,"Yundt, Leuschke and McDermott",true
47b50e81-b829-40ac-825f-39f44bfc825c,2023-06-25T18:00:30.434Z,Bryan,Wyoming,Egypt,-25.5115,-149.4213,deficio,pel,solutio,aer,crux,turpis,pecus,75,223.38220115913174,36,cado,6,2,5,true,0.2153082912598453,2025-01-07T22:40:15.699Z,Kozey Group,true
979f3108-268a-4231-9a12-131ead40a3ff,2018-11-19T19:33:09.535Z,Bartellton,Illinois,Afghanistan,74.3579,81.5186,agnosco,versus,similique,depraedor,aqua,maiores,trucido,67,138.95426217728536,98,crux,0,1,4,true,0.10959240674888485,2021-05-12T13:39:23.834Z,Bode - Bailey,false
928f86ba-adf7-447a-ab0c-adcfbcd601fa,2020-04-08T01:49:09.209Z,Gennaroborough,Rhode Island,Micronesia,-82.2432,8.7484,itaque,ex,utroque,vero,explicabo,absorbeo,capillus,44,107.57077976404965,63,comprehendo,1,2,5,false,0.2188901045831526,2018-02-09T17:15:56.166Z,Ryan - Gislason,false