accident_id,incident_datetime,city,state,country,latitude,longitude,road_name,road_type,intersection_type,accident_type,weather_condition,road_condition,light_condition,speed_limit,actual_speed_kph,driver_age,driver_gender,casualties,fatalities,vehicles_involved,alcohol_influence,blood_alcohol_level,weather_reported_at,reporting_department,pedestrian_involved
1f926934-cdc2-47ed-8ce0-0bf5bc50f0bd,2024-06-18T01:03:56.376Z,Joelberg,Illinois,Democratic Republic of the Congo,73.1696,-68.4365,victus,cursus,corona,unus,tepesco,minus,balbus,90,85.07769608146789,52,colo,4,0,1,true,0.13430887613767434,2020-12-24T09:27:51.856Z,Rice Inc,false
014fe915-30f0-41c8-a1ea-387cb12214db,2024-03-22T10:43:49.276Z,Bradleyhaven,Kansas,Indonesia,2.0675,37.8264,natus,tamdiu,vix,sto,derelinquo,conturbo,comburo,63,145.2767047638773,97,curo,3,2,5,false,0.08858824938933643,2020-11-04T19:35:39.273Z,Huel Inc,false
86cd3535-4c7b-47ae-a04a-178455a75136,2023-12-21T10:40:08.936Z,West Ellsworthfield,Pennsylvania,Trinidad and Tobago,-64.3256,50.1105,combibo,vilicus,comminor,verecundia,defungo,cumque,dapifer,42,96.71659608380813,74,thesaurus,2,2,2,true,0.2423515393512921,2021-01-22T04:16:40.406Z,"Heller, Goyette and Wolff",true
3d201fa1-ea46-4c7e-bf40-0225ef8b9ef6,2020-02-07T11:19:17.427Z,New Rigobertoboro,West Virginia,Puerto Rico,0.4056,-174.8938,ter,vito,arcesso,vitium,vomer,arcesso,viriliter,61,12.622201062449125,27,ventosus,6,2,2,false,0.06460619676223903,2022-08-03T21:45:00.468Z,Grant Group,false
0b21625b-36d4-4b24-b408-c974fccf8f88,2022-10-30T17:03:45.577Z,Overland Park,New Hampshire,Austria,83.0832,39.2635,torqueo,deleo,ustulo,corpus,curtus,tam,versus,51,48.27839316162414,66,appello,0,1,2,true,0.16640641955643742,2019-04-20T23:43:19.010Z,"Kiehn, Macejkovic and Reinger",false
6062d4cd-8b61-4657-b113-3354c4a57758,2024-12-04T20:34:53.670Z,Erdmanmouth,Utah,Tanzania,-54.4201,138.0657,caritas,vilis,succedo,patior,unde,sonitus,voluptas,111,140.51100025159926,23,curso,3,0,4,true,0.17948911758928843,2018-11-25T22:59:54.668Z,Parker - Corwin,true
f6600fee-9c56-43f5-af68-2a20149f2095,2024-07-28T03:22:04.327Z,Faustinoborough,West Virginia,Jersey,38.5064,-94.1098,triumphus,decretum,terminatio,crepusculum,perspiciatis,accommodo,vae,56,70.26229282912405,96,repellat,6,2,5,true,0.19440467878343054,2021-03-26T00:37:10.672Z,Kuphal Inc,false
39d6de17-b201-4244-a42b-15253b205a21,2022-01-04T16:14:03.680Z,Kutchmouth,Hawaii,Liechtenstein,-36.5993,67.4825,molestias,consequuntur,aedificium,crapula,ter,cimentarius,atrox,61,100.35797775572587,63,totus,3,2,5,true,0.19424534961328815,2022-03-29T23:35:46.971Z,"Hane, Hirthe and Reilly",true
7083e027-b61a-4335-8413-55f416589c1d,2022-12-19T07:11:01.487Z,Lake Westonmouth,Arizona,Egypt,-35.2039,-80.3938,vir,cito,decimus,volutabrum,baiulus,avarus,veniam,101,14.270996392730044,38,spoliatio,4,1,2,false,0.23590041456039573,2021-04-01T03:13:19.541Z,"Wehner, Zemlak and Stanton",false
9ea34421-1a51-4628-98ee-7045bc5f7455,2021-03-02T17:23:08.866Z,Cristborough,Utah,New Zealand,40.2235,-136.7422,suscipit,balbus,tempora,adaugeo,apto,adversus,exercitationem,128,213.05755970365087,62,quae,6,1,3,false,0.2063935829737742,2021-04-14T14:11:20.902Z,Berge - Bartoletti,false
40fe3514-20fa-4ad7-84b4-d914f0ee403b,2024-09-01T13:11:29.054Z,Fort Zechariah,Arizona,United States of America,30.9843,-52.1328,truculenter,clarus,bene,quaerat,voluptas,speciosus,rerum,22,175.72110616485622,47,decerno,5,0,5,true,0.010287243621516423,2025-08-26T00:08:31.909Z,Farrell - Stoltenberg,true
75f1fd7c-b9ad-4c75-9188-850024a0e2c2,2020-01-22T17:53:40.209Z,Koelpinview,Wyoming,Turks and Caicos Islands,-84.0013,-105.0884,adiuvo,aliquam,carmen,adulescens,trans,uredo,molestiae,38,189.62130769201517,25,stabilis,2,0,1,false,0.13397026329579143,2021-12-26T02:01:03.148Z,Conroy - Kling,false
36d668bc-7587-4ab4-b64e-42d5d794d7a5,2019-07-24T17:50:54.805Z,Lake Gladyce,Ohio,Heard Island and McDonald Islands,-44.678,-93.5675,sublime,quis,ciminatio,conicio,curiositas,id,verecundia,79,8.716025057251047,85,claustrum,2,1,4,true,0.10075034731135488,2023-06-14T00:53:51.263Z,Prohaska - Effertz,true
bc0fbf14-3633-46f0-9396-ac8351e748d8,2018-11-07T17:20:25.872Z,South Kole,Missouri,Saint Lucia,-0.0397,79.8732,voluptatum,carbo,decerno,terreo,candidus,votum,arto,120,52.29346693396451,68,vorax,0,0,2,true,0.1059681919938644,2021-12-12T10:00:29.431Z,"Mraz, Mohr and Crist",false
2786140b-ea0a-47bc-b5c3-23198701cb70,2023-03-24T00:45:39.128Z,Boca Raton,Virginia,Algeria,-89.0948,-98.501,vita,adsum,venia,corona,sumptus,undique,ocer,124,8.547796282210047,85,aequitas,4,1,4,false,0.24347659576588856,2023-05-31T14:18:17.914Z,Balistreri - Hermiston,true
40395047-532e-4f2b-9681-53e8e6a1ac85,2018-01-23T00:30:27.517Z,Lake Francisca,Nebraska,Greenland,-48.4823,29.4785,contabesco,ventito,patior,deludo,unus,curvo,recusandae,25,10.907686839859032,81,territo,3,1,2,false,0.16757440080476288,2018-09-01T13:43:35.004Z,"Hills, Yundt and Braun",false
f72d9ccd-285c-4083-8a4f-c4008243fc9e,2020-11-14T19:54:01.850Z,South Ardellaborough,Hawaii,France,56.6068,-3.2452,catena,tamisium,acies,aspicio,ambitus,collum,peior,94,200.91305708188915,97,vulgaris,3,2,5,true,0.014142450614515273,2025-10-28T11:26:02.709Z,Towne - Cremin,true
67c1c133-44cf-4568-b256-b90af5205709,2018-03-20T10:54:53.957Z,South Hannahcester,Wisconsin,China,-42.5224,-103.1952,baiulus,claustrum,vetus,at,inventore,quas,at,44,13.737358618016975,45,adfectus,6,1,4,true,0.09706940615416412,2025-07-29T05:56:21.435Z,Sporer LLC,true
c13152ef-b4de-4451-8020-3a079a393a7e,2023-05-18T13:24:04.552Z,Alafaya,South Carolina,Micronesia,-15.2808,101.106,agnosco,arto,adversus,aureus,attollo,acer,vinitor,24,195.433743175884,26,taceo,5,2,5,true,0.20368352859044897,2024-08-02T20:48:05.927Z,Bruen Inc,false
0fc96f54-4c71-402e-902a-3670bd24ddec,2020-09-05T08:17:57.949Z,Breitenbergside,Utah,Canada,33.7419,119.2493,solum,ullam,laudantium,succurro,thesaurus,compello,degenero,105,27.629936287718557,26,curis,3,0,3,true,0.16378556406018496,2023-03-31T01:25:03.169Z,"Ullrich, Beier and Beahan",false
676b0e86-2053-4df6-a4f1-58b86ebe983e,2020-03-06T00:12:30.883Z,New Hazel,Alaska,Republic of Korea,-37.0081,-57.5176,carmen,canis,pecus,ocer,aegrus,aro,culpo,24,122.66220403135233,43,ullam,1,2,5,false,0.13303434550227347,2022-10-20T10:20:14.677Z,Dicki - Kozey,true
ecad66e9-84da-40b1-a2c8-f12323f41518,2025-12-29T18:33:58.845Z,Neilborough,South Dakota,Vietnam,-83.8964,143.4957,debitis,circumvenio,defendo,solutio,odio,id,canto,125,59.19033968058912,73,theologus,0,2,4,false,0.22728215808601449,2021-10-30T12:57:34.438Z,Gottlieb - Bauch,false
7959de0d-9233-4bd5-a1ef-9c038539cda0,2020-08-25T09:24:45.565Z,Pabloview,Oklahoma,Benin,-51.4152,-52.9381,antepono,socius,crebro,cicuta,maxime,minus,cohibeo,129,199.52670794310822,76,volutabrum,6,0,5,true,0.08891266572037734,2024-06-21T01:31:54.621Z,"Bechtelar, Greenfelder and Boehm",true
4d224c6e-bed1-4793-9270-99c6c3dfb141,2018-07-12T20:50:14.141Z,Brooklynland,Florida,Burundi,23.3595,19.1044,conspergo,neque,depereo,tamquam,vix,accusator,alias,47,212.55241182601452,85,laboriosam,3,2,1,true,0.19226891398222062,2021-07-01T02:54:51.769Z,"Lind, Kris and Boyle",true
d32e692b-a8ac-489a-bb74-821c7dcd7069,2019-10-04T04:35:50.375Z,Andrehaven,Louisiana,Denmark,35.4213,35.5323,in,suscipit,verto,cariosus,tollo,recusandae,thorax,63,232.40736363705702,63,valetudo,5,1,2,false,0.07434485277606875,2024-03-03T01:39:26.748Z,Crona and Sons,true
f6f2d98d-e331-4d65-b29e-0bb3f843f439,2020-05-02T14:02:21.566Z,Loniestad,Oregon,Nigeria,-43.2656,43.7783,conventus,ver,beneficium,avarus,cursim,demonstro,tempore,68,177.5705994366448,73,maiores,1,1,5,false,0.05007909682720493,2022-11-03T11:44:36.338Z,Hessel and Sons,false
4b68abcf-38d3-4a5b-a7ad-cef1e0d685e8,2025-11-01T15:55:22.980Z,East Eli,Mississippi,British Indian Ocean Territory (Chagos Archipelago),9.2774,-78.4907,tener,tempus,textus,odit,amplexus,deleo,vulticulus,120,226.26256183240642,80,cunctatio,6,1,1,true,0.22294472735385243,2023-08-21T05:06:13.321Z,Dietrich - Hamill,true
31ab9f90-9211-4320-be0a-b9516e2c241a,2019-04-20T09:01:34.678Z,Katrinechester,Tennessee,Puerto Rico,-62.7727,16.8931,attollo,suasoria,consuasor,consectetur,tergum,non,conspergo,26,204.52149156045192,78,vestrum,2,0,3,true,0.16234404725028492,2023-10-27T05:39:03.614Z,Kuphal - Legros,false
279d184d-f74e-48fa-bb71-1da717617077,2023-12-11T10:30:59.763Z,Stehrville,Vermont,Chad,-8.079,-131.7291,cervus,admoveo,volva,conventus,depromo,usque,tracto,37,14.741874795407428,78,similique,2,0,5,true,0.06147882295678003,2019-02-12T15:00:04.253Z,"Jerde, Batz and Gottlieb",false
4eb3d6e5-f0c8-4f5c-895e-e6e85dff2ba8,2021-08-01T13:50:56.735Z,San Francisco,Maine,Pakistan,53.7985,39.4031,patria,tabella,tempora,desipio,vehemens,soleo,caterva,101,94.12970276191939,30,advoco,1,2,2,true,0.19379697971125665,2018-02-28T05:56:53.754Z,"Doyle, Ward and Gerlach",true
7aed5061-b514-4815-9a8a-e8fed29f3d7b,2025-08-18T18:38:26.222Z,Tierraburgh,Rhode Island,San Marino,-48.5326,110.6166,comitatus,comparo,comburo,terminatio,thymbra,cenaculum,pax,65,113.63794690744511,62,vorax,0,0,2,false,0.06537651565850094,2019-02-01T20:00:09.827Z,Runolfsdottir - Schiller,false
1df41dd8-450f-480d-bd90-17d26e93ba63,2018-03-08T11:47:46.616Z,North Jana,Hawaii,Mayotte,-63.7152,-166.0929,cubicularis,umquam,commodi,aurum,denego,valde,repudiandae,37,215.85244436088269,23,alii,4,1,2,false,0.2473711751598181,2022-09-24T08:00:11.311Z,Reinger and Sons,false
89cbddf2-94ca-4c55-b45b-fcbbe17f7796,2025-10-17T10:09:08.386Z,Port Mikayla,New Jersey,Afghanistan,-69.4412,71.1712,adeo,quos,odio,traho,aegre,suus,occaecati,95,176.24768166537675,98,incidunt,2,2,1,true,0.08537533563946129,2023-05-11T09:48:10.907Z,Lesch Group,true
06a49572-930d-4afa-940c-f0a97be468c2,2025-06-17T23:46:01.802Z,North Abbeyshire,Massachusetts,Serbia,15.9076,-148.296,dolorum,crepusculum,adipisci,civis,velum,calco,vita,107,58.431876547988196,94,vulgaris,1,1,2,true,0.20356467901628314,2023-06-12T09:35:50.308Z,Emard LLC,false
2a94b5ed-558e-41ca-8693-04473a5e7c8d,2025-10-05T06:49:46.098Z,Andreton,Connecticut,French Polynesia,14.8878,21.1545,officiis,quam,tempore,admiratio,argumentum,bellum,sodalitas,76,191.10540483342606,49,cinis,6,2,1,false,0.06906620789458778,2025-03-26T22:34:03.364Z,Hermann - Jacobson,true
592014fe-d294-4ee2-854a-2f63f4a9fc47,2024-05-06T05:23:16.237Z,Julienborough,North Carolina,Tonga,6.4589,159.2456,argentum,defero,vereor,vulnero,voveo,autem,conitor,80,99.38818030498636,67,attollo,4,1,2,false,0.023242244449423438,2020-01-31T18:25:07.542Z,"Rau, Bechtelar and Emard",true
59b8f3b9-c574-4cf2-ae47-5d5afbfdd1d9,2021-10-24T15:31:44.935Z,South Myrtiebury,Arkansas,Maldives,-5.2956,-160.4217,tametsi,depromo,impedit,sto,sophismata,causa,tantillus,122,208.90184918068613,47,statua,2,2,1,false,0.1814769153679854,2019-08-16T12:10:09.428Z,Padberg - Windler,true
0547bc3d-7a00-4b61-9eb9-f2f7a946a97a,2025-05-29T23:45:50.099Z,West Ocie,New York,British Indian Ocean Territory (Chagos Archipelago),-70.5475,29.6562,vis,denego,corroboro,subiungo,deserunt,adipisci,apud,66,186.21010805314054,75,ullus,4,0,1,true,0.015192908867846494,2022-07-09T19:25:40.462Z,Kuphal - Kohler,true
9a729c97-c660-489b-bbd5-b69caa762dd7,2024-11-09T13:42:04.571Z,Minneapolis,Kentucky,Guernsey,0.9306,-20.539,vulnero,aperiam,animus,cultellus,suspendo,labore,avaritia,110,235.58903623054888,52,derideo,4,2,4,true,0.10873809637163417,2020-01-13T02:03:35.178Z,"Trantow, Terry and Homenick",false
1355f4b7-913c-47d5-89e7-238762ee39d9,2021-01-18T09:57:32.928Z,Feilcester,New Hampshire,Gibraltar,-36.7453,-141.8242,terreo,spiritus,valeo,ustilo,absque,aestas,illum,29,91.76785856169695,45,annus,3,1,4,true,0.2104686324732018,2024-03-07T13:14:40.382Z,VonRueden - Baumbach,false
71b62d16-0344-4504-a945-adfe5e70f1c2,2021-01-05T00:43:08.720Z,New Jakaylachester,Georgia,Zimbabwe,24.9954,100.1892,theologus,viscus,confero,attollo,caveo,deorsum,bonus,125,203.3683790896458,49,traho,4,1,5,true,0.16401822035867028,2025-10-13T01:55:59.045Z,Towne LLC,false
472645fc-1d58-4f45-a21c-c359f9cb7999,2020-06-20T21:28:54.687Z,Trompfort,Wisconsin,Timor-Leste,61.5812,5.6797,decens,veniam,ambulo,speculum,denuo,ubi,suggero,111,185.20239249402215,44,solvo,5,2,5,false,0.19683419124561663,2021-09-30T23:58:32.726Z,Gibson - Powlowski,true
ba9834d0-ba08-4ca9-b02f-334efb090aa7,2025-12-21T05:30:39.513Z,South Raymundoside,Georgia,Angola,-27.7001,-1.7517,cubicularis,sperno,testimonium,officiis,cibo,cras,titulus,53,181.83365738196815,90,atrocitas,2,2,5,true,0.10227932726737954,2025-07-19T17:03:11.100Z,Hickle Inc,true
5320220d-cea7-4cbe-890c-4b9a143deecf,2020-03-24T05:39:48.841Z,Krajcikbury,North Carolina,Thailand,32.9663,141.6554,ex,theologus,carmen,advoco,stillicidium,antea,illum,118,47.95646175801777,87,tergum,4,2,4,false,0.17658986123636677,2024-08-25T11:45:07.690Z,Jerde LLC,false
2159b293-13e0-43d0-b1c7-d15fcb4f5694,2021-07-09T13:57:14.434Z,Warwick,Illinois,Cape Verde,37.7329,142.5401,ascit,tero,substantia,stultus,odit,tempore,sustineo,59,159.12684560909545,80,alii,2,1,3,true,0.07210648991357047,2018-02-24T01:47:26.024Z,McKenzie Inc,false
f3d4cb5e-d630-42e0-adf2-ec5c1e51dd0a,2022-06-10T04:49:55.945Z,West Marilie,Rhode Island,Denmark,14.6493,124.247,confugo,decet,coruscus,comburo,absorbeo,depono,viduo,85,125.77628483581401,60,optio,0,0,2,true,0.1356909668599944,2018-01-03T09:21:02.799Z,Tremblay Inc,false
07928e56-327e-46c2-807e-9f1fbb618724,2023-07-29T04:30:54.027Z,Lake Arlieworth,Maryland,Netherlands,-43.4973,42.706,substantia,delibero,sumo,aetas,blandior,cunae,adulatio,21,157.504012013407,88,stultus,4,1,3,false,0.24059550241439384,2020-05-01T19:58:45.944Z,Blick - Greenholt,false
e988d81e-02f4-4551-bab1-d593dae76248,2022-07-13T07:08:50.615Z,Port Kyra,Washington,San Marino,-30.4528,129.1319,delinquo,patrocinor,acsi,succedo,deorsum,tergeo,textilis,35,119.34595368150944,65,stella,5,1,1,false,0.04625826243466882,2025-06-13T18:29:07.675Z,Roberts and Sons,true
b8b6db57-ad60-40fd-9bb3-76356480ed42,2022-12-15T14:39:42.330Z,Guscester,Alabama,Lesotho,87.2173,81.5473,recusandae,tum,asporto,volo,vulgus,cernuus,cunabula,123,13.28793615301481,56,ventus,1,2,3,true,0.14989501121650525,2018-03-16T12:41:16.187Z,Greenfelder - Labadie,false
178c1f91-0b72-4890-bd31-61e6c211967f,2019-02-11T16:05:57.036Z,Fort Bonitatown,Mississippi,New Caledonia,-70.5787,-124.1092,subvenio,abutor,despecto,libero,calcar,clamo,ager,48,13.0705108494604,25,fugit,1,1,1,false,0.242870193834231,2020-11-17T23:17:01.363Z,Johnston - Pollich,true
1e884b26-dcdd-462f-b313-f165484ff61a,2020-01-02T14:25:30.655Z,Fort Justinefurt,Wyoming,Liechtenstein,76.2989,112.9757,eveniet,tamdiu,vapulus,abeo,valeo,celer,caritas,26,106.40529266645441,22,conservo,3,1,2,true,0.05295507529044141,2024-05-15T02:42:38.525Z,Runolfsson - Flatley,true
7e74c3bc-3a25-49ca-83eb-7835ac50e6b6,2018-11-11T21:33:12.547Z,O'Connellhaven,Texas,Saint Vincent and the Grenadines,85.9954,7.9927,tergum,curo,bellicus,molestias,vis,optio,recusandae,56,105.48778873697343,68,incidunt,2,0,4,true,0.10857072381697927,2020-05-25T17:28:30.528Z,Conn - Cole,true
fb458ffa-2457-4176-9900-9ed702a58e45,2023-09-02T03:47:39.490Z,Placentia,Nebraska,Dominican Republic,12.9418,-32.2324,cur,traho,saepe,ascisco,voluptatem,comitatus,comes,79,179.04028243429434,19,civitas,2,0,3,false,0.09547340658641815,2022-05-11T14:06:13.011Z,"Spinka, Kozey and Hoppe",false
7201338a-2f74-4a2b-a4b3-f3b332644593,2021-10-05T04:23:15.999Z,Lake Mylene,Virginia,Papua New Guinea,-37.7273,-160.159,usus,maiores,unde,sortitus,vix,ipsam,sint,82,88.90115000201843,21,ipsam,3,2,1,false,0.053478449630791264,2020-09-10T08:15:48.035Z,Stark LLC,false
81a85465-e633-4af1-a522-f6a499ff236c,2022-01-27T00:58:33.338Z,Swaniawskiville,New Jersey,Taiwan,-0.4804,-125.671,thorax,cursim,aut,rerum,carmen,aegrotatio,solum,87,52.354235309886434,44,adflicto,6,2,1,true,0.13583283162436127,2020-03-29T03:28:22.368Z,Durgan Group,false
8460f524-1dae-4d65-980f-63b22cbc1b0a,2020-09-09T20:47:20.296Z,West Lafayette,North Carolina,Burkina Faso,-85.1721,111.2527,trado,cibo,comitatus,civis,decerno,acsi,xiphias,127,84.042322431435,54,surgo,5,0,5,false,0.2399158084713943,2025-01-19T02:32:41.023Z,"Murphy, Zulauf and Kovacek",true
bdc59463-21cb-468b-8f84-d634272c67b3,2019-10-06T01:25:08.841Z,Jerrelltown,Utah,China,-2.6199,45.5496,aveho,thymum,repudiandae,velit,quis,circumvenio,temporibus,105,10.967650857782987,100,animadverto,3,1,4,false,0.19148681592418476,2021-11-01T08:47:25.178Z,Purdy - Schulist,false
0cd94354-8cd3-44b7-b35b-325cf83fe135,2023-12-31T07:31:42.716Z,Town 'n' Country,Massachusetts,Norfolk Island,-18.8914,25.3482,crebro,thermae,correptius,demergo,alo,claustrum,comitatus,59,175.41480330710206,70,derideo,4,2,2,false,0.18178256942010715,2018-02-02T06:16:59.340Z,Bartell - Lang,false
e2c9f9a3-3d63-455f-8051-5470e5767f82,2020-05-09T22:41:00.561Z,Hoegerborough,Florida,Greenland,-4.4848,90.1672,thesaurus,vomito,verbera,solio,conscendo,argumentum,desino,35,89.16925439118289,73,adaugeo,6,2,4,true,0.03085888761350375,2023-10-25T06:14:05.135Z,Mohr - Little,false
15129c38-88b6-49e0-929a-8ee66931171e,2025-02-19T10:46:18.804Z,Wardfort,Arizona,Malta,60.8094,51.8146,claudeo,cena,armarium,alius,est,sumo,tres,84,187.9543870644748,35,agnosco,4,2,1,true,0.09786069850610724,2025-11-17T10:48:59.666Z,Swift Inc,true
af70d0d9-a108-4ea8-a68f-d1faba2673cf,2025-12-19T10:32:08.830Z,Dayton,Wyoming,Marshall Islands,-36.264,63.5151,textilis,tenuis,talis,vado,crustulum,defluo,id,82,4.178518038986967,38,turba,3,0,2,true,0.17762039192520607,2023-07-04T22:32:58.916Z,Tremblay and Sons,true
fdc4562c-bfd8-4a58-ac67-90c0db1e4ad8,2020-08-23T02:09:04.522Z,Lake Mia,North Carolina,Norfolk Island,77.189,125.1084,canto,desidero,usitas,saepe,deprecator,administratio,dapifer,34,38.43759120403169,62,suspendo,6,1,3,false,0.029446483966947823,2019-11-04T11:39:13.419Z,Wolf - Schoen,true
eeb2e99d-f5d9-4188-8fc7-9006ce277652,2024-04-08T01:27:35.977Z,Norrisberg,Nebraska,Cambodia,-60.9886,161.9434,assumenda,teres,clamo,ex,casso,tantum,vergo,73,219.65391202565124,40,avarus,0,0,5,true,0.23234330493610628,2022-01-03T11:00:12.407Z,"Howe, Mitchell and Wiza",true
393dc32e-df90-4e3b-8627-01be98b30d41,2024-06-13T20:40:06.248Z,Haleyburgh,North Carolina,Ghana,27.5854,4.2602,ulterius,vesper,vito,animus,antea,crinis,doloribus,40,99.11528563531591,77,vulticulus,4,2,3,false,0.23865908232457306,2021-06-21T08:26:47.604Z,"Schmeler, Romaguera and Waters",false
3d093fda-77f7-4154-a616-5ce1ce64e250,2022-01-10T09:48:30.076Z,Fort Stacy,Montana,Sierra Leone,-20.9343,174.6558,caveo,vitae,speciosus,artificiose,urbs,aedificium,debeo,42,186.9023820083657,32,angelus,4,2,4,true,0.09081145724746412,2018-12-03T02:43:13.310Z,Rippin - Altenwerth,false
d4b8241b-7f72-466a-91e0-5918e3b0d1e0,2018-06-27T00:08:58.798Z,Lynn,Iowa,Angola,88.0006,-177.371,denique,thymum,consequatur,auctus,illum,repudiandae,territo,79,79.38132652861474,66,clarus,6,2,4,true,0.14628600660205918,2024-09-30T11:34:02.360Z,Kohler - Gulgowski,true
8212dbe7-05ca-4f0c-8be8-6a7262634f9a,2024-08-12T19:00:22.927Z,North Estrella,Delaware,Tokelau,-60.9413,23.4306,stella,quas,debeo,adstringo,stipes,conservo,fuga,46,220.76950198257776,42,aequus,3,1,3,true,0.18967896924404484,2018-07-27T12:00:56.257Z,Johnston - Prohaska,false
54196794-a6b1-4e52-aca2-8913be77b54c,2024-05-12T16:27:34.314Z,Castro Valley,New Mexico,Dominican Republic,6.5568,-134.5243,cruciamentum,super,verus,voluptates,laudantium,cohaero,suffoco,87,132.50385382686312,40,decet,1,0,3,false,0.17896391766758404,2019-08-24T12:19:31.442Z,Mante and Sons,true
381fca72-f9d1-4deb-8999-5800cefa7c00,2018-03-17T11:13:47.403Z,North Stanleyport,New Mexico,Saint Pierre and Miquelon,-81.7723,-50.7397,vir,sollicito,vindico,impedit,voco,amaritudo,convoco,33,46.48667945609609,37,consequatur,1,2,4,false,0.13225866346597645,2023-06-15T10:14:42.226Z,Rosenbaum LLC,false
47657d87-6650-4062-aaf3-c397733ff41f,2020-08-15T09:49:37.138Z,Westland,North Dakota,Armenia,48.6969,-12.0527,vae,vae,calculus,decretum,aer,atqui,aequus,37,112.15488718024274,82,comprehendo,0,1,1,true,0.11958535319691041,2022-06-15T00:36:42.954Z,Pouros Group,true
b40ed17a-9868-4cd3-a6c1-138f5cd33950,2018-07-16T10:22:02.384Z,Gerardoborough,Louisiana,Malaysia,-54.9176,157.1093,cognatus,utilis,sponte,agnitio,validus,averto,uberrime,40,145.62684164220423,59,ocer,5,0,5,true,0.23468942198050968,2023-09-06T21:26:47.145Z,Mayer - Dibbert,false
a4531f45-a501-45a2-bb33-94b092fb6a85,2023-01-31T10:06:24.020Z,West Palm Beach,Arkansas,Malaysia,65.103,111.194,coniecto,vehemens,vado,creber,voco,excepturi,administratio,80,36.849307043971606,59,utrimque,4,0,4,true,0.13133604172305494,2018-08-13T00:35:44.038Z,Kunde - Moen,true
fe6604d4-757f-4177-b143-0b2934e8008a,2019-05-29T13:59:25.297Z,Bloomington,Arizona,Democratic Republic of the Congo,34.517,18.2065,deorsum,debitis,ultio,vulariter,suasoria,aestus,amiculum,46,91.83908185563998,69,deinde,0,0,2,true,0.07280027530072491,2023-01-22T15:39:54.912Z,Emmerich - Klein,false
d647e9d4-a0f9-449c-87a3-bb4ab047e5aa,2025-03-04T02:02:59.116Z,Imaside,Mississippi,Sudan,-61.8701,-12.7299,coadunatio,viscus,angustus,dolore,contigo,fugit,peccatus,55,24.2707342739242,61,deporto,6,2,3,true,0.22044291810206484,2022-10-30T05:49:22.649Z,"Ratke, Auer and Bernier",false
5473394f-108d-4f5e-9a25-735da3b4fa81,2022-07-04T14:28:18.173Z,Los Angeles,Colorado,China,7.9159,-121.5468,custodia,conor,cedo,stultus,voluptatem,tum,synagoga,35,163.70436945714118,31,argumentum,0,0,5,true,0.08315929165834537,2022-11-23T02:08:49.076Z,"Beier, Wuckert and Kemmer",true
e71ea8e6-fda8-4156-ad5a-6a8da46e7029,2023-01-05T10:28:10.186Z,South Valley,Connecticut,Maldives,-82.96,-135.2222,ars,thorax,sum,tripudio,ulciscor,denuo,umquam,52,123.37908337157545,86,suus,0,1,4,true,0.24112862933510276,2025-12-10T05:21:08.231Z,Crooks Inc,false
e98edb56-9e60-4cbf-9b15-bc63432874eb,2025-03-09T13:12:11.509Z,Cronaside,Georgia,Saint Kitts and Nevis,-79.4159,120.2114,decor,temeritas,patria,sono,tego,decimus,viduo,83,194.82630754026565,70,aegrus,4,2,2,false,0.06121501575940691,2022-09-10T12:34:09.062Z,Hirthe - Roob,false
34f1f6de-35b8-4530-9453-7ffd17318b6c,2024-07-23T13:47:04.593Z,Rohanhaven,Hawaii,"Bonaire, Sint Eustatius and Saba",-88.022,-174.2726,conicio,laudantium,vitiosus,adicio,conatus,copiose,tollo,88,222.40318356888034,29,vociferor,2,1,2,false,0.0387864857178952,2018-07-26T17:10:24.111Z,Luettgen Group,false
fc4d6b20-e453-432f-a579-2d854f1b56a0,2020-01-12T10:04:10.372Z,Carson City,Rhode Island,India,88.534,144.3705,vorax,aro,vicinus,adulescens,apto,reprehenderit,agnitio,39,161.00408644316136,95,tego,6,0,1,true,0.13415108135810505,2025-06-07T06:47:18.437Z,Cummerata and Sons,true
c4bc5e5e-493b-4ba5-be1d-7ab034a064bb,2021-08-23T01:05:29.620Z,Fort Lavinashire,Nevada,Cuba,65.1797,-53.5377,tendo,pecto,vulticulus,vulnero,attollo,assentator,atavus,73,65.0906170510349,68,caput,4,1,4,true,0.14591585019011166,2022-11-18T02:28:31.573Z,Thompson and Sons,true
67ff946b-9078-4a5f-97e6-9811ce75982e,2022-07-03T01:22:45.858Z,New Orleans,Missouri,Indonesia,32.8539,-64.5394,cognatus,vespillo,uxor,distinctio,subnecto,perferendis,vitiosus,44,137.3756842053375,63,compello,5,1,4,false,0.18389040821629168,2022-06-13T04:49:45.688Z,Murphy - Konopelski,false
e73a97e8-e5d7-42a7-b048-344eb20ab80b,2025-10-16T15:40:33.011Z,Vergieview,Virginia,Democratic People's Republic of Korea,-75.0814,14.8291,depereo,thermae,patior,curo,uberrime,certe,ulterius,68,104.93320035756868,57,ter,2,1,1,true,0.1275943515615302,2019-05-15T14:09:35.626Z,Larkin - Hermann,false