accident_id,incident_datetime,city,state,country,latitude,longitude,road_name,road_type,intersection_type,accident_type,weather_condition,road_condition,light_condition,speed_limit,actual_speed_kph,driver_age,driver_gender,casualties,fatalities,vehicles_involved,alcohol_influence,blood_alcohol_level,weather_reported_at,reporting_department,pedestrian_involved
b3ba8375-39cc-4970-a6f7-9983b5c12c94,2023-03-02T12:31:44.066Z,Orlando,Maine,Kuwait,65.8084,-178.3219,advoco,acceptus,eligendi,vulnero,autem,sponte,contabesco,59,211.69552592116779,33,conforto,5,2,3,false,0.20347909465869293,2024-06-14T20:29:37.857Z,Bergnaum Group,false
922eb9cf-298c-4aea-86e1-f550483705f9,2021-04-12T17:47:29.702Z,Fort Deonteside,Maine,Kyrgyz Republic,-18.5572,7.4602,viridis,aegrus,arbustum,acsi,voco,una,verto,59,160.90485481514676,97,thalassinus,0,2,4,true,0.18511308628605727,2023-07-25T00:19:50.435Z,Larson - Bergnaum,false
fa0d0dfa-804b-4b93-aec3-5c528e6aa344,2018-09-03T19:18:57.654Z,Warren,Pennsylvania,Indonesia,4.6256,165.2848,venustas,tantillus,laudantium,apostolus,theca,aliquam,clamo,104,59.278864733947984,74,depromo,4,2,2,true,0.05647179545290354,2023-11-06T10:11:20.027Z,"Lubowitz, Sawayn and Bechtelar",true
d9664ba4-1837-47f1-a2a8-fbfedc8ba2b4,2024-12-14T14:57:52.609Z,Port Waino,Delaware,Svalbard & Jan Mayen Islands,70.6984,-46.2134,thymum,bardus,sui,stella,aedificium,incidunt,expedita,32,87.55190868618249,94,ab,4,0,5,true,0.12783352893552252,2023-12-14T07:07:05.268Z,Macejkovic Inc,true
395c47d1-5d2a-4ae9-bf9b-705b429f4aa2,2022-05-14T08:18:08.920Z,West Tavares,Wisconsin,Libyan Arab Jamahiriya,3.5579,159.7258,vestrum,ipsam,subvenio,peior,acsi,apostolus,viridis,84,12.36351514171341,63,tabula,3,0,5,true,0.03726432405045199,2022-01-22T10:22:20.785Z,Howell - Gleichner,true
c2f36047-acc2-4c91-a41e-a84a6ce9ecb1,2018-07-10T09:06:26.572Z,New Frederick,North Dakota,Czechia,81.7524,86.1099,spiculum,amor,optio,cubicularis,sopor,debeo,colo,79,35.8721284193216,96,accommodo,4,0,4,false,0.10784796664470495,2018-01-30T10:22:38.029Z,Kuhic Inc,true
98c0f04b-2690-4419-a51f-b3ddafa7e297,2018-10-18T11:19:38.757Z,New Miguelchester,South Dakota,Saint Pierre and Miquelon,23.6512,139.6636,creptio,contabesco,templum,sed,vestrum,allatus,acies,97,93.40615558668637,90,demulceo,0,1,2,false,0.14540821588023353,2021-06-26T23:07:04.240Z,Heller - Champlin,true
b02eacb9-28db-4f25-9b84-14f3ccb3754b,2021-02-18T18:39:14.443Z,Rialto,Connecticut,Venezuela,58.2399,-162.9521,spargo,antiquus,aro,desparatus,comes,tollo,perferendis,26,115.73736027988201,82,delectatio,2,1,5,true,0.15355053309580685,2020-09-16T12:52:50.297Z,Kertzmann - Graham,false
b549b64f-6789-48ac-8884-6fa72bde099a,2019-07-05T22:57:38.056Z,West Nicolaborough,Kentucky,Armenia,-82.1356,18.3613,tantum,trucido,ipsa,atqui,vacuus,supra,admitto,83,190.55654063068422,81,vito,2,2,5,false,0.05818556295031832,2021-07-25T12:58:34.366Z,Brakus Group,true
3998cee0-979c-485d-a165-5bb0ed8f3bef,2024-09-04T04:14:13.565Z,New Valentinacester,North Carolina,Philippines,-71.9606,48.0976,congregatio,dolorum,vilis,cetera,tamdiu,sodalitas,absens,66,35.67574689251419,17,confido,1,2,3,true,0.027105797228467482,2024-10-26T21:31:24.632Z,Fritsch and Sons,true
c9ce8de7-3dbe-482c-a799-f8f670de8462,2020-01-26T22:00:16.366Z,Fort Monroe,Maine,Puerto Rico,-86.5786,41.8621,ad,tactus,depono,amplexus,terebro,confugo,volutabrum,69,221.93683963425087,91,contego,4,0,2,true,0.09981084820660688,2022-05-05T19:12:39.743Z,Marquardt - Sanford,true
8f096346-f126-4cc6-833a-16919d6a11f9,2023-11-23T02:33:54.953Z,South Edwinamouth,Arkansas,Western Sahara,-76.8663,-157.7046,vindico,quidem,acervus,talio,umbra,necessitatibus,accommodo,80,187.74550255216488,66,surgo,1,0,1,true,0.15887910628021926,2022-10-19T21:21:22.917Z,"Torphy, Mayert and Wilderman",false
9344d2fe-ca2e-47f4-9094-43bd18bdec53,2020-02-06T05:41:50.485Z,East Andreanne,South Carolina,South Georgia and the South Sandwich Islands,11.3467,-156.6001,delectus,custodia,terminatio,aliquam,velit,sophismata,uter,55,212.05850927739948,73,demens,3,1,3,true,0.22937604816473264,2023-03-18T07:38:10.836Z,"Kovacek, Mayer and Feil",true
e1d533c7-f92d-446a-bfdb-47810b00dc48,2021-08-10T15:17:37.207Z,South Jo,Pennsylvania,Yemen,23.4533,27.4335,vergo,textor,amoveo,degusto,canto,rem,argentum,126,155.3125061088442,22,tollo,1,0,5,true,0.23037226617624962,2022-03-31T13:47:29.214Z,Beahan - Marks,true
71c213d6-5cd2-48b4-b5ab-477090eb206b,2025-07-10T15:59:25.351Z,Canton,Kentucky,Russian Federation,-33.8767,76.7386,cattus,desipio,summa,adulescens,utpote,caste,appositus,22,107.11346509072006,56,confugo,0,0,3,false,0.23158950442912937,2022-05-14T21:16:48.486Z,Olson - Heaney,false
67e6078a-26b3-439c-9cc1-f289c7724d74,2023-09-07T00:04:16.587Z,Fort Huldaborough,Alabama,Cocos (Keeling) Islands,-58.4035,-127.5534,addo,supellex,capto,capio,vestrum,sopor,culpo,49,93.81235884509083,82,vox,6,0,3,true,0.12284954967329181,2020-07-19T21:16:45.115Z,Franey Group,true
1abaf152-56b1-4bed-a11c-ed22de4fa191,2019-01-23T03:02:16.054Z,Francesmouth,Indiana,Ireland,86.5533,-107.178,bellicus,amplus,aedificium,cunae,thalassinus,asperiores,valens,47,163.06044891942116,45,reiciendis,5,0,2,false,0.040132196589804825,2021-06-13T15:02:02.637Z,Jacobi Inc,true
fd090aa6-196c-46be-895d-ac8b992890d4,2018-11-14T15:47:06.161Z,Veumhaven,Connecticut,Malawi,74.8448,-11.0729,aestivus,suscipit,iure,atrox,decimus,sumo,vallum,55,80.3206729559003,53,delibero,3,2,1,true,0.08107595794304548,2022-08-31T10:34:17.021Z,Koepp Inc,true
01c76e87-396e-449b-a0f2-aa24a6d65d7c,2019-09-09T14:01:51.585Z,Athens-Clarke County,Arizona,Montenegro,68.1029,-53.1063,exercitationem,volva,callide,contabesco,valetudo,sufficio,commodo,127,151.24331199890003,64,vulnus,5,0,1,false,0.14482770597593192,2019-12-30T17:23:53.557Z,"Kovacek, Gutmann and Little",false
124f625e-31d5-4d0a-bb42-cd4825496bb6,2021-03-04T09:28:19.833Z,Lake Olafchester,Alaska,Honduras,20.3643,102.4059,illo,collum,benigne,rerum,viscus,vestrum,torrens,94,163.7214427703483,94,volutabrum,4,0,3,false,0.10061545171314956,2020-05-19T07:51:51.778Z,Barton - Kling,true
47fb22ec-953a-4d54-929b-3ee3c39f339e,2019-02-11T03:18:11.010Z,Ernestoland,Oklahoma,Malaysia,-14.3258,63.1538,verumtamen,trucido,delego,amplus,deficio,acsi,vicinus,102,124.51454246170009,82,trepide,4,0,3,false,0.1852401776226784,2019-12-22T04:29:30.603Z,Mante and Sons,true
b32da865-511f-47c2-bd2c-6b8881dc14d9,2018-08-10T17:41:57.448Z,North Gerhardhaven,Illinois,Mauritania,-25.5986,74.9814,convoco,excepturi,cilicium,aeternus,id,conculco,tertius,104,16.511394659897043,95,varietas,1,1,4,false,0.07991087346821449,2019-11-12T17:33:08.609Z,Grady LLC,true
b23f5a3f-cd62-490a-918e-f2d29f8b5a06,2023-11-26T17:43:35.402Z,Apex,New Jersey,Grenada,23.6761,-27.1079,adamo,damnatio,degenero,aeternus,mollitia,tersus,canonicus,59,200.05972877938055,76,distinctio,4,2,1,false,0.04713242893836969,2024-09-26T13:00:55.404Z,"Barton, Goyette and Quigley",false
80373768-7ac6-4823-81b4-359bcf7e4424,2019-07-07T19:03:49.094Z,East Ulisesboro,South Dakota,Suriname,75.8023,-152.0128,adhuc,sumptus,subnecto,chirographum,tamdiu,ut,voveo,67,233.52507383590034,68,delibero,5,0,2,true,0.07786225723474269,2019-04-13T06:15:47.678Z,Hoppe Inc,false
daabb584-1d1f-43fa-9437-900b2b2e66cd,2022-10-08T22:04:52.594Z,Wendellfurt,South Carolina,Wallis and Futuna,-83.043,95.6903,crustulum,vesco,tamisium,cunctatio,voluptas,talis,celo,121,145.88873469018472,35,alveus,4,2,2,true,0.08950912406458261,2019-05-02T12:21:26.376Z,"Conn, Berge and Rau",false
5c57e50a-6e1f-4dd6-a97d-5d9b8b51d5e3,2021-01-17T16:13:56.813Z,North Aryanna,Arizona,French Southern Territories,-32.5671,-176.965,crebro,verto,suggero,adsuesco,commodi,ullam,abduco,65,183.19438828937132,91,sollicito,2,1,5,true,0.14830608026956468,2018-10-02T07:34:14.295Z,Gibson LLC,false
4fb50373-9e66-4045-8a9a-01125da83571,2019-05-05T23:03:31.760Z,Danialburgh,Maryland,Bolivia,2.6754,-73.3732,cupiditate,damno,aeneus,celer,centum,crastinus,thorax,52,17.27272966525959,22,labore,3,1,3,true,0.06978406477567345,2025-09-14T18:16:22.238Z,Leannon LLC,true
d1c3c068-8bca-42e2-8e81-2c915816596d,2023-10-02T19:37:16.477Z,Youngstown,Arkansas,Japan,12.3187,-114.1792,acervus,aliquam,quidem,acer,atque,coerceo,arbustum,112,159.94358455217747,54,corrumpo,4,1,2,true,0.14959683292597187,2018-01-31T08:44:54.796Z,Heller - Klocko,true
565646a0-aed3-4455-bb84-07f5c354d81c,2019-01-13T07:03:24.783Z,New Mitchel,Connecticut,Cuba,69.4794,150.6181,temeritas,aliquid,id,aut,cotidie,tertius,statua,53,235.55675652179173,70,quaerat,1,0,3,false,0.12996389288777246,2020-04-24T23:58:26.556Z,Raynor - Runolfsson,true
000ddbc3-9a25-4c8b-9bbf-325ffc5d5824,2024-08-08T08:50:05.192Z,St. Louis Park,Colorado,Saint Vincent and the Grenadines,41.5181,-166.6859,beneficium,sonitus,autus,amo,taedium,ventito,architecto,79,217.1465916982739,57,bibo,3,0,4,true,0.0265334994264195,2019-02-05T21:53:01.078Z,Swift Inc,false
3d827bb2-ed85-4cc7-b652-17fe81de34fa,2024-04-01T13:38:19.258Z,Port Jeremy,Idaho,Philippines,39.877,-4.7869,balbus,maxime,aro,abbas,perspiciatis,spargo,confero,56,47.98236327089641,84,deficio,3,2,2,false,0.21877921024367755,2021-06-05T12:37:06.094Z,Becker - Herman,false
6a51090a-acda-4d92-96e4-a7fb1c27b945,2025-10-01T23:23:58.594Z,West Katlynnstad,Maine,Hungary,14.5603,-8.6625,coniuratio,debitis,distinctio,laborum,vesco,volubilis,sapiente,117,14.720402894397768,74,asperiores,3,1,4,true,0.06881324156972188,2022-06-23T15:57:25.361Z,Hagenes - Zulauf,false
0ef5bde1-0524-46db-9ef4-5dc95d482185,2018-07-02T21:00:37.132Z,West Jeromyberg,Arkansas,Vietnam,-46.1245,131.2681,coruscus,thermae,nisi,caelum,deficio,natus,patrocinor,32,77.19340935469833,45,cibo,5,1,3,false,0.12281865104311407,2025-07-03T08:27:57.700Z,Howell - Harber,true
18849181-3bca-4f87-9392-b11b0b727482,2024-09-06T12:34:56.115Z,New York,Utah,Poland,-57.1956,165.1322,timidus,bellum,cogito,tabernus,conturbo,degusto,conventus,84,176.21936566101147,36,tam,6,1,3,false,0.17810227700152936,2021-01-16T15:36:23.007Z,Auer - Schumm,true
9df3f9fc-f1f3-4d3b-b171-2dc22e1dead1,2020-01-21T05:16:02.659Z,Laredo,Maine,North Macedonia,-8.6087,1.3172,atqui,volo,vespillo,vitium,bestia,vociferor,acerbitas,115,172.69115870514432,68,similique,0,2,2,false,0.15346457331033514,2019-08-09T16:44:33.935Z,"Trantow, Jacobi and Zulauf",false
09ce9e2a-8efb-4c3d-bb0a-7e8c844d728d,2023-03-17T16:33:14.506Z,Biankabury,Pennsylvania,Congo,-17.0489,118.6246,decumbo,cresco,contra,abscido,quo,cultura,stipes,120,219.02248730104066,93,vehemens,1,0,3,true,0.132396690798135,2023-03-12T15:14:26.089Z,"Murphy, O'Keefe and Murray",false
f5c8d42f-1fcd-4e6b-b654-4df49a81fa6b,2023-05-14T07:47:49.084Z,Fort Neil,Virginia,Maldives,-11.5818,-112.6191,repudiandae,terminatio,suffragium,coerceo,vomica,adstringo,molestiae,81,114.19320498479289,29,paulatim,4,1,2,false,0.07611467944783215,2023-05-09T05:40:48.534Z,Padberg - Rogahn,false
89a42327-4d56-4242-ba39-5555291c5996,2022-01-05T18:44:49.118Z,South Margarett,Ohio,Republic of Korea,24.3998,-145.0949,decet,assumenda,dignissimos,amet,arguo,vivo,accedo,92,111.32376544205981,21,comes,1,0,2,true,0.06780202604218952,2022-11-04T00:17:07.167Z,Altenwerth - Zieme,true
eb801cee-95fd-436e-ba42-49be603ac255,2022-02-27T02:30:05.968Z,Rogahnboro,Alabama,Liberia,19.6098,31.0848,pecus,tibi,sustineo,beatae,via,admiratio,abbas,84,105.44863269008813,75,degenero,4,2,2,false,0.14226615781530208,2024-03-30T13:49:21.473Z,"Kulas, Langworth and Legros",true
8bf6c38c-6b32-42f0-98be-db3276f16c13,2023-11-12T22:43:30.455Z,Longview,Washington,Greece,13.2381,-66.8456,temperantia,vorax,tener,vere,rem,aeger,aperio,86,167.82715188834632,99,degenero,4,1,2,true,0.22443924350272823,2021-01-29T03:39:59.459Z,"Bauch, Jones and Renner",true
6d947fea-9839-4e50-8c37-69f9f599da16,2025-05-05T22:55:23.185Z,North Ambrose,Delaware,Canada,-20.0319,173.4858,aetas,cimentarius,suffragium,trado,tondeo,aggredior,praesentium,69,106.60172280223992,30,explicabo,5,0,1,true,0.03224998540753987,2018-08-26T04:55:23.406Z,Kerluke and Sons,false
35d4d368-6ab0-4a00-ab8f-f078e308f6fa,2019-11-13T06:21:39.246Z,Sandy,New Jersey,Heard Island and McDonald Islands,31.4331,155.0849,decet,conitor,succurro,cibo,vigilo,agnitio,cado,70,224.06591504306024,29,ter,1,2,4,false,0.08339680202856631,2025-10-30T21:26:23.383Z,Balistreri LLC,false
33cdf22b-9048-4758-9327-bd919f68ddba,2025-06-16T05:12:14.234Z,Roswell,Alaska,Holy See (Vatican City State),-65.5312,-31.2982,subnecto,caute,auxilium,cum,tamdiu,vicissitudo,corporis,46,173.86578008987442,40,odio,3,1,1,false,0.1113129805529702,2022-11-27T03:33:26.294Z,O'Connell Inc,true
1bb5b2a1-3684-483b-973f-90411234f5d1,2020-01-05T21:33:48.481Z,Isabelleville,Kansas,San Marino,89.9525,13.8181,copiose,cena,vinitor,curia,ademptio,ventus,cicuta,127,67.94149221774666,26,collum,2,0,4,false,0.04787705490898589,2025-07-04T20:09:13.280Z,"Jast, Brekke and Jaskolski",true
942c0e90-df8c-423c-9d6e-abddc8248bfc,2021-06-08T18:13:46.756Z,Hollywood,Arizona,Western Sahara,-39.5268,16.5965,dens,cetera,aurum,explicabo,crux,tamisium,perferendis,63,8.433882379064439,99,vox,0,1,4,true,0.07763876354771304,2024-04-30T06:37:23.728Z,"Fay, Feest and Greenholt",true
ae8d298f-2866-4370-a450-5b628c839c51,2018-07-03T15:12:17.454Z,Fort Jena,Nevada,Serbia,-54.9432,138.8583,terminatio,terebro,uredo,officia,somnus,advoco,cuppedia,43,230.5886625720172,53,volup,2,0,1,false,0.20110922907747797,2021-10-30T01:45:36.202Z,Larkin Inc,true
1da6171e-90f0-46af-b81f-631266b9891a,2022-02-07T09:13:23.903Z,West Abelfield,New York,Nigeria,16.5081,-131.9942,vir,aeneus,agnitio,officia,recusandae,approbo,cena,99,201.1657544555105,62,impedit,2,1,2,false,0.1670770079273935,2020-11-14T23:46:08.783Z,Sipes - McKenzie,false
2a73255f-b3bd-430c-8bdf-498b736a7e6f,2018-10-10T18:07:43.632Z,Shakirabury,Wisconsin,United States of America,-60.6827,-120.5357,cohors,speculum,blandior,calcar,assentator,statua,corona,79,233.5840167790703,35,caecus,1,0,2,false,0.04390580324773549,2020-10-14T23:38:45.583Z,Haag LLC,true
3c89139b-0a31-486f-a6d3-d108917380ca,2025-07-01T02:57:47.584Z,Framingham,Alaska,Bouvet Island,50.6897,-24.4588,vestrum,fugit,nemo,cimentarius,solvo,tenuis,solum,34,73.48184159722757,92,accusantium,4,2,3,false,0.06878619320767992,2025-11-14T15:09:19.900Z,Klein Group,true
8b369085-a87e-4158-b401-b07aed7111ca,2019-07-28T17:28:15.689Z,Hiramville,Alabama,Vietnam,-46.2296,170.4166,explicabo,infit,colligo,voluptas,amplexus,itaque,summisse,85,167.413955934464,42,confero,3,1,4,false,0.12829679593836935,2022-04-21T04:03:11.027Z,"Kovacek, Gottlieb and Smitham",true
34769d35-73c4-44fa-824b-0af4215ef259,2024-01-04T20:52:17.349Z,Jersey City,Idaho,Myanmar,-58.2572,25.9131,tyrannus,vestigium,minima,correptius,vigor,cumque,arcus,87,208.0402802443556,97,vinum,1,0,1,false,0.1987671389943674,2025-02-28T01:05:17.098Z,"Hammes, Cormier and Labadie",true
1c2ec792-a2d0-4c47-8d49-e6a5cd3f6106,2022-07-22T10:33:21.122Z,Fort Myrtisberg,Massachusetts,Guinea,-80.7286,-96.9823,venio,animus,aro,aegre,atqui,minus,blanditiis,99,154.9201992230922,91,defendo,2,1,1,true,0.07354316066548708,2020-10-26T12:03:03.409Z,"Bradtke, Krajcik and Schmidt",true
9426c087-c06d-4c02-82b9-1763eefb899c,2019-03-17T12:19:51.686Z,Smithamfort,Texas,Namibia,63.9539,106.947,adulescens,sodalitas,ipsa,supra,ante,valde,triumphus,104,121.83943543000494,55,minus,5,2,5,false,0.07566530631714058,2018-09-12T11:42:50.155Z,Keeling - Little,false
fd690ada-829d-48e6-bc98-96b9b6feed3c,2018-08-08T12:39:59.286Z,Marysville,Mississippi,Andorra,-55.6721,-76.8568,conforto,terror,clamo,terreo,atqui,consuasor,enim,86,69.42113004990067,54,aeneus,1,0,3,false,0.07706755712309357,2023-05-09T02:46:43.301Z,Lebsack - Wilderman,false
7e63e23a-7d14-4c90-85b6-93059048df52,2025-07-14T16:17:11.134Z,San Luis Obispo,Kentucky,Argentina,60.1653,-9.0622,centum,attero,aureus,aegrotatio,adopto,harum,corrigo,92,68.97793665763498,76,confido,5,0,1,true,0.22938291644808584,2025-12-31T23:30:15.021Z,Towne Inc,false
d7be45a6-1916-4290-985d-02bd4688aeb4,2020-07-08T11:54:01.889Z,Schowalterfort,Missouri,Libyan Arab Jamahiriya,-84.4433,-165.048,aspicio,blanditiis,esse,synagoga,una,territo,vulgo,89,167.08606121878876,50,villa,1,1,1,false,0.17583773752819498,2025-08-22T00:58:10.903Z,"Reilly, Murazik and Toy",false
04f8ee70-3568-4a35-8a28-07a4e982e0ed,2018-01-28T12:19:17.490Z,Ramiroside,Vermont,Switzerland,-59.9159,114.2944,vulariter,comburo,minima,viscus,unus,theologus,aiunt,113,207.8758586092778,73,crapula,4,2,3,false,0.08614885892383298,2020-07-02T17:37:32.524Z,Kshlerin Group,true
ec2134eb-6721-46f7-86d3-bc737de45877,2024-11-03T21:31:04.402Z,El Cajon,Georgia,Antarctica,20.4593,-27.0536,acsi,bos,alveus,umerus,temeritas,testimonium,calamitas,42,69.17690652937024,58,curvo,2,1,3,true,0.09982582124801381,2019-08-21T14:16:18.937Z,Kshlerin - Williamson,true
9ed4c19a-1748-444e-b6bd-8f3c9ccb7491,2022-06-09T12:33:48.661Z,Port Andreannebury,Michigan,Guinea-Bissau,-76.6377,-32.4167,ocer,decimus,curiositas,temperantia,suggero,quod,subito,40,54.20766501772736,74,cedo,3,2,1,false,0.045778891650003345,2020-11-02T16:33:12.269Z,Hills and Sons,false
08dd85a4-23cf-4295-9073-a41b7ed4e4f1,2018-12-18T10:10:49.080Z,New Imani,Connecticut,Rwanda,20.5009,-41.2114,cogito,statim,versus,cubitum,vinco,subito,vindico,98,191.96521945322593,94,custodia,2,0,4,true,0.18463806279394848,2020-02-03T16:44:25.861Z,O'Conner - Waelchi,true
56b28747-6edc-43cb-9101-b0cd5e5d94ab,2022-05-17T01:01:34.741Z,Mittieside,Ohio,Andorra,-82.403,143.7622,arguo,sumptus,peior,sollicito,vulariter,consectetur,appono,58,13.027684743797447,20,aspicio,2,1,3,false,0.10488448828979868,2020-07-09T05:27:51.037Z,"Robel, Runolfsson and Purdy",true
1e46dfe2-0607-40ec-a46c-ddfcd9011a67,2021-07-31T20:01:39.587Z,North Oscar,Idaho,Spain,61.3347,39.5891,capio,vociferor,confero,adhaero,cogo,inflammatio,doloremque,83,216.01492067757542,16,curo,3,1,2,true,0.15575984968461792,2024-02-04T22:52:49.852Z,Leffler - Hyatt,false
d8198701-f863-4583-b402-e82a6e7682f2,2023-06-11T21:09:02.668Z,Fort Lewcester,Oregon,Botswana,34.6664,130.5948,crustulum,causa,praesentium,magnam,eius,aegre,cervus,50,34.39566220934729,58,audentia,6,1,4,false,0.17803017805541338,2022-04-11T17:52:20.948Z,"Rosenbaum, Beer and Becker",false
5d9d1dac-94cb-4c1f-af93-f5ebbfc9b4ab,2020-04-17T16:06:56.310Z,Dixieboro,Texas,Togo,-37.0699,24.1601,cito,arma,amaritudo,culpa,denuo,at,vapulus,118,198.2811657608712,97,curso,1,1,3,true,0.019133636336310045,2018-09-28T19:42:45.526Z,Pollich Inc,false
b47a1687-69af-40a4-b31a-e12a47543ebe,2023-05-18T10:05:59.541Z,Martincester,Arkansas,Antigua and Barbuda,-43.1819,-125.6306,audacia,adnuo,voluptates,vulticulus,vulnus,advenio,supellex,44,162.27950984191384,38,ancilla,2,1,3,false,0.1802961039893617,2020-12-01T05:59:59.860Z,"Gorczany, Herman and Nader",true
d0e0cb97-de58-488c-bd1f-2cedb022fcbc,2020-06-20T17:42:18.301Z,Millerstead,South Carolina,Canada,-76.1556,125.5215,creo,deficio,tubineus,surculus,tergiversatio,strenuus,copia,31,14.217921718796607,97,tutis,5,1,2,false,0.0038945135320823665,2018-05-22T05:27:32.099Z,"Hackett, Jacobs and Streich",false
048ddcc1-b6e1-4b7a-b0b1-d9eef4070772,2023-08-20T09:43:59.940Z,McKinney,Florida,Poland,-18.9413,125.3868,caput,aestas,substantia,terminatio,cilicium,vinum,tonsor,115,37.16055953247418,95,celo,1,2,4,false,0.13306612325937242,2020-12-21T11:16:54.342Z,"Oberbrunner, Heaney and Medhurst",false
6954cc0b-7d79-4dc3-8037-f9c0137d9bac,2025-12-28T15:29:31.395Z,Weymouth Town,Vermont,Jersey,-25.7385,-36.7155,adficio,carpo,casso,suppellex,viriliter,sol,accendo,71,24.78976722019537,41,celebrer,0,1,1,true,0.2443862712800524,2019-05-23T03:38:17.996Z,Gutmann Group,true
c937ef18-2ae2-4117-8298-a51a605166b2,2019-09-16T19:52:40.913Z,Port Russell,Texas,Cayman Islands,-66.7197,172.2528,quos,neque,viriliter,aggero,demitto,adimpleo,demitto,127,41.532356352560825,80,adulatio,5,0,5,false,0.2283773902089092,2022-11-21T11:49:52.586Z,"Torphy, Rau and Monahan",true
7d23e92e-ccd0-44f1-8854-96c685ba5087,2024-11-09T19:15:15.341Z,Port Jace,Utah,Qatar,56.1737,104.6706,aeternus,concedo,verbera,veniam,aedificium,dicta,quis,93,25.11870831054192,51,terra,0,2,2,false,0.16229153058773857,2019-08-25T20:24:20.018Z,Wisoky - Okuneva,false
de1a7335-506b-40f0-a596-758fc5b7e8ce,2019-09-18T03:18:42.671Z,Welchland,Georgia,Brunei Darussalam,-48.1475,-20.4383,tyrannus,colo,quaerat,somniculosus,avaritia,abstergo,cupiditate,107,69.75169397194678,97,curia,6,1,3,false,0.2455668574580935,2023-08-17T10:28:33.481Z,"Emmerich, Wyman and Crona",true
aebcf27f-4f88-45e2-aadd-f344d353cedf,2024-01-20T04:24:05.536Z,East Brigittefort,Massachusetts,Guyana,46.5161,21.4958,tremo,adduco,adsum,cerno,demoror,claustrum,rem,69,15.103055705544426,34,adhuc,1,1,2,false,0.1464751460850989,2018-08-26T17:45:53.759Z,"Hackett, Ruecker and Bosco",false
6aef7c6c-e177-4920-a484-8fe9fe49300a,2019-03-09T18:23:35.774Z,Abbottchester,Indiana,Vanuatu,-9.1502,-98.994,soluta,super,coepi,subito,neque,cumque,valeo,85,14.616054804947236,25,arbustum,4,1,4,false,0.07962549594394652,2022-12-04T23:24:32.959Z,Langworth LLC,true
235a8b7d-2534-416d-bad5-1eef1313fa43,2022-03-22T18:42:28.113Z,New Kaley,Utah,Kuwait,-62.0775,129.9849,bardus,fugiat,astrum,utpote,vigor,velut,saepe,95,27.913803810536713,40,trucido,4,2,5,true,0.2021509044799672,2018-02-23T00:16:46.624Z,Gleichner Inc,false
bff88129-4bba-4dc3-bcb5-31db76368d40,2019-03-05T01:22:39.845Z,East Anastasia,Colorado,Aland Islands,66.757,79.5268,alius,compello,averto,cito,placeat,aspernatur,taceo,75,9.654560876270644,79,peior,2,0,5,false,0.024161588394549655,2020-11-03T10:30:35.433Z,Wisozk - Anderson,false
e6a923fd-abbc-42f2-92a9-fa6ade66b558,2018-07-07T09:49:21.786Z,University,Kansas,Poland,53.9872,142.3366,nobis,curiositas,tergeo,benigne,vix,acsi,summopere,29,63.38008117147048,67,commemoro,0,2,2,true,0.13493249980229935,2025-02-05T08:32:13.996Z,Blick - Fay,true
afb1a6af-9744-4c72-9750-ab66f61cfc98,2025-11-26T19:12:34.407Z,New Emerald,Georgia,Cambodia,-39.8741,-157.5423,cimentarius,suggero,labore,vereor,tenax,dolor,sublime,49,64.23288405048461,66,depereo,2,1,1,true,0.2157642132906955,2018-07-23T03:19:48.891Z,Mayert - Rodriguez,true
91cb1455-f30b-4c0a-abfe-e46a2e0916e4,2018-12-02T13:31:13.771Z,East Loyal,Rhode Island,Mauritius,-75.6199,65.4381,cohaero,centum,totidem,volutabrum,aedificium,ventosus,cogo,46,184.49630773540352,99,acerbitas,1,0,5,true,0.22105650803324026,2025-01-21T12:28:02.485Z,O'Conner - Mohr,false
bd97c8c3-cd18-4cc1-8356-1e225f4e1668,2020-08-02T02:50:43.294Z,San Luis Obispo,North Carolina,Heard Island and McDonald Islands,37.727,138.9337,ter,possimus,amplexus,cibo,aedificium,velut,uterque,60,38.281501477077015,99,tonsor,6,0,3,true,0.11751571013503578,2022-08-06T04:08:36.171Z,Mann LLC,false
61e27b96-de74-4c2e-9912-d5e15fab88e7,2021-07-10T02:35:53.851Z,Fort Savion,South Carolina,French Guiana,52.5632,-140.3936,vilitas,tenetur,patior,canto,tametsi,caelum,vulgus,85,28.759960525141715,16,vulgus,1,0,3,false,0.025452153623941653,2025-06-23T15:18:03.889Z,Harber and Sons,true
f5cb6928-90a3-443c-b7e4-19e0fb2eb721,2025-08-29T18:15:28.259Z,Willardside,North Dakota,Tunisia,-50.719,13.4644,videlicet,ipsa,cubicularis,turpis,conatus,numquam,patrocinor,62,158.98692522017984,61,adiuvo,5,1,4,false,0.062067090141846804,2018-10-27T23:07:56.158Z,"Shields, Denesik and Lueilwitz",false
a6e10b81-95e7-4530-baa8-0279d45b650f,2020-09-26T14:18:42.935Z,West Seneca,Pennsylvania,Belarus,-48.9164,107.6075,ars,agnitio,desolo,desolo,attonbitus,speculum,corroboro,108,219.40633509132093,94,cognomen,6,2,1,true,0.0929566360296318,2023-03-17T09:23:19.594Z,Zulauf - Collins,false