accident_id,incident_datetime,city,state,country,latitude,longitude,road_name,road_type,intersection_type,accident_type,weather_condition,road_condition,light_condition,speed_limit,actual_speed_kph,driver_age,driver_gender,casualties,fatalities,vehicles_involved,alcohol_influence,blood_alcohol_level,weather_reported_at,reporting_department,pedestrian_involved
4761d5ae-9e7b-404d-a3cd-a2fe8ebfb72a,2019-05-06T19:03:14.080Z,South Romaineshire,Colorado,Tokelau,-27.5198,49.4375,recusandae,sum,quae,admitto,cotidie,artificiose,vicissitudo,84,43.64299138632514,28,subvenio,6,0,3,true,0.18300545266395193,2019-07-20T16:55:34.352Z,McClure and Sons,false
b38527af-8377-4910-85e4-bb5f7c83ae09,2025-02-16T02:10:31.995Z,Johnstonbury,Virginia,Kyrgyz Republic,-33.6176,-37.3451,sunt,deduco,pecus,sed,voluptatum,suggero,aetas,71,190.17808627377968,66,demitto,2,0,3,false,0.16193869712652434,2021-03-16T05:31:47.449Z,VonRueden - Dickinson,true
93423c25-f26b-4e00-ac69-9bb1b0426a75,2020-03-26T08:23:40.000Z,North Kellyview,Vermont,Bermuda,54.4946,76.1339,cena,bibo,eos,verecundia,canis,uxor,defluo,116,169.52096673480094,89,viridis,0,1,1,true,0.012351928425567704,2025-06-12T05:32:45.553Z,"Grant, Erdman and Steuber",false
58ce8fc1-d9ad-404f-aa0b-fc761e663963,2021-12-23T08:44:35.883Z,Modesto,Tennessee,Estonia,-51.1251,111.7476,coma,capillus,vergo,complectus,paulatim,desolo,balbus,81,9.440789334804931,84,veritas,0,2,2,true,0.11032757889228337,2023-03-01T22:29:57.013Z,Steuber Inc,false
0fffb8ab-0abd-4c08-a637-5ab2b08dca06,2021-03-27T21:17:30.558Z,East Libbyside,South Carolina,Vietnam,74.0766,18.8959,cubicularis,sollicito,carpo,canis,traho,conspergo,nobis,86,68.95947661002624,28,stabilis,5,2,1,false,0.11011629827035091,2021-01-03T11:47:40.367Z,Bahringer Group,true
3a10dcf8-75b8-4d20-a425-26e04acd295f,2018-08-18T20:44:18.821Z,Castro Valley,Oklahoma,Seychelles,7.2894,-163.7427,coerceo,agnosco,cilicium,sum,cunae,crux,pauper,44,85.3833459638467,95,ventus,1,1,3,false,0.17597721635802044,2022-03-02T10:39:25.324Z,"Miller, Schmidt and Schumm",false
b5d10ad7-f384-43c2-9981-fd29df36fc3e,2023-08-10T02:14:24.878Z,East Israelboro,Oklahoma,Papua New Guinea,60.746,175.0512,comedo,versus,tui,defleo,usus,sui,tunc,125,79.88589669504901,59,tepesco,2,2,4,true,0.16324827611065204,2020-01-17T22:04:13.771Z,O'Kon - Blanda,true
2aab4bbc-7705-4ba8-8d00-0edc971cf054,2023-02-14T05:46:24.972Z,Goodwintown,Georgia,San Marino,-3.1194,72.2396,strenuus,averto,crudelis,illum,deserunt,pax,aperiam,84,19.47191575102936,33,titulus,6,2,4,true,0.09554277073182402,2022-10-26T20:13:23.734Z,"Lebsack, Kertzmann and Howe",true
d7281fec-daa9-4fa5-b68f-79923ca26f2d,2023-07-25T14:00:10.955Z,Elmhurst,Idaho,Cayman Islands,38.2988,76.1789,appono,validus,alias,thesis,ambitus,vinco,tenuis,113,78.10122484930898,61,armarium,0,0,4,false,0.14246694385796524,2023-02-19T07:56:11.505Z,Welch - Collier,false
99b2f3b1-d0fd-4e32-a62b-08d24bb12f70,2022-06-20T04:25:48.810Z,Nikolausbury,Alabama,Liberia,-28.9208,-169.834,adamo,velut,adipisci,adaugeo,adsuesco,versus,quam,51,47.39322383255836,24,arcus,5,0,4,false,0.022784131467723984,2025-11-14T00:17:42.845Z,Grant LLC,false
7ea4fb57-7212-499f-be26-5c26dad54255,2020-08-25T18:39:55.319Z,Wunschtown,Kentucky,Trinidad and Tobago,36.3149,9.0766,theca,ex,benevolentia,altus,vulgivagus,quos,quo,31,161.51443447351963,95,cursim,4,0,1,false,0.13549260074543165,2024-08-02T04:36:38.437Z,Rutherford Group,true
1cd15636-8793-4834-a0e0-e055181b1ba5,2023-11-16T17:37:13.179Z,West Alexys,New York,South Sudan,-66.7718,56.6264,annus,sui,corporis,alii,acceptus,pauper,curvo,90,116.65103022944312,57,repellendus,4,2,1,false,0.13864329483095278,2019-03-25T08:02:12.869Z,Thompson Group,true
3c9c72e7-934c-4973-81c6-4ccda71b1832,2019-02-10T01:48:29.489Z,Funkchester,Colorado,Austria,-24.9217,148.8906,accusamus,tamen,deputo,suasoria,adiuvo,pax,veritas,91,179.4789967356373,21,minima,2,0,2,false,0.01468992636958591,2023-03-14T16:43:46.612Z,Herzog - Hahn,true
5f7274a2-a250-4489-b8a1-1c7fa44a4db7,2024-02-19T13:21:25.991Z,Nitzscheboro,Oregon,Holy See (Vatican City State),-15.4842,-116.5605,uterque,deprimo,conspergo,temperantia,textus,temporibus,alii,79,121.6308589733191,74,temptatio,6,1,1,false,0.011205798424124974,2024-01-24T11:21:59.161Z,Stracke - Schuppe,false
a6cff330-240d-45e2-9553-fb8f3b2f1b4b,2021-11-29T22:55:07.145Z,Towneberg,Ohio,Greenland,-47.8323,81.3986,uberrime,universe,soleo,admoneo,conscendo,suppono,adopto,87,161.7222557180428,88,sto,2,1,3,true,0.1918551770393411,2025-09-18T03:36:16.652Z,Donnelly and Sons,false
80de97d9-8e81-49f2-9c7a-326852da8cc8,2023-09-25T20:46:53.614Z,Littelcester,Virginia,Micronesia,-8.1638,-40.6293,aliqua,bis,tabgo,sint,capto,inventore,nobis,51,72.03384271745679,21,approbo,0,0,4,true,0.10980193866186683,2018-05-22T09:31:28.190Z,Keeling Inc,false
00308c86-25c8-44e0-afb9-8f59eb394a36,2022-04-27T14:14:48.587Z,Haneboro,Connecticut,Togo,19.2877,70.7605,administratio,desino,tripudio,venia,cuppedia,cotidie,ademptio,119,23.668001101670253,25,vesper,3,1,5,false,0.18859417253252353,2024-11-10T16:02:18.599Z,"Cremin, Weimann and Bogisich",true
d247db97-0ae8-4056-b9bf-00678eb0a6e9,2021-02-23T13:12:16.606Z,Zemlakchester,Wyoming,Tunisia,-43.6301,-11.1882,voluptatem,desidero,eum,sollers,aduro,corrumpo,recusandae,54,238.8366954402443,73,comminor,3,1,5,false,0.22724683526223527,2021-05-31T02:40:39.967Z,Little - Lubowitz,false
408dc190-e07d-4b58-a2ee-6729bace6089,2020-10-02T00:19:47.323Z,Yucaipa,Tennessee,Mongolia,80.5722,-121.3574,carpo,cupio,denique,usque,tum,tutis,tersus,80,27.587187130704393,18,sed,6,2,2,false,0.13418976374698227,2023-12-24T11:49:12.646Z,"Stehr, Harris and Schmeler",false
b4e8bbf6-8d8c-4850-8e34-f84616891d48,2019-10-30T22:17:54.926Z,North Elvisside,Idaho,Bouvet Island,85.9689,166.1746,nulla,ambulo,copiose,bardus,comprehendo,aggero,utrimque,117,131.28259774855943,56,aperiam,2,1,2,true,0.026935900102709687,2021-01-13T11:07:52.116Z,"Dach, Adams and Lubowitz",false
cb89912d-304f-46bd-9e1b-4b3dc733c636,2022-04-23T23:26:39.006Z,Port Francesco,Oregon,Iran,-49.5219,-108.6902,repellat,optio,vereor,vallum,creptio,clam,cogito,99,153.9871042290953,29,tollo,6,1,3,true,0.12672585556390406,2018-09-11T07:28:27.625Z,Boyer Group,true
2d101bfe-7341-47be-806f-31fdd9f6922e,2022-11-11T04:42:23.076Z,Dawsonside,South Dakota,Belize,-40.6648,171.0394,vulnero,curatio,trucido,natus,adeo,conservo,denego,114,225.80255865032478,31,vinitor,0,1,2,true,0.11521905014037218,2021-07-05T04:37:36.166Z,"Yundt, Bosco and Towne",false
83bb9bd8-1148-4fc2-b5ac-763ff78d8abb,2018-01-26T15:11:53.271Z,Chula Vista,Washington,Australia,-48.8391,-62.7663,facilis,cado,blandior,triduana,abundans,corrumpo,strenuus,110,119.19392999625343,95,verus,3,0,4,true,0.1327860971137708,2025-12-16T02:04:33.255Z,"Auer, Kuhic and Lesch",false
e2c794fa-bc02-4ca5-8094-51259b490b9d,2023-06-22T08:16:23.414Z,New Darrickburgh,South Carolina,Cocos (Keeling) Islands,35.16,8.4075,cogo,conqueror,ventito,compello,ubi,bonus,ante,60,53.738542189775835,17,sortitus,0,2,2,true,0.1765821780303608,2019-08-01T06:12:31.308Z,Streich - Kertzmann,true
bc33b4e0-7abd-4b3c-bca7-50cf044c4e94,2023-05-03T02:55:44.222Z,Titoborough,Washington,Pakistan,78.1238,-166.2755,color,patruus,esse,bibo,velum,absque,tyrannus,83,48.36186472247257,56,necessitatibus,4,0,4,true,0.1172594171848266,2022-11-07T09:26:08.528Z,Bayer - Champlin,false
50217929-d4e6-4a0d-90ae-fe0538f37a76,2021-10-04T21:45:27.937Z,Marietta,Oklahoma,Cote d'Ivoire,-53.7207,-54.5054,a,vitiosus,officia,accommodo,sortitus,video,talis,108,30.14423476127126,28,comedo,0,2,5,true,0.19347473961157824,2021-06-22T19:45:13.717Z,Gorczany Inc,false
6c78fa1d-d174-4153-a621-fae87291979e,2020-12-31T07:06:27.146Z,Fort Seanland,Washington,Niue,31.9458,100.2809,cetera,canis,depono,capillus,attero,deleniti,demum,98,41.02213833828789,22,perspiciatis,4,1,3,false,0.09141063736430169,2022-09-01T19:36:11.578Z,Reynolds and Sons,false
15aa1e81-0f0d-44ec-8fb0-d92c2fa5badb,2023-08-01T23:10:23.621Z,Ravenworth,Illinois,Latvia,16.8508,-135.3361,velit,solvo,umquam,verecundia,supplanto,stipes,absconditus,96,219.68610499955608,59,caute,3,1,1,false,0.06493130908388234,2018-02-04T08:05:06.053Z,"Bartoletti, Yost and Davis",true
dc2caef9-977f-482d-a331-3496a6159799,2021-07-31T09:21:18.888Z,Santa Cruz,North Carolina,Micronesia,-7.847,-49.6955,argentum,porro,nisi,explicabo,delectatio,armarium,autus,62,22.471712293362316,35,amplus,4,2,4,true,0.15158884535254877,2019-06-08T18:40:54.747Z,Schoen - Jenkins,true
163b9088-8e0b-408a-a747-1a06deb02913,2023-05-08T05:32:21.567Z,Okunevachester,Arkansas,Croatia,-2.0915,44.9483,numquam,terminatio,cito,decumbo,vorago,universe,summisse,32,90.1384626151473,41,copiose,6,2,2,false,0.17617983664772127,2025-05-25T23:25:51.137Z,Bergstrom Inc,true
9378bae8-9424-43d9-9de6-8d63456c492d,2023-01-06T19:51:22.257Z,Port Cordellfield,New Mexico,Puerto Rico,-53.598,75.4755,cruentus,corrumpo,carpo,tricesimus,templum,crinis,verbera,105,78.12918060256513,44,validus,2,1,5,true,0.21046939280493276,2018-04-07T10:22:16.738Z,"Emard, Morar and Rice",true
d025316b-b6a7-4375-8c79-5d4e5f3afe28,2024-03-08T21:31:35.344Z,New Maudieborough,Vermont,Afghanistan,67.0939,-39.159,quos,ago,coerceo,cupiditate,caterva,termes,degenero,27,136.84055018075344,47,ceno,5,0,4,true,0.16620232279229022,2024-12-04T19:28:01.117Z,Schulist and Sons,false
c3b9f20b-b2c9-4c18-92a4-5062fd7a6a1c,2020-08-11T11:03:10.637Z,South Joelle,Minnesota,Tajikistan,-61.0426,-9.6318,ater,assentator,angulus,audeo,tendo,statua,provident,58,220.92541839124107,36,canto,3,2,2,false,0.20126756485323932,2018-07-21T03:55:32.485Z,Wolf - Predovic,true
0090ef57-7d5b-42d3-8704-14aa845915bd,2019-03-11T11:30:33.642Z,Paytonview,Texas,Puerto Rico,77.8539,159.968,alii,nihil,iusto,cimentarius,consequatur,causa,candidus,92,135.57843973559446,50,neque,4,1,5,true,0.0694004814814124,2019-11-14T04:11:50.257Z,Smith - McGlynn,false
8469cf46-e401-4b38-b262-4c14947c7925,2025-08-05T17:42:05.056Z,Port Marcelostad,Missouri,Ecuador,-0.6462,-138.3004,perspiciatis,timidus,vulgivagus,aperiam,angelus,aranea,damno,52,227.87549391953627,66,vivo,2,1,1,false,0.13708260731325958,2023-01-06T18:05:22.373Z,Cremin Inc,false
97d98161-2615-4619-9227-ded3d8177c36,2018-06-17T23:33:15.145Z,Josefinaview,North Carolina,Syrian Arab Republic,59.3894,100.5749,solvo,amo,amissio,atqui,saepe,ascisco,defero,106,75.81380724411267,80,decimus,1,1,1,true,0.10925779678864969,2018-12-30T13:36:54.059Z,"Crist, Huel and McLaughlin",false
e3daf945-aba2-4a4d-b81c-270695f893fb,2020-03-12T11:20:10.955Z,North Elmofurt,Rhode Island,Kazakhstan,16.7456,154.546,vinco,dedecor,alo,ater,taceo,ultra,sordeo,77,93.10530303155869,41,solus,3,0,1,true,0.02659198741828181,2025-08-22T08:27:33.938Z,Nicolas - Daniel,true
f0afaa0e-fd19-40cd-852b-0b26c53146b2,2019-10-24T06:53:09.336Z,Luisatown,Delaware,Senegal,31.9156,5.0234,a,solitudo,conventus,amiculum,coadunatio,cedo,aranea,95,126.77172805473273,83,contigo,4,2,2,true,0.22820775504001678,2022-07-01T00:53:41.783Z,"Klein, Parisian and Grimes",false
170db1e2-d417-45ed-a7d9-6bc9fadb86a0,2018-01-24T21:10:19.069Z,Grand Forks,Maryland,Fiji,-0.4251,147.8403,coaegresco,beatus,vomito,defero,vae,defessus,quaerat,128,177.2498801406633,16,nam,3,2,5,true,0.09614499734697196,2020-06-18T14:28:35.798Z,"Hickle, Effertz and Goyette",false
5a7f1645-a5ed-46e3-bf19-8bb79e2b2837,2018-01-23T23:25:40.945Z,South Colemanfield,New Jersey,Vanuatu,-89.142,-72.231,demoror,calamitas,creber,comprehendo,laboriosam,verto,verumtamen,93,26.90359916342942,51,balbus,3,0,5,true,0.09394330238148313,2024-06-23T05:04:03.343Z,"Cormier, McLaughlin and Bailey",false
0c834299-9d5c-4ee3-af8a-fd8ca4b511e6,2021-06-16T20:18:05.669Z,Rosenbaumfort,New Mexico,Bolivia,86.3726,-67.3952,aiunt,cubitum,cruciamentum,deduco,creta,arcesso,tamquam,127,223.75350268219657,19,adsuesco,5,0,4,true,0.14288010629529715,2018-01-03T23:54:21.664Z,"Hand, Skiles and Howell",true
da64b283-5a0b-43d7-8d3b-851f5ccbc961,2018-09-20T07:05:22.864Z,Fort Smith,Nebraska,Democratic Republic of the Congo,-48.7081,50.9698,ascit,nemo,numquam,infit,alias,decor,complectus,113,46.716429388727214,88,comparo,6,1,1,false,0.23543774402238013,2021-06-16T04:06:07.511Z,Considine LLC,true
52b47d23-1e7f-4c0e-ba7e-347dc4729f4a,2020-06-06T07:03:28.344Z,Eliseomouth,Massachusetts,Angola,-86.9356,99.6831,tumultus,cur,colo,succedo,eveniet,amitto,blanditiis,26,228.7650145856224,17,necessitatibus,0,2,5,true,0.19977921928865944,2019-10-05T04:50:59.763Z,Bergstrom and Sons,true
ae35bcd2-1b16-4837-b9af-5681d0c00f34,2021-10-20T03:50:55.296Z,Maudchester,Oklahoma,South Africa,70.0199,47.8152,subito,nesciunt,nesciunt,color,aptus,magni,subnecto,83,27.4750934669124,22,consuasor,6,0,4,false,0.15442393702652538,2018-09-30T06:00:48.319Z,"Treutel, Conroy and O'Keefe",true
48bafd68-9573-4fcd-b6e2-d3dbc63acf61,2018-07-09T13:02:45.354Z,Mistyview,New Jersey,Nauru,72.3012,-119.4212,carus,color,testimonium,cimentarius,canonicus,conspergo,audax,50,139.01682119542113,20,tabula,6,0,2,false,0.24033664108116903,2025-09-04T05:21:29.503Z,Herman - Lemke,true
33fac751-ea2f-44ab-8dc4-4f28f812ed87,2021-04-17T18:56:46.009Z,O'Keefehaven,Michigan,Saint Helena,-71.3695,55.0422,cultellus,culpo,desipio,consectetur,argumentum,tres,velum,44,39.02716045647918,64,cariosus,4,2,5,false,0.08462075407025843,2018-12-14T21:44:43.869Z,"Mueller, Schaden and Gutmann",false
0859c74a-4836-4de1-8bab-6b208f711c5d,2025-11-03T14:42:28.534Z,South Murrayfort,Oregon,Falkland Islands (Malvinas),46.8151,-53.617,vaco,tenetur,vulariter,thalassinus,officia,peccatus,sapiente,89,239.26059557608082,79,cunabula,4,2,4,false,0.057175551440451194,2025-03-08T12:49:12.325Z,"Cummerata, Rowe and Jerde",false
a4943634-5f19-4fec-8664-6f8defce8c99,2025-03-07T15:40:04.684Z,Saginaw,New Jersey,Uzbekistan,69.4888,34.2195,somnus,agnosco,tantum,eaque,adipiscor,usitas,vivo,103,60.340675559416454,83,spero,5,1,4,false,0.12193785492894088,2021-02-17T13:39:12.389Z,"Dickinson, Hodkiewicz and Swaniawski",false
0362df02-3d78-4148-b96f-4ad07b5ca7a7,2025-05-13T09:27:25.114Z,Marinaworth,Texas,Sri Lanka,29.5225,-159.7485,speciosus,confero,speculum,cunae,venio,arguo,attero,73,26.399004697735975,83,est,2,0,4,false,0.22006276333326863,2025-01-25T08:14:30.494Z,Kassulke and Sons,false
ae7703cb-ccfc-451a-9c55-5b6204e43679,2018-01-06T18:16:21.062Z,Daughertyfurt,Maine,Cayman Islands,-63.0068,-24.7635,dignissimos,complectus,copiose,vomito,depulso,vorax,crastinus,22,71.72723686912224,41,decet,3,1,5,true,0.18461338166472926,2022-02-24T02:01:22.704Z,Kris Inc,false
363e47ef-709e-4942-8d92-2a478f7bcab6,2020-08-04T00:31:20.848Z,Hyatthaven,Indiana,Cambodia,35.7183,-3.5078,paens,amitto,adsuesco,coerceo,ullam,creo,corrigo,48,32.63470470743626,86,libero,1,1,5,false,0.21080995944720654,2023-04-24T02:00:47.116Z,Runolfsson and Sons,false
9ccbbdc4-7998-4f9f-9151-9fee3a98abbe,2020-11-22T09:37:27.411Z,North Orville,Nevada,Belarus,13.9181,44.7658,sint,cilicium,voluptatum,urbs,placeat,stipes,depereo,66,168.0311432100381,87,turba,6,0,5,true,0.028520979063395374,2021-09-08T19:39:28.360Z,Romaguera Group,true
9133c2f1-430e-4965-b268-a1b60b605446,2021-04-10T06:05:38.211Z,Fort Kennedichester,Virginia,Mauritania,-50.1925,95.4609,charisma,tutamen,suscipit,arbitro,aer,vinco,vobis,53,141.92814894276302,50,denuncio,5,2,4,true,0.19191991165763353,2018-03-07T11:05:57.001Z,"Luettgen, Goyette and O'Keefe",true
f61f6f2f-676f-42c9-b87e-e4fe144d9304,2022-11-09T13:33:44.818Z,Charleystead,Idaho,Turks and Caicos Islands,-10.9204,-107.8384,comes,debitis,tero,cur,vinco,cilicium,neque,78,210.56818448910474,35,sum,0,2,4,false,0.1080310479182944,2021-11-27T11:27:51.233Z,Mueller - Aufderhar,true
357b332b-2b1b-41cd-a3dd-aac05a3e0dc8,2022-03-27T02:26:50.424Z,Silver Spring,Rhode Island,El Salvador,83.696,52.062,atrocitas,ante,aut,aiunt,corrumpo,fugiat,derideo,77,114.37636232006707,90,admitto,3,0,5,true,0.034500446724190476,2023-11-25T00:17:15.673Z,"Lueilwitz, Flatley and Kassulke",true
7d57785e-63da-4f5c-85b1-98384a71102f,2025-05-27T01:37:08.873Z,Sierra Vista,Indiana,Japan,-2.6089,-149.5411,colo,adeptio,allatus,autem,trado,dolor,censura,89,98.05418279852022,56,beatae,5,0,3,false,0.1826441521168268,2023-07-02T10:32:59.373Z,Abbott - Strosin,false
ce367b8f-51bb-4675-9c6b-74022c292bc6,2020-04-21T12:09:12.635Z,Fort Shayleeshire,Rhode Island,Kiribati,-19.4554,35.067,aut,arceo,desino,tibi,cupiditate,spiculum,conicio,127,112.09682179723305,29,aequus,3,1,5,true,0.12360881787978556,2020-10-06T16:19:20.225Z,"Koelpin, Kassulke and Bogisich",false
111eceb5-2d4c-4855-a364-eeb82a381f06,2022-03-20T07:58:48.872Z,Fort Graysonport,Kansas,Saint Helena,78.9686,99.3519,qui,collum,aequus,absconditus,comburo,pectus,distinctio,23,103.01156965516208,88,decumbo,1,0,4,true,0.03806163797527473,2018-05-12T13:20:07.724Z,"Gerlach, Stroman and Klocko",false
42e4d55a-8fa8-4046-865c-d9b6b421487d,2021-08-31T01:12:16.453Z,San Jacinto,Montana,Libyan Arab Jamahiriya,-2.5475,156.1914,clamo,enim,considero,trado,attonbitus,harum,tamisium,48,74.94715506845381,82,ulciscor,6,0,5,false,0.2210710370396965,2024-09-02T11:29:29.560Z,Stehr - Rippin,false
aa365764-05b8-4a36-881e-35ae179877fa,2020-11-28T08:47:55.666Z,New Demarco,South Carolina,Hungary,-37.2296,-91.6081,celebrer,atqui,summopere,tantum,dolore,theologus,adaugeo,61,207.45147079730899,59,sophismata,0,2,2,true,0.02658474926928503,2019-06-29T15:30:11.132Z,Luettgen - Effertz,false
46274b91-808f-4e39-80f0-88741e89ca95,2018-12-09T23:36:28.242Z,Conncester,Hawaii,Saint Helena,-22.7016,-30.0906,cura,copiose,depulso,vulnero,odio,vero,deludo,89,226.0781883568329,51,supra,3,2,3,false,0.12406305791540145,2025-07-26T09:55:21.947Z,Hartmann Inc,false
e337fd39-e835-4082-86dd-7e3002213414,2025-09-13T19:28:50.474Z,Anissaworth,Wyoming,Antigua and Barbuda,-24.6798,-121.0067,nihil,deporto,coepi,sodalitas,centum,vehemens,cruentus,118,101.21250079310894,89,callide,0,0,4,true,0.2399907085337511,2023-02-17T11:07:48.435Z,Hammes and Sons,false
611e97ae-8717-4985-98a8-78136048bcf6,2022-05-04T05:31:13.565Z,Port Aaron,Mississippi,Ecuador,-22.9404,174.5101,cum,dolores,speciosus,temptatio,ara,vilitas,concedo,24,68.25005296675832,61,crustulum,0,2,1,true,0.24178509410518814,2024-10-18T05:53:17.946Z,Halvorson Group,false
237a08d5-22da-42a0-aafe-d77a8acfe736,2019-01-14T21:57:58.467Z,West Alveraside,Maryland,Sri Lanka,-61.1404,138.0691,theca,vitium,coniecto,ait,abduco,theologus,saepe,57,165.26057753177238,83,contego,0,2,5,true,0.1791531085133885,2025-09-05T13:12:12.178Z,Dach Group,true
9381656c-6bed-4d6f-9942-ebaed20ec7aa,2019-02-14T12:42:37.134Z,Camdenberg,Alaska,Reunion,28.24,142.564,facere,via,depraedor,cunabula,caelum,attonbitus,iure,57,70.73337399012141,77,aequus,5,2,1,false,0.18566490514616973,2024-11-14T13:16:17.860Z,"Senger, Waelchi and Schaefer",false
359dcad1-501b-4de1-9b72-0273dc61a551,2019-09-26T13:48:31.192Z,Casper,Connecticut,Senegal,-82.3672,-54.9375,sub,teres,statua,censura,auditor,vivo,voluntarius,31,219.89522474010744,64,suasoria,6,0,3,false,0.05507676710394013,2019-09-25T19:06:44.622Z,Baumbach Group,false
293cdc0c-4412-46b6-a617-3ad9ea872e06,2021-10-14T15:36:00.226Z,Lake Aishafield,Arkansas,Netherlands,69.3641,-16.945,ad,animadverto,caelum,decipio,arcesso,amissio,vitiosus,107,231.43355397709885,63,conscendo,1,2,2,true,0.01978237140828512,2023-09-26T21:01:10.615Z,Lemke LLC,true
125fa169-cbaa-4f7a-a380-3ce1334db905,2024-02-01T20:52:36.644Z,Rockwall,Minnesota,Finland,-4.6343,-165.7343,eum,assentator,laboriosam,spectaculum,attero,ubi,vicissitudo,130,200.1296182219041,27,expedita,5,0,1,true,0.209495384703036,2021-05-30T00:45:36.210Z,Carroll LLC,true
d954fb8f-9f4a-4008-bf85-eac53b1a728d,2022-02-27T09:34:42.532Z,Raegantown,New Jersey,Bermuda,72.5994,149.8256,utroque,molestias,utrum,ars,aperio,earum,amita,122,211.38606870521272,78,velut,6,1,4,false,0.23938150967305633,2022-03-12T21:16:13.780Z,Nader - Ebert,false
6593bddd-7484-4e23-a786-906b8855fb38,2018-04-29T08:52:01.996Z,Tabithaport,North Carolina,Belize,69.9085,159.5511,excepturi,tracto,officiis,deinde,armarium,quo,antiquus,114,125.63613640125001,64,ademptio,4,1,2,false,0.19655196762434812,2025-08-11T04:21:23.018Z,Rolfson - Mante,true
2ec00efb-5892-40af-b046-1db85136f9ad,2018-05-06T05:50:48.747Z,Redding,Ohio,Suriname,8.7256,16.1721,deleniti,aetas,deprecator,crudelis,vilicus,consequuntur,triumphus,63,37.18135917891825,91,concido,0,2,3,false,0.22117657182502218,2020-09-02T05:55:22.377Z,Kuhlman Group,true
138f8362-d358-48d9-b97c-05c9a94e6de9,2018-01-19T16:24:43.663Z,Marvinport,Alaska,British Indian Ocean Territory (Chagos Archipelago),73.3374,63.3954,adaugeo,tracto,copiose,eligendi,cauda,varius,quaerat,114,91.96513883521101,94,titulus,3,1,3,true,0.11353012711776334,2021-12-23T21:24:03.902Z,"Veum, Moen and McCullough",false
ad88f237-7067-468f-a6b4-d6ae0b9d33f6,2024-11-13T00:17:35.360Z,Thielshire,Arizona,Zambia,-32.8971,-167.0988,utrum,mollitia,sum,ambulo,soleo,deprecator,vehemens,42,112.51826137676589,83,valeo,4,2,1,false,0.24380369151819176,2025-11-16T09:56:32.501Z,Schuppe - Walsh,false
769fac6a-3d63-43ed-bc49-d63a7b0ef81b,2022-06-05T13:24:44.714Z,Carterfort,New Jersey,Equatorial Guinea,-28.5686,-130.4525,decipio,nihil,viscus,beatus,vilicus,tergum,vulpes,54,140.02376972039949,51,vorago,2,1,3,true,0.19555449365487246,2018-06-18T23:59:52.487Z,"Franecki, Fritsch and Kuhlman",false
262f5918-13ab-4781-b81c-a0dbcb03b607,2021-01-16T19:26:21.935Z,Orphabury,New Hampshire,Montenegro,15.107,-132.2748,amiculum,accendo,depereo,audeo,terror,tenus,vis,23,69.80054229852536,81,pecto,4,2,2,true,0.04876092522545081,2022-01-10T01:38:54.819Z,Okuneva Inc,false
700bd37f-7618-48b6-8a64-88c8d180c7b4,2021-06-20T14:34:31.305Z,Fort Arne,Washington,Germany,-69.6905,-3.0411,voveo,depromo,bardus,tripudio,alveus,arceo,incidunt,48,189.0895839602069,26,cornu,5,0,3,true,0.24568036766213225,2020-07-03T06:02:59.858Z,"Ratke, Windler and Schultz",false
471504a2-5629-480a-abe2-86c2e905e2c0,2024-05-27T02:06:39.641Z,East Hansport,New Jersey,Cote d'Ivoire,-60.3204,84.1856,strenuus,crebro,acer,accendo,error,deficio,utor,34,77.13203810705608,63,confido,0,2,5,true,0.0973364199205019,2019-10-20T17:35:55.359Z,Renner Inc,true
c646834c-ad8e-4c1d-a253-72d4b3962ab6,2019-07-31T22:41:19.858Z,Apple Valley,South Dakota,Montenegro,-16.0617,127.5836,commodo,viscus,deinde,aliquam,aestus,candidus,custodia,109,111.50174344639211,75,degusto,2,0,3,false,0.01256371138065171,2020-03-25T14:09:41.307Z,Terry Group,false
9ad90f77-6fa0-4c03-aa22-fa4a9b3dd8f0,2023-02-02T20:20:37.373Z,South Autumn,Missouri,Lesotho,42.3101,-80.3195,volo,tabesco,repellat,comburo,laboriosam,denego,suscipit,101,176.9422579273062,26,autus,2,0,5,false,0.14406357210583892,2025-07-19T01:14:55.337Z,"Strosin, Haley and Bailey",false
7afb761b-4ec7-45bf-8b49-fadd7956dfd7,2023-06-28T23:19:11.550Z,South Demarcus,Nebraska,United States of America,53.7489,-20.3222,auditor,animus,articulus,territo,absum,vis,antea,58,202.69239070878822,40,substantia,5,0,3,false,0.11887038660532664,2025-01-22T21:09:44.567Z,Bosco - Anderson,true
92bfdcd2-56a9-4959-8341-2dc185f232f3,2018-06-15T00:04:16.192Z,Jadynberg,Missouri,Lithuania,69.6822,162.6096,ceno,compono,cribro,vinum,vae,conturbo,utroque,59,170.6471862519445,26,dolore,2,2,3,false,0.11019275199321574,2018-06-12T08:16:10.074Z,"Dicki, Kunze and Littel",true
4d389afd-8d40-4dc5-b418-0a64dfb0bb9f,2025-02-10T14:47:12.802Z,Legrosfield,Idaho,Reunion,31.4632,165.7364,totus,magni,comprehendo,acerbitas,eaque,accusamus,conduco,35,235.13363758127326,87,qui,5,1,1,false,0.20682845546966755,2025-09-24T17:32:55.943Z,Hyatt and Sons,false
881c91c3-d60a-4a20-8fbc-a563a94ebbc9,2025-09-10T07:49:56.476Z,New Halle,West Virginia,Andorra,-45.5065,73.1853,vitiosus,sono,alo,verbum,venustas,tibi,ulterius,65,74.77308999255054,83,adipisci,2,2,5,false,0.02007493582595657,2019-07-11T19:02:11.465Z,Hayes LLC,false