accident_id,incident_datetime,city,state,country,latitude,longitude,road_name,road_type,intersection_type,accident_type,weather_condition,road_condition,light_condition,speed_limit,actual_speed_kph,driver_age,driver_gender,casualties,fatalities,vehicles_involved,alcohol_influence,blood_alcohol_level,weather_reported_at,reporting_department,pedestrian_involved
1bdda7a4-2dba-4393-aa15-efc61c87c224,2021-08-23T17:08:39.690Z,East Trinityfield,Kentucky,Falkland Islands (Malvinas),-21.943,-21.2639,tergiversatio,assumenda,bibo,adulescens,viriliter,sortitus,theca,98,32.322067608347425,93,commodo,5,1,2,false,0.15368576616663296,2022-09-23T06:16:13.568Z,Powlowski - Bernhard,true
95b77639-0dd1-46c7-a821-af9644a8f5c8,2020-07-17T15:26:34.919Z,Murray,Minnesota,United Arab Emirates,69.659,-166.9423,vivo,peior,abscido,solum,adicio,amplus,molestias,59,221.1627908397402,81,spero,5,2,2,false,0.03817614879864811,2024-10-14T02:58:18.179Z,Shanahan LLC,true
4ca45450-ad55-49c4-86cd-aca8ed5d70fd,2021-06-12T20:49:33.536Z,Muellermouth,South Carolina,Oman,-25.7046,-109.9311,voluptates,patria,valens,conculco,commodi,attero,despecto,107,239.30248342257593,82,cohaero,2,1,2,true,0.15222422425502727,2021-11-20T22:04:29.623Z,"Langosh, Gleason and Bashirian",false
00b68619-c905-4d00-a31f-e973a21f2cd6,2024-03-20T16:53:05.395Z,Ariannatown,Illinois,Micronesia,87.6945,-115.8518,adiuvo,sumptus,cicuta,caput,cras,id,viridis,30,24.11955823575432,72,stultus,5,2,3,true,0.1372568806843572,2022-09-26T09:01:55.843Z,Sipes - Pacocha,true
eec39f2e-a1f7-4d63-afc3-a8a710f47471,2018-06-16T13:00:38.440Z,Wunschshire,South Dakota,Saint Barthelemy,50.9345,-55.662,conspergo,carbo,tego,acerbitas,pectus,suggero,assentator,127,173.7945692068002,26,considero,3,2,1,false,0.07113785307000395,2024-06-22T10:28:44.035Z,"Okuneva, Lehner and Romaguera",true
8f970f3e-e080-44bc-80ef-6ab015dba265,2021-06-15T14:10:31.955Z,New Othachester,New Hampshire,Ghana,65.1412,109.3452,spiritus,deficio,tendo,suffragium,quae,ultra,cruciamentum,30,239.8789652200502,81,coerceo,6,0,2,true,0.24084175964551613,2023-06-25T20:31:41.706Z,"Schmitt, Wilderman and Kuhlman",true
8b585e88-1f2b-45e9-8008-043f92a6dc5a,2024-10-18T23:59:22.194Z,Simonisborough,New Mexico,Barbados,88.936,-88.5958,arbustum,sumptus,tot,viduo,deduco,comprehendo,cetera,52,175.1282922404347,54,conforto,2,2,2,true,0.1037950640720067,2022-08-08T09:53:12.809Z,"Carroll, Leffler and Reichert",true
a9ec9669-96b7-40cf-88c5-e70f9a6693b4,2024-04-04T16:57:29.901Z,Anyafurt,Maine,Serbia,-83.8474,-18.094,capio,spargo,adeo,benevolentia,avaritia,provident,coniuratio,58,147.67455738390098,85,tempore,5,2,3,false,0.10484442407272265,2022-03-04T09:38:40.610Z,"Mayert, Hermiston and Collins",true
378544ae-844f-4ff6-a363-e5e5a336d89a,2021-10-19T03:07:05.826Z,East Lamontborough,Iowa,Brazil,56.3952,-139.2402,strues,consectetur,adsidue,vere,desolo,ulciscor,tempore,26,26.962011291468375,16,comedo,5,0,3,true,0.2436337328866628,2021-09-02T01:55:19.820Z,Schamberger LLC,true
d43d9166-9ebe-4d21-a5e9-ff0add443d95,2023-09-10T09:19:03.341Z,West Giles,Mississippi,Saint Vincent and the Grenadines,56.0513,175.8961,carmen,decerno,debilito,dedico,depromo,vociferor,abutor,95,50.6459068756607,69,aptus,6,0,2,false,0.16614626026765206,2024-11-08T14:59:47.394Z,Schowalter - Goyette,false
29f22836-479b-4770-9874-731c4f664d86,2021-03-17T21:35:43.146Z,Loyalchester,Iowa,Qatar,29.3207,127.3377,suggero,vetus,enim,villa,cotidie,sono,vomer,126,233.85485854601336,76,laborum,2,1,2,true,0.09327442927828672,2024-12-08T08:14:25.432Z,Mayer - Schiller,false
08996367-7900-4100-941b-04ed90b51595,2023-10-30T14:56:59.582Z,Port Fredericview,Maine,Marshall Islands,73.7766,132.9829,cruciamentum,officia,crebro,suppono,acsi,necessitatibus,ipsa,90,82.75573516588048,95,accusantium,3,0,2,false,0.07187942089800001,2023-12-11T17:03:17.161Z,Reinger - Miller,true
2f12e3a1-7876-477a-82e5-03124379841c,2019-06-02T04:47:22.050Z,South Giovanny,Massachusetts,South Georgia and the South Sandwich Islands,42.6848,-24.2052,caste,patior,aperte,vulariter,viscus,tametsi,callide,92,63.993080761862444,94,cenaculum,5,0,3,true,0.21114158072615663,2023-01-05T05:34:41.548Z,Hane and Sons,false
3f16af6b-87e4-4e07-8b29-472b53c3c405,2018-11-23T10:34:11.060Z,New Dayanaport,New York,Suriname,46.9886,109.3026,volo,vespillo,catena,arguo,denique,vomica,fugiat,88,99.4926825045954,31,curiositas,5,2,1,true,0.014668131628058717,2024-12-29T12:42:25.879Z,"Rolfson, Fisher and Lang",true
9dc84b72-31fd-4c62-9418-adaded62207a,2019-03-19T03:53:01.631Z,New Kaseycester,Florida,Montenegro,-67.2348,92.6494,despecto,cupressus,cognomen,tripudio,amaritudo,truculenter,coma,28,97.9971165438262,20,libero,2,1,1,true,0.17333956877895376,2021-12-22T13:00:56.136Z,Grant Group,false
fc8c08fd-57dc-469d-87d4-3d9d23f8ecb2,2025-07-29T12:22:33.800Z,Fort Odaville,Minnesota,Finland,86.1271,-148.8184,ullam,tersus,cura,earum,cultellus,cubicularis,voluptate,34,208.0046705391181,17,incidunt,0,0,3,true,0.07429517458683746,2022-09-01T13:06:07.755Z,Mraz - Hayes,true
261a3c95-8550-4184-92d8-07c4b355ba73,2023-07-30T00:54:44.754Z,Eldaborough,North Carolina,San Marino,0.0425,51.5479,tergiversatio,doloribus,deficio,curiositas,carbo,concido,ancilla,26,30.78210732209948,62,vita,1,0,5,true,0.2150700306343462,2025-11-07T13:51:02.989Z,"Fahey, Koss and Sawayn",true
f18beb98-fa65-4892-b1c6-d0ee41f56a5e,2024-05-16T06:42:00.693Z,El Cajon,Wyoming,Cambodia,-64.3978,14.4752,cicuta,cauda,vae,corroboro,mollitia,dens,sopor,34,118.82462565484767,21,at,1,1,2,false,0.09270759242473131,2025-01-19T15:27:48.783Z,Renner and Sons,true
4f5bcc70-267c-4a6c-b0ee-5b1e1dc54a5d,2020-11-29T21:45:14.345Z,West Brentstad,South Carolina,French Guiana,72.7422,-97.8815,acerbitas,caute,uterque,deleo,verbum,adicio,substantia,37,9.19627977146626,73,abutor,2,0,3,true,0.18229179999442907,2025-03-11T09:50:22.599Z,Rath Group,false
379eda72-2506-4e8b-addf-3befdbd03632,2021-02-08T13:04:17.707Z,Rockville,Oregon,Burkina Faso,-62.4714,-21.9739,est,conduco,consectetur,terebro,autem,catena,delinquo,52,96.52562005869127,96,vita,0,1,3,true,0.13388026475100415,2018-03-14T22:25:09.170Z,O'Conner Group,true
6991b885-4e41-411b-9afe-b9fd9f47efa8,2024-03-18T09:42:03.208Z,Darrelstad,Massachusetts,Mayotte,64.8933,164.2339,possimus,eum,ambitus,magnam,spes,concedo,similique,114,79.72099307056459,41,vaco,4,1,2,false,0.10466084067967873,2022-02-19T22:28:46.744Z,Koch - Flatley,true
63a1ee4a-437f-4bef-a4b1-d8ebe2f61db2,2020-01-09T15:43:32.000Z,Lynchburg,Maryland,Morocco,71.6551,-149.8974,tolero,astrum,ea,corrumpo,vapulus,pariatur,solvo,120,28.095535744833924,41,beatae,3,0,2,true,0.2419832028461274,2020-11-26T05:31:27.980Z,Dach Inc,false
66e2d31c-e41f-4930-b0e1-118dddafe984,2020-07-23T01:02:25.118Z,Cheyenne,Oregon,Gibraltar,-45.006,-129.3916,aspicio,comparo,ascit,tepidus,vociferor,demoror,tui,41,18.05485304989869,84,communis,0,0,4,false,0.007835803008353098,2020-04-18T12:42:22.159Z,Howell Inc,true
6cfe07d5-6c8c-4192-bef3-54c7950c190d,2019-02-26T00:50:34.013Z,Walnut Creek,Texas,Iraq,-17.1201,-157.2751,tergeo,absconditus,ait,animus,cogito,defero,callide,56,193.5260046059659,50,vinum,3,0,2,false,0.147675294157458,2021-11-13T14:52:55.020Z,Blick - Ankunding,false
62dcc540-48b9-4e2f-85b0-42d2d39dc23f,2018-04-13T14:09:56.383Z,Moreno Valley,Arkansas,Mali,-81.7502,-15.1883,vitiosus,doloremque,verecundia,cum,suscipio,aestus,creber,38,35.860127341090305,39,excepturi,3,2,3,false,0.20363317190150318,2020-11-13T13:55:33.445Z,"Hagenes, Schimmel and Kulas",true
be6e1053-f977-4b00-9f23-7e23ad9ea337,2019-02-10T08:03:04.715Z,Ardenstad,Ohio,Bulgaria,58.2823,158.1601,alo,caecus,qui,conspergo,careo,sed,stultus,122,142.98716031619526,54,capillus,1,1,3,false,0.2234932240650939,2024-08-11T22:45:01.931Z,Romaguera - Sanford,true
6abd854d-96fd-4bf3-ab81-3a4db9ef5bc5,2018-07-01T10:37:13.100Z,West Haven,South Carolina,Netherlands,-76.3992,-168.2335,audacia,creator,temperantia,admitto,enim,conforto,vomito,54,182.0425335884284,29,caveo,4,2,2,true,0.008104556118262746,2021-12-27T03:02:41.531Z,Ebert - Gerlach,false
3c598399-fa04-4b4f-929c-2babc5b4d6a8,2021-03-28T17:22:31.324Z,South Matildaland,Hawaii,Colombia,39.8745,77.9988,provident,commemoro,voco,aetas,tepesco,terra,decipio,96,52.674141384371325,83,velum,4,0,1,true,0.06308171162891893,2019-12-14T01:57:39.246Z,"Ernser, Frami and Quigley",true
9df1fb74-7d89-426e-9c6f-3b19002a7663,2023-07-24T14:00:34.990Z,Bertrandfurt,Virginia,Mali,67.4314,-9.9245,acceptus,aestas,libero,benevolentia,illum,amita,tantillus,52,229.89761978338737,18,templum,0,0,4,false,0.1585368308702458,2019-02-13T20:39:01.935Z,Sporer - Schultz,false
80b805d9-2a3e-4f8c-a33e-dc7df0a1f2e6,2018-09-27T07:39:31.149Z,Rowlett,Michigan,Falkland Islands (Malvinas),83.1126,147.2855,virtus,vulnero,supra,corrigo,ciminatio,canis,sulum,45,80.47327069638938,61,aequitas,2,0,2,true,0.16619318455416518,2024-12-26T11:39:38.232Z,"Carroll, Beier and Bashirian",false
c68e5f83-d3f6-480e-afc8-457feacf57dd,2021-06-05T20:17:04.080Z,Hackettland,New Hampshire,Oman,-57.3097,6.4775,accusamus,clementia,depromo,caecus,alius,surgo,carus,85,0.32728956084040917,83,venustas,0,2,3,true,0.1513949630976688,2019-02-12T19:01:43.666Z,"Robel, Schamberger and Langworth",true
ed1706a8-07e1-48ed-968d-7062da2d5b4b,2025-07-26T09:12:18.956Z,South Alisonworth,Tennessee,South Georgia and the South Sandwich Islands,33.3722,144.0237,amor,numquam,solutio,celebrer,terga,vulticulus,accusamus,43,2.3630636123100057,39,caste,5,2,4,true,0.07025102852402737,2025-10-08T20:09:52.999Z,Koss and Sons,true
3ba04f44-b809-4454-8c7d-cf97347a113c,2019-05-07T00:24:42.210Z,Brownmouth,Rhode Island,Afghanistan,86.6605,47.2501,cunae,tertius,antepono,atavus,magni,vulgus,capto,23,129.0531573821512,30,speculum,2,1,4,true,0.22585588750820892,2021-10-30T18:45:25.551Z,Little and Sons,true
f2e6653a-eb2c-4c3d-8559-d74a9ce876ab,2019-06-14T17:04:32.307Z,Nitzschebury,Colorado,Western Sahara,-62.5442,73.438,ex,hic,coniuratio,aegre,subnecto,cupiditate,tempus,113,45.13782028704449,32,sequi,1,2,4,true,0.01766611945110938,2019-03-22T00:36:25.414Z,Schmeler Group,true
44a4e959-c5fd-4d66-b786-f3bac173cbbb,2025-06-24T23:49:47.998Z,New Lance,Mississippi,Panama,51.9985,-70.8035,ara,unus,vorax,sub,cogo,audio,tempus,81,5.495283193270035,24,virga,5,0,1,false,0.15599067663667956,2023-12-17T17:01:57.102Z,Cronin - Reynolds,true
908122fe-0bf5-405b-b9a1-90414bbebdad,2022-12-19T11:55:29.095Z,South Lexistead,Washington,Turkey,60.1571,-25.2466,tantum,thymum,laborum,theca,anser,neque,nisi,26,142.96172491132276,35,admoneo,0,1,3,true,0.15688985899952423,2020-01-25T14:21:41.832Z,Rice - Schneider,true
a0682cb1-b111-4ccb-af3d-2495c6e08331,2022-11-18T23:00:07.513Z,Mountain View,Kansas,Cameroon,-11.6666,168.5737,adipiscor,turba,vulticulus,sursum,conqueror,ancilla,custodia,105,157.97699051078592,87,decumbo,6,2,3,true,0.14227649727533814,2025-12-03T22:33:23.697Z,Schoen - O'Keefe,false
dc95f67c-966c-49c9-b170-13cb9a836cfe,2023-05-05T13:25:10.360Z,Metachester,Minnesota,Bosnia and Herzegovina,43.9347,-26.9586,amo,comminor,antiquus,umbra,tubineus,argumentum,itaque,104,31.39728613676973,21,tertius,0,1,2,true,0.0030739365761218718,2020-12-16T23:45:34.873Z,Veum - Balistreri,false
b136bf69-2415-4874-8db4-730d4973dd71,2022-11-19T01:09:54.919Z,Des Moines,Virginia,Macao,62.9024,-167.0946,canonicus,ver,timidus,supplanto,vigor,suppellex,pariatur,115,162.7599845494174,25,claudeo,0,1,4,false,0.1175289245498474,2018-01-04T21:24:21.278Z,Cremin LLC,true
ed917522-e289-44ef-b49e-909cc8aad58b,2019-11-20T05:59:35.645Z,New Elenora,Montana,Russian Federation,49.8162,4.2032,et,tergeo,deprecator,cogo,corpus,absque,quam,32,96.33326663698975,42,tracto,0,2,4,true,0.05266566850950177,2021-01-05T07:34:41.103Z,Wolf - Fadel,false
1f45d2d4-fd64-4909-acbc-5470d525a09e,2025-12-29T04:25:59.390Z,Fort Tony,Indiana,Jordan,-86.3945,28.9105,creator,vulpes,perferendis,vitiosus,claro,vulgivagus,adstringo,96,207.75960508315018,45,basium,4,2,1,false,0.08828812927371191,2025-08-24T04:16:56.657Z,Ratke Group,false
2c3d3a84-8ebb-46ce-824f-9ddb99dc4f38,2022-02-11T01:13:58.577Z,Alaynaburgh,Alaska,Indonesia,-58.1732,-141.7915,degero,stipes,terga,eum,cattus,caelestis,adopto,91,6.876773746113596,58,cernuus,0,0,3,false,0.023892284022281274,2023-01-27T22:18:11.140Z,Schmidt - Fritsch,true
7b801914-9cb6-48a8-ad03-8a4918741df0,2025-07-15T07:31:32.232Z,Jersey City,Oklahoma,Mauritius,22.6927,18.7076,valde,utilis,ago,congregatio,cilicium,tabernus,tumultus,49,191.67364778645953,18,pecto,2,2,4,false,0.06164201863690877,2023-03-31T12:42:55.332Z,Keeling and Sons,false
3e07c6c3-da29-4faa-b157-9bd803526f2b,2019-12-30T01:52:58.785Z,Cartwrightmouth,Florida,Ecuador,-72.6968,-128.3494,quo,addo,depereo,patria,tonsor,porro,laborum,52,224.00035303821318,52,usque,0,0,3,true,0.2256895717069693,2019-03-20T03:13:28.885Z,Huels - Stehr,false
0ba41133-5954-46e2-9eff-932c568c638b,2022-03-04T23:39:56.615Z,New Salvador,Connecticut,Liechtenstein,-66.8844,148.3144,aperte,vitium,sit,canto,comptus,surculus,admoneo,44,49.88945039382565,40,alveus,4,2,2,false,0.22265722006439922,2018-03-07T07:41:02.512Z,"Nikolaus, Bartell and Blanda",true
a6deb9a6-fd6e-49b0-80df-62da5a4a6c27,2025-02-09T16:31:10.973Z,South Percy,Kentucky,Mexico,44.5351,-66.9715,veniam,ad,consequuntur,tui,alii,amita,capto,117,52.64154900061155,31,supellex,6,2,1,true,0.10497853595962722,2024-09-14T13:56:03.632Z,"Spinka, Schaden and Medhurst",true
5e0cb495-faa8-43d1-8bd3-644a7bb7781d,2023-07-05T14:37:31.344Z,Pittsburg,Illinois,Sierra Leone,2.6088,-110.7239,abbas,stabilis,vociferor,collum,tempore,decens,asper,35,7.723315407180129,19,cogo,5,2,2,false,0.07342603670900913,2018-10-13T01:25:43.911Z,Rosenbaum Inc,true
822f0f8c-03e5-486d-9b1c-2cda611ff0c9,2021-03-25T05:20:36.656Z,Arvidshire,Arkansas,Burkina Faso,-52.404,60.9105,vix,demens,velum,valens,acerbitas,uredo,sursum,70,170.95543699164043,93,cogo,2,2,2,false,0.1746992947609379,2023-05-05T16:25:01.742Z,Mosciski - Raynor,true
85c12473-ca8e-4229-b7ec-524c4b1963e5,2022-08-19T06:59:57.176Z,Fort Kayliview,Alaska,Cocos (Keeling) Islands,80.1732,7.7973,adimpleo,sint,eum,aegrus,nobis,earum,vulnus,87,154.66243407105242,29,temptatio,2,0,1,false,0.24949559271793414,2023-03-16T13:19:52.218Z,"Tremblay, Stracke and McDermott",false
d2c2aca0-9bb4-4256-8073-820e3b6938d3,2021-09-14T21:28:01.597Z,O'Keefeberg,Kentucky,Ireland,29.6604,87.2996,similique,spiritus,pectus,defungo,demulceo,corona,pecus,121,191.2729112496964,25,quis,3,1,5,true,0.004172881722882049,2022-06-08T19:00:35.074Z,Stiedemann - Mitchell,false
988fae4d-def6-48d1-8283-27c0aa2f1119,2021-02-20T11:16:19.455Z,Fort Aylin,South Dakota,India,21.5772,-106.3971,ustilo,vorax,pax,ancilla,vallum,saepe,aspicio,121,155.95778326162693,34,conspergo,3,0,4,false,0.09441004432708355,2021-06-25T03:40:41.158Z,Roob and Sons,false
924b67a4-c8d5-429d-8e25-5d583608fe41,2023-10-04T12:43:46.609Z,Lake Bell,Minnesota,United States Minor Outlying Islands,1.8697,101.7078,articulus,vis,accusator,tumultus,armarium,carmen,auditor,116,154.51431076091808,82,sui,3,0,4,false,0.11910955476123278,2020-09-06T15:34:22.614Z,Turner - Grimes,false
5503d80a-177e-4ab1-ada8-baa43d5b8ba7,2024-08-18T17:40:52.602Z,Croninview,New Mexico,Ghana,10.6296,159.4578,maxime,fugit,adiuvo,minus,laudantium,ocer,culpo,56,25.374015140544834,57,censura,6,2,2,true,0.16292508179070628,2021-01-31T16:34:15.590Z,"Koepp, Howe and Kunze",false
efa4bf37-119a-4f67-a4d9-9109efc59ec5,2019-01-29T11:35:04.582Z,West Jasper,Louisiana,Guinea,15.1113,111.4263,ultra,curia,teres,delectus,vallum,capillus,curto,94,169.2911788871586,61,amoveo,5,1,1,false,0.15082602235049963,2021-12-08T17:49:55.489Z,Wilkinson and Sons,false
fbf88dde-e5cd-4870-894a-cb51d0ca8ce2,2020-05-09T22:42:25.068Z,Jermeytown,Nebraska,Lebanon,-9.2307,112.4297,vetus,custodia,antepono,debeo,tabula,adsum,sed,92,54.36067701163681,88,vulgus,2,0,5,false,0.0525376981817999,2023-04-17T12:19:57.915Z,Turcotte and Sons,false
d6703cb3-80ad-4982-9da7-4dd1d50dd2eb,2023-04-04T02:11:27.697Z,Bednarchester,Tennessee,Eswatini,-34.4808,41.7164,adimpleo,error,saepe,ventus,basium,nemo,ager,107,77.05584831429586,18,nobis,0,2,5,true,0.08611322100152993,2025-02-28T06:26:37.391Z,Cruickshank and Sons,true
59ea2c91-67bd-4f61-97be-97c0c28f69f1,2023-02-20T06:25:28.496Z,Tacoma,Kansas,Saint Helena,-55.7588,7.7091,velum,beatus,absum,comptus,commodo,patria,textus,46,110.99131458608412,72,trans,5,0,4,false,0.1939000745875796,2022-11-09T11:06:00.078Z,Lang - Armstrong,true
04b7242b-83bf-4f37-b5c2-0523c7d4083f,2024-09-13T04:09:59.063Z,Santa Clarita,Texas,Cameroon,70.998,15.7271,universe,solvo,denique,caecus,celo,validus,defetiscor,111,8.159962744188078,80,amita,4,1,1,false,0.014774968172757807,2021-11-18T09:04:26.339Z,Gutmann Inc,false
70717e70-a15c-4e12-8f0b-6bb77c6bd02a,2020-02-17T03:43:37.424Z,Marksfort,Nevada,Bermuda,15.8383,-175.4366,alveus,abduco,valeo,succurro,acquiro,cicuta,timor,76,81.2418696981296,32,apparatus,1,2,5,false,0.12241076160680492,2025-08-25T01:34:09.482Z,"Sporer, Greenholt and Runolfsson",false
e9b5d50c-041b-4950-97e9-3e0241b49876,2018-01-31T02:12:03.586Z,North Charleston,New Hampshire,Isle of Man,61.7567,-148.6597,caste,trucido,demo,vulgus,tamquam,sollicito,tener,24,147.49271095106255,58,reprehenderit,0,1,2,true,0.05109376895410289,2022-05-09T05:54:24.185Z,"Kuhn, Berge and Larson",false
2745164a-2b75-4a06-9ec3-89577cf3bfc0,2021-07-03T09:44:29.718Z,Boylecester,Washington,Brazil,-68.5241,-101.6256,asperiores,acsi,amoveo,vicinus,depereo,depulso,clementia,109,15.97651245990864,35,dicta,4,0,1,false,0.0268017597735061,2023-03-09T07:34:17.173Z,Mayert LLC,true
c528cbf7-e5b5-46a6-bd8f-3cb37619ce29,2025-12-31T11:32:03.054Z,North Roberta,Nevada,"Bonaire, Sint Eustatius and Saba",-46.5522,57.0107,somniculosus,eaque,audax,alius,ambulo,torrens,ulciscor,64,212.15496635417145,34,infit,1,0,5,false,0.21208068365498048,2019-06-09T22:07:22.177Z,Senger Inc,false
ba36ac00-ef41-4a0e-a94b-6e1cb3495e4e,2022-03-30T00:44:05.923Z,Lake Lindafield,Hawaii,India,35.9351,177.49,apparatus,canonicus,uberrime,patior,vulariter,a,trans,66,88.36069042161435,38,concido,4,0,5,true,0.21845430352394477,2025-05-06T13:22:27.501Z,Kohler Inc,true
783bf791-c42a-4f9a-988c-1b6bdb423cad,2020-09-09T21:17:06.373Z,Buckridgechester,Vermont,Mali,-58.4749,-25.9352,repellat,auxilium,cognatus,congregatio,subvenio,textus,at,79,134.9060405302441,60,vita,1,2,4,true,0.022741369480689888,2020-06-13T00:21:34.019Z,Hahn - Reynolds,true
bac1b00d-e619-44ed-b32c-d79c774d91a5,2023-12-30T22:40:58.235Z,West Brycestead,Maryland,Maldives,-25.4855,-99.5647,stips,tergiversatio,venia,vomica,ab,barba,solium,107,94.39383014447311,17,autem,5,1,3,false,0.24576425790954015,2024-11-01T04:12:57.919Z,Kutch Inc,false
bfc1f557-29d6-4439-9a38-bfdadaff18d0,2019-05-24T13:01:36.222Z,Jarrodbury,West Virginia,Algeria,-5.2579,-65.9243,arx,crustulum,theca,conturbo,thermae,cribro,verbera,114,142.5298752343672,38,animus,6,0,1,true,0.06652821511329668,2025-01-01T06:50:42.219Z,Kris LLC,true
a62689d3-2af5-422c-ba52-0cd6e34d5502,2020-04-28T08:14:17.016Z,East Hartford,Colorado,Azerbaijan,43.7886,178.1696,sophismata,uter,artificiose,adduco,alii,sonitus,vestrum,51,152.05106849617562,69,denuo,4,0,3,false,0.15075453621108437,2023-01-23T22:18:27.629Z,Monahan - Smith,false
064db9e2-2bfc-4841-a2ab-c58e7bb13a58,2020-02-11T07:52:33.934Z,Davisville,Oregon,Aland Islands,-48.6238,-40.5857,adsum,desolo,id,viduo,ulterius,certus,adsum,115,51.58912505344243,48,non,3,1,4,true,0.11088983506510977,2022-04-13T02:27:27.064Z,"Jerde, Muller and Rippin",false
c2c69068-dabb-4790-8a2a-82f63bfbcddd,2019-10-31T07:21:34.684Z,Lake Isidro,Vermont,Reunion,55.8157,29.0845,celer,aperiam,quos,desino,vestrum,vicinus,voluptas,123,13.23814871423079,21,comparo,2,1,1,false,0.1664601269493476,2018-12-01T20:42:10.839Z,"Johnston, Cole and Denesik",false
6bd6c1d3-810f-410e-bfe3-8a35cb38933f,2019-08-31T07:10:32.635Z,Memphis,North Carolina,United Arab Emirates,-34.0852,-158.8708,speculum,capitulus,adficio,incidunt,esse,animus,caritas,117,125.70658349091593,97,appono,3,2,1,false,0.1187652356410237,2023-04-08T06:35:44.997Z,Pollich LLC,false
3b5fb1c1-9e03-4e43-aeb0-2babf3d1b36a,2018-09-02T02:12:12.481Z,South Lylaberg,Georgia,Democratic People's Republic of Korea,-78.1352,-163.8082,suus,quod,atrox,debitis,voluptatum,vesper,utpote,31,94.29564559534876,19,cinis,0,0,5,true,0.19202244105697797,2022-03-05T22:37:49.987Z,"Lang, Bauch and Kautzer",true
8d9f4768-0332-4432-8a93-1a615db47440,2024-11-23T02:31:30.785Z,Fort Americo,Kansas,Italy,34.4353,90.593,ocer,aqua,consequatur,comminor,victoria,tolero,sed,77,88.81720998423792,53,studio,2,1,4,true,0.06361106959451238,2024-09-09T08:13:32.835Z,Bergnaum Group,true
a8657ea8-4e58-4cf0-9eb5-ab3f4475bcb6,2021-09-11T13:11:29.504Z,New Assuntaton,Massachusetts,Hong Kong,59.298,-167.5566,dicta,ager,defessus,depromo,tantum,video,volva,34,41.687996515490454,97,tracto,4,0,1,true,0.011733002590957303,2020-08-22T20:42:27.816Z,Doyle - Hane,true
38ad1a53-3683-4b97-9547-54d4d19df807,2022-11-16T03:44:26.754Z,West Julian,Delaware,Bosnia and Herzegovina,50.2109,170.5893,circumvenio,ciminatio,quaerat,paulatim,corroboro,sufficio,tardus,85,70.463085983278,61,auctus,0,1,5,false,0.09615399346261636,2025-09-08T02:04:31.826Z,Wyman and Sons,true
3253d05d-89d7-4f0b-96dd-7ae4f838e16a,2021-09-02T13:21:46.362Z,Braedenstead,South Carolina,Tuvalu,-29.961,-3.3811,cuius,carmen,calcar,campana,casus,admitto,video,65,31.93489173387529,17,clam,3,0,3,false,0.025989691536146747,2024-08-19T03:40:14.704Z,Becker - Vandervort,false
a2bd1d57-6396-4ee8-9afe-4c15e29dcdf8,2019-04-11T01:19:35.667Z,Lancaster,Arkansas,Brazil,-48.8532,-12.8554,curvo,taceo,earum,curia,sint,defendo,basium,91,82.27991648577286,34,quas,0,1,5,true,0.12534091126455416,2018-01-25T16:15:13.743Z,Trantow - Turcotte,true
827383a2-dbfc-43c6-bdae-5ea355b97d8b,2019-01-17T09:38:32.526Z,West Maeve,Vermont,Eritrea,1.2316,90.6223,utroque,theologus,auctor,verbera,attollo,thalassinus,spoliatio,95,46.44958794968316,75,canis,4,1,2,true,0.030208726076100395,2018-08-03T03:27:31.865Z,Friesen Group,true
48fc13cb-73fc-4a75-b4d1-4e68e3431515,2021-05-08T05:06:37.068Z,Schmidtport,Maryland,Pakistan,78.6123,-65.2229,casus,arto,cauda,vesper,cedo,utilis,cupio,120,209.03545479711897,51,carcer,1,1,2,true,0.016397187505625715,2023-01-30T22:30:52.366Z,Wuckert - Kohler,true
5b33034e-ac97-46dc-870e-b28ebd5a82fb,2018-12-04T08:27:41.949Z,East Patworth,Mississippi,Armenia,-0.4365,103.0461,thalassinus,bene,iste,sophismata,damnatio,cuppedia,deleniti,86,67.88990048594614,25,crudelis,0,0,2,true,0.02639689915853141,2020-07-07T23:36:49.916Z,Bode and Sons,true
2e1eca8f-48b9-4990-92b9-177c6a4089ae,2020-05-09T14:44:31.438Z,Roseshire,Illinois,"Virgin Islands, U.S.",51.0825,-138.9499,thema,amicitia,viridis,sunt,adimpleo,audeo,appono,102,158.936392362276,64,testimonium,1,1,3,false,0.17712715391989048,2023-11-03T11:05:09.250Z,Lebsack - Waters,false
f5a9a122-9c8a-44f6-bd17-f152b7cf9613,2020-08-15T16:50:29.106Z,Goldnerstad,Alabama,Algeria,5.598,-115.1392,accusantium,fuga,nam,clibanus,assentator,spectaculum,aveho,75,211.90311347701044,43,condico,5,1,3,false,0.13182663537140643,2021-02-18T19:34:12.748Z,"Will, Welch and Windler",true
ec6d8749-d9d6-4520-a1d3-f8d6a58b2f05,2025-03-06T08:00:57.468Z,Marietta,New York,British Indian Ocean Territory (Chagos Archipelago),85.9678,-153.3364,tam,vitium,sed,anser,coruscus,cruciamentum,iste,130,163.883876038884,52,correptius,3,1,5,false,0.16961895746477718,2020-11-28T12:03:17.978Z,Beier - Schmeler,true