accident_id,incident_datetime,city,state,country,latitude,longitude,road_name,road_type,intersection_type,accident_type,weather_condition,road_condition,light_condition,speed_limit,actual_speed_kph,driver_age,driver_gender,casualties,fatalities,vehicles_involved,alcohol_influence,blood_alcohol_level,weather_reported_at,reporting_department,pedestrian_involved
55a8cfcb-a898-42c3-b5e0-53c8d929c942,2018-10-11T07:37:16.368Z,North Nakiacester,Florida,South Africa,80.6772,109.1274,alveus,patruus,alveus,vis,delinquo,dolores,traho,47,126.91518770373574,79,consuasor,2,0,2,true,0.2083707110738074,2021-03-11T06:34:03.035Z,Bartoletti Group,false
0862e08e-d888-4616-8113-e6c9ee561368,2022-12-30T01:14:35.055Z,East Adalinehaven,Minnesota,Saint Lucia,4.9033,12.5596,cado,comitatus,crastinus,sopor,odit,thorax,candidus,92,141.15666716891437,49,crinis,5,1,5,false,0.10456608484889801,2018-10-04T15:40:50.708Z,Hane Group,true
b203809c-ac52-464d-830a-7563f6a5abe3,2022-06-21T23:52:39.145Z,Jenningsbury,North Carolina,Vanuatu,60.1809,-120.8833,amet,animus,bellum,subito,antea,infit,sublime,34,56.56756921894864,53,curia,4,0,4,true,0.11307811245987148,2018-04-04T13:11:49.617Z,"Gusikowski, Bradtke and Swaniawski",false
71d2fc63-7647-47a4-9682-7c3f895bc6a6,2022-03-05T06:29:32.019Z,Port Edna,Washington,Saint Helena,-29.3298,-99.7082,absque,absens,volubilis,repudiandae,versus,currus,spargo,22,86.7257707713888,55,cur,5,0,1,true,0.22202849844727157,2022-11-29T03:18:18.209Z,"Powlowski, Schmidt and Legros",true
7e96948c-dc1c-4a3e-94e0-6a7eb0b1a0ad,2018-11-03T09:09:11.772Z,Dereckcester,Texas,Kuwait,-60.6185,69.6587,facere,conicio,timidus,crinis,succurro,derelinquo,volva,113,206.89689755535548,78,veritatis,6,1,5,false,0.2344719255313523,2023-11-04T21:34:28.736Z,Howe Group,false
233372bd-1023-4162-b260-9c0b3745260d,2024-09-15T17:52:35.096Z,New Gretchenport,Hawaii,Croatia,13.2284,-128.1293,decor,benevolentia,sortitus,coruscus,viduo,turpis,venia,102,179.53980997875703,94,amissio,6,1,3,true,0.07263446038636748,2019-10-05T22:18:36.507Z,"Schneider, Blanda and Quigley",false
3147143b-cc64-42a6-9df0-87797a7d1cf8,2023-02-21T04:08:37.487Z,Fort Schuylerborough,Vermont,Mayotte,-80.5525,136.002,crur,tabesco,sunt,alias,curis,textilis,admoveo,27,84.64198868100854,34,subiungo,0,1,3,true,0.20749853509226376,2024-11-24T15:44:17.165Z,Bode LLC,true
5d9c612c-1182-471d-9e1d-d8b721489c55,2021-03-01T15:43:33.398Z,North Lauderdale,Vermont,Guernsey,-63.9945,120.1905,culpo,veritatis,amor,comis,comes,tergeo,tot,117,208.5251613755948,45,adipiscor,1,0,1,false,0.030091895236043747,2018-09-11T22:49:59.509Z,Hermiston - Marquardt,true
e231924d-5cf8-40e7-834b-ba292b261756,2021-12-17T06:17:13.781Z,Tracy,Delaware,Isle of Man,50.5095,42.3108,error,turba,comparo,caterva,adsum,censura,patria,34,186.46059946395602,56,nobis,2,2,4,true,0.12020086655741391,2023-12-06T03:38:27.183Z,"Stiedemann, MacGyver and Franey",true
a006acd3-ef2c-4a9b-8aa5-1676ac7eb833,2023-11-21T10:30:13.804Z,Robelfort,Oklahoma,Turkey,27.4666,147.5818,vester,ademptio,suscipio,territo,comptus,denuncio,stillicidium,28,15.19711619809681,57,custodia,2,0,1,true,0.07070503901999017,2025-06-07T18:57:11.162Z,Boyle - Pfannerstill,true
e77cdba8-193b-4d59-a032-305763b4409e,2022-07-25T07:31:02.043Z,Asheville,Georgia,Tonga,-61.171,11.1137,vitae,usus,provident,tamen,tam,bellum,amitto,99,200.90006980908365,43,careo,5,0,5,false,0.24421942488401965,2021-03-11T23:27:52.944Z,"Marquardt, Boyer and Fritsch",true
834f709a-9abb-443e-bc6a-c7d12dbacbc7,2025-11-17T04:14:48.896Z,Vanview,Ohio,Cocos (Keeling) Islands,38.1207,-56.68,repudiandae,thorax,auctor,crux,confero,vir,deleo,130,206.4022164827401,20,aequitas,0,0,1,false,0.13076387277807855,2023-04-03T06:41:34.151Z,"Heidenreich, Mills and Monahan",true
069aa0f1-7d92-40ab-a9b5-03d5761d77d6,2019-02-05T04:46:52.350Z,Stewartcester,Alaska,British Indian Ocean Territory (Chagos Archipelago),-28.6444,-14.188,vis,arca,benevolentia,conspergo,tibi,accusator,apto,37,170.94500567100695,62,supplanto,2,2,2,false,0.06684654824896855,2023-10-08T19:01:23.545Z,O'Keefe - Rogahn,true
9ddafd6b-a215-4a2b-a134-aaadf4572029,2020-06-08T18:44:20.819Z,Cummeratabury,Mississippi,Kyrgyz Republic,-37.0404,-175.0591,sulum,suppellex,alius,aspernatur,hic,utor,decor,49,232.78047253641796,61,tondeo,2,2,4,false,0.07702692380594747,2022-08-17T01:31:45.331Z,"Wolf, Brekke and Mills",false
0f3bd07f-fa36-49e4-af6f-07798943ab89,2019-02-10T03:41:58.999Z,Westland,Iowa,Albania,-4.4888,67.4454,tepesco,sum,solvo,appositus,toties,velit,cupiditate,38,24.007481711624283,87,tergum,4,2,1,false,0.07298301999984638,2021-10-26T13:54:31.556Z,"Kertzmann, Hahn and Prosacco",false
6fdce1cb-c807-4aa1-b106-66d81e514f66,2021-07-18T17:11:27.513Z,Meredithcester,Michigan,French Polynesia,-86.7124,-154.666,vitium,autus,admoveo,venio,strenuus,infit,armarium,86,31.542875986185727,24,vinum,6,2,3,false,0.12482895372156749,2021-06-18T16:35:03.966Z,"O'Connell, Shields and Kihn",true
fc0ed74a-2546-487a-8431-9bffec5f43dc,2024-03-05T12:25:55.306Z,Mustafaside,New Jersey,Saint Barthelemy,2.5663,-62.3574,celebrer,trucido,supra,uberrime,angulus,nobis,amita,74,166.02727198645943,88,solutio,1,0,4,false,0.18067997738969,2021-05-29T13:18:56.112Z,"Emmerich, Simonis and Bins",true
9cdf2d64-2031-41ac-84e4-b654a97f2e1a,2019-02-07T19:01:36.407Z,Rowlett,Wisconsin,Greenland,11.3176,129.2928,esse,virtus,supellex,tenax,amplexus,solio,delibero,48,207.003669094246,79,tametsi,0,1,1,true,0.219704059583359,2019-07-16T18:19:36.766Z,"Brakus, Bayer and Stokes",false
eba81f9f-43a4-4083-bf18-a91c246c21c9,2025-03-19T09:49:53.931Z,Lueilwitzchester,Wyoming,Saint Lucia,-73.0292,-46.5682,spiritus,amaritudo,exercitationem,sapiente,synagoga,clementia,traho,37,208.88764561877147,88,quaerat,4,2,5,true,0.008103600000342964,2021-03-06T22:47:26.367Z,"Williamson, Ziemann and Murazik",false
621cfe9b-8c8d-4f8a-8133-2829a9df81b2,2021-12-11T16:18:21.967Z,Dillanborough,Alabama,Myanmar,-82.7657,-33.203,aro,ullus,clam,comparo,deserunt,dicta,mollitia,88,122.38926105212929,87,celo,4,2,2,true,0.0728619052842088,2023-02-03T15:11:46.632Z,"Renner, Nikolaus and Corkery",true
af509000-77ed-4fa6-b597-28b9e055adf3,2022-05-06T13:49:57.892Z,Port Cornell,New Hampshire,Ukraine,-63.7615,-89.952,admoneo,corroboro,utilis,audentia,deleniti,attero,rerum,76,150.91860474492356,86,terreo,3,1,5,false,0.08186577407589238,2022-11-24T15:02:31.613Z,Klein LLC,false
279cf006-6afe-44c8-900e-e336d12c6bba,2022-03-06T13:18:56.699Z,Haleyhaven,Alabama,Ukraine,-32.328,82.6934,ait,vivo,congregatio,necessitatibus,umbra,tutamen,voro,35,49.3333131971604,49,termes,2,0,2,true,0.14544722107938332,2025-01-31T18:54:53.730Z,Cummerata - Dach,true
ffc55c69-4876-4141-b5d8-fa18fef32c05,2020-01-12T00:05:06.999Z,New Madelynn,Rhode Island,Ecuador,-35.8976,117.43,adficio,neque,truculenter,thalassinus,cultura,adduco,sponte,89,61.97866196459885,28,non,3,1,2,true,0.036444092253296506,2020-03-04T04:22:49.573Z,Hudson Group,true
c610b409-d610-4364-9962-4eda5397c271,2025-11-08T14:17:20.783Z,South Vernon,Colorado,Liechtenstein,-59.0097,5.0748,demonstro,ventito,aetas,curiositas,creta,bellum,qui,116,195.67746034401483,90,cedo,3,0,4,false,0.11409260165692836,2018-07-22T20:08:41.285Z,"Rosenbaum, Barton and Bosco",true
293fad71-27b5-47c9-b674-b422386c35da,2025-02-17T04:19:28.373Z,Cedar Hill,Wyoming,Nauru,-84.1077,159.1784,sono,modi,armarium,capillus,quaerat,thema,defungo,50,235.5485657436846,77,possimus,1,0,3,false,0.07141326752154947,2024-04-10T13:44:14.805Z,Smith LLC,false
8ff79af8-a51d-4ecb-b864-d7857cdc4a89,2023-03-27T03:48:20.050Z,West Lueshire,Utah,Djibouti,-55.9098,13.2813,tondeo,terra,demergo,ex,asperiores,reprehenderit,antiquus,60,156.03339233575673,59,vir,6,2,2,true,0.09515537710240263,2023-04-10T02:35:44.076Z,Bins Group,true
45a83a6d-454f-4d29-8b6f-f448115f0173,2024-08-21T00:30:38.226Z,Owensboro,Missouri,El Salvador,80.3809,62.6457,admoneo,studio,calco,modi,utique,adfero,unde,60,98.56617507552029,86,conqueror,6,1,2,false,0.08400509955982047,2020-07-26T12:35:17.980Z,Douglas - Price,false
07c3299a-b0c6-4834-8de9-b2b7b8dda605,2024-09-23T08:07:27.407Z,North Reina,Oregon,Tunisia,9.5203,2.981,trado,ipsum,delicate,correptius,decipio,depraedor,volaticus,88,155.44078376754925,49,utor,5,1,1,true,0.1339927640277659,2021-03-11T05:21:13.733Z,"Douglas, Skiles and Douglas",false
0925ca28-190c-4bf1-8c24-40b88bc87e20,2020-08-31T01:48:09.816Z,North Joany,Arizona,Libyan Arab Jamahiriya,53.435,-127.6376,turba,coma,comprehendo,quas,tergo,cometes,tutis,75,162.5909494652675,82,dignissimos,5,2,3,false,0.059044289351733226,2018-01-27T16:40:39.077Z,Willms - Ziemann,true
166392a3-1b6a-4110-9f20-eae3a4521043,2024-05-08T00:20:24.908Z,Strackeside,Wisconsin,Mexico,-13.2182,55.5454,cohaero,uberrime,ocer,odit,acidus,veritas,magni,24,158.7195667956519,43,corrigo,1,2,5,true,0.1440381829588744,2023-09-07T14:48:56.109Z,Brown and Sons,false
9c577c9d-91e9-49d8-bb3f-07b4105a6d97,2025-10-19T02:23:24.695Z,Louieburgh,Texas,French Guiana,-84.9101,-132.8705,spero,stillicidium,suggero,cariosus,summopere,sursum,vorago,49,123.18160816405091,74,aqua,4,0,4,false,0.008836899717684255,2024-10-31T03:17:47.411Z,"Cronin, Halvorson and Hyatt",false
36b163fd-ee14-4070-8217-de191b329642,2019-08-03T01:09:03.165Z,Rosemead,Arizona,Eritrea,34.6475,75.0347,tego,ratione,antea,vulariter,ascit,vicinus,curso,73,76.97415581395018,67,suscipio,2,2,1,true,0.24237240274464833,2020-09-16T11:23:50.035Z,Hettinger - Windler,false
df47e700-31d1-4c67-a150-4d4dc77cb967,2025-11-19T21:34:39.626Z,Luettgenfort,Rhode Island,Brunei Darussalam,-47.2835,-61.1533,maiores,tepesco,demo,correptius,molestiae,tepesco,sum,112,160.55061643418628,98,amoveo,3,0,3,false,0.14912818505837228,2022-03-18T16:03:01.805Z,Wolf - Von,false
3bdd17f6-b2be-4ca7-bf00-3f79256a6786,2019-11-21T14:19:18.449Z,Savanahworth,Pennsylvania,Christmas Island,-75.4494,-168.9725,baiulus,caritas,repellendus,coepi,ceno,amoveo,triduana,118,71.47217373281732,33,arguo,0,0,1,true,0.10434384879598368,2020-02-09T15:37:04.579Z,"Volkman, Moore and Roberts",true
2fceed71-c3cb-4fc6-b1b9-3e6303d8575d,2020-06-27T07:44:14.576Z,Lake Manuelboro,Nevada,Denmark,35.2301,46.4261,cunae,pax,cuppedia,arceo,sumo,vulnero,clamo,25,218.21155616325746,66,capitulus,3,2,2,true,0.05826469724929187,2018-10-30T01:01:06.175Z,Howe - Prohaska,true
91e1cd28-a927-4726-81f1-f9df1decadac,2020-04-25T01:19:04.105Z,Hicklefurt,Ohio,Liechtenstein,43.8562,-102.6943,corroboro,canto,vos,cicuta,timidus,benigne,capillus,67,46.74113869529677,25,terreo,4,0,2,false,0.054466877234233047,2023-07-07T01:36:30.246Z,Beer Inc,false
96dc27cf-32b0-4bf1-a993-8ef3296ae886,2023-05-24T20:03:17.296Z,Talonburgh,New York,Algeria,-33.1439,96.9631,tepesco,tabula,triduana,fugiat,comparo,degenero,accendo,98,187.7284768219253,27,approbo,0,1,2,true,0.23950952648456011,2024-03-05T10:38:21.023Z,Sanford - Bartell,true
5e9380ac-0dd0-4221-845a-d0c7e38a2b58,2022-09-26T07:09:22.250Z,Denesikbury,New Hampshire,Turkey,58.4082,14.1449,verecundia,utique,casso,quia,eligendi,degusto,sunt,87,134.93095009263578,49,traho,1,0,5,true,0.08452744633647596,2020-05-05T14:21:42.443Z,Grant - Klein,true
8a011c4c-265f-4e16-8ae7-ec8a4f4b7e47,2020-02-29T19:17:52.822Z,Kesslerboro,Delaware,Nepal,-39.266,27.183,contego,dolores,dolorem,colligo,denuo,coniecto,adinventitias,24,238.23745752454607,85,acceptus,5,2,5,false,0.22846130435800152,2024-06-22T14:36:58.978Z,"MacGyver, Friesen and Hilll",false
ea78f28c-202e-4283-875b-38b29b57a975,2021-05-16T05:37:46.636Z,North Las Vegas,New Mexico,Tuvalu,-23.535,-133.0188,desino,cubo,atque,substantia,conduco,bardus,deorsum,130,102.97823076942788,76,veniam,4,1,2,true,0.08630097760691297,2023-09-22T05:36:20.174Z,"Padberg, Kunze and Johnston",false
d902501e-866c-4d14-8564-53720c611d1e,2021-07-24T14:23:25.123Z,Palm Beach Gardens,Pennsylvania,British Indian Ocean Territory (Chagos Archipelago),-76.9978,-167.0736,taceo,copiose,modi,desparatus,acervus,arto,thalassinus,53,143.83602308644944,93,cimentarius,2,2,2,false,0.24038846234487507,2020-07-05T10:09:16.522Z,Littel Group,false
b5bfb37f-10e3-4ad0-80f5-42cb3f3bf177,2023-12-28T15:56:29.521Z,Larsonboro,Michigan,Guadeloupe,47.1775,-57.437,vox,magni,provident,pauper,cohibeo,admoveo,virga,111,12.024337056639833,83,neque,4,1,2,false,0.0835213685759019,2018-11-05T08:41:11.790Z,"McGlynn, Parker and Leffler",true
117a2b34-d71f-4039-8e4f-c314f414b363,2023-03-11T18:48:06.540Z,North Zane,Wyoming,Marshall Islands,82.338,-169.6306,distinctio,tribuo,tunc,exercitationem,temperantia,ceno,tandem,51,17.908440675190498,49,tamisium,1,1,5,true,0.10000687492545568,2021-04-01T21:09:07.618Z,Keeling and Sons,true
aadf4b10-6d7b-488e-aa9d-fba4d22a3fd7,2022-05-11T19:04:26.075Z,Lake Ferneboro,Washington,Philippines,-46.0506,-11.261,canto,valens,sollicito,tandem,cur,rerum,cui,116,1.3575095031758266,25,nostrum,4,1,3,false,0.0350637917147715,2022-04-27T11:46:53.493Z,Powlowski - Ullrich,false
fa25732c-f763-4f43-a369-a277060f69ec,2018-04-06T21:14:26.835Z,West Pinkieville,Georgia,Guadeloupe,78.5387,94.6714,volubilis,baiulus,aeternus,vulnero,tempus,celer,adnuo,129,147.9899928966869,59,civis,6,0,5,false,0.24917975161427555,2023-04-07T20:32:03.906Z,"Bednar, Pfeffer and Terry",false
9a06db1c-16fb-4179-a2e4-4bccfe70d592,2019-11-02T01:09:55.229Z,North Gladys,Kentucky,Uruguay,54.4107,-116.2936,vicinus,amita,defessus,verto,volubilis,civitas,careo,70,202.66547878937882,98,arcesso,3,0,1,true,0.23454688902940976,2020-12-16T15:36:17.012Z,Konopelski - McCullough,true
fc3eaa15-b6ea-4d8e-b94a-a1e83dc25750,2023-04-07T13:33:28.431Z,Lake Broderickfield,Alabama,Benin,-4.2787,3.8903,absum,paens,triumphus,audax,tempore,speciosus,coniecto,114,166.28161315966392,88,triumphus,6,1,4,false,0.10489400688507602,2022-09-25T14:51:34.145Z,Russel - Corwin,false
0d1a23fa-a8d4-4afb-b849-322b297edb09,2018-04-04T23:29:36.562Z,Adonisstead,Nebraska,Slovakia,-26.9122,-179.6263,clamo,tres,voluptates,peior,tristis,nam,cernuus,85,235.25906419557762,69,degero,1,1,4,false,0.23023885170361127,2022-06-04T20:03:03.571Z,"Purdy, Crooks and Haag",false
077c6eb0-aa40-4b83-a38f-1bb259c9b034,2021-08-08T06:48:32.318Z,Rosamondtown,Kansas,New Zealand,19.378,125.0999,sub,asporto,adfero,sopor,vergo,delibero,alveus,94,149.48520776194596,97,velit,3,1,1,false,0.22640871227570475,2022-07-06T19:02:22.328Z,"Fritsch, Upton and MacGyver",true
06c358d1-1962-47dd-8a8f-b6cd919aa7a6,2021-08-03T09:22:00.253Z,West Kayley,Virginia,Tunisia,-59.3616,-97.1814,pax,unus,celer,vere,admoveo,aegre,vetus,40,141.3512328175742,35,sulum,2,1,4,true,0.15210809743406534,2022-08-17T17:17:49.200Z,Goldner - Adams,true
8ebe0e3c-3364-4858-9295-b8a3db1f6404,2024-02-07T22:35:54.557Z,South Jadon,Pennsylvania,Armenia,17.4271,-119.1162,colo,solum,amplitudo,audacia,suspendo,tamisium,reiciendis,44,39.82102155177492,48,amoveo,3,1,3,false,0.008885391690514305,2018-10-02T12:07:56.784Z,Spencer Inc,true
8342172b-46ca-4d8f-abad-a09fb13eff98,2025-07-30T07:29:41.361Z,Josiahmouth,New Hampshire,Dominican Republic,-35.4558,88.7798,coniuratio,tempore,aer,celo,cogo,terminatio,est,119,134.0195178517826,57,vulgo,4,2,2,true,0.23361615769934624,2019-04-12T19:13:21.385Z,Predovic LLC,false
ef378c07-3a96-4f87-8d47-955350266e36,2025-12-20T22:33:54.707Z,Reichertburgh,West Virginia,Georgia,-22.9715,-29.4441,et,vulpes,velum,theologus,adficio,curtus,ipsum,67,67.27161498616968,94,coadunatio,3,2,1,true,0.034699655848124566,2020-05-03T09:32:57.581Z,Sanford - Rempel,true
63075f76-3e92-49ec-9226-a5bef108b7e5,2023-10-26T01:25:21.474Z,Toledo,Oregon,Angola,-70.6369,-104.3392,conventus,tracto,absque,anser,temporibus,curiositas,inventore,115,88.67604971864209,76,tergiversatio,3,1,3,true,0.0928412849745468,2025-10-12T20:18:12.229Z,Effertz - Littel,false
da83024c-bede-477d-95fd-e2c6a173b04e,2021-10-30T05:19:05.898Z,Julioberg,Kansas,Kazakhstan,-59.1415,39.3625,sursum,tamdiu,avarus,considero,tempore,voluptatibus,ambitus,60,180.97058453420266,29,adsum,6,1,5,true,0.08695198015546857,2018-01-03T05:58:46.211Z,Koss and Sons,true
9758a67d-869d-486b-ae8e-6414235cb7be,2022-01-16T16:41:47.365Z,West Babylon,Wisconsin,Iraq,85.0404,99.0583,vesper,strenuus,aperte,commodo,dolor,velit,arcus,101,204.3581296335644,46,non,6,2,4,false,0.16939092221408159,2021-06-03T08:23:31.336Z,Hackett - Ondricka,true
d85b20cb-ae4f-42a3-9a0b-01f4ec3fe49b,2019-04-02T20:05:54.930Z,Lake Charles,Colorado,Qatar,-73.4947,90.8227,acer,summisse,ustilo,trans,defessus,angulus,considero,71,48.38162413943931,64,xiphias,3,1,2,true,0.09804909771744955,2025-12-06T02:10:31.482Z,Dare - Morar,false
65ec2a6d-3ac5-42b5-8a5f-66dae1f3dcca,2018-09-28T18:49:48.801Z,North Neva,Nebraska,Cape Verde,-49.6716,101.0487,placeat,victoria,vesco,blanditiis,aufero,delinquo,utroque,103,69.40908520143415,16,pauci,3,1,2,true,0.1610735749233143,2020-10-30T20:42:09.913Z,"Ryan, Tremblay and Vandervort",true
fc7037c2-f39f-4c68-b10a-7d99f3027c87,2019-06-26T02:17:11.990Z,Gennaroburgh,Oklahoma,Aruba,84.2492,179.4336,deludo,provident,supplanto,ago,certus,velut,culpa,126,58.83719433672365,51,magni,3,1,1,true,0.17335675307233847,2024-08-07T00:42:35.790Z,"Huel, Wiegand and Kuhic",true
93afc9e3-6b5f-41b5-9bca-b04fe2082ded,2020-09-02T18:02:21.247Z,South Violette,Idaho,Belize,-46.0818,165.7373,tyrannus,venustas,volaticus,ulciscor,aurum,toties,admitto,92,211.89994592381035,36,brevis,3,2,4,false,0.08215954431694211,2018-09-22T21:31:43.830Z,Welch - Spencer,true
fb3236f2-4bb9-4d25-aaa5-ed5322b0d8f6,2022-04-04T11:00:34.981Z,New Harmony,Montana,Panama,14.6686,-113.9156,casus,communis,acer,admoveo,crastinus,velit,condico,58,75.44348199248046,43,cultellus,5,2,2,false,0.1785947563253614,2019-08-22T04:38:10.726Z,Jaskolski - Wisozk,false
f7fa4361-cf19-4d5f-bc27-e8969b6ed5ee,2018-05-31T11:30:47.315Z,Pueblo,Alaska,Montserrat,52.8502,110.4817,impedit,universe,temeritas,degero,aranea,una,acerbitas,38,20.258699859700904,74,arca,1,2,5,true,0.09650184250080782,2019-07-01T14:20:39.762Z,Langosh - Franey,false
2469b1b1-5b90-40a9-b041-9c614dd7b051,2022-11-24T20:54:11.552Z,South Korbinfurt,Vermont,Algeria,72.9456,10.1141,curiositas,terreo,deorsum,labore,delectus,termes,adhuc,22,220.02518088831906,19,socius,6,2,3,false,0.2267047235884401,2019-06-07T04:37:01.225Z,Fadel - Harris,false
4896d6ef-6b9b-4741-afc6-460cd9d81af4,2024-02-25T04:18:01.669Z,Charlotte,Oregon,Guinea-Bissau,-64.0227,165.7184,defungo,caput,voluptatem,dolores,officia,accommodo,claro,73,136.78280570562578,97,utor,5,0,1,true,0.13123440927861135,2018-04-27T18:05:38.223Z,"Connelly, Treutel and Pfeffer",false
a6a96dcd-c96d-458c-a74a-538f3a7a5e48,2025-07-15T16:08:03.090Z,Metzberg,Virginia,Micronesia,-70.773,158.6526,civis,adamo,damno,cubicularis,aspernatur,aduro,occaecati,85,32.62042349077198,63,caecus,2,2,1,false,0.198950327308043,2024-10-07T06:11:29.168Z,Conroy Group,false
63c9da2f-f8e0-4319-83e2-69c197de596d,2018-11-02T14:25:07.673Z,East Estrella,Georgia,Zambia,89.3906,11.9613,tandem,consuasor,umquam,minima,ait,comburo,nobis,42,7.504962563252278,32,avaritia,6,2,3,false,0.16752735381317538,2020-12-24T07:17:41.118Z,Dicki Group,false
c3a79d9e-e78a-4fba-9cb8-d119d08afbbb,2020-05-03T12:30:04.147Z,New Casper,Tennessee,Croatia,-45.9711,164.7056,aurum,cohaero,civis,cunctatio,dicta,vereor,conspergo,105,189.98556748388756,31,arceo,0,1,3,true,0.04374784853689628,2025-05-29T18:53:45.918Z,Dooley Group,false
441031b5-3e0e-49a7-bda6-49beb06b3b61,2018-03-09T15:51:45.079Z,Pittsfield,North Carolina,Gabon,8.4898,-116.1716,perferendis,totam,titulus,desino,rerum,caveo,comminor,41,97.21388649028032,29,soluta,4,1,4,true,0.10745132767115828,2022-03-24T05:06:42.825Z,Schuster LLC,false
24960b6e-9e08-4df3-a103-22952d4feeab,2023-09-19T23:38:19.452Z,Washington,Utah,Kenya,-2.213,-146.4825,bene,aeger,sint,tabgo,confero,distinctio,voluptate,127,64.30440191298634,44,tenetur,2,1,2,false,0.01989621880389547,2021-10-14T22:57:02.515Z,"Mohr, Simonis and Koch",false
6ba6883d-d4b7-40c4-bec9-9b104653823f,2025-06-06T04:59:07.919Z,West Garnett,West Virginia,Saint Helena,60.3487,115.7772,statim,termes,arca,aro,clementia,suus,rerum,92,136.4498793197869,95,ascisco,1,0,1,true,0.09848529793481292,2021-12-25T22:58:26.166Z,Koss Inc,false
3abdb283-36f2-4957-98e2-b7bc6db1518c,2021-11-12T22:25:42.192Z,Fort Delphiahaven,Illinois,Somalia,-34.9533,-91.3645,territo,depromo,ago,varietas,cicuta,veritatis,tabella,33,108.5473151846781,59,aestas,6,2,2,true,0.07415607800862073,2020-06-02T17:07:47.730Z,Quitzon - O'Kon,false
2f703909-4e6a-4637-be3d-f2c84ee7f143,2024-07-20T19:37:57.847Z,Libbieborough,Pennsylvania,Chad,-7.6477,1.3868,umquam,suggero,audeo,depopulo,paens,alveus,incidunt,89,213.8522387155601,34,viridis,6,0,4,false,0.0005698032293131317,2022-10-19T22:37:28.451Z,"Hegmann, Wilkinson and Durgan",true
c146b1b6-61ed-45a1-898e-d4fc1c150d06,2018-09-17T07:52:28.317Z,St. Charles,South Carolina,Iran,12.7376,-81.7962,turpis,laboriosam,terminatio,adeptio,congregatio,iusto,catena,87,135.74449302560353,91,arceo,0,0,4,true,0.0038355323011668996,2022-03-17T22:06:49.025Z,Pacocha and Sons,true
f3c35440-4fb7-432c-9028-6ab45a88f67c,2020-11-19T05:07:15.836Z,West Jaimeland,Florida,Argentina,-88.2219,-26.2367,arto,vicinus,dolor,conspergo,odit,rerum,celo,91,139.34128886681705,19,terra,4,0,4,true,0.10736452066265839,2022-04-15T05:11:21.682Z,Macejkovic and Sons,true
11db433a-079e-473b-a08c-b8b1f217a0da,2018-06-09T06:22:15.983Z,Fort Gastonmouth,Oklahoma,Lithuania,-9.3197,-70.7201,baiulus,civitas,crur,vado,temeritas,adulescens,adduco,117,238.23884178284356,26,cruentus,3,2,3,false,0.0759074878790045,2019-08-28T10:06:46.702Z,O'Hara - Mills,false
35720a96-d054-4d81-a7f4-3a8f0b76135f,2021-12-24T02:14:32.682Z,Redmond,Connecticut,Indonesia,-67.1958,1.812,delego,altus,enim,conventus,patria,cenaculum,vita,129,202.206134276888,35,audax,0,2,3,false,0.14015311878278633,2021-08-18T14:10:30.881Z,Corkery - Bashirian,false
81bb8c01-c0cb-48e8-ba80-29bcef6673b5,2025-09-18T15:08:17.200Z,Port Alishamouth,Hawaii,Guadeloupe,40.4916,101.2939,ter,campana,pel,alius,amplitudo,turba,colo,31,214.23074052929826,32,sui,2,0,2,false,0.01916323918943949,2022-10-20T08:50:02.827Z,Wuckert - Fritsch,true
34129dc0-d567-437c-bd18-5cfcd62b68eb,2021-02-07T08:14:02.580Z,Hamilton,Tennessee,Mauritania,81.6151,161.2351,utroque,aegrotatio,suggero,apto,admoveo,ater,teres,51,23.584571714950275,59,nam,3,1,5,false,0.1568369755500308,2025-09-12T20:13:53.004Z,Larkin and Sons,false
3aefd202-0153-4ceb-8aee-6966af61e910,2020-03-01T15:21:09.364Z,Chesterfield,Louisiana,Suriname,-61.3547,165.8426,absque,ciminatio,cimentarius,vulgivagus,terminatio,dicta,vorax,81,133.67899260593424,46,contabesco,0,2,3,true,0.07266776520347826,2021-07-13T12:09:44.251Z,"Klein, Bernhard and Goodwin",true
8fabfe6d-8d62-423a-9a3a-938fa681c552,2022-12-09T20:25:29.107Z,New Betsyfurt,West Virginia,Seychelles,41.5009,145.2924,quisquam,deleo,vorax,corpus,benevolentia,vinitor,suffragium,99,236.11455799732025,85,tenuis,2,1,3,false,0.06267929669773778,2022-04-10T05:31:40.507Z,Gleichner and Sons,true
e0a2769c-b707-4ae0-a8b9-83a2b9dc1a59,2019-10-20T06:07:54.616Z,Fort Fausto,South Carolina,Vietnam,77.3177,11.8878,concido,suspendo,eligendi,adsuesco,cinis,accendo,corrigo,69,66.19573041217419,33,crustulum,5,2,1,true,0.19833380049308597,2018-01-08T23:52:46.451Z,Leuschke - Hansen,false
356c0864-9200-48ad-98d2-ec00e90c69e2,2021-11-12T16:13:49.493Z,Bodeburgh,New Hampshire,Monaco,-27.2675,-106.686,ait,barba,comis,ars,cubo,ullam,conventus,63,87.3350673324867,81,suffoco,4,2,5,false,0.17028156720197632,2020-10-24T01:50:17.638Z,"Orn, Leffler and Smith",true
68819e12-65c0-4ede-826c-8273c31a2582,2018-07-08T06:02:45.207Z,Memphis,Pennsylvania,Curacao,-48.527,110.9095,tricesimus,temptatio,carus,viduo,depono,censura,deficio,69,16.300154588676754,16,umquam,3,2,3,true,0.002073006305393088,2020-06-02T20:26:12.133Z,Kemmer - Considine,true