accident_id,incident_datetime,city,state,country,latitude,longitude,road_name,road_type,intersection_type,accident_type,weather_condition,road_condition,light_condition,speed_limit,actual_speed_kph,driver_age,driver_gender,casualties,fatalities,vehicles_involved,alcohol_influence,blood_alcohol_level,weather_reported_at,reporting_department,pedestrian_involved
7a080e33-fca3-4481-af02-fc8c53ac0d34,2021-09-03T05:38:04.252Z,Timothyfort,Minnesota,Kuwait,-15.2476,-125.8634,concedo,theca,tres,comes,defungo,vesper,avaritia,45,135.67086474008056,56,cubicularis,2,1,5,true,0.20850201033759638,2024-10-15T13:32:37.610Z,Runolfsson and Sons,true
e3a4fcec-1d8a-454c-b9dc-1e443fa42cac,2021-09-29T01:46:05.586Z,Fort Lisandro,Florida,Bahamas,60.8277,59.2417,vinum,via,creptio,deprecator,solum,comprehendo,deprimo,110,218.21591236794993,96,defungo,0,0,2,false,0.1481443782836681,2025-03-15T20:05:03.274Z,Senger - Hilpert,true
1d3cccb6-1924-45b4-ab2d-f68f474009f6,2024-02-20T19:32:20.798Z,Bauchburgh,North Dakota,Dominican Republic,19.0593,-4.3994,acceptus,animus,sortitus,deputo,aptus,capto,caecus,122,60.570737039806176,37,tolero,2,0,2,true,0.008503679910130069,2025-07-11T11:01:41.582Z,Dach Inc,false
92422898-ad70-4c31-a06e-207e03109f3e,2025-05-24T10:23:12.272Z,Port Kenyon,Arizona,Equatorial Guinea,-27.7658,7.266,aranea,verecundia,textilis,ulterius,natus,volutabrum,annus,101,77.59084238926111,31,vulpes,6,0,1,true,0.041961644177168494,2019-09-18T20:50:34.680Z,Hudson Group,false
6444d990-1774-4561-921c-a8adce06de8e,2019-08-05T17:54:54.325Z,Linastad,Missouri,Puerto Rico,-39.1003,-145.178,delibero,ventosus,copia,vergo,odio,ullam,textor,98,140.51826513512765,73,consuasor,0,2,4,false,0.11286697715798402,2021-12-05T14:43:38.597Z,Kunze LLC,true
8307b135-969a-4559-8310-107bf9c9538a,2021-02-04T06:22:20.257Z,Burleson,Massachusetts,Fiji,-41.2025,-22.6813,asper,trado,dedico,dapifer,sumptus,tabesco,creator,116,50.20938721606284,65,coruscus,4,1,4,true,0.07584356383854499,2019-12-11T22:51:07.943Z,Blick - Harber,false
1cc98e90-08d1-4681-8453-04b2ffe9fb44,2023-08-02T05:09:32.882Z,Mantefort,Texas,Grenada,44.8911,-123.7124,cena,absum,paulatim,nesciunt,pel,decerno,utique,91,29.74476224179206,18,rerum,2,1,5,false,0.10789198719772114,2023-02-09T16:06:08.316Z,McDermott - VonRueden,false
0a311ed6-b05a-4841-b2f3-687a21bafe88,2023-08-10T07:52:11.735Z,Auburn,Wyoming,Antigua and Barbuda,-62.4935,161.4682,officia,tolero,repellat,porro,commodi,altus,uter,68,55.05896956463724,91,alienus,6,2,2,false,0.07519517379990828,2021-06-22T23:41:47.557Z,"Lueilwitz, Von and Marks",false
2f6fdc03-bb93-4f6e-bcbd-819b1d7876f0,2021-04-29T22:23:58.365Z,South Sibyltown,Arizona,Heard Island and McDonald Islands,45.606,101.2602,desolo,spiritus,thema,sulum,vociferor,adulescens,earum,29,69.7237363669627,22,bibo,0,2,4,false,0.022494325832248196,2019-04-21T07:35:02.403Z,Ortiz - Wintheiser,true
7fed4221-8279-454c-8191-74512e577aa8,2021-12-26T13:48:25.412Z,Simoniscester,Alaska,Cambodia,-40.1056,121.1211,ullus,sub,allatus,bibo,tracto,distinctio,patrocinor,36,71.66375470984522,86,adflicto,3,2,3,false,0.15776316989005304,2019-02-06T16:22:15.219Z,"Konopelski, Block and Reynolds",true
e007f64b-b6fd-465d-a35e-941018ddf425,2019-06-01T08:49:00.530Z,Kyleighton,Rhode Island,Ukraine,-19.0777,-22.1099,casso,clarus,corrigo,termes,adimpleo,articulus,caute,83,49.790033485163725,27,nobis,6,1,2,false,0.08538807412802885,2021-02-26T22:15:38.630Z,Huels - Koch,false
9d583966-83c3-417d-a420-4a54fdaf888f,2025-06-05T00:23:57.521Z,New Jerroldworth,Alaska,Cayman Islands,-3.6217,81.0886,adfectus,defendo,cinis,asporto,arguo,coaegresco,cribro,83,65.18991984414815,68,demoror,6,1,2,false,0.14261554594860362,2018-02-05T22:14:56.143Z,Von Inc,false
c1de31f8-331d-4e6d-88ca-8ef3699fbf49,2024-07-10T11:55:23.393Z,Lake Rogershaven,Colorado,Turkey,-53.9321,-173.3967,desidero,sequi,cribro,decimus,delectus,viriliter,alioqui,79,65.6289447419444,30,astrum,6,0,5,false,0.12973239934401415,2019-08-21T00:30:11.974Z,Schulist - Hilpert,true
fca2fe63-4169-49da-8f28-1ff3f1e520e3,2018-08-31T21:07:23.902Z,Cummingsland,Missouri,Bermuda,-38.4756,111.4772,acer,vulgaris,sufficio,subvenio,cenaculum,voco,cunabula,119,179.95919425893237,99,sursum,0,2,4,true,0.06846420597280894,2023-05-16T21:43:03.239Z,"Herzog, Dach and Kunde",false
2401e197-b279-4718-a3a6-2e8608e623e6,2024-09-27T22:37:58.201Z,Edmundmouth,South Carolina,Portugal,-71.2119,-103.142,vivo,cotidie,candidus,desipio,complectus,depopulo,ciminatio,36,233.0955195141766,53,derideo,3,1,1,false,0.02454171917425993,2021-06-07T00:35:49.107Z,Smitham LLC,true
0452c8ef-a240-4437-bc95-ea72e1a30d5b,2025-05-12T17:34:04.410Z,South Makaylacester,South Dakota,"Virgin Islands, U.S.",-72.0741,-159.3874,ut,bardus,recusandae,laborum,repellat,catena,aequus,22,36.65620669348165,19,via,3,2,1,true,0.05170136717107854,2019-06-11T09:05:19.854Z,Emmerich and Sons,true
9eb011f7-997c-42e1-87f1-fc722f794688,2025-10-04T07:52:59.744Z,Port Willyfort,Indiana,Azerbaijan,6.9782,-179.3887,aer,accedo,earum,crastinus,verto,bis,aequitas,112,104.05527041057707,84,arcesso,4,0,3,true,0.04579232243490586,2020-09-13T08:44:15.621Z,Kassulke LLC,false
36751fc8-f1f7-4949-b27f-c07caabbaa28,2018-12-16T18:54:03.402Z,Battle Creek,Kansas,Guinea,-22.2036,-159.7941,vallum,tui,advoco,bibo,cubicularis,curis,terminatio,32,11.543684326625367,39,aqua,4,2,4,true,0.23652283201942292,2019-07-19T19:24:10.904Z,Schultz - Brekke,true
a3ffdb84-8fb9-41f5-ae87-dd93cd5c8b95,2025-12-23T05:11:52.084Z,Sunrise,Maryland,Panama,-82.231,93.7729,altus,valde,appositus,cetera,votum,pel,vado,71,70.4707261654921,16,derideo,6,2,1,true,0.07206095774184074,2025-05-08T14:22:45.042Z,"Stroman, Casper and Toy",false
27daa58c-7a19-498a-b307-123dc1212c60,2024-12-23T23:13:11.299Z,North Danika,North Dakota,Belize,40.0487,-133.6769,corpus,abutor,patruus,terreo,angelus,viriliter,uterque,117,117.81180611734399,17,surgo,3,2,1,false,0.22548610002147906,2020-01-12T19:51:53.697Z,"Corwin, Welch and Frami",false
e156ec69-e8ed-4113-a2ce-3eb54d5afd44,2018-05-25T17:00:56.266Z,Antoinetteside,New York,Micronesia,81.4847,-138.0705,coepi,vestigium,arto,cultellus,timidus,demoror,in,54,107.61693785781989,78,volutabrum,3,2,3,true,0.10993423814041342,2023-11-09T17:46:02.202Z,"Schultz, Schaefer and O'Keefe",true
5f7225e6-2f92-463d-9deb-ed88ef5f5f92,2023-12-30T19:56:55.637Z,Kolemouth,Colorado,Bahamas,27.5595,119.9557,deleo,temeritas,quaerat,somnus,depulso,accusator,balbus,118,111.62957816528426,78,tibi,3,1,5,true,0.08922765493511467,2020-10-04T11:17:28.272Z,Wolf Group,false
e11866de-82c6-4070-9f02-125d2aef4905,2024-03-14T07:04:21.259Z,Pomona,Arizona,Samoa,37.5007,168.5424,suppellex,curtus,cursim,amoveo,condico,tenuis,victoria,65,83.61426165316163,69,tollo,4,0,5,false,0.10806668789987611,2024-06-08T03:39:56.161Z,Grady LLC,false
15e45380-3717-443c-b0f7-26dd37c7cd0f,2024-03-26T19:22:23.224Z,Cary,Virginia,Saint Vincent and the Grenadines,-70.774,-140.709,tum,infit,substantia,cuius,arbitro,colligo,deputo,92,20.155230378665728,71,carpo,5,2,3,false,0.14118332462655048,2024-05-12T06:20:10.505Z,"Gerlach, Kassulke and Weissnat",false
4d8131a8-3e8c-48ff-be67-23e55be72dc5,2020-01-21T10:41:10.958Z,Lake Francisco,Virginia,Botswana,-60.9388,134.7413,ultio,concido,comptus,cresco,angulus,tener,thymum,37,120.8577773059954,32,teneo,5,1,1,false,0.19382086975211332,2022-06-18T13:01:37.496Z,Collier Inc,false
4452e16f-d3d5-4fb5-b503-69e8791f0bb4,2021-01-31T12:29:41.572Z,Skokie,Massachusetts,Armenia,8.3547,-134.1724,vallum,terebro,animus,tres,usque,bis,sulum,111,59.501012842693584,18,adflicto,2,2,1,true,0.10054056666813857,2024-07-26T23:32:54.276Z,Boyle - Pacocha,true
dd03a350-2163-4322-a739-9ec563400a3c,2023-05-03T13:39:07.402Z,New Braunfels,New Hampshire,Albania,7.5726,-95.3922,defetiscor,despecto,esse,vivo,ultra,carus,admiratio,28,91.01018265071968,68,stella,4,1,3,false,0.17568595425349748,2024-04-26T08:29:27.612Z,"Considine, Beier and Kutch",true
9ca6c3fd-7a78-40df-a695-4b576eb44c5d,2022-12-29T22:35:48.523Z,Abernathymouth,Alaska,Hong Kong,1.5801,99.3379,theca,casso,sol,solium,sed,cilicium,viriliter,114,202.94561301080861,68,arcus,3,2,4,false,0.011531114108173673,2018-06-23T14:17:46.279Z,"Cormier, Brakus and Cormier",true
14f0f096-807b-49c4-8645-6b46c1cc6ed0,2022-09-22T04:18:58.614Z,Rapid City,New Mexico,Brunei Darussalam,-50.7327,-129.6252,capitulus,tenetur,vitium,voluptas,deleo,ultra,vesco,129,153.65859392325618,70,vitae,3,0,1,false,0.1214237211266059,2018-07-02T00:07:00.930Z,"Armstrong, Hilll and Wiegand",false
51aa2aee-5575-4275-81b2-41a6c83fbc4b,2022-01-12T09:12:51.904Z,Charleneboro,Kentucky,Jordan,-21.4018,-110.2378,corrumpo,debeo,constans,abeo,tempore,bibo,attonbitus,103,117.8727709729455,83,repudiandae,5,0,5,true,0.244637009228693,2024-09-27T09:20:45.946Z,Hansen - Zemlak,true
641e54e4-0dd7-43b1-8dd7-863876722b40,2020-02-22T19:51:03.680Z,Fort Germaine,Rhode Island,Heard Island and McDonald Islands,-83.6417,-136.8907,barba,degero,quia,arbor,aliquam,vester,somnus,88,194.34799493056695,61,dolore,2,2,4,false,0.12546764604196411,2025-02-19T16:05:15.857Z,Goyette - Price,false
95fa1d9c-0385-477e-9969-138ab4a9b3b6,2021-01-05T07:55:48.528Z,West Leslietown,Oregon,Jamaica,56.2858,-147.6171,abutor,voluptate,maiores,copiose,averto,acidus,deficio,84,115.63343853507295,29,deinde,0,2,1,false,0.1452746736732075,2020-06-22T18:27:21.510Z,"Ebert, Walsh and Ebert",true
46f97110-22dc-4397-acc6-35f2606e9eb3,2019-09-03T07:50:02.620Z,Richiehaven,Ohio,Cayman Islands,-86.8208,134.4684,subito,casso,sed,aspicio,possimus,adduco,adulescens,92,44.113351678779026,99,utrimque,0,0,4,true,0.06543878396585559,2018-05-16T19:51:46.455Z,Leffler Group,false
ceec38c4-c20c-4eb6-88a7-b6b3c6c5b3ba,2024-07-21T23:02:39.510Z,Madison,West Virginia,Democratic Republic of the Congo,79.7087,-11.6712,caelum,atrocitas,cinis,appositus,acerbitas,quisquam,certus,23,5.815336622131921,66,velociter,3,0,5,false,0.16132881841099517,2022-08-19T01:34:42.474Z,Stark and Sons,false
710df476-7da5-401a-8473-0840c8145f37,2024-03-24T21:47:08.231Z,Port Charlotte,Nevada,Mayotte,-33.5943,-106.2543,solitudo,absorbeo,statua,desipio,caute,cruentus,desidero,55,154.1321182000744,26,voluntarius,3,0,5,true,0.08529749352520191,2020-11-07T15:55:39.320Z,Schumm - Kunze,true
587fabe3-46f7-44de-a8bd-8da643ecdd1c,2021-09-28T19:12:22.993Z,Gabefurt,Wyoming,Democratic Republic of the Congo,86.5492,-110.501,derelinquo,sulum,vobis,crastinus,laboriosam,curtus,acceptus,22,143.6466184818341,80,amiculum,1,1,4,false,0.061884560517004916,2020-01-20T07:06:17.575Z,Grant and Sons,true
f2819a54-ceda-4828-8fc6-d3972e2ed0eb,2024-07-11T00:22:35.486Z,Fannyworth,Texas,Mongolia,-76.8857,-85.8895,validus,auditor,addo,attero,correptius,patior,optio,68,52.691302345964374,24,carus,2,1,2,false,0.14960252011354572,2019-09-15T22:45:52.815Z,Kunze - Harris,false
28578910-7243-4ed2-8109-192356416536,2018-08-07T05:15:18.937Z,Crooksberg,Washington,Armenia,10.029,152.7779,pecco,caelum,curto,terra,vox,stabilis,coruscus,23,38.00628019847483,64,comprehendo,5,0,2,false,0.22456402365711206,2020-04-01T11:15:18.798Z,"Walter, Metz and Bechtelar",true
73f7f0ef-01b5-48d2-9363-0f453f72fb1d,2020-12-18T18:47:58.769Z,Fort Imeldaland,Colorado,Sweden,59.4325,-9.9489,balbus,terror,verto,territo,molestiae,thermae,repudiandae,111,60.70955152163304,89,addo,1,2,2,true,0.016077668170974585,2018-11-14T09:14:28.279Z,Botsford Group,true
89bf9816-dc75-4e3d-87aa-0b895d6559b5,2025-09-27T05:47:48.944Z,Lake Marciaborough,Alabama,Guadeloupe,-77.1072,78.6551,amplus,sulum,temperantia,spero,eius,accusamus,copiose,81,190.90953938802326,21,sufficio,5,0,3,true,0.12094999224109665,2018-04-03T03:50:34.042Z,Green and Sons,true
00744599-c133-4145-926b-94e7a9ccfcd8,2022-05-21T07:30:25.177Z,Collierville,Missouri,Iran,-87.1904,72.7215,defetiscor,commodi,arcus,denuo,quo,adulatio,vulgus,129,130.7306824011062,40,quo,4,2,3,true,0.022398789149488008,2019-08-09T11:02:01.790Z,Hagenes and Sons,false
299be9e6-2395-477d-8a9c-f1753df01f8a,2018-03-02T15:35:03.183Z,New London,Florida,Madagascar,-39.4925,49.4539,solus,color,arbustum,tracto,cum,vobis,aperte,89,215.4597044788734,45,adficio,0,1,1,false,0.14226749990620796,2025-02-17T08:18:29.082Z,"Ernser, Pfeffer and Schinner",false
eb721168-543f-4a0c-8698-5b0082363694,2018-11-04T05:11:36.130Z,South Luistown,North Dakota,Equatorial Guinea,2.4306,-51.6879,deinde,callide,adimpleo,tubineus,argumentum,thalassinus,basium,121,227.48185457978053,17,ducimus,2,2,2,false,0.02632022125379227,2024-04-19T04:49:49.014Z,"Schaden, Casper and Sanford",true
fb2f4c7d-7286-423c-ad24-2f08da817fa6,2021-02-24T00:37:02.064Z,North Elberttown,Iowa,Ecuador,11.7934,-175.1975,demens,tenetur,consectetur,clarus,amicitia,asporto,aliqua,47,50.7366056413052,28,torqueo,1,0,5,false,0.11041631178649705,2023-08-01T15:51:03.132Z,O'Keefe - Lowe,false
353f9821-99f6-43bc-854a-5c5966581db3,2023-03-25T00:43:46.969Z,Taraland,Oklahoma,Jamaica,-30.2683,152.2919,tracto,venio,vespillo,crapula,defessus,in,depulso,42,143.13521324221068,57,architecto,4,2,1,false,0.1652015582425045,2024-03-22T16:39:14.940Z,"Schulist, Spencer and Jenkins",false
67d677ca-bded-463e-9a2a-707c7d812063,2022-08-08T18:12:38.462Z,Beattyhaven,Idaho,South Georgia and the South Sandwich Islands,-40.6347,137.6255,tremo,utroque,abundans,titulus,depraedor,vulnero,videlicet,107,65.10728493247031,31,harum,4,1,5,false,0.07204251435772294,2025-11-21T08:01:26.210Z,O'Kon - Hintz,true
eec51b64-b1b5-4e99-829b-6210f6fadddf,2024-02-11T01:57:42.127Z,Mireilleberg,North Carolina,Netherlands,36.9097,-54.3714,debitis,succedo,aeger,attero,sumptus,vetus,calamitas,56,207.10609147417478,36,adflicto,0,1,5,true,0.09349131128934152,2025-07-16T11:25:07.882Z,"Auer, Yundt and Harber",true
e184624f-804a-49ef-8a13-2167205cd9c5,2024-04-01T23:05:53.999Z,Shawnastead,Colorado,Mauritania,-14.5709,101.0483,delibero,acies,antiquus,trado,teneo,sordeo,textor,99,213.10783627284698,42,tepidus,3,0,5,false,0.1405895298531103,2024-08-12T20:50:50.082Z,Bailey - Greenholt,false
419a8b16-e09e-4249-9fa2-b60116ab226b,2025-05-04T16:26:08.451Z,New Lonnystead,North Carolina,Peru,-24.3804,118.9359,decet,patruus,claudeo,tabella,cupio,compello,vergo,96,226.73839419093633,27,aequitas,5,2,4,false,0.16682852734802386,2023-04-11T11:35:22.284Z,Fahey Inc,true
789e554b-b772-495c-9b9a-02be7c830246,2019-03-20T00:35:20.530Z,East Janick,Nebraska,Bahamas,-28.0031,-81.7028,stillicidium,iste,admoneo,cimentarius,conduco,abbas,una,33,186.9155438697718,23,ab,2,1,5,false,0.1698769847013331,2018-06-09T07:13:31.354Z,Tillman Group,false
646d4dd1-f3cc-4cb4-ae8c-5364d366ca86,2024-01-31T09:02:04.309Z,Petaluma,Missouri,Suriname,-12.5659,141.9863,vorago,astrum,conservo,utique,minus,cauda,umbra,111,117.09069884011768,44,vorax,0,0,2,false,0.046702809030574444,2022-07-03T06:08:37.067Z,"Hammes, Pfeffer and Connelly",true
2b0876cb-5d21-42c3-a264-d504385c9daf,2022-09-16T14:06:54.712Z,Bradtkeview,Alabama,Svalbard & Jan Mayen Islands,-30.1652,146.8835,totidem,vero,tenetur,debeo,video,defleo,utique,50,161.87206853378999,73,synagoga,1,1,5,true,0.22827863849094288,2018-08-22T12:20:35.849Z,"Hintz, Quigley and Abshire",true
177dcbd9-5a18-4fff-8a64-ed518d60b161,2020-09-09T20:39:55.392Z,Lake Flo,Missouri,Seychelles,57.3647,163.3543,possimus,veritatis,comis,sollicito,succurro,corona,armarium,63,124.44622980123322,64,cornu,1,0,4,false,0.16298937391367835,2022-01-03T18:16:57.419Z,"Bins, Nader and Kerluke",true
ea551b79-e895-4f8d-8126-5b123be36e9e,2018-05-25T22:04:40.026Z,Opalfurt,Maine,Angola,34.3785,-49.3898,amet,stella,adnuo,tondeo,arguo,traho,alveus,26,152.4033719527303,64,teres,5,2,3,true,0.0871344714451838,2018-06-25T03:25:26.774Z,"Weissnat, Barton and Morissette",true
49e2739a-e7c8-4ff1-9661-80df8d02ffa6,2024-04-02T08:26:52.103Z,Maybellcester,Rhode Island,Indonesia,46.0658,-135.1801,ancilla,ambitus,clementia,cupiditate,alienus,cursus,virtus,119,231.66036325974306,63,patrocinor,1,0,3,false,0.05166757846157849,2025-09-01T09:43:41.903Z,Towne Group,false
c020771f-0516-40d7-9850-58a89a1f8648,2025-12-10T13:30:10.417Z,Christopfort,Kentucky,Solomon Islands,-8.2567,104.9398,abstergo,stabilis,sumptus,suus,cometes,appositus,tricesimus,24,198.0230119318071,18,amissio,3,1,1,false,0.22443893028069498,2018-11-20T15:20:10.678Z,Abshire - Muller,true
a67f5cf6-bd87-42d4-b263-2e27373b01f2,2022-08-13T19:53:30.667Z,Generalland,Alabama,Guinea-Bissau,-51.6444,30.3087,suffragium,vado,solium,cinis,subito,tres,ciminatio,22,18.334995887229397,39,talio,6,2,1,false,0.14332762863209425,2025-03-09T12:55:43.840Z,Schuster - Gorczany,true
c7f94b1d-4009-44f5-a420-f528f73559d5,2025-03-14T21:58:13.317Z,Jefferson City,New Hampshire,Grenada,-31.3606,-124.4991,tonsor,cuius,vester,civis,tamquam,demergo,vulgivagus,43,137.1191777357253,23,caterva,3,1,5,true,0.15574390859368292,2022-07-26T00:23:40.410Z,Prohaska and Sons,false
9d3a90f9-11da-4447-aa30-1a003c6a6d85,2020-03-26T09:36:06.820Z,Lake Lizzieworth,North Dakota,Tonga,-74.6712,73.5648,deorsum,titulus,coadunatio,statua,similique,succurro,quasi,28,6.919039329236059,41,tamen,5,0,5,false,0.19236561778594208,2019-10-18T17:57:19.229Z,Durgan Group,false
c2c8a16e-8780-4df9-b061-9bac3d720205,2018-10-24T09:35:45.159Z,South Trystan,Delaware,Somalia,32.3995,27.3898,complectus,conscendo,conicio,textor,quas,accusantium,victoria,48,138.04955929910426,72,cupiditas,4,2,5,false,0.07017245851611473,2024-01-25T02:31:33.380Z,"Auer, Russel and Goodwin",true
d7ae2d39-5514-4a15-91da-6d4b976d1c0d,2023-07-15T00:37:48.233Z,Lynwood,Iowa,Moldova,22.5365,-97.7879,ubi,corrumpo,catena,claustrum,aeternus,benevolentia,contra,47,123.12487120053414,71,asperiores,0,0,2,true,0.14874681001032486,2021-03-25T06:52:24.721Z,Harber - Quigley,false
96d485e2-95f5-41b2-ac8e-ad7759d32a14,2020-10-10T14:38:12.409Z,Tillmanside,South Carolina,Bolivia,72.3913,-87.7837,acidus,compello,universe,volva,velit,ullus,accusamus,29,171.57776264087397,35,quidem,1,2,4,false,0.14301241373043827,2025-05-19T14:18:16.770Z,"Beahan, Hane and Schinner",true
855af6bb-9607-4232-bbe1-f36a697f4c5b,2020-12-06T18:16:04.223Z,Seamusview,South Carolina,Zambia,58.9954,118.8936,saepe,vomer,tantillus,stips,ratione,suasoria,sollicito,127,21.9493988360287,55,tutamen,5,2,2,true,0.022788850934951532,2021-02-28T10:19:49.592Z,Quigley Inc,false
d2ea8e28-9a38-4ad6-a931-1905654f2466,2021-10-09T02:09:48.736Z,East Leathaburgh,Nebraska,Pitcairn Islands,-70.5452,-42.2342,conservo,adstringo,contigo,sollicito,aptus,abeo,truculenter,88,193.98539671865376,45,subiungo,3,1,3,true,0.025846328364394072,2020-03-27T01:40:27.351Z,"O'Reilly, Stroman and Morissette",true
95c1a36e-48ea-4c67-8535-8792ddc670cd,2022-06-14T03:27:46.110Z,Bethesda,Oklahoma,Kuwait,46.331,-121.6289,subnecto,tonsor,venio,cado,coerceo,conculco,color,121,197.96061030469423,68,cuppedia,2,2,4,false,0.24357339097071473,2018-01-26T10:35:34.337Z,"Labadie, Ondricka and Hirthe",false
10928588-e5c0-44ed-97e6-857c19932925,2019-01-07T16:11:47.196Z,Millsshire,Massachusetts,Vietnam,-35.2892,165.886,aedificium,colligo,tabesco,vox,comminor,denuncio,cuppedia,55,204.46079770063747,25,brevis,2,0,2,true,0.19125563772629256,2019-02-22T09:57:11.651Z,Hyatt and Sons,false
7c960da4-ca29-431c-9cbb-02a49ac9a80a,2021-01-14T22:59:11.159Z,East Wava,Vermont,Togo,19.2248,-32.5929,ventito,unus,tondeo,thesis,dolore,tero,antepono,110,76.22813258192492,42,ciminatio,5,1,1,true,0.13530932726025985,2025-07-08T00:03:10.761Z,Schaden Group,false
662668d8-e905-49fd-b6e9-bb3be88d0f0c,2022-01-21T03:03:31.860Z,Alafaya,Virginia,Sri Lanka,-0.0095,111.5778,ars,vomito,terreo,ater,cunae,vobis,supplanto,67,30.659566491239172,56,appello,0,0,3,false,0.09997999927222223,2018-12-15T05:58:40.013Z,Rosenbaum LLC,false
81f9b6da-3cca-4b6d-b40b-7d5211d7e81d,2021-06-08T18:43:06.509Z,North Josefinaworth,Iowa,Suriname,78.7117,-54.3872,amiculum,consuasor,surgo,strenuus,reprehenderit,autem,voco,97,143.2597437169111,95,blanditiis,3,2,5,false,0.1597935000878977,2018-08-29T17:35:35.690Z,Rowe Inc,true
523b59fc-4f7e-4de5-87ad-55872780d271,2024-05-11T05:36:46.534Z,Fort Ruthechester,Nevada,Mauritania,48.2476,1.6415,vitiosus,amitto,strenuus,acsi,solio,suspendo,damnatio,67,118.65528602619256,96,curia,0,1,3,false,0.0785801636762089,2022-10-29T16:56:48.270Z,Corwin Inc,true
bae5e493-ffe5-4553-b3c1-9cc80ae6a8ff,2023-06-17T16:25:54.698Z,Lake Dasia,Massachusetts,Democratic Republic of the Congo,81.4198,-7.6407,deporto,texo,eveniet,temptatio,canto,aeger,illo,104,67.02463196607862,51,usitas,5,1,3,true,0.2279873914279653,2018-03-09T01:52:39.095Z,"Hoppe, Lind and Schumm",true
2dccac8c-0dab-4fcf-ae89-c7e5e16fae21,2020-06-04T22:05:14.416Z,Port Ronaldoberg,Michigan,"Virgin Islands, U.S.",9.9494,59.3891,deputo,condico,adeo,vis,necessitatibus,acerbitas,advoco,27,200.29369485632293,27,molestias,0,0,2,true,0.02060286408299597,2021-07-13T09:05:51.344Z,Sporer - O'Hara,false
222a304f-9b52-47c0-8aba-40533213041b,2020-03-17T13:12:26.863Z,Dasiaberg,Rhode Island,Dominican Republic,25.215,-132.189,antea,suasoria,arcus,aegrus,decor,arcus,facilis,95,86.23532039092234,79,somniculosus,2,0,4,true,0.0026949220423084785,2019-08-05T09:54:22.879Z,Kassulke - Stracke,false
86afd989-2b43-4c8d-9f12-46f6da8b6ef4,2022-10-30T15:08:35.155Z,Alafaya,Vermont,Hong Kong,71.5797,-162.9542,aegrus,paulatim,subito,talus,conor,amplus,stultus,101,235.09723523492605,66,umerus,2,2,5,true,0.1509102215630425,2025-10-03T00:05:49.377Z,Durgan Group,false
a7115b11-0182-43f5-9b8c-f32e8b54eb48,2018-06-08T13:40:55.828Z,Port Sashafield,Vermont,Bangladesh,-5.0555,17.4263,vicissitudo,uter,distinctio,corona,aut,calculus,eaque,128,212.2857916070099,100,curso,0,2,3,false,0.11043696795720409,2021-02-05T23:54:18.215Z,"Haag, Mitchell and Hilpert",false
f0413adb-879e-48cf-99ee-95ff226a7962,2025-01-07T19:40:43.004Z,Gerlachtown,Oklahoma,Bhutan,-24.3593,-112.1065,saepe,aegre,pauper,auxilium,vulgo,adiuvo,blanditiis,68,156.740229825117,99,torqueo,3,0,3,true,0.1261157000357403,2023-04-30T02:15:01.638Z,Sporer - Bernhard,false
fb272885-589a-4de9-b6c4-291654db8528,2025-10-04T04:56:57.220Z,East Louburgh,Kentucky,Mexico,-29.8166,36.5324,defaeco,amplitudo,viridis,vix,certus,sol,canonicus,101,70.67239546005476,67,varietas,1,2,3,true,0.247048260646953,2023-01-30T14:10:45.549Z,Collins - O'Kon,false
6bfb32c9-dcb5-4faa-a47f-6525ce4f720c,2025-12-15T14:14:18.144Z,Lake Dessie,Utah,Senegal,68.2234,27.4914,viscus,magnam,vereor,defetiscor,basium,coadunatio,censura,74,147.6330526072694,25,crastinus,2,2,3,true,0.08841565120530756,2018-12-14T22:07:21.069Z,"Haley, Rippin and Bins",false
ae19b879-45d1-4407-b6d6-5ec68d5579c4,2023-03-27T08:25:54.339Z,Riceton,Tennessee,Tanzania,83.4243,-145.3445,tibi,una,coniecto,vociferor,approbo,ratione,accendo,124,214.22209745269652,21,creo,6,1,3,true,0.12592978813720448,2020-06-23T13:14:42.334Z,Kessler - Harvey,true
dc660ad5-6590-49d4-af32-b7df0ff2132e,2020-12-20T20:15:46.818Z,North Raven,North Dakota,Japan,58.5653,-25.4237,compono,patria,casus,casus,aegrus,vicissitudo,torrens,119,224.62926846325743,16,valeo,3,2,1,false,0.09518494205283215,2020-08-19T06:16:29.661Z,Spencer - Mitchell,true
096283f5-4cfa-402b-a8e5-93dedb81fa00,2018-12-09T17:23:37.586Z,Port Hattie,Kansas,Turks and Caicos Islands,10.1902,-74.5686,praesentium,pecco,vesica,decerno,testimonium,traho,unus,109,3.2021802931447407,59,reiciendis,0,0,4,true,0.03875023402291891,2025-05-07T00:16:59.569Z,Lebsack LLC,true
addd7fbb-b89a-49cb-8bd2-a959354cb609,2020-07-23T08:05:06.116Z,Cyrusstad,Louisiana,Vietnam,-65.1232,-109.1609,canto,truculenter,curatio,arx,compello,bonus,anser,76,233.8643471434432,94,cervus,4,0,3,true,0.1706847704736566,2023-08-09T09:25:34.443Z,"Kuphal, Zieme and Hahn",false