accident_id,incident_datetime,city,state,country,latitude,longitude,road_name,road_type,intersection_type,accident_type,weather_condition,road_condition,light_condition,speed_limit,actual_speed_kph,driver_age,driver_gender,casualties,fatalities,vehicles_involved,alcohol_influence,blood_alcohol_level,weather_reported_at,reporting_department,pedestrian_involved
7874fb6f-aeee-423a-ab29-c570b8b0bb51,2020-10-01T23:03:12.621Z,West Gregg,Louisiana,Saint Helena,-78.3107,-14.0892,brevis,vulgivagus,vulgo,conor,sed,subseco,consequatur,127,148.12038215826084,66,carpo,6,1,1,true,0.24724105494544524,2019-10-25T09:35:47.852Z,Corkery and Sons,false
7899bc7d-1241-4199-95f2-f39fd0d44580,2025-05-27T21:03:25.967Z,East Traceport,Wyoming,Niue,-75.68,-115.6608,adfectus,triduana,delicate,cohaero,comedo,tunc,fugiat,87,128.41712971500948,76,vitiosus,5,2,4,false,0.18146396497860356,2025-03-04T21:58:03.929Z,"Considine, Morar and Homenick",true
3ba35240-9189-4fcd-b964-08ed108dbd1a,2020-11-25T18:57:23.737Z,DuBuqueton,Maine,Kuwait,67.7343,-27.6716,sodalitas,adopto,mollitia,pecus,ipsam,suscipio,copia,116,70.73982872621028,57,calculus,1,1,1,false,0.07059555540989909,2021-08-30T16:36:10.745Z,Swaniawski and Sons,false
069f1bb8-16e2-431d-ab63-7d695f5231ff,2020-04-22T01:00:24.144Z,Fort Trystanton,Indiana,Cambodia,74.2182,-97.0461,benevolentia,audacia,celo,adsuesco,atavus,fuga,vulgus,87,205.4690603276676,87,nihil,0,1,4,false,0.17160223487793413,2025-08-04T04:24:55.902Z,"Turner, Hermiston and VonRueden",false
98e7fd2d-1809-4d00-8e74-b987362c0674,2025-12-08T07:55:43.878Z,New Joany,Washington,Finland,89.4776,104.1967,aegrotatio,nostrum,accendo,comminor,artificiose,arceo,audio,24,29.612270128468438,56,defaeco,3,1,1,true,0.16290518206206908,2019-12-02T10:21:02.270Z,Medhurst - Kling,true
747c573f-a212-4e01-9455-53dae81cac65,2021-07-14T04:46:54.449Z,East Jaylin,Arizona,Palau,-51.712,-58.8703,abeo,utroque,aptus,desparatus,amitto,compello,dedecor,37,126.08656582067131,71,adipisci,0,1,1,true,0.20711517334537033,2023-10-05T11:11:32.424Z,Von Inc,false
d346f573-d6d0-4b29-9e9a-93a0fb91dd56,2018-04-24T18:15:42.204Z,Farmington Hills,Massachusetts,Tanzania,33.8987,-66.5885,supellex,adversus,strenuus,vomito,quisquam,aureus,utpote,108,165.1998971531405,17,deprimo,0,2,3,true,0.09520128833684197,2019-06-08T11:43:04.589Z,"Ritchie, Crona and Jacobs",false
c8b9b82b-a0d3-48e7-b627-43932b410df6,2022-05-06T20:40:05.727Z,Laurelside,Michigan,Bermuda,49.7609,170.9358,facilis,confido,auctor,causa,cometes,theatrum,concido,118,107.76391983681938,73,ratione,6,0,5,true,0.06404324247583534,2022-02-04T07:31:36.395Z,"Veum, Haley and Hoppe",true
20965085-e1e3-41b6-881a-3f172cce5619,2022-03-27T03:47:38.959Z,West Nelda,Washington,North Macedonia,57.111,-177.9422,adamo,cubicularis,admoneo,utpote,aegrotatio,spargo,absum,60,64.57747164217356,46,demum,0,0,4,false,0.030928980718315763,2025-09-30T05:31:31.164Z,"Jacobi, Jacobi and Labadie",true
d8167192-e642-4ebb-87fc-284214424672,2021-10-08T03:35:19.848Z,West Lillianabury,Tennessee,San Marino,61.4254,-65.1351,sustineo,strues,capitulus,candidus,textilis,ultio,eum,32,72.44074051205963,23,vulgaris,1,0,2,false,0.21010650206204812,2018-09-02T08:03:01.491Z,Willms - Schamberger,true
9a1e2011-329e-423f-a021-d982e8cf99f1,2021-07-28T19:34:45.273Z,Tuckahoe,Minnesota,Saudi Arabia,39.1618,-22.68,veritas,alienus,strenuus,sono,valens,acer,vix,24,91.09465858400779,81,vulticulus,4,1,2,false,0.0557350844000524,2024-04-01T14:26:29.210Z,Franey - Hauck,false
77f9ba81-c2d7-4635-ad82-caed1308532f,2023-04-02T16:35:14.403Z,Arlington Heights,New Jersey,Burundi,15.5245,-24.7199,quos,pecco,termes,dignissimos,desolo,amet,ascit,101,97.78453857997344,38,tondeo,4,0,1,true,0.14865216254297667,2022-09-08T04:58:04.780Z,"D'Amore, Nienow and Cruickshank",true
8ebd3e0e-20a4-4fa8-b2e3-fded739b1caf,2024-07-28T14:27:39.322Z,North Rachael,South Dakota,Nigeria,37.8402,41.6073,crustulum,confero,creber,colligo,sopor,absque,brevis,25,109.59687118829856,27,corona,5,0,2,false,0.07358279801833922,2022-10-25T20:45:45.587Z,Rowe - Block,false
8e18ab71-ae09-4f34-9fb5-b83c0e4db6c3,2019-04-13T18:23:50.320Z,Muellerberg,South Dakota,Cuba,34.2798,162.3051,bellicus,vitiosus,thymum,crustulum,combibo,somniculosus,dolorem,39,14.67337308337994,44,comburo,2,1,2,true,0.016523564803665347,2020-10-22T10:06:24.107Z,Leannon - O'Reilly,true
8f5e2df8-d29b-4d7b-bc13-59149b92f6f9,2024-03-20T20:47:19.263Z,Fort Kraigworth,Indiana,Mongolia,-31.3792,-53.8207,delicate,virga,ter,dignissimos,dolorem,animus,defleo,59,171.42592520701024,54,vulpes,5,1,5,false,0.07267077292302793,2024-08-16T16:29:14.513Z,Emard - Streich,false
a4d4754c-8468-40a5-a6ee-09f7a4b69449,2023-07-03T15:07:32.734Z,Hillsberg,Maryland,Philippines,10.2066,53.6606,cibo,tepidus,vapulus,adversus,eaque,pecto,amaritudo,105,99.26189780021987,21,clarus,6,0,2,true,0.1934820225435263,2021-11-03T01:00:14.079Z,Rath - Hamill,false
b6323fea-f535-44e4-b1c9-a22c2d5ba4dd,2025-02-09T01:29:23.341Z,West Misaelboro,South Carolina,Samoa,-76.6132,91.1537,stips,pecto,impedit,umbra,volup,suscipit,curtus,53,77.28153533516824,50,cedo,0,2,5,true,0.03720126801644702,2021-09-11T05:19:28.613Z,Kassulke Inc,true
467463b9-71b4-4474-bea8-01ecbc529a4b,2020-03-03T00:33:04.306Z,Port Calebport,Missouri,Turkmenistan,-4.9936,-32.4522,sint,desidero,deripio,defungo,surgo,ambulo,dedecor,54,32.444819727327584,65,crustulum,1,0,2,true,0.055055490908932914,2018-01-13T11:13:43.403Z,Marks Inc,true
e8c89d2b-69f8-41cb-ac98-e7394e2b4a30,2022-05-30T13:12:23.407Z,New Jordyn,Idaho,Haiti,86.0897,-84.19,verumtamen,vulnus,assumenda,valeo,arcus,depulso,utrum,42,216.945832017476,53,quae,6,1,1,true,0.005690951637678243,2018-06-13T21:42:04.043Z,Jacobi - Mann,true
82bc1248-ae37-4e5b-bd68-504bc6bdd813,2023-03-10T00:28:12.785Z,Rockwall,North Dakota,Faroe Islands,-62.0085,120.6523,thesis,suffoco,amissio,viridis,vesica,delectus,tripudio,25,65.58154434368772,60,audacia,4,1,5,true,0.24655556662961886,2022-09-14T21:27:28.742Z,Dibbert Inc,true
12defa0b-033f-4e13-863d-55ff41a4952f,2021-11-28T21:16:45.213Z,Olsonbury,New Mexico,Paraguay,-87.0182,-173.1107,acerbitas,defero,virgo,caute,coma,temperantia,tenus,54,39.1816796149009,93,vis,1,2,4,false,0.06564984649684913,2018-06-25T08:08:49.621Z,Hansen - Ullrich,true
b6beac1c-96e3-42e9-b6cc-6ed19c617bd0,2025-03-21T18:23:25.359Z,Conroyburgh,Iowa,Pitcairn Islands,-4.1534,99.4512,adhaero,strues,varietas,cinis,validus,pauci,ubi,67,26.069004038301628,41,talio,3,0,1,false,0.117655037746448,2020-12-01T07:29:27.506Z,Baumbach - Bartell,false
48d37399-d00a-4539-a708-9fa58e1db223,2024-06-29T18:04:39.810Z,Port Dianna,West Virginia,Holy See (Vatican City State),-28.2434,-125.2418,tempora,ut,villa,curriculum,nihil,crebro,adiuvo,130,228.8887934160123,77,tenus,3,1,3,false,0.056458663149211746,2018-05-09T19:27:53.810Z,Bechtelar LLC,true
ecea7500-71f0-4932-89c8-f5418a6fba50,2024-03-25T16:00:01.694Z,Atascocita,Missouri,Tuvalu,-53.2914,-68.009,civis,damno,absens,quam,arbustum,tam,verumtamen,41,45.56230525535625,38,trepide,2,1,2,true,0.2091475336900706,2024-07-28T11:39:37.776Z,"Gutkowski, Murphy and Hilpert",true
cd722a9b-eb11-44ad-a377-413d52b968bb,2018-10-12T21:19:18.875Z,North Lorenzaland,Louisiana,Northern Mariana Islands,-34.3437,39.2407,accendo,dolor,aedificium,deripio,cogito,statim,crustulum,31,28.14714821057172,93,comis,3,0,2,false,0.05003767801405731,2020-12-23T20:22:00.637Z,"Botsford, Halvorson and Jenkins",true
a872e330-41cb-4d80-9f9d-b19301513cb4,2024-07-09T09:21:09.386Z,South Della,West Virginia,Czechia,40.9699,-135.9823,theca,coaegresco,sortitus,quod,bos,tripudio,uxor,25,236.40906680577893,32,caelestis,0,0,5,true,0.05858818750602701,2019-01-17T13:42:13.358Z,Kris - Rosenbaum,false
67fb5102-3aa5-4800-adfb-e5fa420c849e,2020-11-16T10:49:00.681Z,Margaritastad,New York,Afghanistan,49.0213,-163.2999,virtus,a,totidem,dolorum,tumultus,acervus,triumphus,129,19.72862308982404,59,decet,6,1,3,true,0.13601609485212238,2020-02-21T01:40:34.299Z,Nolan - Tillman,false
61f899b0-946d-4987-875b-f11577569445,2019-11-13T10:19:36.362Z,East Rogelioshire,Missouri,Czechia,25.5166,-152.5423,complectus,antiquus,centum,beneficium,vulgaris,vulgo,cena,104,31.223894861646244,87,adduco,5,2,2,false,0.06726602938465562,2025-10-05T03:37:46.165Z,Funk Group,false
39c5685d-38b8-4d72-80ae-0fe2cf20c6f8,2020-09-14T07:20:24.978Z,North Kadenworth,North Carolina,Paraguay,30.7619,83.8411,civitas,suppono,sed,ante,spes,alienus,acsi,75,217.80931178929586,43,tenuis,0,0,4,false,0.2478236775838846,2019-03-19T02:00:36.170Z,Rosenbaum LLC,false
9102a126-0a03-490a-b185-16c8bb5b60c0,2022-07-13T19:02:35.541Z,Ceres,Utah,Sint Maarten,-36.441,118.871,ad,vespillo,sperno,adimpleo,cetera,tendo,solio,117,58.29463759519972,43,tubineus,1,2,3,false,0.22076226292328954,2025-09-30T20:57:04.930Z,"McLaughlin, Krajcik and Schmidt",false
7a21136e-f726-414c-a2f5-fb57dc590cbd,2023-10-07T06:50:53.196Z,Fort Enidside,Delaware,Angola,40.9411,69.6347,blanditiis,vestrum,civitas,angulus,videlicet,antea,thalassinus,79,95.69280453885553,22,appositus,6,0,4,true,0.041368458612293074,2025-06-09T10:48:48.206Z,Harvey and Sons,true
4e55219a-9172-48f5-bfbb-04a11dc29ec0,2025-01-10T20:06:15.546Z,North Martyport,South Dakota,Peru,-74.2323,23.7485,ago,depono,solitudo,chirographum,concedo,crebro,totam,51,27.25153917971328,27,aduro,6,2,3,true,0.2027052858102137,2020-10-23T20:46:56.092Z,Harris - Hammes,false
23b38efa-8dec-4490-b75b-834541d0a666,2023-04-21T06:59:11.026Z,South Jerrell,Virginia,Moldova,5.1369,174.2768,decet,expedita,audacia,vilitas,adimpleo,complectus,timor,93,131.40664359838493,65,cumque,1,0,2,true,0.11637224091726406,2023-10-24T23:11:20.094Z,Runolfsdottir Inc,false
bcbfadf5-c934-4b4c-8b6b-996f2811a134,2024-05-27T04:49:22.040Z,North Santa,Utah,India,23.5609,-37.9091,absorbeo,delinquo,via,deficio,civis,eaque,vito,106,43.61340925828963,41,summa,3,0,1,false,0.060008263024483616,2023-01-28T07:44:19.223Z,Kuphal - Wunsch,true
92f08f0a-63de-4968-b1c0-50247c5e7c3b,2020-05-29T01:47:07.094Z,Swiftworth,South Carolina,Kiribati,27.2599,-104.2769,una,sumo,aspernatur,timidus,censura,crapula,virgo,94,1.4158850935005418,29,pariatur,4,1,1,true,0.006497047316755988,2020-02-24T07:24:28.024Z,"Huels, Cummings and Breitenberg",true
73f5ff93-1a8a-4833-ab0a-80317565992a,2021-04-07T11:34:04.387Z,Fort Dudley,Louisiana,Tajikistan,62.4307,170.0544,volo,usitas,demulceo,apud,crudelis,sumo,stillicidium,47,91.05401880292754,16,sollers,4,1,2,false,0.21927552997484892,2023-02-03T11:07:23.507Z,"Borer, Kozey and Graham",true
aeb19c6d-6bf4-4e9e-9ec7-f9f37c17b907,2024-09-06T07:42:45.873Z,Lubowitzhaven,North Carolina,Micronesia,71.9453,-167.3505,vulgo,infit,aspernatur,studio,clamo,bos,cohaero,49,175.39113138356757,57,animadverto,3,2,4,false,0.052375688097289624,2025-09-01T21:57:45.178Z,Koelpin Inc,true
157e085e-49ba-4ed0-b727-d9d54b9c590d,2019-10-23T08:40:31.319Z,Hanford,New York,Austria,60.0705,-31.9059,vergo,suadeo,deserunt,tredecim,templum,aggero,vester,28,114.72890897483856,17,video,1,1,2,false,0.18092783381344715,2019-09-22T04:35:54.714Z,Bauch - Hand,true
aa49e461-92e8-4a12-8635-d31f4dba1a9f,2019-02-16T11:04:40.479Z,Tristintown,Montana,Nicaragua,-80.3995,-128.4725,caste,adicio,vilicus,video,corporis,demergo,pecto,124,137.44475238775692,77,aetas,4,1,2,true,0.1996429727845323,2022-09-28T10:06:56.992Z,Ryan Inc,true
1f4e8468-f01b-49b7-80bf-a4f34eedf817,2019-02-26T11:58:38.025Z,Mattieboro,Iowa,Saint Pierre and Miquelon,38.9477,-20.1522,cicuta,iure,porro,vomica,attollo,ipsum,teres,75,5.341796054138506,26,talus,2,0,5,true,0.13818198100340218,2023-06-01T04:17:07.958Z,"Yundt, Gutkowski and Heller",false
64fb4db5-253d-451a-bf4e-f0c00fe25f09,2021-11-20T22:00:12.061Z,Port Laurianeberg,Tennessee,Guam,58.8114,93.0518,utpote,qui,contra,abstergo,deleniti,benigne,abduco,96,146.89257909760738,74,magni,6,1,3,true,0.12205313491358613,2021-11-22T20:27:54.118Z,Bosco Inc,true
bfb1e802-5e7c-4318-8c91-2af9697dd79d,2021-08-15T07:17:15.658Z,Joyceland,Missouri,Lithuania,87.195,-29.1285,concedo,delicate,textus,abbas,ab,aliquid,amitto,26,100.49115660263068,35,amiculum,2,1,2,false,0.05236362080361415,2023-01-24T07:58:23.970Z,Streich Group,false
e2d3fc5f-e81e-4d4b-912d-f81d36738d36,2020-04-25T06:54:03.885Z,Bothell,Texas,Barbados,25.2163,-95.5712,ventito,numquam,ara,tondeo,aegrus,arceo,avarus,34,79.98158252478994,22,vulgaris,1,1,1,true,0.2449195374563933,2022-09-28T18:43:08.269Z,Wyman - Becker,false
fd781b07-8517-481a-aa5c-78f334329733,2019-04-02T00:51:33.558Z,Pouroscester,Michigan,Mauritius,-63.1756,30.7777,vicinus,perspiciatis,amplitudo,teres,tertius,vulpes,vester,29,222.8824907931077,84,earum,4,0,1,false,0.05082863373611876,2024-09-06T21:36:00.051Z,Durgan LLC,false
634f6481-d1b0-4530-89fb-f8b62e62ae0f,2025-05-20T21:06:49.691Z,West Bradfordhaven,New Jersey,Japan,-6.6679,-42.7263,tabella,tutamen,nisi,careo,delego,non,supplanto,41,188.89580446092245,29,comprehendo,5,2,3,false,0.2351925620822277,2019-04-16T22:04:51.632Z,"Huel, Kuhlman and Willms",false
e1ef67ce-95bb-40ef-a702-9e2e3f252d2b,2019-01-28T19:08:02.252Z,Nickolasboro,Kansas,Solomon Islands,-65.7814,13.4363,candidus,thesis,vitae,tumultus,vallum,desipio,tabula,24,115.22522048312317,17,vigilo,4,1,1,false,0.18260949247460057,2020-05-30T10:44:49.715Z,Robel - Hilll,false
cb84a67a-3f2c-4b72-87ef-e16a122e30c4,2019-05-18T23:58:53.918Z,Petecester,West Virginia,Chile,3.1806,118.7012,amitto,quis,crur,tunc,copia,currus,cui,37,55.85923218989032,19,delinquo,2,2,1,true,0.04994078167359267,2018-05-28T02:32:24.609Z,Stehr - Sawayn,false
c4242d8d-c718-41c0-a5bc-35aef6daaa6c,2023-04-01T18:30:02.464Z,Fort Alisha,Wisconsin,Guadeloupe,60.091,-41.304,corrupti,succedo,vacuus,cariosus,laboriosam,tergiversatio,vado,34,170.18471569706352,96,contigo,4,1,1,false,0.07701077473227255,2024-02-08T01:05:09.502Z,"Beer, Miller and Ledner",true
14ab07e2-d6f4-4f54-a17f-29e347fbe82e,2021-04-17T09:12:06.465Z,Cedar Hill,Mississippi,Uganda,-29.3439,64.2196,vallum,amo,asperiores,debitis,atque,hic,tunc,72,116.51169774562048,63,caecus,6,1,5,true,0.042071166128958365,2022-06-23T11:16:46.471Z,D'Amore - Lemke,false
58900e88-efeb-4019-8986-af73e3513003,2021-12-21T04:58:53.001Z,Zemlakview,Maine,Sierra Leone,82.9971,-67.5789,delectatio,patruus,saepe,bardus,altus,aequus,earum,32,9.577399645660343,99,non,6,2,4,true,0.15400982617898942,2023-09-03T01:44:34.677Z,"Bosco, Goodwin and Hettinger",false
d05697f4-76d4-47c0-af51-c812903e611b,2019-05-30T16:16:19.311Z,East Kaiafield,Tennessee,Niger,-26.6591,-24.6227,crebro,voro,crepusculum,campana,bonus,surgo,valens,45,86.95026846151423,83,esse,0,1,5,true,0.07600334364101652,2025-06-02T06:00:57.500Z,Barrows - Rempel,true
26122f40-cebe-4cdb-8844-23032887d040,2024-03-19T04:46:48.602Z,Pagactown,Wyoming,Bhutan,13.6788,67.017,viridis,campana,dignissimos,viridis,complectus,bis,verumtamen,43,215.1146801924907,43,nam,4,1,1,false,0.05245683993839079,2020-07-18T17:20:17.036Z,Kassulke - Hammes,true
73c91c93-933b-48a2-90ce-c9ee61457af2,2021-03-16T16:17:44.198Z,Fort Wyatt,West Virginia,Chad,-8.6792,-158.1263,comes,varietas,spoliatio,curia,calcar,cubicularis,canonicus,66,149.17466569752582,68,tergo,0,1,2,false,0.21378798246218514,2023-12-19T04:10:28.730Z,Boyer and Sons,true
a321c193-07df-440f-a55f-b1384f6a3b96,2019-09-10T17:41:33.462Z,South Maytown,North Carolina,France,41.3585,25.0529,tripudio,statim,subito,cedo,correptius,trepide,ver,116,100.00413533513384,87,centum,6,1,2,true,0.025621738808049854,2020-01-17T11:55:25.644Z,"Osinski, Ledner and Sawayn",false
29136b01-ed9b-4389-8331-7d39f6bacc7c,2020-02-07T18:21:02.233Z,Russelview,Wisconsin,New Zealand,5.2653,-34.2949,ciminatio,error,eius,tot,caecus,decens,infit,57,209.90952108382606,71,a,0,2,5,true,0.12161160730368342,2022-05-27T23:59:05.073Z,Buckridge - Gusikowski,false
285c8ccc-9cbe-44fd-b11e-9cdf7a2a1b6d,2025-04-21T08:02:45.381Z,East Aminastad,New Jersey,Saint Vincent and the Grenadines,32.5699,114.2825,tondeo,quisquam,truculenter,cenaculum,necessitatibus,careo,beneficium,45,173.78205962935846,51,aqua,0,0,2,true,0.07671187767089152,2024-09-16T11:36:01.268Z,Crist Inc,true
c1c71bb4-0a24-41ab-8959-595eaeef913f,2020-08-14T21:38:48.985Z,Ignaciofort,Utah,Puerto Rico,84.0089,-122.7331,vicinus,suasoria,versus,sto,coma,tenetur,vallum,97,28.021060934578195,81,veniam,0,2,5,true,0.20569753376993122,2024-04-26T02:19:50.075Z,Stoltenberg and Sons,false
1c00d356-a83f-4227-adaa-b24948e7ef64,2019-03-14T15:27:22.772Z,State College,Utah,New Zealand,11.4139,10.5619,chirographum,aufero,itaque,sopor,ubi,vae,argumentum,61,25.644093380402772,62,libero,6,2,4,false,0.07599131268855211,2025-12-13T04:43:44.132Z,Senger LLC,true
ea1a6b16-a757-4369-b138-c31d7c4eed2e,2019-05-28T09:04:19.509Z,Taureanborough,South Dakota,Christmas Island,-7.4683,77.5541,tardus,approbo,quisquam,sustineo,nulla,adimpleo,considero,114,66.95243204583112,39,terror,3,2,1,false,0.20174779131577708,2024-06-22T15:08:36.030Z,"Sporer, Zulauf and Gusikowski",false
eb7aadb7-e893-49f1-b412-32994e451388,2024-05-22T07:50:52.343Z,Port Haroldcester,Maryland,Afghanistan,71.1761,-175.2971,adficio,verto,conor,laboriosam,contra,vesco,decipio,85,119.15800711749283,63,decipio,2,2,2,true,0.17869017777371582,2023-06-11T21:28:28.513Z,Lynch - Hane,false
3a9fbdf5-8b25-46d3-b2d3-0ffa10c1b9a6,2019-02-09T03:57:03.622Z,Lake Mattie,Georgia,Argentina,1.178,-59.4108,veritatis,sollicito,adaugeo,canis,viridis,apto,in,105,65.84996858606938,26,doloremque,2,2,3,true,0.23883087540570322,2025-08-12T17:05:21.285Z,Terry and Sons,false
35d65f17-fec8-4aee-872f-8d59b3c18f4d,2019-04-24T06:25:27.531Z,Robelport,Oregon,Grenada,-20.8827,109.0341,deleniti,collum,comparo,ver,derideo,asper,demulceo,103,119.43548323583255,65,vulgus,6,2,4,false,0.2401879871108023,2018-06-25T17:06:56.978Z,Kovacek - Kovacek,true
1eda0605-1265-40b2-9491-a32a23202a47,2025-09-30T19:41:13.975Z,Kendallstead,Washington,Sint Maarten,52.4405,154.6285,tabesco,sed,vallum,ambulo,comitatus,aequus,demo,87,59.87646984494254,71,vinum,1,1,5,true,0.2311806907081756,2018-08-22T05:28:36.584Z,"Miller, Greenholt and Heller",false
31175185-025f-44de-af01-9c7c6ad2764c,2018-01-25T01:28:29.858Z,New Alvahaven,Texas,Saint Kitts and Nevis,-79.8267,120.7517,sophismata,dolore,utpote,ars,aufero,vitiosus,tendo,123,93.83286415398983,47,aureus,2,1,3,false,0.1966927094471423,2022-11-01T23:02:48.080Z,Sawayn and Sons,true
86ad9f9a-6242-4406-919e-2acf0a324c9c,2020-05-27T05:27:15.293Z,West Santiagoburgh,Ohio,Norfolk Island,-79.1781,90.5976,vicissitudo,aeger,ubi,blanditiis,aegrus,aduro,cognomen,90,231.89814995882867,42,urbs,1,0,5,true,0.04096697186815884,2021-12-25T12:01:48.470Z,Thiel Group,true
6ecf2166-0d14-44c7-82d4-857589ec4b45,2022-04-11T22:08:36.172Z,West Olga,Massachusetts,Lithuania,-30.1351,64.2445,textor,aro,caries,ager,considero,comburo,conitor,78,113.46797262736312,63,optio,4,1,4,true,0.14546223686040358,2024-10-03T19:48:07.241Z,Christiansen - Kirlin,false
d6869204-b02d-4fff-b4cd-6dfc7b261b9e,2024-01-28T15:16:41.906Z,Powlowskihaven,Vermont,Namibia,37.7679,35.8298,comprehendo,adaugeo,sublime,volutabrum,cupio,deprimo,ventito,77,132.31332318510204,89,conor,4,1,3,false,0.04052735625169834,2018-05-05T17:34:04.372Z,"Hills, Sauer and Mante",true
8e92a6ea-456c-4172-8838-42375ecf13d2,2025-12-10T19:20:29.581Z,Lueilwitzbury,Mississippi,Burkina Faso,-6.8072,60.815,stultus,cohors,tendo,complectus,adipisci,caecus,caute,39,82.58244328942067,43,capitulus,1,0,2,true,0.19914109643440422,2019-11-04T15:43:20.569Z,"Erdman, Grimes and Hayes",false
bbb018bb-ad2d-465b-8329-e20c971d9853,2022-07-14T12:07:31.261Z,New Tobin,North Dakota,Saint Martin,39.1472,-179.4337,ocer,currus,summopere,velum,ventus,approbo,inventore,56,49.78365938219098,92,quis,2,2,4,true,0.0747855124186762,2022-05-10T18:31:57.399Z,McLaughlin - Wisoky,false
f1adcd90-89a7-4277-8918-34da3cb1ad69,2019-07-17T10:46:06.042Z,Lake Rachael,West Virginia,Russian Federation,-62.3837,-153.947,libero,natus,ex,ver,barba,talus,suppellex,29,199.44380239867826,20,tepesco,1,2,4,false,0.23405716460575324,2024-06-25T23:34:31.222Z,"Herzog, Yundt and Watsica",true
02890fc1-88fb-454a-8bf7-93979494405f,2023-06-07T00:33:56.861Z,Port Alizeland,Idaho,Benin,50.0103,-98.5524,soluta,optio,venustas,accedo,bis,universe,deinde,21,81.78682481709352,72,apparatus,3,0,2,true,0.06783386654561824,2023-02-19T06:45:55.624Z,Smitham Group,true
d4723d97-68f4-4de5-a205-594d781f4ef8,2021-12-23T14:14:18.486Z,Lake Emmanuellestad,Arkansas,Burundi,-88.585,-30.2842,abundans,demoror,sunt,civitas,auditor,teres,talio,92,152.9842073923295,85,curiositas,6,2,3,false,0.19994308000213057,2025-03-23T07:08:14.400Z,Carroll and Sons,true
98ceb1b4-6e18-4d60-bb6b-80104f7fee2b,2022-02-25T12:13:16.048Z,The Villages,Louisiana,Algeria,-54.8619,-84.0189,amor,creber,quas,conitor,deleniti,pecco,curvo,87,57.55813388294869,43,defaeco,4,2,3,true,0.19988070810036004,2024-03-15T00:41:40.761Z,Kunde and Sons,true
018f135d-560f-4b0f-8273-87a0ed33be9c,2021-08-18T05:08:50.220Z,Port Ashly,Delaware,Republic of Korea,63.9076,75.3403,repudiandae,brevis,capto,barba,vilitas,sint,versus,129,168.91458940064598,78,deludo,0,1,1,false,0.12658196092576707,2018-01-19T01:24:09.872Z,Stehr - Feeney,true
291b04e9-a30c-46c7-ae84-72706340ef65,2018-12-13T10:38:07.001Z,Port Crystal,Minnesota,Russian Federation,-40.8932,-175.1377,tamen,subseco,ante,avaritia,defaeco,cur,toties,51,30.771733792786655,39,aurum,2,2,4,false,0.05531495675417272,2022-02-02T08:09:01.754Z,Leannon - Reilly,false
bd3d770c-2ff2-488c-ab2b-383faf3e5218,2018-05-02T12:07:48.090Z,Lorabury,New Jersey,Cook Islands,38.4782,-96.3184,civis,vigor,antea,solutio,curso,corporis,blanditiis,85,211.52478106141928,61,defendo,2,1,5,true,0.19705426582207008,2020-07-30T00:57:32.892Z,Jenkins Group,false
50f4f00e-de3a-4ab5-b5bf-91ee85f203af,2025-10-08T14:43:49.851Z,Francescafurt,South Carolina,Namibia,-69.5809,121.2804,copiose,turbo,ullus,umerus,comminor,absorbeo,compono,46,176.1901729083649,25,curia,4,2,3,true,0.09367908116608531,2020-06-20T09:21:14.666Z,Jacobson - Casper,false
746d6247-7f9b-461f-bf01-3e4e36106f7d,2018-11-14T06:59:42.395Z,West Isabellstad,Delaware,Guyana,-63.3505,14.9722,ademptio,suasoria,conforto,curvo,deficio,aperte,ulterius,63,153.84462134217364,64,fugit,5,2,5,true,0.07972078674421001,2020-12-06T22:15:24.576Z,"Lemke, Connelly and Turcotte",true
c4bee410-64e2-4889-9119-1eb3e440d9a3,2019-03-21T12:56:01.407Z,San Bernardino,New Jersey,Djibouti,-13.2862,80.5289,decerno,alii,cogo,coerceo,deporto,vita,desidero,39,153.88580802724164,53,laborum,0,1,1,true,0.15602818751163222,2018-04-13T02:32:16.317Z,"MacGyver, Bernier and Runolfsson",false
69461a1b-635e-458a-aef1-82b9634afd72,2019-05-13T02:38:43.487Z,South Hailee,South Dakota,Liberia,8.4343,-12.0202,stillicidium,arguo,cattus,comprehendo,comitatus,tubineus,verbera,28,63.532249111479906,88,delectus,2,0,5,true,0.05274859566461529,2018-11-08T14:17:49.400Z,"Donnelly, Schaden and Reynolds",true
4d22e609-3e5b-4fc2-9cb1-e0672fbb37a9,2020-05-28T02:15:05.501Z,Porterville,Delaware,Yemen,-4.0354,65.314,antiquus,demo,conduco,iste,rem,quod,vespillo,65,34.41169528143641,51,dolor,0,1,3,false,0.24438550743252901,2020-11-09T18:18:47.813Z,"Abshire, Hoppe and Kovacek",false
d1c51e9f-f557-4ca1-b092-b435ff075daf,2019-10-11T10:59:59.303Z,Zboncakfield,Montana,Guadeloupe,85.6034,-114.3052,advenio,deprimo,ut,suspendo,tepidus,curiositas,audax,24,220.88584774658526,69,tabella,2,1,4,true,0.059384915406045596,2022-02-17T07:43:38.184Z,"Keebler, Stiedemann and Satterfield",true
3feddcc0-ff1b-417f-abc8-eb513e2ed966,2022-04-01T13:29:37.125Z,Fort Jeramie,Utah,Denmark,-54.3587,39.2991,tenax,acies,concido,theca,adipisci,angelus,aureus,119,152.69461547932903,28,debitis,0,1,5,false,0.1571317073779102,2025-09-14T23:59:58.294Z,Wilderman LLC,false