accident_id,incident_datetime,city,state,country,latitude,longitude,road_name,road_type,intersection_type,accident_type,weather_condition,road_condition,light_condition,speed_limit,actual_speed_kph,driver_age,driver_gender,casualties,fatalities,vehicles_involved,alcohol_influence,blood_alcohol_level,weather_reported_at,reporting_department,pedestrian_involved
7a513889-151a-4e48-95a7-ecc9cc78d0e5,2021-05-04T12:26:32.251Z,South Kendrick,Florida,Kiribati,-61.4868,54.7912,usus,labore,cinis,solio,labore,velit,contra,109,170.19170404033122,25,conqueror,4,0,5,true,0.0026878743390366666,2020-09-28T23:15:45.822Z,Bednar - Auer,true
8a0dd7fd-f0c2-4e04-a251-9485c1febb92,2018-11-12T00:43:38.469Z,Kennyland,Oklahoma,Palestine,-46.101,139.1087,vulnero,blandior,vomica,comburo,contigo,careo,verus,61,219.96880759872582,58,aureus,2,2,4,true,0.038262920336890216,2020-12-27T05:03:01.112Z,Rodriguez LLC,false
5a6bc510-9a8f-4b95-aa85-086dee1c4c75,2024-09-27T02:51:47.034Z,Sunnyvale,New Mexico,Eswatini,-52.7869,77.4774,eaque,audio,sodalitas,capitulus,aegre,creber,sonitus,70,3.3329148793047203,36,anser,3,2,2,true,0.12686529045995765,2023-09-19T10:22:47.533Z,Kerluke - Raynor,true
086a1ac1-378a-4a08-8f78-ac220ef584e6,2020-02-07T16:41:00.715Z,Collierville,Maine,"Virgin Islands, U.S.",13.9664,-142.0789,comes,ullam,admoneo,vivo,repellendus,claudeo,eum,63,116.01217514654165,64,tollo,4,2,5,false,0.11206116080873701,2022-10-11T02:56:26.524Z,Cruickshank LLC,true
41ce8eb5-ca69-4186-8bf5-3e4f873e9f9e,2019-04-22T15:12:32.691Z,Mosciskifield,Rhode Island,Kiribati,8.258,-164.16,iste,tamen,tero,volaticus,tendo,caste,totam,36,217.91957493877953,93,undique,3,1,5,false,0.17126033706328975,2024-12-02T14:15:44.585Z,"Harvey, Heller and Stracke",false
e7a9517c-ad33-4818-a472-a43c157bac7a,2021-04-05T21:16:05.688Z,Lake Jettie,New Jersey,Aland Islands,38.7206,53.0881,desipio,maiores,cavus,vix,tolero,turba,tergiversatio,124,178.6104327330641,23,commodi,6,0,2,false,0.07931215789875945,2023-11-12T11:36:31.979Z,Upton - Anderson,true
48a7e7c0-dc1c-4953-83e7-648a4f5c85eb,2022-06-28T10:25:12.848Z,Hyattton,Oregon,Netherlands,-56.8657,-54.705,repellat,vehemens,sumptus,cunabula,solio,eos,caveo,117,144.91821582600917,58,cernuus,1,0,2,false,0.2074663015694987,2019-02-11T16:11:14.464Z,"Farrell, Berge and Conroy",true
6a0a1ba1-7563-4fb2-9f7c-5812dfef8028,2020-12-19T07:02:16.989Z,Salt Lake City,Kansas,Macao,-53.0624,-106.4626,ultra,calco,voveo,corroboro,umquam,stultus,corona,121,134.75174286193914,35,vesper,5,1,1,true,0.24827013432422612,2021-07-06T09:11:48.666Z,"Heller, Lubowitz and Mayert",true
0cbbbf53-68c3-4328-8d1f-b2ee8f3b28f6,2020-09-20T10:23:02.504Z,West Kacishire,Massachusetts,Zimbabwe,67.8014,144.5903,adipiscor,auctus,ut,defaeco,ciminatio,iure,patior,98,141.67850380031308,55,ascisco,0,2,5,false,0.1320852847513664,2018-09-12T18:26:09.543Z,Luettgen - Dare,false
8bff5c34-d6a6-4c1f-859b-64e10bd50484,2025-12-12T09:07:25.846Z,Lake Clinton,Wisconsin,Lesotho,49.7593,-1.5943,degusto,solitudo,modi,vomito,molestiae,viscus,sub,122,103.70767398077905,80,derelinquo,3,0,3,true,0.09252071466481632,2018-01-02T08:25:45.062Z,Kuvalis LLC,true
3adcceaf-ec5f-4930-bbc4-aca1dcc16937,2025-12-27T09:53:46.482Z,Effertzfield,Maryland,Cayman Islands,29.7366,67.9419,volup,dapifer,expedita,adflicto,aeger,damno,traho,61,57.46487467900963,43,enim,1,1,5,false,0.21454274715716984,2018-01-27T20:35:45.232Z,Ryan - Breitenberg,true
7e68e2af-2f46-460e-9520-28caf1022a23,2024-09-20T06:41:20.199Z,Fort Aimee,Virginia,Indonesia,66.243,-166.8061,cupiditas,communis,pecco,adinventitias,constans,cupiditas,capitulus,48,27.39572112227532,30,aranea,6,1,3,false,0.06747393048184847,2021-01-31T23:59:34.565Z,Nolan and Sons,false
efd369f0-736a-4a2c-b385-db36f443c95a,2023-12-09T20:29:08.683Z,Port Angelica,Illinois,Switzerland,-87.2585,122.8771,textus,tremo,admoneo,cometes,degero,articulus,demoror,112,190.92897672391462,21,videlicet,5,2,4,true,0.01777806706450083,2025-10-11T02:16:45.877Z,Klocko Group,true
1b682729-adc9-440b-8c1d-831a94c72e01,2022-04-15T08:44:47.039Z,Boyershire,Alabama,Egypt,-39.6909,-24.3913,suadeo,voveo,cibus,amplus,tempus,minima,umerus,45,166.41700224863268,74,amor,4,1,2,true,0.15453459925152022,2024-01-05T00:22:39.961Z,Bechtelar - Yost,true
4ee75cdf-68b3-435b-9e59-9507b8bb6251,2018-05-01T05:48:02.227Z,Darianafield,Iowa,Democratic People's Republic of Korea,70.654,116.9722,viduo,torrens,corrupti,decimus,beneficium,voro,subito,101,180.08098622483385,26,beatae,6,1,5,true,0.02488130460450963,2021-02-09T08:53:31.581Z,Hickle Group,true
17f9ecf0-dca3-43ac-855c-79e6ba2ab063,2018-09-30T09:34:45.686Z,Johnsland,New Hampshire,Yemen,42.5643,51.1531,ventus,absorbeo,acsi,thesis,ver,ambulo,spiritus,94,232.75884363644104,93,suppono,0,1,4,false,0.00556396986070451,2019-06-11T14:21:45.301Z,"Beatty, Connelly and Jacobson",true
20dcea8c-b8bb-45b0-af46-4882363a0d6c,2022-01-28T18:41:00.957Z,Joplin,Colorado,Hong Kong,87.3386,-90.1783,amplexus,delibero,tempore,defaeco,vilitas,torqueo,terga,72,189.84374530473056,43,texo,1,0,2,true,0.23443699994636552,2023-08-05T16:00:05.715Z,Kohler - O'Conner,true
42526036-d81e-47e8-9ae2-b3c9ec65c4b0,2019-11-17T02:09:24.898Z,Sandy,Alabama,Namibia,-26.0049,77.9267,cinis,arx,apto,adopto,patior,asper,ipsum,30,199.33434657047093,96,candidus,4,0,5,false,0.038871396619698406,2023-02-06T18:06:45.747Z,Tromp - Buckridge,false
63558e0b-caaf-44ba-bedb-d70c009e02eb,2023-02-05T15:10:25.699Z,East Brycen,New Mexico,Vanuatu,75.4978,-66.5432,contabesco,vir,cuppedia,asper,acer,voro,blandior,59,106.85421923167053,48,annus,0,1,1,true,0.13841907276442048,2024-03-24T16:27:09.685Z,Bosco - Pacocha,true
2a18e711-fc42-400f-b3c6-c2f21199c00e,2018-11-08T08:26:11.640Z,South Elfrieda,Indiana,Saint Helena,-62.0639,-175.3279,collum,saepe,aro,teres,blanditiis,allatus,architecto,58,110.04015585443896,57,ulciscor,0,1,5,false,0.07501110372754202,2019-03-25T04:15:59.304Z,Conroy - Aufderhar,false
1d4c6e88-a215-416a-8d26-9e28c12a02f5,2021-09-09T01:08:23.790Z,Stefanhaven,Kansas,Namibia,-49.1994,-27.508,amplus,sollers,soluta,contabesco,quod,auctor,sulum,107,2.187159734004682,55,nulla,1,2,2,true,0.02673197017322429,2019-10-29T05:28:41.572Z,Armstrong Inc,false
d7000ef8-fc61-4fae-8753-ef18d47da2b7,2019-05-18T12:27:26.701Z,Moreno Valley,North Dakota,Liechtenstein,-23.2336,34.4061,versus,substantia,cenaculum,verumtamen,ancilla,stillicidium,aspicio,96,79.75757217207608,16,sordeo,1,2,5,true,0.12765718753303926,2022-09-08T07:00:36.045Z,Schinner - Bayer,false
28343289-d6f9-4f0a-8eef-bc622f9630c7,2021-10-26T04:52:50.977Z,Katherynmouth,Indiana,Ukraine,66.4825,63.5653,stips,tum,volup,tabesco,abeo,sumptus,copia,54,230.834747759721,75,avaritia,5,1,1,true,0.15170483415301897,2024-11-25T10:10:37.852Z,Huel - Roob,true
ec4155f2-d99c-4873-b3fa-6a36358d0b96,2018-01-11T13:42:09.692Z,Laurenceville,Wyoming,Mauritius,78.3594,-78.2263,optio,contigo,vorago,bos,adipiscor,pauper,valens,62,116.31676458562399,66,minima,1,0,5,false,0.11881655729039126,2021-05-14T08:39:04.404Z,Orn - Weissnat,true
346e61b7-d6c4-4818-bdac-f47651a66db7,2022-07-11T02:36:48.157Z,Amaniview,Connecticut,Yemen,6.0063,94.4836,adstringo,utpote,creator,verbum,casso,caute,usitas,29,65.70689616041291,64,apparatus,0,0,3,true,0.003067506280665405,2022-11-12T06:32:03.703Z,"Wisozk, McLaughlin and Stroman",false
1e84806c-1c47-4fd2-87c5-8f6471d90eb1,2023-04-10T08:40:08.163Z,Kathryneworth,Oklahoma,United States of America,67.786,111.7108,suffoco,celebrer,quis,caelestis,denique,molestiae,aestas,57,54.46572689810971,80,atque,1,0,2,false,0.07567935562281947,2025-06-30T19:03:00.295Z,Witting and Sons,false
7d57c767-a360-436d-b248-482eb9d56b59,2024-06-22T15:29:46.757Z,Moenview,West Virginia,Greenland,-15.5824,-58.2956,abscido,confido,fugit,verumtamen,arcus,demens,angulus,89,24.42247269499007,77,voluptatibus,4,1,4,false,0.029114754971968526,2020-03-19T02:03:08.242Z,Beahan - Mann,false
53a86045-e35b-4b3d-9cf9-f5ecdde13a23,2018-10-29T15:11:54.456Z,Ronaldostad,Vermont,Gibraltar,-79.1268,96.8802,chirographum,cunabula,deficio,consuasor,adfectus,coaegresco,stultus,84,127.04644583604228,46,aurum,2,2,1,true,0.09270464784882188,2024-04-10T00:07:44.902Z,"Thompson, Dickinson and O'Conner",false
0c605f47-0db9-4a37-8041-969bb45793d0,2018-03-03T01:58:32.295Z,North Casper,New Hampshire,Svalbard & Jan Mayen Islands,-52.2767,114.6576,sum,vigilo,nesciunt,quod,laborum,in,facilis,127,102.8568323057477,19,tubineus,4,2,3,false,0.23457174644599496,2024-08-02T01:15:44.214Z,Franecki LLC,true
57a3e767-b385-41d8-b2f1-a0879793138e,2019-08-20T21:13:17.484Z,Jasenview,Vermont,Kazakhstan,-84.7293,-129.4507,deprimo,valde,appositus,aestus,defendo,amplus,adeptio,109,71.02187900520906,51,patrocinor,3,1,1,false,0.167438694951202,2021-03-20T04:36:57.024Z,Bahringer - McCullough,true
d69d9a1b-8227-448f-92e6-1f9bf4fb7477,2019-07-25T10:25:05.343Z,Padbergview,Kansas,Saint Vincent and the Grenadines,58.8882,158.1739,incidunt,armarium,sit,copiose,timor,curto,defessus,31,197.1238644397999,93,uberrime,1,0,4,false,0.14859461840015556,2021-08-14T10:49:23.681Z,Moore and Sons,false
5b1d2a39-73b2-46a3-a902-03fac00bb345,2020-02-15T16:10:45.178Z,West Terrenceport,Pennsylvania,French Southern Territories,40.3262,-48.4296,placeat,sum,tergiversatio,adaugeo,tristis,taedium,vapulus,122,51.03271554146035,42,conor,0,2,1,true,0.041578702929676414,2020-12-18T16:58:21.021Z,"Franecki, Keeling and Senger",false
a66e217a-ad52-4852-b8e1-fc23be864a41,2022-04-30T19:04:37.435Z,Taylorsville,Iowa,Reunion,85.4791,152.3363,volup,cenaculum,cotidie,cresco,cognatus,apto,crur,34,113.44978486682629,70,vulpes,5,2,2,true,0.01681540920384017,2022-04-18T07:08:18.433Z,"Labadie, Krajcik and Ruecker",false
8ac02297-4997-4f31-8713-78897f368546,2019-03-11T18:35:48.009Z,Chestertown,Alaska,Central African Republic,-34.9677,32.7936,turbo,copia,abduco,degusto,arcesso,commodo,laudantium,97,37.983200636856054,87,temporibus,0,1,2,true,0.23129821976503212,2024-04-26T13:02:30.346Z,Berge - Kuhlman,true
b125e5c1-b135-4593-b68d-714f429745d9,2025-03-28T23:50:22.467Z,Pompano Beach,Tennessee,Liechtenstein,-56.5656,16.2757,aegrotatio,bonus,fuga,confugo,demoror,pel,ago,94,204.7542167136998,17,coaegresco,2,2,2,true,0.056322873450179806,2019-05-08T16:04:43.323Z,Grimes - Crist,false
f7af7992-9871-4dec-925e-5d248e275dca,2022-07-28T21:25:24.006Z,South Raymundoburgh,Oregon,Switzerland,-23.4151,142.7636,creta,deludo,aspicio,sum,textilis,ulciscor,ver,72,67.12789087397346,50,curto,4,0,5,true,0.06920323278458795,2022-05-14T17:36:03.476Z,Wehner Group,false
b35fc394-bda6-45c7-adbc-17669ee5f9d5,2022-01-12T04:55:49.112Z,North Aliyahside,Washington,Czechia,63.0929,48.5532,quidem,argentum,unde,atque,dicta,et,varius,20,92.41149344839995,85,cupressus,2,0,5,false,0.16339293120548973,2019-08-10T18:52:24.056Z,"Herman, Hammes and Pacocha",false
1d27ed80-2838-4e59-90b1-8150a65483fd,2024-04-02T21:21:36.801Z,Franeytown,Maine,Switzerland,31.5819,-9.0409,praesentium,vesper,tergiversatio,thesaurus,comprehendo,agnosco,unus,44,220.23234163355042,18,natus,1,2,1,true,0.0838452719708156,2019-12-28T00:34:41.100Z,"Gutkowski, Bergnaum and Kuphal",false
8ff9bebf-2f54-45af-b587-0e41f440c07a,2022-05-14T15:21:10.523Z,South Candidoland,Arkansas,Saint Helena,-16.5862,-160.4852,uredo,cornu,corporis,totus,desolo,delego,conturbo,117,58.462584728020055,46,cado,0,2,4,true,0.09538446373382078,2018-07-04T07:01:05.383Z,Runte Group,false
4dd58d7b-dc35-4145-8749-f74765d33596,2020-09-04T10:08:44.044Z,Saginaw,Alabama,Saint Barthelemy,38.241,-62.0699,desolo,suppellex,adicio,cavus,annus,commodo,ter,61,82.14425004354682,50,illo,3,0,5,true,0.1873947279484081,2018-07-16T06:59:49.834Z,"Bradtke, Turner and Bogan",false
40a7ba17-7f79-4773-b5fa-d37e327e20f9,2025-09-05T05:22:24.555Z,Angiestad,New Jersey,Seychelles,16.3937,28.3233,ciminatio,impedit,quibusdam,veritatis,laudantium,non,vito,83,137.2415741755774,23,celo,5,2,3,false,0.11168127993694799,2021-03-28T18:06:14.644Z,Kutch Inc,false
58c96e19-b657-4ae5-8028-e7fca5cb6654,2018-10-06T04:29:52.759Z,South Kristin,West Virginia,Congo,-87.1165,151.6444,pectus,deficio,tristis,curso,utique,benevolentia,cerno,68,0.9393377974253347,50,adsidue,5,2,2,false,0.0587076211835621,2021-11-23T13:51:28.189Z,Halvorson - Spinka,false
2450a40b-07dd-4586-8430-c7c972f8f948,2024-11-24T20:46:20.514Z,Utica,Vermont,Ecuador,45.2369,-3.9294,odio,eius,bene,tolero,dolorum,utilis,alioqui,38,13.326496868764997,67,arceo,2,0,2,false,0.16868096139160807,2018-12-03T01:01:59.621Z,Schulist Group,false
e9a4a2fc-1a49-4900-a60a-9a288e7104d5,2018-11-02T11:42:22.073Z,Irvine,Minnesota,Tunisia,-3.488,159.9037,adimpleo,suggero,adfero,tremo,defero,ventito,succedo,43,181.44982940050986,98,ocer,3,0,5,false,0.037600961987601905,2023-09-06T10:54:26.009Z,Kemmer - Heller,false
d6348270-716f-4c7a-8bb1-71be49087230,2021-04-18T09:28:48.248Z,Pittsburg,Arkansas,Peru,-67.0987,31.1074,denique,earum,defaeco,adhuc,quis,tenax,compono,111,193.48563653723892,67,demitto,6,0,5,true,0.19684453976213256,2021-10-30T10:19:53.899Z,McLaughlin and Sons,true
a6414681-8c98-4276-9974-3e080a38a811,2024-01-02T00:45:46.323Z,Gutkowskiview,Michigan,Uzbekistan,-81.1521,40.0948,argumentum,quibusdam,temptatio,beatus,correptius,tunc,ater,109,164.68807281621915,42,conqueror,4,1,5,false,0.029246806628057453,2025-12-01T01:30:26.519Z,Parisian Group,true
61151df3-4747-4b6d-8883-e35a6f0af97f,2022-01-09T12:18:38.577Z,New Colleenton,Wisconsin,Bhutan,-75.4412,-130.6965,voro,uterque,cito,desipio,atrocitas,ante,unde,82,25.421578785628096,21,adsum,2,1,4,true,0.24347866207364155,2021-09-19T16:19:51.839Z,"Pollich, Williamson and Padberg",false
0e8d8db7-a97b-4a25-86ed-e9f512443e4b,2019-02-01T11:29:48.481Z,Milwaukee,Rhode Island,Kuwait,-86.7386,109.0763,temporibus,villa,sapiente,tamen,laudantium,sed,clarus,103,138.45846240079317,47,solium,3,1,4,true,0.13795365231534618,2022-08-05T02:12:51.364Z,Huel Inc,false
77ca86af-b926-41d5-8ce8-dae88dd6bfc1,2023-09-01T16:20:51.137Z,Levittown,Minnesota,Bosnia and Herzegovina,-80.3962,14.1196,alioqui,laboriosam,verbum,crur,calculus,despecto,ultra,53,11.456156756008218,19,avarus,5,2,4,false,0.17355753266655335,2020-06-11T11:01:18.339Z,McLaughlin - Hartmann,false
15600efc-dcf7-40b1-95b5-f8114fbb987c,2021-05-12T05:04:47.481Z,Lake Meaganbury,Louisiana,Niger,37.4931,-15.7325,stipes,ratione,umquam,derelinquo,virtus,tempus,vester,45,10.31271234797888,39,cura,6,0,4,false,0.1486361681685999,2023-07-19T08:56:11.999Z,"Jacobs, King and Murazik",false
4436a58f-e124-4ed5-8942-24123f91fa27,2022-03-06T14:13:40.253Z,Miami Gardens,Hawaii,Equatorial Guinea,69.0061,-118.8243,taedium,causa,ad,ciminatio,delicate,degero,vinum,69,153.9865020762442,66,voveo,4,2,4,false,0.0811303718394798,2018-05-24T13:51:16.501Z,"Leffler, Hammes and Kutch",false
cffaeb64-34f7-4bdd-b16a-e99d93e70e20,2018-04-05T22:42:07.725Z,New Josiane,West Virginia,Burkina Faso,-12.1153,-149.6025,voluptatum,amet,angelus,territo,deputo,possimus,calculus,117,58.9336408846924,86,abbas,4,2,5,true,0.05454921861487552,2021-05-19T09:30:45.947Z,Parker - Reynolds,false
364369d7-3a0f-445e-abb7-87f2041a0951,2018-11-05T15:50:17.509Z,Koelpinton,Maine,Bulgaria,20.0548,41.5775,ipsam,alii,terminatio,vespillo,solvo,vomito,statua,118,110.31920148966974,44,caste,4,1,5,false,0.05987873751929032,2021-04-05T01:50:48.080Z,"Reichel, Cruickshank and Bergnaum",false
7fc9fad7-dfdc-4738-ad02-790268113864,2019-01-11T06:52:58.052Z,Fort Deshaunville,Indiana,Lithuania,-15.0907,-8.5695,audax,adhuc,solvo,vito,sophismata,reprehenderit,amaritudo,73,33.483659471573944,67,deleniti,6,0,4,false,0.010636700144625144,2025-12-01T18:39:21.632Z,"Hermann, Denesik and Heaney",false
13c73b04-0c67-480b-9021-a39d752468a8,2020-03-26T01:07:33.134Z,Susanworth,New York,Tuvalu,42.5193,-93.046,blandior,auditor,texo,aegrotatio,verumtamen,velum,turbo,64,82.11233948546904,17,ventito,0,0,1,false,0.12529492872882123,2024-06-05T10:22:34.296Z,Pfeffer - Lowe,false
b5a2a6ce-a389-4924-ac20-64f253f688da,2021-06-25T21:12:54.038Z,Pompano Beach,Oregon,Honduras,41.8519,-46.552,curia,soluta,confero,sursum,cinis,turbo,vulgivagus,22,220.2989990969551,45,provident,1,0,3,true,0.13574657282530248,2018-01-28T21:11:36.947Z,"Bergnaum, Bogisich and Legros",true
50ec8b77-c513-4fa2-9204-d4ce2834ef0c,2021-04-01T18:06:26.595Z,East Larry,Georgia,Cambodia,60.5702,108.1979,subnecto,adeo,corporis,esse,statua,angelus,placeat,87,142.401316942516,69,umerus,2,0,3,false,0.20214056753564338,2020-04-12T16:02:12.649Z,Mante Group,false
a1557932-893b-4206-a2c9-e32b5dab9fc0,2020-10-18T07:23:56.529Z,Monahanview,Montana,Estonia,-86.8266,-96.0416,at,calamitas,deludo,placeat,suggero,amo,sto,70,129.87431213461895,58,tonsor,3,1,3,false,0.12120676684237183,2020-02-14T12:51:06.887Z,"Hirthe, Corkery and Kutch",true
64362664-3865-46c4-adbf-67b4e53af688,2023-05-22T23:18:35.323Z,Grantfield,Maine,Bahrain,-49.8723,138.6085,derideo,uberrime,delicate,virgo,patior,bellicus,verumtamen,49,220.3923382667278,25,denuncio,1,0,5,true,0.008323109279627733,2023-06-23T03:46:41.572Z,Kreiger - Gerlach,false
4fd06ac0-ac62-4e1f-a9f8-d7b9028f2b99,2025-05-29T19:20:22.662Z,Ornland,Mississippi,Malaysia,-20.3095,-161.7085,aqua,coepi,ante,calco,arx,quibusdam,theologus,103,67.81849696267376,52,atque,2,2,5,true,0.17905060123743208,2021-05-01T05:57:23.264Z,"Tremblay, Johns and Ledner",false
32b1c273-3c5e-42b5-97e9-b034aeb61f38,2019-07-29T04:24:08.507Z,Zemlakfort,New Hampshire,Saint Lucia,33.1049,-100.2507,dolor,eius,spero,caecus,spes,succurro,compello,83,3.4888841307517993,92,sodalitas,4,0,3,false,0.23815518072740316,2020-02-29T22:51:28.049Z,Rippin - Hintz,true
80f06f88-fe27-4bb3-bc0e-7007711317ca,2022-05-22T02:44:26.306Z,North Christopher,Nevada,Democratic Republic of the Congo,-68.3952,163.4018,explicabo,undique,volo,colligo,trucido,vir,creo,129,157.58861231198998,20,earum,4,0,4,false,0.13457789199022943,2024-01-30T15:51:59.415Z,"Hodkiewicz, Breitenberg and D'Amore",false
8825c13b-ca8b-4efe-8001-8ebca96a3266,2021-05-29T20:10:13.887Z,Strackeborough,North Carolina,Chile,-50.3059,-163.6262,cometes,artificiose,clam,delectus,cervus,deleo,suadeo,116,206.87269284399085,31,tutis,3,2,3,true,0.11421089019767944,2025-04-23T11:41:22.728Z,O'Keefe Inc,false
77539ea1-9bf2-442f-98f4-b25a148315a8,2023-06-14T20:44:13.562Z,Kailynport,Nebraska,Tajikistan,-88.0184,49.5078,repellendus,victoria,uredo,callide,recusandae,tenax,earum,126,147.4085342846901,58,corporis,1,2,3,true,0.06034965726391475,2019-12-19T00:54:11.892Z,Lockman - Bogan,false
98402ece-abb3-49ff-a0df-3f728c55c05e,2024-02-01T12:41:56.497Z,Schmelerchester,New Hampshire,Dominican Republic,-5.4262,-157.2654,casso,tui,uxor,vos,vae,viridis,earum,107,221.59306972896624,92,dolor,0,0,2,true,0.1602826932966407,2025-02-06T22:38:46.393Z,King Inc,true
1cccadb2-aaa3-4243-a6a9-36ace1b3049f,2022-03-13T19:44:13.504Z,Mayerbury,Pennsylvania,Timor-Leste,-52.2831,-90.9027,arbustum,nostrum,quisquam,aggero,molestias,acerbitas,amissio,74,148.5642899449737,64,natus,6,2,5,false,0.1894560257874932,2022-01-11T15:50:52.819Z,"Stroman, Rodriguez and Schoen",false
1112ed8a-de70-47c4-bbe5-9a45579bfb00,2023-09-18T02:35:14.946Z,Sadyeton,South Dakota,Western Sahara,80.0417,169.514,repellat,quam,virgo,atqui,laudantium,turba,sortitus,123,82.70020677224376,40,combibo,4,0,4,false,0.176507379432282,2025-05-31T04:16:49.614Z,"Murphy, Gutmann and Kerluke",false
99326977-4f36-45f7-9db9-837c137baec0,2025-05-21T07:35:46.511Z,South Robynchester,Colorado,Aland Islands,-45.6303,-72.7842,qui,tondeo,virgo,dolorum,aperte,claudeo,artificiose,74,52.32788949018483,87,defluo,4,2,2,false,0.13888689007135582,2018-10-11T13:51:35.813Z,Sawayn - Predovic,true
21776e58-00b8-4cc6-b2d8-bc48303e2cf4,2021-01-01T01:16:22.051Z,Kuphalview,Connecticut,Sint Maarten,80.1941,139.5197,timor,curatio,demitto,adduco,nesciunt,in,tempus,24,155.36572933511255,76,argumentum,4,2,1,false,0.06364067543996871,2021-10-08T10:25:02.848Z,Hilpert - Hauck,true
75eca271-04aa-4b24-af7d-137c492dfa27,2025-06-03T19:23:39.347Z,Kshlerintown,Maryland,Niue,-13.3155,-67.0581,adipiscor,debilito,adstringo,textor,arcus,conscendo,alienus,81,147.27361940696073,56,qui,5,2,2,true,0.1801296457830235,2024-11-02T00:14:35.729Z,Brakus - Becker,false
cca98cf5-b2db-409d-8623-7667e025d3a7,2022-05-07T11:20:31.188Z,Port Wymanshire,Colorado,Senegal,32.0931,-0.0074,paulatim,voluptates,cubitum,adicio,absque,aggredior,vivo,84,94.83296724867486,45,vociferor,4,1,2,false,0.08356251531909675,2025-06-27T22:57:27.621Z,Bechtelar LLC,true
5f8d705b-0844-4ad3-8dcc-6fad5c0ea4fc,2022-03-27T08:36:51.148Z,West Hertafield,Connecticut,Seychelles,-6.0235,-122.9052,subseco,tempore,trans,deficio,campana,nobis,volup,29,84.33951060332237,52,cognatus,1,2,3,true,0.10788688372175234,2018-02-25T14:27:42.751Z,Kihn - Gerlach,false
0ed1519b-e8bc-4a0f-ba5f-856bab4216d5,2023-05-16T01:26:34.942Z,Jamelboro,Rhode Island,Turks and Caicos Islands,11.229,21.1041,verumtamen,vesper,temperantia,dicta,ultra,adsidue,cauda,101,159.62303787555857,80,ara,0,0,4,true,0.22478460642159834,2022-09-09T00:59:16.148Z,"Schinner, Lind and Prohaska",true
c7c5da18-0edf-408c-967f-8609999d54ef,2024-01-15T02:04:19.352Z,Fort Quincyton,New York,Saint Barthelemy,6.9848,-68.12,autus,atqui,certe,compono,aggero,caste,cado,72,224.57791486530928,38,bonus,2,0,1,true,0.12453646275554617,2018-12-17T14:30:41.905Z,Torphy Group,false
dc360470-6efb-4709-b304-18a2ffaaafec,2025-08-07T16:52:26.388Z,Temecula,Hawaii,Benin,27.3787,-100.7212,conforto,adopto,abduco,decretum,aperte,copia,magni,102,67.963761378287,44,suffragium,0,1,2,true,0.023486677345573137,2025-11-04T17:02:50.647Z,Fadel - Simonis,true
974cf758-2754-4abf-bd84-63aea31243ba,2022-11-08T04:17:45.193Z,Deckowburgh,Ohio,Timor-Leste,-22.3971,-76.7473,agnosco,ullus,strenuus,substantia,tricesimus,coniecto,molestias,92,132.81553259967842,61,ars,0,2,5,false,0.19350461184832818,2020-04-11T11:05:09.121Z,Goyette - Lowe,true
8e33614e-6f9a-45ec-9502-9bfb807db8e5,2024-05-31T16:39:48.591Z,Port Braxtonton,Missouri,Paraguay,76.6339,-145.9092,coma,decet,comis,convoco,voluptatibus,caelum,debilito,45,35.11313304784024,88,tempore,6,2,4,false,0.11269526676197328,2021-10-20T15:38:46.130Z,Torp Inc,true
c1636a4d-97d7-43e9-9419-c3634668b583,2021-06-17T06:06:40.109Z,Fort Jade,Wisconsin,Cote d'Ivoire,-17.9036,119.1385,ipsam,agnitio,alius,absconditus,velociter,credo,deprecator,25,0.09100592263452612,63,aranea,2,1,5,false,0.2367062759787077,2023-03-02T17:33:02.497Z,Reichert - Hills,false
3a595255-94fd-4fc8-9860-9bfea5a31411,2021-06-17T16:27:19.220Z,East Madonna,Oklahoma,Armenia,59.274,9.8381,dolor,vos,delectus,tamen,accusamus,statua,colo,60,65.05284772518216,69,speciosus,0,2,4,false,0.0916518372196107,2018-05-13T10:33:48.639Z,Kirlin - Zemlak,false
3e1def41-8432-4127-9aa9-f47b83b7f1e6,2021-08-20T10:35:57.180Z,Jacobishire,Colorado,Egypt,83.615,-168.9871,trucido,deinde,damnatio,libero,tepidus,vulgivagus,validus,29,16.17412216457378,81,quisquam,0,2,1,true,0.23408836163024282,2021-02-05T08:56:41.815Z,Gerlach and Sons,true
c4e0279b-52d8-4f10-977d-14e3e4ccda30,2020-01-16T20:23:46.967Z,McCluremouth,West Virginia,Sao Tome and Principe,-25.2939,-43.0289,ocer,atavus,magni,antiquus,astrum,vociferor,sonitus,95,230.53413241019152,51,verus,4,2,1,true,0.06753389370104121,2024-02-24T22:20:58.516Z,"Kuhlman, Watsica and Franecki",true
0d94e9c8-2d0b-4225-8c9e-ad5e5611474b,2025-11-03T17:27:22.523Z,Ardenbury,Wisconsin,Lebanon,-88.9728,-85.5327,consuasor,denuncio,adnuo,acerbitas,tamisium,debilito,sub,76,17.067594327597966,68,surculus,6,1,2,false,0.20057534501208837,2022-08-28T15:33:50.054Z,"Lynch, Gislason and Friesen",true
93fef5ce-572b-41a3-8ed4-efe9aea14183,2023-01-30T13:07:50.403Z,Fort Leann,Vermont,Sudan,38.2905,-179.302,suspendo,adhaero,viscus,tui,illum,delicate,usque,92,231.39837757666274,99,apud,0,1,3,true,0.232466527322712,2024-10-14T20:06:59.221Z,"Abshire, Brekke and Lindgren",false