accident_id,incident_datetime,city,state,country,latitude,longitude,road_name,road_type,intersection_type,accident_type,weather_condition,road_condition,light_condition,speed_limit,actual_speed_kph,driver_age,driver_gender,casualties,fatalities,vehicles_involved,alcohol_influence,blood_alcohol_level,weather_reported_at,reporting_department,pedestrian_involved
b1d09c0a-7dd5-4c60-842b-8bdc8dd563ae,2019-05-28T01:28:15.628Z,Port Mya,New York,Kiribati,-46.9582,-145.8441,volo,ventus,chirographum,ullam,iusto,demens,cinis,114,218.09988371793344,47,vel,4,0,5,false,0.0352432612727826,2018-06-30T20:28:05.175Z,Smitham - Bauch,false
9b1293b2-eeff-4452-9db6-6df06269f727,2024-04-23T14:21:06.153Z,Plainfield,Wyoming,Mexico,-9.1777,94.9991,ducimus,crudelis,timidus,taedium,utrimque,adinventitias,angulus,24,101.6753449865405,37,curto,1,2,2,false,0.07596342401451664,2025-08-09T13:06:27.677Z,Willms Inc,true
bde84e93-f397-4f38-9698-854ca497b8df,2019-05-04T13:55:46.480Z,Quincy,Arizona,Burundi,-49.8739,-7.7157,velum,conservo,cras,cunae,pariatur,capillus,vetus,106,13.419582993683097,29,pecus,2,1,2,false,0.058488717270059054,2019-06-12T20:49:05.694Z,"Bradtke, Green and Gibson",false
29e11232-bf14-40b8-b66d-0fcb9833fad7,2020-05-12T11:23:42.894Z,Port Louie,New Jersey,Japan,-56.6078,-132.9916,deserunt,bos,claudeo,corrigo,verto,aeneus,altus,98,80.04122853522092,69,patior,6,2,3,true,0.15759656983669537,2022-04-07T07:37:36.246Z,"Armstrong, Sporer and Oberbrunner",false
c2fc9027-c0eb-4427-9cbf-9774fdffc51e,2018-08-17T13:43:49.314Z,Estrellaboro,Florida,North Macedonia,36.0546,103.3005,patrocinor,aiunt,surculus,theologus,vulariter,cauda,vestigium,115,225.8720654150028,31,comes,1,2,4,true,0.21621324454615676,2018-03-13T00:13:32.148Z,Emmerich - Oberbrunner,true
ff4dff5d-62a3-4eed-9820-37d32cc01146,2018-01-19T14:36:07.048Z,Port Leopoldoton,West Virginia,Falkland Islands (Malvinas),19.6636,-12.4668,una,verbum,artificiose,veritas,adiuvo,defungo,ipsam,21,233.51934543534466,75,pel,3,0,1,true,0.03880079317736862,2020-03-15T07:31:48.397Z,"Kunze, Dooley and Fadel",false
dd170a97-6fa6-48ad-a044-4b743bab9f58,2024-08-05T11:40:31.426Z,Simtown,Tennessee,Yemen,7.669,-78.6946,toties,beatae,officiis,verbum,delego,apparatus,vacuus,106,87.75629242344272,44,adicio,2,0,2,true,0.162185763548779,2023-10-29T11:06:38.106Z,Harber Group,false
aa2f28e0-9dc3-4a2d-91ae-76d86ac22431,2025-11-21T15:03:50.622Z,New Destinee,Alaska,Northern Mariana Islands,18.0858,147.3415,capitulus,talis,curvo,creptio,acceptus,crastinus,vacuus,27,90.0140338044975,45,statua,4,2,4,false,0.213143226193013,2020-03-26T15:39:16.786Z,"Renner, Muller and Graham",true
2a93c542-139a-4a61-8cde-4a0876342409,2025-07-31T23:24:37.322Z,East Los Angeles,Delaware,Cayman Islands,-16.5871,-111.7152,solus,accommodo,thymbra,curatio,caste,depromo,succurro,99,17.052014864646196,56,officiis,4,2,2,true,0.06673814197586944,2025-09-21T07:21:22.394Z,Greenfelder and Sons,true
60d27e26-9e26-4f9b-9cc8-8788b02db423,2023-07-29T16:29:55.212Z,New Lennaside,Utah,Guyana,-4.1896,82.0265,accommodo,vallum,summopere,aestus,aggero,ocer,deputo,69,30.14237028925355,53,pel,5,1,4,true,0.19554660982312047,2021-04-17T09:23:10.208Z,Wilderman - Aufderhar,true
a5f90125-ef94-4d5a-ad90-cfde6e69a3ea,2022-01-01T14:19:27.889Z,South Benburgh,New Jersey,British Indian Ocean Territory (Chagos Archipelago),-52.5734,75.1116,iusto,ultra,currus,strues,cibus,adopto,audeo,31,117.42234936150605,41,alias,3,2,5,false,0.06901707254907438,2025-08-25T21:01:29.342Z,Hyatt - Rempel,false
8c75e8ba-b10b-449c-970a-13b807d6a7b7,2023-06-04T19:56:53.456Z,High Point,Virginia,Solomon Islands,-66.4238,89.5398,nostrum,illum,carpo,optio,titulus,curo,taedium,130,109.20939523773177,59,taceo,6,0,3,true,0.1410621259380452,2020-07-31T14:00:34.878Z,Bernier - Hilpert,true
c0608af7-3ff7-4844-8ae5-ef710094ea7f,2021-09-07T16:01:46.027Z,North Andy,Mississippi,Bolivia,19.1728,-168.6561,utilis,defluo,condico,tempora,tamen,decumbo,adsidue,80,22.19177592977968,74,antepono,4,1,1,false,0.13391543244113036,2019-04-30T20:10:22.505Z,"Fisher, Boyle and Howe",false
fcba53e2-fc15-47da-b7a2-0d8c715fb8fd,2018-10-18T12:44:11.122Z,Urbanstead,Indiana,Central African Republic,-19.9975,143.6816,officia,uredo,deinde,subito,aiunt,comis,vesica,67,98.12689599346214,33,surculus,6,0,1,true,0.048435152069013776,2022-04-20T23:14:00.676Z,Bosco and Sons,true
7dc8598e-1d8d-4416-9546-00be5a1b4c42,2020-11-11T20:57:12.031Z,Sengerfurt,Arizona,Gabon,45.4653,2.0351,conicio,somniculosus,cotidie,aggero,velut,capillus,cilicium,110,140.2355953579924,24,sumo,5,2,3,true,0.0872627586465769,2024-11-20T13:29:29.496Z,"O'Connell, Littel and Hartmann",true
912e9039-d2d3-42cb-9ba0-55728c7dfe8b,2022-12-22T10:08:51.289Z,Clarkborough,Illinois,Serbia,45.1151,24.3466,vitae,nam,tres,somnus,annus,baiulus,illo,78,54.152846358811466,55,tui,3,1,4,true,0.06886373235692492,2020-10-28T12:37:23.727Z,VonRueden - Stracke,true
cbb738f6-7ad5-4939-b2ca-8d504b6d12ef,2018-11-06T02:43:11.356Z,Scottsdale,Tennessee,Comoros,-65.8992,75.1714,beneficium,cohaero,nostrum,quidem,admoneo,capto,eum,117,214.89599775306084,63,auxilium,1,1,5,false,0.21316928764275384,2025-12-08T15:08:44.350Z,Little and Sons,true
2fd46dbf-6391-480f-8d10-8d8abe3cba21,2023-07-04T04:51:09.166Z,West Jaidenfort,Virginia,Thailand,75.9408,-17.814,vulariter,abundans,molestiae,denuo,bellicus,attero,culpa,114,62.503521648860115,86,eaque,5,0,5,false,0.11695328819736697,2021-01-07T00:32:14.693Z,Simonis - King,false
686a04de-12ec-4986-96c3-851503326937,2019-01-02T10:51:34.182Z,Kathleenside,Texas,Gambia,89.245,-107.4794,appello,civitas,sublime,carcer,cinis,corpus,deputo,46,28.15318278188853,42,accommodo,5,0,2,true,0.11968393989773149,2025-10-14T18:11:24.879Z,Johns Inc,true
d0f723b1-2e4a-4c93-9c87-b3f46ca0328b,2025-12-23T13:48:14.575Z,Livermore,Indiana,Micronesia,32.2719,-135.2462,theologus,ultra,corrigo,vulgivagus,vitiosus,utpote,cribro,130,142.46824979466402,51,delinquo,2,2,2,true,0.13899723912834225,2023-11-03T19:54:58.380Z,"Gerlach, Kling and Lindgren",false
9426fd99-5533-4b2e-a5c5-0c03bafa5e26,2018-12-20T04:06:35.829Z,Pittsfield,Florida,Georgia,50.7128,80.9718,cresco,amissio,volutabrum,denego,tempora,tutis,vomito,56,66.80183592589603,68,arguo,3,0,1,false,0.009642322441955786,2024-05-31T00:25:18.995Z,Fahey - Smith,false
b593d7e3-7289-48fa-8794-6ed131333e89,2020-08-19T08:16:42.102Z,Burleyberg,Delaware,Holy See (Vatican City State),68.0665,-88.4674,venio,cattus,suppono,verus,nulla,aequus,valde,90,173.20880965885004,57,consequatur,2,2,5,true,0.007009487265607184,2020-06-12T15:07:46.047Z,Willms - Gislason,false
001891ab-9f00-4f3f-b4f7-4fd287a26d0c,2022-02-20T14:21:17.747Z,Hyattville,Minnesota,Honduras,-53.0181,86.0816,suscipit,umquam,coerceo,tutamen,virga,curis,claudeo,61,207.84147343336164,29,aduro,0,2,3,true,0.12878818851892165,2021-05-13T14:28:20.039Z,"O'Kon, Jacobs and Wolf",false
55d34a0b-67cc-4a40-ae0d-f672e7c4bd2d,2024-02-04T00:57:39.083Z,Jewellland,New Hampshire,Maldives,28.4217,-42.914,animi,accedo,despecto,cum,utrimque,soluta,adfero,36,231.87757739470658,76,aliqua,0,1,4,true,0.125615710433975,2019-04-15T16:59:23.041Z,"Jacobs, Rutherford and Runte",false
a49c5a20-7b7c-4630-a32d-2147a496ab19,2021-11-25T14:18:59.527Z,Stiedemannmouth,New York,Bhutan,4.5557,-28.2733,molestias,arx,tantum,deporto,cometes,eveniet,clamo,56,221.33341769808334,60,carpo,5,2,1,false,0.172126768157218,2018-07-21T18:13:03.199Z,Goyette Inc,false
ea459759-0d72-4f64-a549-14c5efa0c52f,2025-08-31T18:13:26.425Z,Taunton,North Dakota,Holy See (Vatican City State),-84.9156,-168.3693,terminatio,campana,adsum,appositus,acquiro,sto,spiculum,33,194.5336825381303,54,assentator,1,2,5,false,0.09835053234189517,2021-08-27T04:10:52.154Z,Ryan - Gerlach,true
b807c2bf-3bd6-4396-8458-45d965dbaa5f,2020-12-11T18:49:15.734Z,North Marjoryfield,Mississippi,Argentina,-46.8895,81.4393,valens,demulceo,calcar,beatae,cum,excepturi,ipsum,114,111.88181009014693,46,placeat,0,1,5,false,0.1520048271242174,2023-06-10T13:44:09.105Z,"Kreiger, Bartell and Yundt",true
8f7396dc-c6bf-4cab-98b6-9a6a0cfeb7c4,2025-10-04T00:21:22.208Z,South Twila,Indiana,Mauritania,-25.0895,-44.0479,sto,verbum,voluptatibus,aggredior,pecus,tondeo,laboriosam,84,68.47571425648822,39,consequuntur,4,0,5,true,0.13695780455452386,2020-12-27T10:11:51.092Z,Stehr - Abernathy,true
20f6e269-30f1-400f-bf08-7dde0250c0ba,2021-05-30T23:21:05.191Z,Westfield,Massachusetts,Bulgaria,-1.1364,-53.6667,vesper,deficio,quas,terror,abbas,et,tergo,43,22.67173403908986,80,bibo,3,2,5,false,0.03135379956704734,2020-09-15T12:57:02.877Z,Cruickshank - King,true
efeafeb3-31b8-4532-b86b-e38b8caaff20,2020-03-09T08:35:58.311Z,Port Ardella,Utah,Mayotte,-87.89,-149.7269,aeternus,adnuo,artificiose,suffragium,cursus,amplexus,capillus,28,66.29942671303576,72,civis,2,2,2,true,0.20979013054964407,2022-06-20T10:35:33.567Z,Langosh - Wintheiser,false
917801e1-9881-4da1-9071-43a5f3a538e4,2021-09-06T07:08:13.157Z,Lake Darrelberg,Georgia,Argentina,76.3954,-42.1265,vulpes,defluo,cur,adamo,abbas,vorago,creo,32,228.83234175820658,94,supplanto,5,2,3,true,0.09633622955711496,2025-02-17T03:31:49.450Z,"Wehner, Frami and Kshlerin",true
9d1fa16e-7bff-4170-9711-1a3ce3cb591a,2019-10-16T10:46:11.387Z,Port Ford,Nevada,Namibia,-18.1645,157.6426,pel,aqua,supra,corroboro,undique,absorbeo,stipes,54,226.5901298928913,80,vos,2,0,5,false,0.1511733134548888,2022-03-19T20:20:53.577Z,Ledner - Hintz,true
2dd1d7ed-cc51-40ca-bd61-e7a04fa3c977,2024-06-21T12:49:07.627Z,North Leliafurt,Maryland,Guam,68.8002,-131.8809,sub,verbera,sodalitas,adstringo,subvenio,audentia,vetus,114,9.914722434202634,85,vetus,6,0,5,true,0.18187069227771796,2022-10-15T23:57:17.135Z,"Crona, Russel and Konopelski",true
41db007c-27d4-4198-938f-9bf7e025d63b,2021-05-10T18:56:20.793Z,Pierrefurt,Alabama,Equatorial Guinea,-46.9445,-157.6926,cumque,cicuta,dolore,contigo,tactus,avaritia,aufero,37,225.09241986989147,44,caries,0,1,4,true,0.04735518781293804,2023-10-13T20:03:54.950Z,Abshire Inc,false
45514f1c-29a3-41c4-903b-7b428bdc8f7b,2020-12-11T17:58:10.866Z,Port Russellview,Arkansas,Ethiopia,-55.2397,-165.2918,depono,cimentarius,fugit,vester,et,conforto,truculenter,88,161.51758212024743,89,est,5,1,2,false,0.029533119127595236,2025-03-16T05:31:17.112Z,"West, Boehm and Harvey",false
c55818e6-f984-4242-b846-bf1d7179b845,2024-04-29T06:54:26.688Z,Obiefield,Nevada,Slovenia,81.0321,62.0884,vito,voluptatem,cohors,virtus,aestivus,pectus,amplitudo,29,50.513489348356195,18,armarium,6,2,2,true,0.07533497816787038,2019-12-29T04:52:06.027Z,Ledner LLC,false
d65f0d77-9d3a-4487-a2fe-052d0cfb444d,2023-01-25T18:41:39.019Z,Lake Caden,West Virginia,Western Sahara,21.0364,125.8794,solium,teres,verecundia,eos,arca,nihil,calco,97,67.82004039816965,69,inventore,3,0,4,false,0.08034867490419031,2019-07-17T02:47:42.701Z,"Dicki, Aufderhar and Mayert",false
f87b72c1-2458-4cff-accc-5ad3a47af459,2021-01-06T14:23:25.561Z,Pharr,Oklahoma,Hong Kong,-25.9946,148.2046,similique,cunae,demergo,atrox,casus,solutio,arca,54,0.1352793034364641,19,veritas,0,2,4,true,0.10437398992743374,2022-06-30T17:47:37.082Z,Feest - Schoen,false
31d98308-53b0-4b06-bcdd-8ccdf9e158d0,2024-05-03T23:56:28.969Z,Mayertbury,Nebraska,Eritrea,86.7636,177.6804,dolore,adnuo,ex,surgo,conduco,arto,creta,54,137.21464235748186,33,iure,5,0,4,true,0.04463040520754227,2018-04-13T23:42:29.141Z,Barrows LLC,false
37852b5a-4aac-4fbc-8300-63d646f23d42,2023-06-02T10:48:25.183Z,Weissnatstad,Virginia,New Zealand,86.4359,172.5428,campana,terga,spes,vesco,defluo,sopor,adduco,52,204.25763872961494,27,altus,3,0,2,true,0.02685726331783353,2022-08-10T14:37:41.847Z,"Sporer, Dach and Heathcote",true
745bbbc3-5035-49d5-b250-81ad3e66ab5d,2025-12-18T08:29:14.520Z,Lilianview,Rhode Island,Montserrat,-65.4865,-66.2612,cohors,denuo,solio,admoveo,statua,thema,autus,80,122.38242137893747,75,subito,4,1,2,true,0.09628777073048522,2023-08-16T18:59:43.078Z,Franey - Mertz,false
42f5d507-d881-4280-9aac-5d5d7aa258a6,2018-05-14T03:33:38.415Z,North Keltoncester,Louisiana,Slovakia,-39.4845,101.7576,coruscus,nihil,nulla,aspernatur,comis,tantillus,clarus,65,151.37710111299364,52,administratio,6,2,2,false,0.03858265172911027,2020-01-08T18:06:28.348Z,Purdy Group,true
c32d82a3-adab-4e73-bce0-439199a21bf6,2022-02-10T01:53:18.520Z,Lake Kobe,Pennsylvania,Nigeria,-3.7242,-139.246,copia,quo,rerum,tricesimus,tabula,praesentium,velum,95,20.959183784200874,27,patruus,2,2,1,false,0.2077440626525485,2021-05-08T14:27:28.018Z,Rosenbaum LLC,true
26508595-e5ae-4d05-8c43-cbad876ba706,2025-12-14T04:16:40.454Z,Port Marinaport,New Hampshire,Slovakia,16.6121,52.5942,spectaculum,conitor,desparatus,sum,templum,aequitas,sunt,100,121.58145281727356,34,deputo,5,0,4,false,0.18764547832292341,2021-04-20T21:23:35.643Z,Greenholt Inc,true
1ccb664b-f316-4c88-bdc8-f09622149a87,2024-10-11T19:22:36.139Z,North Macie,Colorado,Bulgaria,-87.833,104.1247,repellat,subito,vacuus,vallum,voluptates,collum,assumenda,54,184.81645464747064,57,desparatus,6,2,2,true,0.006997157344952015,2023-01-09T00:17:31.173Z,Walker - Daugherty,false
45a85f23-b5b7-43ba-a7af-c63a54fd90ac,2025-06-15T14:01:08.417Z,Sophiatown,Ohio,Madagascar,-32.8469,-88.0958,umbra,sit,cogo,laboriosam,asporto,urbanus,explicabo,70,173.49858666511798,36,aqua,6,0,3,true,0.004330579264036377,2023-08-21T01:14:37.012Z,Berge - Gleichner,false
3b78ad1b-5ad7-4088-837c-3ffe20f594d4,2024-06-15T01:34:41.996Z,Fort Bethanycester,Delaware,Saint Lucia,62.8033,-173.5617,defero,nihil,approbo,denique,mollitia,bestia,alo,103,31.10441799345237,28,degero,1,0,2,true,0.09069507983846631,2023-07-30T04:28:41.367Z,"Deckow, Hintz and Berge",false
a75d21c8-395d-4f04-9b32-d65c4e3e920f,2018-05-20T10:33:49.484Z,Raphaelleport,Oklahoma,Guinea-Bissau,-70.8698,113.6017,conturbo,amaritudo,carbo,qui,taedium,coma,benevolentia,111,60.79137557005342,27,veniam,3,2,1,false,0.08739935677863905,2020-12-17T21:25:51.909Z,Corwin - Goldner,false
a2543553-26ef-48d0-8b51-8e4a0ccacacd,2021-01-31T08:48:51.540Z,Port Eva,Michigan,Falkland Islands (Malvinas),45.9248,-116.4802,accusantium,vir,aeneus,versus,acies,vilicus,adulatio,34,92.59276442390362,99,solio,6,1,2,true,0.04489343208996402,2020-10-02T08:06:55.861Z,Grady - Barton,true
15028d9b-6a33-4a17-bb2f-4349782014fa,2025-12-12T15:23:17.448Z,West Bernice,Washington,Lebanon,-42.5842,75.0148,catena,adficio,thymum,cena,conculco,atavus,veritatis,113,232.60588223419055,39,basium,4,1,1,false,0.14981102681359887,2024-06-14T13:47:18.940Z,"Mohr, Quitzon and Paucek",true
5a53321b-bf91-478a-8fd9-146ad34dc922,2020-12-02T07:34:34.634Z,Antoinettefurt,Illinois,Gibraltar,-0.8502,123.5881,molestias,cui,pariatur,copia,administratio,deporto,ipsum,23,172.7108348192733,85,usque,4,1,3,true,0.13797267824274226,2022-10-15T23:36:05.047Z,Barrows - Tillman,false
160bf9a6-f8f0-49a9-a00f-2d71f51ebe34,2024-03-27T18:58:20.365Z,Rashawnfield,North Dakota,Democratic People's Republic of Korea,62.3363,141.6559,cinis,comedo,auctus,vox,audentia,adulescens,vir,49,160.1334849664028,54,tempus,0,1,5,false,0.23341427461987438,2018-07-07T23:35:46.789Z,"Schmidt, Deckow and Roob",false
69aabcad-7260-4ca8-9dea-980c37b2492d,2022-01-17T00:33:55.501Z,Reystad,Texas,Ireland,74.0635,102.6695,unus,abbas,beatus,pecco,agnitio,volup,desipio,116,98.15509461387964,71,vigor,2,0,3,true,0.2392038947879209,2018-04-16T01:05:19.680Z,Murazik - Langosh,true
bd5a61b8-9a2e-4044-8da9-b41989316c77,2019-01-08T09:49:54.241Z,Fort Treton,Virginia,Timor-Leste,2.0567,20.7582,conservo,soleo,calcar,centum,congregatio,veniam,curvo,119,42.38157766288103,51,commodi,3,0,1,true,0.24763683115394527,2023-05-18T18:07:16.947Z,Pfannerstill - Hane,true
86aca4ef-2596-44b4-8182-362506307009,2022-07-08T20:38:48.116Z,Isidroton,Pennsylvania,Mongolia,-33.8393,72.9558,sulum,tabernus,ultra,averto,terminatio,sophismata,crapula,21,7.451261992738569,86,crinis,2,0,2,true,0.0032215725788019567,2022-06-26T08:46:38.144Z,"Conroy, Wintheiser and Herzog",true
4a54afaa-d525-48b5-b4cf-a28bf4477b86,2020-08-11T09:22:37.749Z,Gresham,Connecticut,Palau,62.7219,-24.6623,comprehendo,appello,vitae,beneficium,casso,terreo,traho,97,42.91246177486261,26,copiose,4,0,5,true,0.11963094505019967,2024-12-12T03:00:21.774Z,"Gleichner, Cassin and Moore",true
b089395b-ba40-4aee-b4b7-f55c8c667206,2021-08-20T20:58:12.938Z,New Braulio,Minnesota,Guinea-Bissau,73.3271,10.2396,turbo,non,tibi,culpa,sui,aer,crebro,101,54.24153242213025,46,vaco,0,1,4,true,0.2337218091353046,2024-05-13T11:33:20.613Z,Pfeffer - Morissette,false
17aa5f31-54b0-4ffb-88a8-cd1a06d3aa7d,2019-12-23T05:14:06.137Z,North Soniafurt,Illinois,Slovenia,53.5109,-172.951,strenuus,virtus,vulariter,cornu,vapulus,nam,sponte,78,239.89264719445566,42,reprehenderit,3,2,4,false,0.11643256532103496,2020-05-31T10:10:09.572Z,"Hammes, Orn and Skiles",true
6ca5f1cb-f62a-474e-8f4b-cefd0ad8b79c,2024-08-13T10:04:05.592Z,Gracetown,Nebraska,Luxembourg,76.4813,-50.9154,spiritus,valeo,enim,nostrum,suasoria,aetas,peior,77,33.291128284114855,53,despecto,5,2,5,true,0.11227990103073299,2021-09-13T16:17:25.505Z,Kirlin and Sons,false
6b5c4e84-98be-4602-a6bd-a47a247a2af8,2020-08-01T13:07:27.443Z,North Kennedy,Colorado,United Kingdom,-50.294,103.234,ager,sumo,ubi,placeat,concido,vindico,villa,44,128.727521754868,44,terra,6,1,1,false,0.10301763552044801,2022-08-19T10:56:57.422Z,"Sawayn, Walsh and Roberts",false
2f039b15-daea-42e1-a7a5-a3e5c7fe93e7,2025-01-20T07:00:59.191Z,Fort Mikayla,Connecticut,Nepal,9.6648,50.0975,facere,tenetur,sollicito,tergeo,caveo,sumo,amplus,23,49.849856396475154,53,canto,5,2,1,false,0.12974870297168364,2025-07-03T08:47:07.647Z,Blick LLC,true
91d02043-5c8b-4439-8807-b4457471e940,2024-08-23T09:16:25.397Z,West Iva,South Carolina,Puerto Rico,-5.0484,102.367,addo,aperiam,surgo,argentum,arma,incidunt,patria,109,49.379679210675135,49,truculenter,3,0,5,true,0.24785655142161306,2020-02-20T00:33:01.490Z,Conroy LLC,true
2df90d7f-c5e4-49b1-918c-7173a69eb8e4,2024-04-10T10:02:44.820Z,South Trevorside,Wyoming,Belarus,-12.2604,-156.0977,stipes,amoveo,ara,sublime,votum,soleo,solium,36,11.759155186708155,87,itaque,4,1,1,false,0.13532615150875016,2024-11-05T12:24:00.188Z,Hagenes LLC,false
23496e8b-a2ae-4a03-88b9-dd0d97225f67,2025-05-13T08:35:32.417Z,Mobile,New Jersey,Saudi Arabia,-61.4653,-118.464,comprehendo,ambulo,dolores,numquam,aveho,vox,agnitio,38,175.37231992392228,89,praesentium,1,2,2,true,0.11727188297539365,2024-05-14T02:19:00.651Z,Klocko - Beier,true
9608ad15-cbff-419b-80ab-6e122d89ac30,2024-06-28T12:01:49.776Z,Allisonboro,Illinois,Saint Vincent and the Grenadines,-9.1928,49.4747,ulciscor,absorbeo,causa,desidero,bellicus,caries,despecto,127,159.6953799236366,35,animus,6,2,5,false,0.12982591331104165,2018-06-18T20:49:38.500Z,"Larkin, Thompson and Feil",false
0d028ec8-a741-4b93-8094-e65e3b7d7b22,2019-10-14T19:47:16.893Z,Reynoldsfort,Virginia,Antarctica,87.6029,144.0716,ventito,suus,assentator,suscipio,vero,adiuvo,ademptio,104,45.28595988338846,48,argumentum,3,1,5,true,0.1559924139653966,2022-06-16T23:26:45.798Z,"Wunsch, Konopelski and Trantow",false
8d56d741-3cc2-4951-81e5-bed28b3eba2e,2020-02-05T18:56:12.971Z,New Lucie,Hawaii,Equatorial Guinea,21.2302,-164.3254,dignissimos,demulceo,taceo,creo,tendo,succurro,inflammatio,94,237.33715645289644,85,comis,4,0,5,true,0.09503102105002031,2025-05-10T00:05:08.612Z,Brakus - Klocko,true
0347b686-dc31-49fe-9ad1-d42b44dc577a,2024-11-09T00:02:52.403Z,Lake Katrineton,Kansas,Pakistan,10.169,-94.5424,suasoria,conor,veritatis,vulgivagus,conor,uterque,urbs,107,22.602182923611007,77,constans,0,1,2,true,0.23503362001931283,2023-01-20T20:41:08.265Z,Crona - Wiza,true
1555b355-fe87-4fcf-a919-c3943aa3726d,2022-11-10T00:51:15.375Z,Bednarfort,Iowa,Kuwait,-44.0667,3.9513,comparo,tyrannus,studio,deficio,ratione,amoveo,atavus,22,168.15918566633138,82,subseco,2,1,1,false,0.17738328873302664,2022-08-21T15:41:32.993Z,Lueilwitz - Romaguera,false
ab43db31-2435-444e-bcdc-8530b150688e,2018-07-12T14:30:45.913Z,Salt Lake City,Georgia,Senegal,25.6028,126.5516,ambulo,pax,dedecor,sonitus,colo,cura,cruentus,107,16.121071109849197,34,speciosus,1,1,4,true,0.1834405055560124,2022-12-19T16:31:57.409Z,White - Koss,false
5d36097c-786b-4ae3-8204-657d28e233b6,2024-04-21T14:53:09.721Z,Creminworth,Minnesota,Puerto Rico,-32.6267,-81.7511,argentum,auxilium,error,pel,vir,canonicus,voro,83,169.71305295569778,57,amplus,3,1,5,false,0.07458514825809742,2020-08-27T22:52:00.635Z,Runte Group,false
19f30781-7ef4-40fb-93b5-41c9d1e8fe6b,2019-06-16T12:12:04.175Z,Port Allison,Florida,Canada,73.5104,-167.3637,aegrotatio,caelestis,solvo,deserunt,ubi,vetus,rerum,50,121.49697286180988,46,vindico,1,0,5,false,0.12172998626848425,2020-12-21T23:25:37.685Z,Huels LLC,true
3688108c-7120-4698-886a-d740e71d528f,2018-03-08T14:17:47.719Z,Hirtheton,Rhode Island,Mauritania,5.4031,-150.47,angelus,bibo,angelus,cunctatio,averto,valde,corrumpo,34,194.1679674010373,51,repudiandae,3,2,5,false,0.07275445695835339,2024-02-14T09:43:43.306Z,"Mills, Lindgren and Steuber",true
eba397a8-8930-40b3-bf64-8d8465309270,2022-07-27T11:58:35.910Z,East Tad,Tennessee,Saint Helena,-47.1996,170.0993,colligo,commodo,templum,molestiae,deputo,laborum,amaritudo,54,218.9163357769703,94,adfectus,1,1,1,true,0.19060454711654154,2022-02-06T23:46:41.079Z,Franey Group,true
f3488cd7-11c0-4126-8c49-bd84160b9895,2021-11-22T07:35:59.528Z,Kleinburgh,Illinois,Fiji,-36.1193,0.5358,delectatio,addo,assentator,depulso,pecto,degero,qui,58,235.03297808450216,49,coadunatio,2,1,2,true,0.15928534870530273,2018-06-24T16:47:19.944Z,"Bayer, Aufderhar and Kessler",true
1011a69b-1ebe-4329-906e-3e58c8b2697e,2020-12-15T12:31:08.281Z,Smyrna,Rhode Island,France,26.218,-86.7837,victus,textilis,impedit,ulciscor,amitto,speciosus,tres,59,113.44795889438949,84,confero,1,1,3,true,0.14913677541152598,2023-02-18T00:52:21.284Z,Kutch Group,true
770cf8b0-adf7-47e7-ba4c-ad7fc8900f9b,2021-04-11T13:35:27.942Z,Port Austinstad,Rhode Island,Albania,22.2369,50.6813,trucido,vesper,terminatio,comburo,spargo,dicta,cohibeo,27,82.64771385339272,56,antea,4,2,4,true,0.20088854811905166,2020-11-24T16:02:09.218Z,Roob - Carter,false
beb3f7ec-6b4c-4ea6-b557-1904393f3e1b,2021-09-21T23:44:48.196Z,North Ramon,North Dakota,Germany,34.3025,-168.1503,asper,defessus,tribuo,cohibeo,vulpes,amiculum,est,40,141.4791567375318,93,acsi,4,0,3,false,0.08323844295442034,2022-10-04T09:36:41.917Z,Hirthe - Fay,false
b3e53c13-9051-4b88-868f-aed6579896f4,2025-12-27T20:51:59.910Z,Lake Terrenceberg,Ohio,Nigeria,-2.9078,-103.6432,absens,sonitus,antiquus,apud,defendo,theatrum,veritas,116,17.215743823138485,28,toties,0,2,5,false,0.10182929415865469,2018-05-13T08:12:53.222Z,Kassulke Inc,false
92733717-672e-4b06-bfac-4410bac4235f,2022-11-25T14:27:38.822Z,East Moniqueshire,South Carolina,New Zealand,-35.9116,66.6013,taceo,versus,aperio,aeger,amet,studio,stips,94,216.34495138471556,29,civis,3,1,1,false,0.12990863275974862,2018-09-24T07:31:12.541Z,Quigley Group,true
2e12666b-aef7-4a8b-b5ed-567f83162497,2020-07-18T19:18:07.352Z,Rockford,Arkansas,Argentina,-52.4146,80.4635,torqueo,creo,ultra,reiciendis,vomica,vobis,volaticus,107,197.8133659077869,53,amor,3,1,5,true,0.19899857174533794,2022-10-03T18:05:23.286Z,Zulauf LLC,false
fba63463-b462-45bc-86ee-7cba02920084,2024-04-25T16:15:02.606Z,Port Tressie,Wisconsin,Bangladesh,-22.1853,139.912,textor,tremo,commodo,consuasor,amo,sit,adflicto,114,213.7647266580482,49,cumque,0,0,5,true,0.042809827758228225,2023-05-22T07:48:18.340Z,Harber Group,false
24d851e3-eb9e-4d7f-acc2-542143e446c2,2022-05-20T15:44:50.572Z,Fort Joana,Montana,Guyana,-47.8093,-109.3262,suppellex,brevis,copiose,adstringo,vorax,surculus,minima,101,151.2641863569098,40,via,6,1,1,true,0.17132131501727002,2022-04-26T04:26:08.490Z,McKenzie and Sons,true