accident_id,incident_datetime,city,state,country,latitude,longitude,road_name,road_type,intersection_type,accident_type,weather_condition,road_condition,light_condition,speed_limit,actual_speed_kph,driver_age,driver_gender,casualties,fatalities,vehicles_involved,alcohol_influence,blood_alcohol_level,weather_reported_at,reporting_department,pedestrian_involved
aec91f85-689f-400f-877c-4a07446b795d,2024-04-16T18:36:42.073Z,East Leilani,Massachusetts,Saudi Arabia,-29.4387,-59.12,aequitas,nobis,amplexus,texo,at,assentator,deprimo,120,15.621713628412355,96,celebrer,4,1,4,false,0.22059846115095308,2018-01-28T04:12:15.872Z,Kozey - Haley,true
71375fc5-bdf6-4bff-a704-72c694df8188,2019-12-18T17:06:50.291Z,North Rocioworth,Alaska,Sweden,-35.2769,-110.1669,advenio,commodi,amaritudo,triduana,tantum,avarus,auditor,122,141.95333647986433,30,ambulo,3,2,2,false,0.19170206279913643,2020-11-18T06:47:05.681Z,Crona - Hills,false
4ed3e846-2997-4ae8-8b98-4754db2aefdb,2024-10-24T14:36:04.653Z,Saginaw,North Dakota,United States Minor Outlying Islands,-31.3414,-139.1966,suspendo,auctor,suffragium,ater,suus,deprimo,arbor,40,40.76525790495192,94,aedificium,1,2,1,true,0.23634524174972896,2021-02-11T23:38:31.769Z,"Zulauf, Padberg and Lang",true
87019e27-4926-4699-a30a-6d5128a1551d,2022-03-06T23:26:24.194Z,Boganstead,Idaho,Guadeloupe,-25.2315,-144.4071,delicate,varietas,aestas,ars,tepesco,timidus,conor,119,9.150280972085962,44,defessus,2,1,2,false,0.08563853269942978,2023-05-26T16:40:02.310Z,"Hackett, Barrows and Lockman",false
6ee0a28b-8a95-432d-b249-4684ff983084,2021-06-17T09:01:49.587Z,Lynchhaven,Washington,Argentina,-49.6854,-18.9802,acervus,ter,vulpes,villa,pauper,amet,occaecati,90,101.21413525931737,94,angulus,6,1,2,false,0.0874865957836313,2021-11-04T06:45:04.158Z,Bartoletti Group,false
2c549888-f52f-4146-bf0e-ca6b1341ebaf,2024-03-28T11:13:25.332Z,East Adelle,Connecticut,Malaysia,88.6199,28.182,acies,adulatio,tam,deprimo,adsuesco,utroque,ara,49,46.21089140429255,57,defessus,0,0,5,true,0.15774991089562346,2020-02-07T03:14:10.657Z,"Hudson, Altenwerth and Kutch",true
af293a62-43ee-49d9-9378-364f10432261,2019-03-07T17:12:52.974Z,Blandaborough,Kansas,Heard Island and McDonald Islands,-51.9416,45.8993,suspendo,defluo,cumque,deprecator,atrocitas,cupiditas,illum,44,124.42237918391558,42,conitor,1,1,4,false,0.08952398456228486,2018-08-13T11:13:01.043Z,"Torp, Hane and Murray",true
269fb320-7121-45fd-8273-6fd40850e3a8,2021-02-13T13:35:31.418Z,Lillianahaven,Colorado,Morocco,-33.5394,172.1653,aspicio,infit,adduco,acquiro,synagoga,sordeo,ducimus,116,219.71247735663343,53,vinculum,0,1,4,true,0.2089159483201177,2025-09-15T04:00:39.953Z,Hand and Sons,false
089f3dcd-5075-4be1-a413-afe4c1c0a248,2022-03-24T06:51:25.938Z,Lake Sabrinaside,West Virginia,Armenia,12.1024,114.958,cotidie,velut,possimus,vito,somniculosus,doloremque,velum,47,105.51921743914825,17,consequatur,3,0,3,false,0.008997386137177543,2024-06-10T22:08:45.436Z,"Becker, Miller and Koss",true
4ca577f1-e488-43bf-9c2d-877d42b0ad8b,2024-10-28T10:29:22.187Z,West Mia,Tennessee,French Southern Territories,-75.3942,-4.344,corrigo,verbum,absconditus,claudeo,campana,vos,venio,115,88.1337381643352,87,cultura,6,2,1,true,0.22252961606729793,2024-03-22T17:02:05.303Z,Bahringer Inc,false
df7ec363-48ef-46ba-ac9e-cde992cef0bd,2025-08-27T17:05:18.878Z,East Troy,Illinois,Tonga,83.0611,80.6338,bibo,circumvenio,aestivus,labore,tui,aegre,amissio,117,224.04710013165183,77,aedificium,1,0,3,false,0.11958789068530384,2021-05-14T08:29:50.642Z,Barrows and Sons,true
c119a376-c902-4cf1-be03-a57804ec8034,2021-04-06T06:18:59.779Z,South Idaville,Mississippi,Norfolk Island,-65.4358,-108.5841,confero,trado,titulus,culpa,theca,tripudio,concedo,73,181.17272206086798,22,tres,1,1,5,true,0.1028911237579406,2018-03-19T06:32:12.157Z,Lowe and Sons,true
067971b9-d365-4fca-aef9-1063676b27c4,2022-02-28T13:29:05.257Z,Angelinaville,Nevada,Zambia,2.3402,57.6554,carcer,tertius,tenax,cruciamentum,denuncio,alias,audeo,46,116.7532313868149,73,abutor,4,2,5,false,0.13056847331048985,2018-12-10T02:33:17.699Z,Kunde - Trantow,false
92fead20-74a4-40fe-96a2-1e580c54edf5,2025-04-12T21:51:26.501Z,Youngstown,West Virginia,Comoros,77.5951,103.5773,averto,delicate,ulterius,depopulo,atqui,aveho,iste,57,130.0736566412767,27,fugit,5,1,2,true,0.06923977408610218,2025-06-13T22:28:11.827Z,Kuhn - Connelly,true
cf6da2a1-c4bd-40a4-9d88-dbbb7d88a88e,2018-08-14T13:17:57.847Z,Kihnworth,Delaware,Spain,22.2648,117.0993,deludo,sordeo,viduo,contra,capio,traho,aeneus,85,89.57048454278713,96,decor,5,0,3,true,0.1130678536111984,2025-11-01T10:45:42.076Z,Schoen Inc,true
3d96aca8-7712-4762-ac35-a546dc671756,2023-02-25T09:12:53.674Z,Brennafort,Oklahoma,Bulgaria,35.8233,-15.0769,accusamus,consequatur,neque,modi,conduco,vulnus,volup,86,217.81018025972097,26,aestas,3,1,3,false,0.032640384150252444,2019-08-22T07:22:27.275Z,Sanford - Medhurst,true
3fe22f60-1278-4ae3-8e08-697d4fa20c3e,2019-12-02T16:33:48.728Z,Lake Eltonburgh,Kentucky,Hungary,18.056,170.1488,arx,adhuc,deporto,solitudo,defetiscor,delibero,defungo,78,118.63171984921209,59,totam,6,0,2,true,0.14599458595629677,2021-03-30T03:02:22.525Z,Connelly - Hermann,false
4f264cfb-0aa1-4a60-9492-811e94639bf3,2024-11-02T23:23:26.417Z,Lydafield,Rhode Island,Tajikistan,63.761,-77.647,appositus,voco,demum,sulum,cicuta,advenio,subseco,89,14.555714523323537,26,laudantium,6,0,4,false,0.07957115436467768,2024-12-14T13:59:56.258Z,Heidenreich - Goldner,false
542c304d-9516-449e-b9b4-7425e00fd8c9,2020-07-13T17:22:50.424Z,South Isidro,Nevada,Malta,68.4703,-3.6676,coma,desipio,patria,veniam,considero,ratione,collum,81,96.21384655800304,44,ademptio,4,0,3,true,0.1640991582067178,2019-08-06T09:10:29.556Z,Walsh - Roberts,true
a43bc549-a627-4f0e-845d-bd8d6b3bf21a,2023-10-05T15:39:47.073Z,Elnoraboro,Alabama,Zimbabwe,1.3244,-63.7943,vir,repudiandae,sum,vicissitudo,confugo,pecco,vis,116,14.823383165559028,60,chirographum,6,1,4,true,0.11368725555810164,2020-04-17T13:59:05.493Z,Lindgren - Swaniawski,false
ba3fd716-aade-44fe-bb4f-bcb4fb0ebeb4,2019-06-22T09:09:59.552Z,Fort Tom,Nebraska,Mozambique,-49.5684,-81.0422,aurum,tibi,et,assentator,aspernatur,suggero,calculus,61,25.85725988447038,77,ceno,1,1,1,false,0.17016496565815034,2018-06-02T09:37:06.070Z,Zieme - Borer,true
0d220cdb-8632-414a-9d39-e45f3c363792,2019-05-16T14:53:49.637Z,New Aric,Massachusetts,Eswatini,-11.0371,-82.2574,causa,quas,totam,absum,vox,color,nesciunt,37,140.16017699502058,56,denique,2,2,4,false,0.04499713481098336,2025-08-23T03:46:57.755Z,Botsford and Sons,true
c84a1d1f-f4b4-48cb-9503-61d83cf282b4,2023-07-10T15:07:09.953Z,Danielastad,Texas,Curacao,37.2393,-87.7329,crudelis,cuius,arguo,adeo,nulla,tamdiu,quam,75,87.61499605839249,50,triduana,5,1,1,true,0.22870210406114294,2018-04-26T09:34:16.477Z,Shanahan - Fisher,true
dd021c07-05f1-4a90-9774-b72b91d12a9e,2025-07-09T04:09:57.102Z,New Marianaview,South Carolina,Australia,62.0331,102.9583,arto,vilis,constans,utor,crastinus,terreo,saepe,80,82.14722091219062,67,aetas,3,2,5,false,0.21520966115836548,2018-05-02T01:48:22.458Z,Durgan - Rutherford,false
fe909f88-878f-44cc-932a-a12544e56eb1,2022-02-06T05:33:49.270Z,Boganton,New Mexico,Uruguay,-76.8701,-77.0602,vomer,administratio,crepusculum,officiis,confero,sperno,adsidue,24,45.550614765977514,73,solutio,0,0,4,false,0.07037540572994389,2019-09-06T21:08:37.703Z,Hilpert LLC,false
e7676e33-d866-4f52-bf92-0ac0d371ec17,2020-11-05T19:05:01.183Z,North Christina,Connecticut,Brunei Darussalam,-48.6201,103.1031,cubo,vivo,verecundia,totus,brevis,contigo,utrum,23,185.87159746254733,50,adficio,4,1,4,true,0.007370853143235545,2019-12-23T07:49:52.906Z,"Muller, Morar and Russel",false
7451f8bf-219a-442b-846e-7b07731da568,2023-02-15T18:53:00.800Z,East Braden,Vermont,Poland,57.0589,-20.9541,odit,virga,compello,tandem,ad,decet,tamdiu,61,67.7496968199766,51,appello,3,2,3,false,0.030434363861306657,2019-08-01T00:30:44.421Z,Heaney - Ernser,false
cbc427c0-6737-4547-892e-87858c56799a,2023-10-28T17:53:26.701Z,East Jerrodside,South Dakota,Kenya,-56.203,127.5489,dolorum,ater,teneo,clarus,deripio,fuga,vester,104,181.3163323408471,57,sed,6,0,5,true,0.03143107514680024,2019-09-05T02:36:15.625Z,Kohler LLC,false
c6bee965-d9a6-46ca-9cb0-696c75e8f4bc,2024-07-25T22:48:21.319Z,East Maryjane,Massachusetts,Haiti,27.8142,101.5375,usitas,adicio,cursus,qui,tepidus,aliqua,culpa,35,8.812582373037623,45,sulum,0,0,1,false,0.08410076766827396,2023-11-21T14:29:02.870Z,Block - Doyle,false
676ceff4-071c-4bf3-bae5-0803066686c4,2020-08-10T19:03:53.177Z,Prohaskatown,South Carolina,Malta,-36.7516,-10.4883,vulpes,theatrum,teres,laudantium,substantia,creber,depromo,103,192.1438062792478,99,desipio,0,0,2,false,0.12258821317033045,2020-02-21T04:39:19.142Z,Leannon and Sons,true
3b54ab1b-520e-481d-bdf3-b371f060fc10,2022-03-13T08:03:24.121Z,New Magnus,New York,Papua New Guinea,-37.8881,-92.2326,sortitus,alienus,quo,cuppedia,vita,conicio,sed,91,106.45868549186818,45,tertius,3,0,4,true,0.0728821532835929,2019-06-01T21:42:56.001Z,Mohr - Carter,true
2dea3606-ae11-4f29-9390-b15ff5df390b,2022-05-26T08:08:08.916Z,Lake Enaborough,Washington,New Caledonia,67.1922,-68.6993,vita,titulus,caecus,tamquam,complectus,umbra,chirographum,106,105.67998962633783,60,perspiciatis,6,0,4,true,0.15401352526120823,2020-07-23T05:48:33.226Z,Gulgowski and Sons,true
937535a3-eae7-4067-9e80-43f4515cf7db,2022-09-06T02:45:24.828Z,Lake Maggie,Kentucky,Bolivia,29.3701,-118.9423,sortitus,summa,viscus,suscipio,venia,bellum,aetas,22,231.68306430850302,100,surculus,4,2,5,true,0.1872084558860194,2020-02-01T19:48:39.732Z,Conroy Group,true
9f11e549-71ae-4255-b5ec-de28763dd6da,2018-11-08T11:46:13.113Z,Buffalo,Vermont,Indonesia,-11.8725,-111.1849,cultellus,defungo,amiculum,auxilium,adstringo,spero,vindico,114,170.22952499418395,64,apparatus,4,0,3,false,0.21211582128341383,2023-08-13T01:19:17.010Z,Quitzon and Sons,false
364d8e8b-744c-498a-87cc-69af830dba68,2025-08-20T03:54:01.102Z,San Antonio,Wisconsin,Switzerland,-21.3296,-162.43,aliqua,atque,avaritia,coerceo,exercitationem,quo,defleo,116,121.61989214493944,23,laborum,0,1,1,true,0.21332625308083444,2019-11-06T22:10:27.106Z,"Metz, Cartwright and Bins",false
9cd24a6d-42a3-4ff9-b7c8-ba604c01d5b1,2021-04-05T13:13:20.191Z,Euclid,Hawaii,Austria,-17.9881,-167.2267,eius,comedo,patruus,bis,subvenio,canis,magnam,33,113.57812265070821,16,ambulo,3,0,3,true,0.16030663999941638,2023-10-19T22:22:47.680Z,Mills Group,false
1d9b0b28-c89e-4825-8f6d-ee01b0948ebc,2019-10-15T11:57:10.989Z,Lake Grovershire,Hawaii,Guadeloupe,70.5633,163.9958,cui,vito,terga,decretum,aperio,comedo,bellicus,76,85.79287253572437,20,peior,4,0,4,false,0.2173650331408953,2025-12-26T08:23:05.321Z,Mills - Feeney,false
37b04c9a-562a-4e63-ab57-b33f1904a26e,2019-10-08T17:23:48.741Z,Lake Lacyton,Maine,United Arab Emirates,-53.8217,159.1479,canto,volva,voluptatum,depromo,cimentarius,velut,complectus,29,94.31850419780153,63,minima,0,0,4,true,0.15077127290520034,2023-07-27T19:28:44.408Z,Hodkiewicz - Heathcote,false
4f63a461-94a0-4f18-97e1-75b6532db392,2019-12-23T13:57:10.171Z,Romaburgh,Utah,Paraguay,-88.045,42.2446,denique,cibus,volaticus,amita,agnitio,alioqui,perspiciatis,78,124.16405757791915,24,ascisco,4,2,4,false,0.11882224303965883,2025-02-26T17:18:26.416Z,"Larkin, Gerhold and Metz",false
198ab7d5-6170-4573-9dbd-3e7db9e2f6b7,2022-02-05T03:35:02.719Z,Tillmanport,Nevada,Turkmenistan,83.6662,-121.8834,culpo,addo,vero,tabernus,a,concedo,adstringo,32,81.41302241842031,94,umquam,0,2,4,false,0.24997016787305748,2018-04-01T08:46:26.808Z,Krajcik and Sons,false
688fc558-544d-4a5f-a55a-0938515d091f,2020-10-27T09:26:45.563Z,Lake Mollyport,Ohio,Sao Tome and Principe,29.4631,-44.5005,audeo,deleniti,tabula,curriculum,caput,praesentium,volubilis,104,232.4159980902586,96,credo,2,2,3,true,0.11467945465011836,2020-11-06T09:39:37.499Z,Feest Group,false
3fc183af-36f3-474d-8f4b-aa6673dbaaa6,2021-10-19T20:23:08.408Z,South Deloresstead,Arizona,Saint Barthelemy,-11.7389,54.9726,vorago,cursim,cohaero,termes,custodia,via,ascit,115,78.42794088360685,44,sed,4,0,4,false,0.20818137991760352,2019-11-15T04:23:12.865Z,Olson Inc,true
915d9950-1873-47c1-9548-a1947b736fe6,2023-11-03T21:26:48.645Z,East Malvinaborough,Arkansas,Tuvalu,3.1382,124.7363,degusto,claustrum,decerno,curto,suggero,coepi,pax,74,77.71876403639507,96,circumvenio,6,1,3,false,0.19227259175286301,2018-04-20T05:25:21.120Z,Homenick Inc,false
16031a5e-7d80-406e-926f-3e98498e6f92,2018-05-31T21:54:25.168Z,North Russberg,Alabama,Thailand,-66.9847,136.5148,degero,amoveo,conqueror,umbra,porro,terminatio,alias,107,79.68523535782107,88,celer,0,1,2,false,0.01512619477636895,2024-06-03T03:43:28.495Z,"Kovacek, Beahan and Kreiger",false
8e95782e-ec5f-4f98-bd5d-4e139fca741f,2023-12-10T03:19:58.985Z,South Hardyfield,Alabama,Bermuda,66.1832,71.9171,quod,crux,adulescens,verus,titulus,abscido,vulgus,120,103.26991967826376,31,aperiam,6,1,4,true,0.17759607430739013,2025-02-09T01:11:53.285Z,Gutmann Inc,true
29b2aed8-26ed-4957-8654-3f1262401e11,2022-12-10T02:41:40.809Z,Dearborn Heights,Georgia,Hong Kong,-55.2943,-53.2955,quos,cubicularis,animadverto,harum,cuppedia,acies,adflicto,30,17.11104335991606,89,subnecto,2,2,5,true,0.13325985898035964,2024-10-09T02:53:53.408Z,"Beer, Gutmann and Turcotte",false
65ceab23-6eb0-4044-aa08-16d8abafa0b5,2025-02-12T23:45:49.634Z,Lake Blair,Mississippi,Seychelles,17.3854,-177.4928,numquam,utpote,creta,thesaurus,anser,ascisco,bene,41,138.38606858069102,61,desipio,5,0,5,true,0.246746599954771,2021-04-10T22:10:56.580Z,"Okuneva, Murray and Kuhic",false
04ba528f-97e2-44b2-bd1a-232bee0f0989,2020-02-23T16:47:44.315Z,Castle Rock,Montana,Algeria,-4.1006,96.5368,cunctatio,uter,calcar,totidem,combibo,eos,valens,121,47.84037336691771,41,illo,3,0,5,false,0.1661535302262911,2021-02-06T18:36:06.223Z,"Watsica, Erdman and Schneider",false
a7875e1e-6109-43e4-8392-3b725acef02a,2025-03-04T13:06:56.010Z,Paramount,Ohio,Georgia,-86.1627,-59.447,temporibus,adsuesco,quos,conservo,provident,aspicio,tersus,31,169.36871797612935,68,tyrannus,3,2,4,true,0.18271695911354582,2025-07-11T02:42:01.544Z,"Botsford, Hettinger and Connelly",true
40cd0a1e-dbce-4e91-bd45-c52aa05b5fcc,2022-06-25T14:43:34.299Z,Fayfort,Oklahoma,Myanmar,-42.3936,-103.0414,pecco,brevis,inflammatio,averto,contigo,tener,collum,23,26.918229856236636,54,combibo,3,2,1,true,0.15718276268651524,2021-12-09T08:11:21.898Z,Kreiger LLC,true
bc9e46af-b9d4-40dc-a474-d60997348b2c,2024-08-04T15:32:27.903Z,Braedenberg,New Jersey,Iran,-50.6275,-94.5738,denuncio,sunt,blanditiis,crinis,apparatus,suffoco,suasoria,26,222.7379920994744,72,neque,1,0,3,true,0.24389168115859378,2025-12-08T23:48:20.935Z,Bogan - Ankunding,false
4244248b-ce44-4cbd-b5a0-8e40d07fd78e,2019-10-26T23:44:47.813Z,North Corachester,Indiana,Eritrea,-84.8184,-169.4576,timor,defluo,adeptio,denego,accusator,aequitas,aedificium,103,200.63869348965827,92,thalassinus,6,0,1,true,0.14646786973739193,2025-11-04T06:53:29.188Z,Strosin Inc,false
3e861b6b-661a-4255-a3c7-c807ecd69f2a,2021-03-26T12:00:20.885Z,Fort Waldo,Vermont,Guam,-0.2703,-120.981,decerno,copia,magnam,dedecor,terminatio,succedo,fuga,49,195.1559838392301,78,vacuus,0,1,3,true,0.06930238874594416,2019-06-10T12:54:44.085Z,"Beier, Blanda and Auer",true
ae6fd454-7384-489b-8cbe-d3d9b016e72c,2018-02-18T00:03:43.505Z,Osinskiport,Virginia,Ireland,42.1483,126.4305,vociferor,cubo,tam,aliquam,excepturi,aro,tricesimus,57,157.52087433063565,24,paulatim,1,0,4,false,0.08874300406845012,2021-08-02T13:52:00.455Z,"O'Kon, Feeney and Heidenreich",true
bcc68adb-b361-4e17-9871-b4941e7a3727,2020-09-10T16:19:45.776Z,Walkerberg,New York,Canada,-55.5937,-1.0928,nobis,ademptio,tenetur,perferendis,caelum,amplexus,adulatio,119,70.81153038385827,54,apto,1,2,3,false,0.04502852556476636,2023-09-18T05:04:38.487Z,"Becker, Beer and Turcotte",false
ecf62a3a-5d71-4a3a-aaa5-4a6f346a1a6c,2022-07-14T14:27:22.759Z,Daniellaton,Hawaii,"Bonaire, Sint Eustatius and Saba",44.7875,-34.1416,desidero,vociferor,soleo,doloremque,tricesimus,tredecim,virgo,102,45.37425227617131,75,agnitio,6,1,4,true,0.049632653610814176,2022-02-11T23:43:55.308Z,Schimmel - Borer,true
9cc6a6c6-469d-4e0e-b380-6770374d7407,2018-02-17T02:13:47.049Z,Lurlinetown,Tennessee,Finland,-8.5132,-50.394,credo,cerno,demonstro,crux,maxime,vir,antiquus,43,188.3688236471429,91,alioqui,2,1,3,true,0.12086920303167656,2024-10-10T06:32:28.696Z,Harris - Orn,true
3b99bbfc-34e1-4877-9f97-f6c124e8b8d8,2019-05-26T14:26:11.708Z,Schillerport,Nebraska,New Caledonia,3.9366,5.2053,statua,demonstro,quos,cetera,adficio,speciosus,tabesco,73,147.1704343589623,84,appello,6,2,4,true,0.15024917336670915,2020-08-13T17:56:42.384Z,"Fadel, Cruickshank and Cole",false
4cacc442-6de2-4364-87ec-eb965d96dc1f,2025-03-27T09:47:04.461Z,Boyleboro,Kentucky,Cameroon,12.8942,119.3091,tardus,cohaero,basium,curo,despecto,sint,thema,114,22.158684449088312,99,somnus,4,1,4,true,0.013039905820441067,2024-08-06T10:38:58.897Z,Schmeler and Sons,false
09278e24-d9f0-48f8-8b46-c81a603aa49b,2025-07-27T20:11:41.997Z,East Rethaport,Pennsylvania,Malta,-7.4828,92.462,conturbo,celo,provident,deprimo,cotidie,tonsor,theologus,99,73.41136059215327,40,quo,2,0,4,false,0.08351485547835868,2021-07-25T02:13:53.771Z,Daniel Group,true
1365a25c-5cb2-4ba4-a837-d5b1ba01ce87,2020-02-03T12:45:02.148Z,West Ahmed,Wyoming,Lesotho,41.4746,169.2107,trucido,denuo,abduco,appello,conculco,sto,patior,37,21.038914617621522,58,vulnero,1,0,4,false,0.19401030573520114,2021-05-19T07:50:00.616Z,Reichert - Wisoky,true
9a96ab73-604d-4926-8d39-5f71587cf5e2,2021-02-22T21:54:34.072Z,Esperanzachester,Connecticut,Saint Helena,59.2709,-160.1232,benevolentia,cui,statim,crinis,tui,vinitor,comburo,38,91.19775596019599,59,tonsor,2,0,5,false,0.1275981575061509,2025-09-06T22:28:29.713Z,"Nicolas, Kemmer and Fay",false
df35997d-2b2d-4026-a5a8-0180046620e1,2022-09-24T01:48:07.770Z,Lemkeberg,Maryland,Netherlands,-55.7972,-166.6015,deprecator,crustulum,appositus,carmen,sapiente,agnitio,basium,68,63.120286498730344,60,cupressus,5,0,3,false,0.20937766852868891,2022-03-18T10:35:12.569Z,Krajcik - Anderson,true
74df7543-1e0d-4598-94a2-0c1508b4d72a,2020-11-20T09:28:44.990Z,Donnellfield,Idaho,"Virgin Islands, U.S.",4.1405,-60.3328,vigor,pecus,colo,copiose,vinco,verecundia,sufficio,30,37.97913190644,21,voro,3,1,3,false,0.06474390405346492,2018-07-25T06:50:44.994Z,"Johns, Huels and Homenick",false
b1280a53-936e-49ea-8a21-50b36b09c234,2019-11-03T17:50:03.344Z,Port Vicente,Massachusetts,Syrian Arab Republic,18.9801,-175.3646,arguo,vindico,aggredior,tolero,denique,tenetur,animi,121,114.45230134660859,49,thymbra,4,0,5,false,0.19557468930215158,2024-08-31T02:37:51.245Z,"Stanton, Feeney and Waelchi",false
3750d3d3-eacd-481c-83ea-d8a97f86b09e,2021-01-07T06:00:15.248Z,Summerville,Maryland,Cocos (Keeling) Islands,-48.7322,-168.5107,clam,considero,sapiente,cupio,sperno,atrox,via,97,235.09586466220196,80,conitor,5,0,2,false,0.0035924590379830534,2025-04-05T03:19:11.008Z,"Bashirian, Rice and Weissnat",true
5785d012-3fa8-4632-ae3c-9e84e30726c5,2023-11-11T06:15:05.027Z,Port Kyra,Mississippi,Democratic People's Republic of Korea,86.557,-68.6829,acidus,suspendo,statim,cunctatio,video,ceno,amet,112,76.24840919285114,77,tyrannus,0,0,5,false,0.05787182266627253,2023-05-23T12:12:31.177Z,"Kuhn, Kirlin and Casper",true
13ccabb9-d0b1-40ad-a2ce-85953ccc05f7,2020-09-12T00:01:06.471Z,West Baylee,Kansas,Jamaica,-29.541,-9.5653,capto,patria,absorbeo,utrimque,color,deprimo,desolo,98,12.305857642757916,78,trado,5,2,1,false,0.20112237625106819,2019-12-20T19:28:16.101Z,Braun - Williamson,false
4bf7ce7d-3fea-445c-b010-851d4235d449,2021-06-08T19:40:37.112Z,New Alexandra,Virginia,Georgia,-84.7328,157.0666,acerbitas,sponte,cuppedia,agnosco,verus,adinventitias,auctus,28,74.58365307682365,71,tondeo,1,1,1,true,0.10877207667770714,2023-05-19T22:24:14.282Z,Mills - Kirlin,true
b6897c5f-5b79-4536-8012-45b624979ee4,2020-11-06T20:57:55.784Z,Fort Conor,Vermont,Tuvalu,78.8255,-154.7751,communis,articulus,quaerat,charisma,corona,vobis,astrum,123,225.41399806940552,26,allatus,5,2,5,true,0.19782976505473127,2020-01-19T03:43:42.053Z,Hyatt Group,true
bfef11d8-03c0-46df-95df-aa0adf0e8e23,2020-03-12T11:49:42.167Z,North Goldaberg,Louisiana,Iraq,-75.3699,76.3098,vae,blanditiis,demum,civitas,iusto,adamo,comptus,44,168.37429070556323,64,valeo,0,1,4,true,0.11443900888936873,2024-08-01T03:11:43.396Z,Sporer Group,true
dc44f818-d910-4f50-b1fe-61a9a95b7dcb,2021-07-11T17:04:05.014Z,East Hilariofield,Kentucky,Hong Kong,12.5644,-35.7194,velut,aut,vita,thesaurus,sperno,vergo,truculenter,47,52.367808149688614,42,villa,6,0,5,false,0.08472372868815897,2019-12-17T15:43:49.025Z,Rutherford - Erdman,true
89a9adef-cfbe-42b5-b415-558858d9f68f,2018-07-22T03:09:29.837Z,New Colleen,Minnesota,United Kingdom,77.5144,6.6802,cubo,caelum,corpus,averto,varius,vito,via,107,235.50652585902463,43,vitiosus,3,0,2,false,0.042818239170099,2024-08-29T05:14:09.973Z,"Bogisich, Wyman and Strosin",false
72639943-7d02-4cff-9567-ef2d3fbf5221,2025-12-13T19:16:05.721Z,South Tyson,Colorado,Dominican Republic,-3.8394,72.0861,terreo,tepesco,aedificium,cauda,terreo,bis,corrupti,124,65.20520984385922,87,aegrus,6,0,4,true,0.0013081589343159894,2020-08-27T21:44:38.823Z,"Borer, Funk and Ebert",true
dd1cf6f1-8dd6-44bb-bc6e-c3047be1f729,2023-07-25T18:29:59.158Z,South Efrainstad,Ohio,Falkland Islands (Malvinas),-65.4836,104.0931,laudantium,una,charisma,suus,catena,deprimo,unus,89,10.536868262631858,47,apto,1,1,3,true,0.22234967721050025,2018-09-12T01:43:06.341Z,"Haag, Robel and Connelly",false
91b9d22b-07a6-45f9-8d16-9e495348cb67,2018-11-24T09:57:44.920Z,Port Norene,North Carolina,Mali,-55.8665,-172.133,tripudio,denuncio,bibo,caterva,correptius,curis,tandem,27,198.7054471273562,44,verumtamen,4,0,4,true,0.031394206543421205,2025-03-17T05:56:20.026Z,Gutmann - Lehner,false
22857c92-9d04-4367-a5b1-83d6b173b42a,2022-10-29T16:28:30.661Z,Schummville,Washington,United States Minor Outlying Islands,-78.2081,-14.7188,aurum,cui,adiuvo,cinis,vigor,ascisco,thermae,111,109.0995019836767,69,verumtamen,0,1,3,true,0.17610931791778248,2025-08-23T17:57:12.748Z,Jacobs LLC,false
7e0adcc1-7d16-4790-9b55-22ebf78f1043,2025-05-11T14:10:01.721Z,Daphneeview,Montana,Madagascar,10.0399,41.3118,angelus,apparatus,spes,caveo,urbs,comburo,astrum,128,195.4305606717183,41,crepusculum,4,0,2,true,0.13909556161975592,2021-01-21T20:25:51.140Z,"Wiza, Morar and Jerde",true
cd16d404-776c-4d27-9e62-f23513ed327d,2022-08-13T21:27:18.378Z,Port Giovanna,Missouri,Liberia,61.8507,117.9913,adversus,pecto,teres,villa,timor,acervus,incidunt,26,164.94785735141036,72,defungo,4,1,5,false,0.14921220672753324,2023-01-20T05:30:09.613Z,Maggio - Walker,true
1df721e4-a9e0-4b14-b728-8bcecf422ee2,2023-09-18T07:27:21.879Z,Norfolk,Texas,Wallis and Futuna,43.3336,10.0349,comprehendo,patior,velit,quisquam,atrox,civis,desparatus,97,83.46223021979546,63,adopto,1,1,3,false,0.09261350035042362,2020-07-07T16:18:56.148Z,"Beer, Collins and Goyette",true
cabe163a-4186-4d69-a66d-69e6a65f7217,2020-03-10T00:38:14.590Z,Faheychester,Illinois,Norfolk Island,1.1671,-17.9659,dolorum,defungo,astrum,appositus,desolo,repudiandae,alii,83,57.76229410367325,42,curo,1,2,5,true,0.1441735126892921,2019-10-12T14:57:55.925Z,Treutel - Auer,false
a3a6737d-2968-431a-8654-c925756ed30b,2024-06-06T22:41:58.428Z,Dothan,Washington,Niger,63.5493,-44.5683,arbustum,deputo,theatrum,creta,abbas,agnitio,confugo,65,116.39260911320406,40,auctor,0,2,1,true,0.003871158298509758,2021-04-23T15:08:30.451Z,Gibson Group,true