accident_id,incident_datetime,city,state,country,latitude,longitude,road_name,road_type,intersection_type,accident_type,weather_condition,road_condition,light_condition,speed_limit,actual_speed_kph,driver_age,driver_gender,casualties,fatalities,vehicles_involved,alcohol_influence,blood_alcohol_level,weather_reported_at,reporting_department,pedestrian_involved
1a7a02ef-eb93-4d3e-8227-5bd17f3a2ac8,2019-09-06T23:51:49.294Z,West Jimmybury,Connecticut,Azerbaijan,85.2385,64.8814,tam,curis,ab,aestas,officiis,abutor,supplanto,95,40.56723181159725,83,tristis,2,2,3,false,0.11844730370783371,2019-10-02T12:51:25.845Z,Hayes Inc,true
0bf0fd19-8948-4771-b908-922e0be17339,2023-01-15T09:10:04.251Z,New Jaylenfurt,North Carolina,Libyan Arab Jamahiriya,36.3181,-67.299,amicitia,cuius,denuncio,clamo,conatus,vinculum,desino,44,163.29117667434684,35,deprecator,6,0,3,true,0.17691905099459265,2019-08-25T10:14:26.039Z,Bashirian - Kessler,false
1a639d86-a460-40f4-8f32-7066bf6db68a,2025-06-09T09:41:18.819Z,East Brooksland,Vermont,Libyan Arab Jamahiriya,79.5746,78.3077,temeritas,adimpleo,inflammatio,carpo,corrigo,argumentum,verbera,38,183.74445288795772,43,canis,5,1,5,false,0.08344406371192942,2023-10-28T01:25:26.474Z,Simonis Group,false
9aa067e7-7ec6-4328-a787-e20d4f922b5c,2018-06-04T19:00:31.130Z,Port Williambury,Arkansas,Thailand,22.0702,-99.4032,asperiores,venio,summopere,spiritus,consequatur,ocer,crur,105,123.50204700443408,17,acies,5,2,4,false,0.16902616129670228,2024-04-09T08:08:56.105Z,Cummings LLC,false
dd75ef3c-1942-441a-9950-5a342760d668,2020-08-26T15:59:42.724Z,Jakubowskishire,Alaska,Micronesia,79.5989,172.7659,cribro,argentum,illo,tero,viscus,aedificium,decipio,112,50.147050238495666,54,tametsi,5,2,4,false,0.0009088290423989731,2019-02-24T04:58:39.312Z,"Harvey, Von and Pagac",true
43ae2ee4-fc35-4db0-8ac5-5d441a1e7054,2020-08-05T23:02:16.785Z,Rippinburgh,Arizona,Russian Federation,64.2332,-45.9897,tamquam,animadverto,eos,tenetur,accommodo,vicissitudo,cena,35,211.13490051782605,29,caelum,1,1,3,false,0.09042595432373707,2024-08-10T23:27:00.571Z,Barton - Crist,false
8dbb3a78-109a-46bc-ac76-768eeeccbf8f,2025-10-15T21:38:05.656Z,East Jaquanland,Ohio,Eritrea,-18.1798,6.1755,facere,adulatio,vis,culpa,adnuo,vociferor,abbas,121,67.70169043809204,45,curatio,6,0,3,false,0.134651799905485,2018-08-23T01:54:04.438Z,"Haag, O'Connell and Kuhn",false
2d6ee477-4a47-4633-b1ae-e1c2cb839d81,2023-08-10T14:59:43.734Z,West Stewart,Maryland,Ukraine,-0.3381,75.3345,suppellex,subvenio,optio,antea,vitium,quisquam,defungo,66,49.67739440446988,20,damnatio,5,0,1,false,0.08825236899640734,2018-08-24T13:59:24.440Z,"Johnston, Kuhic and Robel",true
80607d7e-4f03-449f-9d56-9b4491b33609,2018-11-23T19:58:15.249Z,East Rhea,Texas,Hong Kong,-68.2198,89.5618,civis,stipes,cibus,repellendus,cresco,vestigium,ver,42,12.857248166084565,46,ago,4,1,5,true,0.044154741305595296,2022-07-31T16:37:32.569Z,Osinski - Veum,true
973f81dc-270c-409b-a699-52bfe00c2cf9,2024-01-19T22:20:29.806Z,Fort Maryam,North Dakota,Saudi Arabia,-50.2831,87.2374,advenio,adficio,cresco,amissio,tempora,victoria,sed,84,38.337048043923744,26,texo,2,2,4,false,0.10694884540148628,2023-11-16T10:31:10.571Z,Predovic Inc,false
f7f1c529-299a-491c-8960-787b8313b239,2022-06-09T17:53:24.499Z,South Hardy,Iowa,Equatorial Guinea,-10.6168,61.6477,creptio,temperantia,tergum,depono,anser,deprecator,sophismata,45,80.36470882704809,60,quidem,4,0,5,true,0.007775188660743282,2025-08-12T03:56:59.675Z,Feeney - Batz,true
a54d02e3-b0c7-49c3-8f61-5637a3e55e19,2022-04-21T18:05:18.515Z,Port Kallie,South Dakota,Australia,-39.5217,-36.6039,clementia,avaritia,creator,candidus,cupiditate,crepusculum,statua,49,147.0896258538169,70,deripio,4,1,3,true,0.20255142081532937,2022-03-29T05:48:38.423Z,Hane - Hahn,false
f6f4b5bb-f432-4a92-b90f-30c611db03c4,2025-11-04T08:05:24.373Z,East Amalia,Alabama,Guam,-84.9627,177.8276,vergo,supplanto,qui,concedo,defetiscor,angustus,adulescens,82,25.807944208688838,18,textor,0,2,3,true,0.08475364374611874,2020-03-31T08:52:18.104Z,Reynolds Group,false
1c424fc7-dd75-41c8-8682-b7cd63b0ccec,2018-06-09T20:05:55.034Z,Lorain,Rhode Island,Saudi Arabia,8.1544,77.4269,error,depopulo,aduro,labore,atque,dens,talis,66,96.16782239963626,41,talis,0,2,5,false,0.05414698003607038,2021-09-05T17:15:45.172Z,Armstrong - Cormier,true
b3e63e0c-73e5-40b1-9241-53bbc4f9b02e,2020-02-09T21:36:24.980Z,Kayleeburgh,Hawaii,Palestine,42.2084,-86.5232,deleo,tibi,claudeo,maxime,compello,apostolus,sint,80,39.59628503124038,94,usitas,1,2,2,true,0.14003050135941458,2020-11-29T16:01:53.935Z,MacGyver - O'Conner,false
a7eea02f-8018-44ab-a6d7-a53a1e7e4f1d,2021-08-14T23:05:13.758Z,North Roel,Delaware,Guinea,12.2741,154.838,civitas,sortitus,territo,cuius,virga,creo,vobis,40,75.846490142046,51,aureus,5,2,3,true,0.17024432102787665,2025-03-09T08:18:46.097Z,"Breitenberg, Frami and Gutmann",true
ee3f43a6-780e-4f86-8a26-3684ae418c25,2020-11-24T13:17:21.301Z,Wandashire,Missouri,Libyan Arab Jamahiriya,-17.4048,-133.7773,iure,theca,triumphus,inflammatio,solum,arcus,benigne,94,12.223832056154995,71,aestus,5,0,4,false,0.15444697903385185,2019-01-22T19:42:13.102Z,"Terry, Labadie and Cronin",false
cc77a630-a210-477b-b3f1-408ae97728e2,2020-04-11T21:35:33.977Z,Huelfield,Missouri,Australia,5.0787,33.817,atrox,ullam,officia,fuga,sublime,vulariter,vomer,93,232.06451205568752,38,ultra,4,2,5,false,0.17679284142970805,2022-06-20T07:32:22.816Z,Wisozk Inc,true
8cea05eb-ddb0-4195-a3f5-90b9b726100f,2018-05-25T13:56:12.487Z,Boulder,Idaho,Suriname,49.9784,-88.5068,virgo,animadverto,thymbra,conatus,volo,benevolentia,terra,121,90.27372570350988,87,aiunt,0,1,1,false,0.04418150535138379,2019-10-07T03:32:29.095Z,Stiedemann - Waters,true
4ef1234d-f9e5-4d0d-8340-390e7844865f,2025-09-27T14:04:52.984Z,Lake Danial,Idaho,Guinea-Bissau,87.6793,-138.7438,verbera,vilis,commodo,apostolus,adicio,textor,sophismata,104,36.06478447300759,99,victoria,2,2,1,true,0.15280833579563624,2021-12-22T03:57:47.970Z,Hirthe - Ankunding,false
5d415eaa-6912-4be8-9f22-8dbd4aa30ac3,2019-04-25T13:02:52.904Z,New Candidaport,Minnesota,Paraguay,-22.6746,-122.8745,molestiae,tactus,circumvenio,ascisco,ager,cruciamentum,votum,92,173.161086571626,82,suggero,4,2,5,true,0.09374720483577662,2018-06-04T00:16:37.435Z,Cummerata - Zieme,true
d6ecca4c-0a78-4d88-b333-186e5373a7fc,2024-12-11T06:40:33.327Z,O'Keefeburgh,Michigan,Mexico,-29.169,68.8246,crapula,certus,aduro,crustulum,amiculum,somniculosus,strues,50,123.8901520704302,37,desolo,4,0,2,false,0.12088393771252903,2018-11-30T07:11:48.842Z,"Becker, Wiza and Walsh",true
48194e5a-bb44-41b3-b453-b4c1fd4593f8,2019-03-22T18:53:39.756Z,Fort Billy,New York,Pakistan,-26.0273,-148.1318,cunctatio,tandem,aranea,curis,bardus,cupio,praesentium,27,168.62322729014343,84,cubitum,4,0,1,false,0.1817710700570454,2022-04-22T10:28:49.255Z,"Lemke, Doyle and Frami",true
b63c2704-b527-4325-821c-cf63ae7cf983,2024-10-24T22:53:56.318Z,North Vito,Delaware,Gabon,-18.5578,-105.134,studio,vehemens,defero,dolores,peccatus,demens,vesica,99,64.42614678244365,38,ullam,5,1,2,false,0.156589408224063,2021-12-22T00:02:30.532Z,"Robel, Jakubowski and Towne",false
6d568043-a238-4279-95c6-e0276f0a7ef6,2019-03-28T13:43:35.559Z,Josefurt,Wisconsin,Suriname,-11.9964,-119.2753,cotidie,antepono,altus,abbas,aspernatur,bonus,arguo,35,23.94657425107921,27,tabernus,3,1,3,true,0.12967717911435683,2020-12-19T14:23:41.788Z,Langosh - Langworth,false
a6714213-cd87-41c3-b18b-4efe5b0d06dd,2021-02-05T03:13:06.515Z,North Jordanetown,Minnesota,Nauru,-47.7264,22.9701,adipiscor,deprimo,traho,caute,curiositas,studio,demoror,53,85.3131945755848,93,venia,0,1,1,false,0.15846864995387333,2023-09-02T05:42:03.453Z,Morar LLC,false
760c05c7-5cac-417a-bc95-327fc21129ae,2023-01-20T22:27:05.576Z,Baldwin Park,New Mexico,Poland,-62.6049,67.9618,corrumpo,vos,adamo,varius,depraedor,amplitudo,vulgo,76,187.66773958696234,55,absconditus,6,2,1,false,0.01820860906128341,2023-03-22T01:40:48.330Z,Dare - Effertz,false
a19e958c-69a6-4ebe-8bc4-a40f85efca96,2024-03-16T03:19:04.894Z,Konopelskibury,Kentucky,Bahamas,4.8749,-124.6658,vacuus,sperno,adamo,suscipio,eum,possimus,sublime,111,160.21240369459971,45,vereor,0,2,1,false,0.009214921859857561,2023-08-17T00:06:37.240Z,Mann - Becker,false
95fe8aa9-86c6-4fc7-b890-f002fb1c118f,2025-01-15T08:43:14.861Z,West Babychester,Wisconsin,Barbados,-79.6997,126.627,claudeo,conculco,tero,ulciscor,socius,caecus,vapulus,37,219.1703583355965,54,cohaero,4,2,4,true,0.21235087451458573,2025-07-14T09:13:05.433Z,"Kiehn, Cremin and Keeling",true
957565c4-3c42-41ff-a5c6-5ddd6d1d3f4a,2024-12-22T20:23:34.633Z,Billhaven,Pennsylvania,Tanzania,-69.907,-106.5776,theatrum,coaegresco,argentum,asporto,vinum,verbera,unde,128,70.13112689885124,41,laborum,0,1,1,true,0.0017265632983125279,2022-02-18T00:39:38.809Z,"Mayer, Veum and Rosenbaum",false
d8384b0e-354f-4f88-8adf-06531d1c2dd6,2024-04-07T02:44:50.715Z,Moshefield,Ohio,Mexico,-27.3623,-122.7135,texo,tonsor,repellendus,voluptatibus,ara,cras,sumo,72,69.1709836799595,89,adflicto,4,1,5,false,0.04947345898164712,2020-05-23T05:40:23.024Z,Mante Inc,true
153044f6-87e0-4b88-adf5-b70718cd98a3,2020-04-04T20:26:35.113Z,Bergeburgh,Indiana,Slovakia,25.7828,-119.5456,umbra,cauda,nihil,traho,casus,sumo,vesica,99,10.959881807056453,18,adversus,3,2,4,false,0.12380177845696724,2025-08-29T21:12:39.670Z,McGlynn - Maggio,true
d52f706d-242c-47fa-b44a-580426dd287d,2023-08-02T02:42:02.032Z,North Tess,Colorado,Tonga,-6.5883,173.1972,eos,chirographum,cubo,statua,vulgaris,aeternus,stabilis,54,224.60695221564748,66,baiulus,3,1,2,true,0.06665927935422913,2023-01-15T08:03:49.365Z,Volkman - Wolff,true
8ceb5004-94f8-44b7-9000-555fa0dc5b65,2025-02-11T05:25:08.515Z,Lake Melba,Indiana,South Africa,-13.5142,100.4771,reiciendis,amoveo,pecto,comburo,credo,confugo,articulus,73,154.07567484695915,19,deleo,5,2,1,true,0.10166907835830477,2018-08-12T08:29:34.665Z,Runolfsdottir - Bayer,true
016a3f68-84e3-47ff-9a0c-70fe4f73cd9c,2020-11-26T18:41:13.498Z,Redlands,Utah,Belize,-37.5869,55.1388,vilicus,corona,auxilium,vapulus,talus,thesis,constans,38,57.628602914779194,56,ipsa,6,0,4,true,0.009290918143392363,2025-09-08T15:46:13.144Z,Erdman LLC,true
d7f15f45-e5e7-4d30-8943-09b913422bb8,2024-04-30T07:41:59.028Z,Olemouth,Alaska,Kuwait,39.6266,120.0922,vespillo,absorbeo,adstringo,urbs,suadeo,velut,illum,53,56.19370491541825,50,aperte,1,0,5,false,0.21684991329789238,2020-04-15T07:11:31.336Z,"Gleason, Feil and Lang",false
b4f86b8a-c583-491a-8205-b6b8cbdec4a2,2018-06-07T19:58:37.558Z,East Deshawn,North Carolina,Israel,6.6232,-75.6233,amplitudo,pecco,talio,vinum,pax,turpis,usitas,82,36.99091142012715,52,vinitor,5,1,3,true,0.12096526505004457,2022-05-15T09:55:49.983Z,Windler LLC,false
bcac13f7-e4ac-448f-a355-0fe2fa1e6cea,2018-05-15T14:57:53.062Z,Vidaside,Idaho,Libyan Arab Jamahiriya,-58.4027,-116.9015,supplanto,cunae,thymum,armarium,vulariter,volaticus,nulla,97,126.16020747678218,40,eaque,2,2,2,true,0.23338535619234496,2022-09-10T20:24:40.442Z,Mills - Parisian,false
687ba43c-4cf4-4626-a420-4df2c0b50458,2025-04-19T23:03:12.320Z,Mayertown,New Jersey,British Indian Ocean Territory (Chagos Archipelago),33.4234,-34.7353,cura,benevolentia,avarus,ipsam,vulnero,supra,autem,122,121.98275476731281,67,denuo,4,2,1,false,0.15569361275119628,2018-09-14T22:22:24.063Z,"Hilpert, Ferry and Shanahan",false
5ff0da82-0b0c-4423-b247-2a014f3ce082,2019-10-19T22:49:13.980Z,Lake Luisaberg,Wisconsin,Cook Islands,-31.3821,147.1735,tredecim,accedo,contego,custodia,tunc,alienus,celebrer,113,164.36041155315493,98,numquam,4,1,5,false,0.13186609280288464,2019-06-09T16:15:01.339Z,"Beatty, Brakus and Reichert",false
052b7ae2-554d-4bcf-b14c-7d38dd3267cc,2019-09-25T02:50:42.504Z,Hutchinson,Connecticut,Ethiopia,-40.5223,43.9798,laborum,vestrum,demo,magnam,pecto,depopulo,patrocinor,77,193.4537542492371,100,tribuo,1,0,1,false,0.2402945388827667,2019-03-04T04:18:56.256Z,Dickinson LLC,false
2b1708a8-a421-41fe-b642-a06c6c2c89d9,2022-08-23T11:46:07.550Z,Denver,Vermont,Guam,-13.87,163.7817,votum,deleo,abutor,voco,substantia,statim,ratione,100,100.35102890873154,88,degusto,6,2,5,false,0.08298113622117079,2020-12-23T09:00:30.303Z,Ritchie - Lakin,false
07acd8c9-a6af-4a6c-84b2-ae761e6231b3,2024-01-09T20:12:18.556Z,Ezequielton,Maine,Hungary,-35.9608,64.3488,bellum,triduana,dolor,color,tutamen,vapulus,claudeo,71,71.57343798516533,51,abscido,1,2,2,true,0.07710749161228111,2025-10-17T09:24:19.678Z,West - Heathcote,false
ba40f0aa-07d5-4630-9c35-0c1ede94f769,2020-05-11T16:07:32.645Z,West William,North Dakota,North Macedonia,39.4586,-19.401,deputo,conculco,aestas,deduco,comis,complectus,ullam,95,168.20056499335078,81,peior,0,2,2,false,0.22687651624111,2019-05-11T22:20:30.445Z,"D'Amore, Hickle and Welch",true
6b9e94ae-ca0d-428f-bb23-434ff8d16d18,2025-11-26T22:51:51.541Z,Rheaworth,West Virginia,South Africa,0.2821,-173.032,caelestis,aureus,odio,tenetur,adulatio,ultio,audax,86,195.0073033465414,22,admitto,2,2,4,true,0.2403007213140565,2023-06-26T20:24:43.184Z,"Ondricka, Satterfield and Pfannerstill",true
45ef4719-1cbc-4027-b496-a438f82a68d2,2024-06-05T05:32:14.107Z,El Paso,Ohio,United Kingdom,35.5277,172.8472,templum,clamo,capitulus,adversus,comburo,corona,tonsor,47,157.9616216694169,42,terror,4,1,2,false,0.21542547155789052,2022-09-05T04:53:13.261Z,Wisozk - Ziemann,false
31abce74-bcfc-403f-a7e9-899127d37d60,2018-08-16T03:39:14.168Z,Overland Park,South Carolina,San Marino,6.8489,-175.3814,adhuc,claro,amor,apostolus,caries,stabilis,teneo,80,74.56298583821768,25,perspiciatis,3,2,2,false,0.2398980007796783,2018-08-14T19:21:23.949Z,Frami - Schowalter,false
54298f61-a661-4ad6-b807-c6c058cb679f,2018-07-11T17:27:07.576Z,Gwendolyncester,Wyoming,Saint Barthelemy,-49.9927,72.3975,adficio,deficio,asporto,tactus,subito,arbor,torqueo,79,230.43058642815635,68,tonsor,1,1,4,false,0.1867125784205569,2022-02-09T16:16:32.311Z,Hilll Inc,false
0ae8df84-4fdf-45c5-9336-b3efd4538b40,2024-07-13T17:34:10.410Z,East Major,Louisiana,Philippines,-29.3935,-127.9761,asper,laborum,curatio,verbum,copia,solvo,comptus,117,135.99887698602052,39,tenetur,3,0,3,false,0.12342947885975955,2023-10-22T21:42:10.089Z,Lindgren - Kohler,true
8be6e3f8-dd00-4028-b3d6-e85bb5fcfe65,2022-02-07T04:41:40.750Z,Lake Amely,Rhode Island,Seychelles,-77.6497,123.6612,copia,comis,caveo,usitas,abeo,adicio,sono,71,51.51477914792838,90,utor,4,1,3,false,0.07096461810926968,2020-02-27T21:46:11.653Z,Cassin - Gusikowski,true
36588950-e39e-4d9e-b09b-c9ab8d224c02,2021-04-17T08:15:12.162Z,Annettafort,Nevada,Iran,23.0309,5.2528,bellicus,celo,demum,summisse,quas,non,illum,74,142.49543729201952,51,curo,4,1,5,false,0.1639491681699343,2019-08-23T16:08:55.817Z,Marquardt and Sons,true
c21458ca-08fe-4d42-9387-b8c7573c191f,2020-08-23T14:53:16.812Z,Largo,Michigan,North Macedonia,-14.7182,7.6161,casus,magnam,sopor,quas,creptio,reiciendis,acerbitas,20,149.02975615909446,63,solutio,0,1,3,false,0.09204587021270808,2022-02-24T19:50:18.567Z,Champlin Group,true
42530ee0-aad0-4643-b9f4-7562a6b6af4b,2023-06-21T22:55:07.938Z,Lake Myriamcester,New Jersey,Indonesia,-86.0396,50.1564,distinctio,quas,beatus,ulciscor,admoneo,occaecati,vero,22,43.59040423782149,84,repellendus,1,2,1,true,0.15772922968784484,2018-12-11T06:58:06.222Z,Rempel Group,false
1d71e841-7997-424f-8c9d-31413fe48470,2024-04-07T05:36:14.012Z,Greenfelderfort,Delaware,French Guiana,4.4606,81.0053,tricesimus,volva,vestrum,centum,umquam,dapifer,cibus,104,151.9326833514693,59,spiculum,5,1,5,false,0.21966915382635477,2022-09-06T20:39:54.527Z,"Connelly, Towne and Beahan",true
2403a9fd-944a-4776-bc96-8d6615ca40df,2025-11-21T06:43:02.046Z,East Alia,Idaho,Heard Island and McDonald Islands,9.4732,110.1494,tondeo,deficio,caelestis,teres,capio,abduco,suadeo,122,94.91583002246475,24,aureus,4,0,4,false,0.12636000919418947,2021-04-02T03:26:30.482Z,"Lang, Ernser and Bergnaum",true
c1233d04-4776-450d-b3fb-bb7a021f66b7,2019-05-16T16:30:00.923Z,West Alberto,Alaska,Norfolk Island,-55.4595,-111.8113,repellat,mollitia,clibanus,demulceo,peior,demitto,catena,108,217.82620755532758,90,auctor,2,2,4,true,0.009659093537702335,2024-02-12T15:04:44.948Z,"Schumm, Keebler and Rodriguez",true
35ea2e55-fa31-4635-9f6b-b9b9d39d544c,2019-09-27T17:52:07.376Z,Citrus Heights,Alabama,Cyprus,19.8126,-159.2743,victoria,vulgo,vomica,vestigium,cervus,creber,necessitatibus,23,211.14078130009293,45,aranea,0,2,3,true,0.18639917181303028,2021-05-08T13:43:10.289Z,Farrell and Sons,false
531d5418-2cbb-4c86-9062-4537a6833fab,2019-07-15T22:35:35.503Z,Fort Osvaldocester,New Jersey,Montenegro,-85.5754,-20.2743,stabilis,thesis,universe,desino,tantillus,expedita,demum,107,176.9113440273493,63,eos,1,1,1,true,0.1451178157277414,2020-07-10T16:21:42.855Z,"Brakus, Bruen and Runolfsson",false
08f6d8f4-7959-43b7-a924-0cce5683aa60,2021-07-04T20:54:46.252Z,North Highlands,Nevada,Spain,20.693,-88.1912,auditor,crapula,vere,vito,capillus,ter,tergeo,44,137.61644459979615,21,defaeco,5,0,3,false,0.1820460972728044,2025-08-03T11:26:24.826Z,Walker - Auer,true
28cc56a1-6922-4188-8c01-523c9520e941,2021-06-08T09:23:29.026Z,Gersonfield,Maine,Botswana,-68.4648,-171.9308,adeptio,temptatio,adulatio,barba,adhaero,deorsum,vociferor,36,61.65964921095723,41,at,5,1,3,true,0.014067356063429626,2024-10-30T09:38:49.529Z,Keeling - Hilll,true
40afd1ec-a91b-4f0c-b47c-e1fac833516c,2019-08-19T23:53:18.068Z,Wolffort,New Jersey,France,4.1991,-152.1462,suspendo,conicio,tabernus,asper,desolo,avaritia,comparo,42,220.5134886060421,55,rem,3,0,1,true,0.03872932580147889,2023-07-20T02:42:42.673Z,Simonis - Sporer,false
d3e202a3-728b-4bee-807c-5fcda4f016be,2018-01-28T19:42:47.941Z,Auburn,Mississippi,Oman,30.6139,26.493,suffragium,averto,suppellex,tredecim,contego,trans,valetudo,103,20.33181026477785,93,tot,5,2,3,true,0.10552661217481732,2019-05-09T00:39:10.639Z,Bruen Group,false
41cae677-52f6-4da4-a17a-dd88ada794ba,2022-11-22T20:50:58.319Z,West Leoratown,Vermont,Armenia,82.1744,10.7133,coniuratio,vorax,viriliter,aspicio,defungo,temperantia,summopere,79,182.1281727423849,67,comis,4,2,4,false,0.23067592126268432,2025-10-27T09:40:39.222Z,Gulgowski Inc,true
4d366691-7f4e-4f2e-a96e-1dcdc9906e69,2024-03-15T20:32:52.255Z,East Lansing,Idaho,Liberia,2.4219,139.4524,cribro,caecus,cariosus,allatus,comprehendo,thema,tripudio,110,221.73081488403298,67,ipsam,5,1,4,true,0.04286082392568355,2020-06-10T23:36:45.783Z,Bernhard - McLaughlin,false
00b9a877-421f-4bde-b006-5c9694fe3ce9,2021-12-12T03:32:59.324Z,Gulgowskicester,Arizona,Benin,54.5871,-67.5948,terminatio,subiungo,basium,solutio,callide,tabgo,tamisium,109,82.36527648104794,64,vaco,4,0,5,true,0.009592348934605033,2022-12-09T23:56:38.935Z,Hartmann and Sons,true
aa29897e-5b84-431d-b916-a624e904d283,2024-01-01T08:50:11.601Z,North Corneliusshire,Mississippi,Indonesia,-46.8953,14.9592,qui,vae,voluptas,suffragium,sordeo,textus,vilicus,109,183.46631917324711,24,beneficium,0,1,3,true,0.09985457143752682,2019-10-08T01:59:27.162Z,"Bins, Leannon and Altenwerth",true
339ddc85-6fa1-4e48-9eb3-71d54299ef28,2018-09-25T17:08:50.982Z,Rosenbaumborough,North Dakota,Lithuania,51.1961,-17.7331,virtus,coaegresco,tenax,auctus,artificiose,excepturi,consectetur,30,184.0405040387144,27,aptus,6,2,3,true,0.12186219002871668,2025-12-07T21:34:12.503Z,"Hintz, McDermott and Baumbach",true
ab7d5ac0-5542-4ece-812f-00afc9db50a2,2021-10-31T01:47:33.115Z,Maxieshire,Louisiana,Taiwan,-52.7884,60.5076,cuius,aiunt,suscipio,dolorem,pauper,concedo,adiuvo,56,162.03829525797826,36,centum,1,2,4,true,0.1956852322231302,2025-02-09T03:56:17.528Z,"Lockman, Reichert and Dickinson",false
b259fb26-602a-417d-8f5c-915b24f1522e,2025-11-10T11:06:59.070Z,Ritchiemouth,South Dakota,Georgia,75.1707,138.9967,veniam,triduana,adhaero,supplanto,vae,turba,sponte,125,26.537691494617075,59,ustulo,6,0,2,false,0.01921235275522118,2021-06-10T04:53:08.645Z,"Kuphal, Littel and Wilkinson",false
c4995bb4-b7cb-4757-9d9d-24fcdf02e939,2023-11-30T02:26:37.725Z,Fort Eleanore,Washington,Namibia,-51.7631,171.6946,cupiditate,vilis,strues,vacuus,tenetur,conforto,quibusdam,30,213.08243883055306,85,curia,2,0,5,true,0.09159319035750996,2023-09-12T22:23:58.412Z,"Schmidt, Price and Medhurst",true
4fe42878-12ab-457f-8d7b-e386abe1b866,2022-01-15T15:42:18.096Z,Zboncakfield,Connecticut,Holy See (Vatican City State),39.1034,142.0716,sui,voco,velit,consectetur,usitas,antiquus,aiunt,118,35.88146342284156,54,virtus,1,2,5,false,0.045231125431738683,2019-01-13T06:56:07.801Z,Bednar LLC,true
75e6f517-9697-448c-bf59-8e4f1ef36b10,2019-06-07T18:41:31.679Z,Ziemecester,Oklahoma,Niger,-88.8068,84.7713,videlicet,deorsum,canis,aptus,quisquam,fugit,aegrotatio,79,86.84706562654108,21,agnitio,1,0,3,true,0.0826538536892418,2021-08-04T02:42:32.893Z,Thompson - Wilkinson,false
e9234c82-2a18-4d50-97bd-039744e449ec,2021-08-14T06:38:46.361Z,Port Kayla,Montana,British Indian Ocean Territory (Chagos Archipelago),-0.665,-141.8131,deserunt,abbas,vociferor,concido,caute,canis,ustilo,129,204.05032117436775,48,comminor,1,2,3,false,0.02115531023940037,2020-03-26T12:02:33.880Z,Spencer Group,true
779a1b56-3eca-4650-a5db-9a96ccf6d9ae,2018-10-14T13:18:10.820Z,Monserrateport,Illinois,Somalia,19.615,-158.8929,temeritas,aggredior,ipsum,taedium,contra,corrupti,tabernus,130,140.5344249464709,48,comis,3,1,2,false,0.10955869875152682,2023-05-16T08:06:08.233Z,Schuppe - Jaskolski,false
490a1fe8-dcb7-4f0b-97f5-9ab33223ed1a,2025-09-28T16:51:11.536Z,Lake Kaydenview,South Carolina,Republic of Korea,59.063,-118.3288,tabesco,desidero,aeternus,optio,animi,tantillus,alii,84,58.73253045581688,91,beatus,6,0,2,true,0.07178131259364473,2024-04-18T11:20:09.736Z,Wuckert - Altenwerth,false
bb0548f4-1e7a-43b8-b0be-5fba4113fc9a,2023-01-27T13:03:54.791Z,Fort Boland,Missouri,Ecuador,-38.7892,-84.1084,ipsa,stella,contabesco,terminatio,ager,alter,tamen,127,56.554113000674036,96,inventore,4,2,3,false,0.030163979224988313,2021-04-18T06:28:33.542Z,Klocko - Littel,true
19f70b9e-2d9b-4e32-807c-0afeef1fd762,2025-06-28T11:57:28.303Z,North Josefaside,New Hampshire,Ukraine,69.5693,-35.0268,cubo,aut,ait,surgo,coadunatio,traho,ipsa,81,108.09073085255447,79,undique,1,2,2,false,0.1033511245172104,2023-03-15T22:00:51.108Z,Mertz - Friesen,true
61fd1b0f-aacc-4782-bf71-8cadd67f0fed,2025-04-29T09:23:45.944Z,Gustavefield,Rhode Island,Algeria,-41.3342,-174.2288,totus,cognatus,adduco,aer,delego,utique,tenus,77,21.486956846165786,83,ceno,0,1,4,false,0.24863268848037096,2021-03-12T21:31:14.917Z,McCullough Group,false
5938f65c-23b6-4628-9705-9aa7872e2be1,2023-04-03T08:50:17.778Z,Loubury,Illinois,New Zealand,0.152,-47.3326,demum,adaugeo,supellex,armarium,vito,adeo,desino,114,176.76276820988113,57,calculus,2,1,1,true,0.1857639702287741,2021-04-02T20:56:14.675Z,"Zieme, Parisian and Kirlin",false
e695f7b3-6a3f-41f3-8f25-713f4e924105,2019-09-11T08:19:16.309Z,North Abagail,Idaho,Haiti,24.6602,-177.5459,talus,sulum,venia,utrimque,terra,ea,voluptates,104,100.82770635724758,86,vox,4,2,1,true,0.05619767917413657,2024-03-16T04:27:42.867Z,"Bednar, Bode and Flatley",true
aa02f3a2-9fe3-46b8-8766-f5b1b9bff1cb,2022-05-05T14:41:38.380Z,Zulaufstead,North Dakota,Pitcairn Islands,-33.3862,-140.7052,stips,spectaculum,id,trans,sollicito,theologus,sophismata,84,103.88326823208794,25,tyrannus,0,0,1,false,0.12456686069933959,2019-06-16T03:03:01.252Z,"Konopelski, Bergnaum and Schiller",false
ae95e472-9de8-4b7d-8ce0-3e8bbe2964a9,2018-07-23T07:58:16.956Z,Johnsview,Wyoming,Grenada,40.1957,-132.1724,auctus,angelus,corrupti,sursum,venustas,minima,delectus,55,127.35514631186597,60,bonus,0,1,4,false,0.24154606258176836,2022-04-02T08:22:25.908Z,"Casper, Schmidt and Leannon",false
cab824bd-b13b-4c82-aed4-033e71421542,2020-06-22T23:16:00.838Z,New Jeanne,Maine,Slovenia,64.2111,20.2626,cometes,aequus,cedo,cunae,tametsi,iste,magni,103,37.602054334634396,99,fugit,4,0,2,true,0.08010594862189405,2025-01-04T20:17:18.619Z,Cummings and Sons,false