accident_id,incident_datetime,city,state,country,latitude,longitude,road_name,road_type,intersection_type,accident_type,weather_condition,road_condition,light_condition,speed_limit,actual_speed_kph,driver_age,driver_gender,casualties,fatalities,vehicles_involved,alcohol_influence,blood_alcohol_level,weather_reported_at,reporting_department,pedestrian_involved
ccaeac6c-9652-49fb-bdaa-88af2e51ad72,2020-07-14T02:07:48.043Z,Weberstead,Virginia,Netherlands,85.5855,66.0455,uredo,sponte,ambulo,tribuo,circumvenio,patria,coma,98,114.83624526616214,79,repellendus,2,0,3,true,0.17536183577572825,2025-12-27T17:58:06.110Z,Beatty Group,true
a5179067-8630-4442-8614-caa38e593282,2019-09-22T14:12:48.243Z,Jessstead,Tennessee,Malta,80.4917,-140.9631,sopor,laudantium,soluta,adopto,aranea,uberrime,accusamus,83,115.48922999526826,68,usitas,4,1,5,false,0.03851267729036645,2024-07-27T08:45:48.496Z,Schaden - Dibbert,true
ddc6ab77-c64f-4e20-81de-dd5d2e1f2804,2022-08-24T15:34:22.525Z,Collierville,North Carolina,Angola,5.063,10.2394,desipio,animi,aetas,creo,corpus,vilis,nesciunt,42,221.21533226292033,47,acquiro,5,2,5,true,0.06861247250016247,2018-04-05T12:48:36.635Z,Gulgowski Inc,false
635bfaec-d729-415f-b107-b70531641930,2019-08-11T16:14:27.591Z,Willowshire,Alaska,Denmark,26.0407,65.7274,natus,atrocitas,consequuntur,aeger,sustineo,tristis,tui,121,118.99149351455088,51,ceno,3,0,5,false,0.010479425683316224,2020-03-30T17:37:35.845Z,"Kautzer, Erdman and Brekke",true
15108602-6cb6-41aa-a58e-bfa573f35eb9,2021-05-02T21:36:35.636Z,Kuhnworth,Nevada,Austria,62.598,-68.0311,ulterius,adeptio,sufficio,acerbitas,acceptus,neque,angustus,91,200.2869758997593,55,neque,2,1,3,true,0.09860907642566749,2020-01-30T01:44:08.163Z,"McCullough, Stokes and Mante",true
d382b520-5231-4024-9416-7cc99019c648,2018-07-04T00:07:36.725Z,Koelpinboro,Hawaii,Guyana,29.1935,-158.678,comprehendo,crux,valde,similique,vester,tempus,denique,28,124.81452174020721,21,ullus,3,2,4,true,0.13692211904752724,2019-10-22T05:43:07.013Z,Hermann - Sipes,false
f34e1281-b056-4f78-b9a8-ea24238a9463,2023-09-29T17:31:34.239Z,Hildamouth,Indiana,Congo,81.3624,-58.8651,ambulo,socius,molestias,volaticus,sumo,sopor,viridis,107,113.76626444431426,31,tubineus,6,0,4,false,0.04692873683072449,2018-08-08T19:28:44.617Z,"Rogahn, Purdy and Gleichner",true
d563404a-18bc-4e1a-a745-fa156fb74512,2025-08-03T00:11:03.933Z,Laverneberg,Idaho,Guinea-Bissau,-32.1953,-154.5113,degenero,consequatur,statim,curo,tutamen,vesica,turbo,48,62.329691009247334,76,ambitus,1,2,3,true,0.2431559287357672,2018-04-05T08:53:10.618Z,Veum - Nader,true
1661fb94-b2d8-4a6f-865d-b32351b237f0,2018-03-09T20:51:53.712Z,West Cletushaven,North Carolina,Guatemala,31.2925,7.9186,ambulo,cogito,suffragium,claro,tricesimus,expedita,bibo,81,111.77218999565854,53,abutor,6,0,1,false,0.010877426666555251,2021-11-26T01:16:30.200Z,Tillman - Lueilwitz,true
85b7edad-87d2-4c68-b804-8a9d057f395c,2021-08-06T09:22:37.674Z,D'Amoremouth,Arizona,Seychelles,-2.7928,-135.4347,decerno,laboriosam,admiratio,tepesco,defendo,uter,sopor,107,147.70936163545932,92,denuncio,6,1,4,false,0.1776958027066062,2019-12-16T14:00:08.788Z,Cormier and Sons,true
2bf5639a-d90b-4162-b921-8731f97a193b,2018-12-13T13:36:25.266Z,East Elishaville,North Dakota,Christmas Island,-52.6123,-162.0722,ventito,thymbra,vomer,textilis,animadverto,talus,conturbo,125,97.5683656243259,79,tot,5,2,1,false,0.16301063769582,2024-07-22T20:37:21.714Z,"Cole, Mertz and Tremblay",false
90b35d0c-7471-4c6f-9b3c-b279d6f0577d,2020-08-23T20:31:39.312Z,Renton,Michigan,Azerbaijan,20.5914,-68.9796,torqueo,atavus,uter,tabella,absorbeo,pecco,odit,77,131.0975518080676,42,textilis,4,1,3,false,0.031689673028840404,2025-10-06T19:30:23.121Z,"Roob, Raynor and Hand",false
e349efda-1786-459a-b2ac-01b9b1706abd,2018-11-11T01:58:18.545Z,Miami,North Carolina,Eritrea,-7.1173,-153.8313,vitium,curo,blanditiis,sursum,aliquam,tergeo,debeo,105,170.232825941717,19,teres,4,1,5,true,0.18181008641527777,2020-10-16T01:46:10.063Z,Moen - DuBuque,true
be303610-1918-4a97-9330-8fc681855b07,2018-10-04T19:00:18.893Z,Chesapeake,New York,"Bonaire, Sint Eustatius and Saba",46.7947,7.3764,a,absorbeo,annus,careo,veritas,aestas,sum,64,141.14078453424366,31,vociferor,3,1,4,false,0.17558636803516747,2020-01-27T00:30:20.744Z,Gulgowski - Douglas,false
e5042e97-2537-4562-8259-188eb49dbb98,2022-03-15T23:43:04.556Z,Jettieport,Utah,Guadeloupe,-75.3021,-25.2321,thorax,tandem,cubicularis,aequitas,eum,tendo,sulum,125,98.09312417615325,100,viscus,2,2,1,false,0.06216510297626063,2019-11-23T02:09:38.238Z,Bauch Group,false
92d71cca-e340-4ca4-bdab-d0b7d4a906a4,2018-09-11T06:25:11.064Z,Lake Ottisville,Kansas,Syrian Arab Republic,-38.2095,-154.9502,conculco,sufficio,quisquam,demergo,annus,teres,tenus,41,89.5831105449495,90,blandior,6,1,1,true,0.08212297671676319,2025-04-27T12:00:57.566Z,"Koss, Streich and Mueller",false
d912aaee-b559-4a98-91ee-6bd9486c277c,2025-11-10T04:17:02.451Z,Spencerfield,Massachusetts,Spain,-49.0257,42.2436,arbustum,solus,via,cubicularis,acervus,sui,careo,48,53.03671169723152,19,titulus,3,2,2,true,0.21830755158155862,2024-10-28T01:54:48.339Z,Renner - Schaden,true
c3f5e8c7-65ec-4b57-a158-6940acafed39,2018-04-07T07:26:22.609Z,Beckerbury,North Dakota,Martinique,72.4883,-102.8016,vitium,optio,sponte,viscus,sponte,coruscus,degenero,65,133.33723356534728,60,curo,4,0,4,false,0.12796585700128177,2018-09-29T22:45:16.473Z,"Oberbrunner, Heidenreich and Sawayn",true
ed4a34f1-c3be-4057-b032-3a96e8122853,2019-08-07T19:39:04.943Z,Southfield,Mississippi,Albania,5.0055,-85.4483,umbra,rem,adhuc,caries,amet,libero,crux,24,78.92492521502723,22,ater,0,2,3,true,0.031965765083875636,2020-10-10T20:31:36.317Z,Wyman Inc,true
46ea03fd-e09d-4ccc-b0f7-0cca90fb8b85,2019-11-10T17:40:20.721Z,Hamillstad,Michigan,India,-9.8184,117.5069,vado,ciminatio,varius,ventito,porro,amo,impedit,67,193.64618037132269,31,atavus,6,2,3,false,0.19617373828501952,2019-10-18T23:58:48.374Z,"Stracke, Weissnat and Kiehn",true
77b3fd10-e77b-47c0-8a0b-f4439d440400,2018-09-11T13:52:56.209Z,Port Annette,Ohio,Netherlands,-58.7252,87.6659,reiciendis,adhaero,capto,capitulus,laudantium,amiculum,tribuo,33,35.35134095167627,96,paens,0,1,2,false,0.19861379838770288,2021-08-06T16:45:23.345Z,Hilll and Sons,true
8c55ed35-9683-4fa8-b2cb-1bd684f63d2c,2018-02-15T16:35:15.800Z,East Ramon,Minnesota,United Arab Emirates,32.934,-111.4474,civis,desipio,sint,explicabo,coerceo,magnam,utrum,28,239.7028566823618,43,super,6,2,5,false,0.17524839895448546,2021-01-27T06:29:07.463Z,"Spencer, Cronin and Hayes",false
dec648df-0b3a-4a99-9c44-a86d93eeef78,2025-01-24T02:14:12.877Z,Mrazworth,Pennsylvania,Belize,51.5974,153.5382,tutamen,asperiores,conservo,compono,pecco,consequatur,territo,36,66.1496430977767,69,earum,6,0,3,false,0.109990864470873,2023-11-08T10:35:17.964Z,"Welch, Stehr and Parker",true
e612e0c5-3e05-415c-9bcc-b7ec84d725ae,2024-11-13T17:15:34.125Z,East Brucestead,Michigan,Kenya,-85.0207,-122.2551,censura,optio,tabella,ullam,acer,abduco,aedificium,129,95.82246535921529,97,conscendo,2,0,5,true,0.06285909387636043,2025-11-24T00:22:53.629Z,Will - Green,true
64b31226-4b07-4e5d-90e1-50b7f9e84f6b,2024-10-02T17:24:16.056Z,Effertzton,Rhode Island,Yemen,-83.9706,-71.0558,commemoro,utor,aedificium,alias,laborum,cursim,clamo,75,103.88054910451372,22,tibi,0,1,4,false,0.052469301015976855,2022-02-09T16:21:43.878Z,Bashirian - Larson,true
fc11af2a-0d3c-471c-84a4-d2dd94cf8df7,2022-11-08T13:13:07.173Z,Lake Svenville,South Dakota,Afghanistan,55.787,-71.8497,contego,tredecim,teres,deprecator,temperantia,acceptus,pauper,85,120.60526170241049,84,denique,0,2,1,true,0.2239518899289718,2019-12-05T03:39:55.757Z,O'Kon Group,false
d504a561-1bae-4ac7-85fd-976c8e4350a3,2018-08-29T02:04:30.892Z,Volkmanfield,South Carolina,Albania,8.1061,92.1439,tamdiu,adeptio,benigne,dolores,celebrer,ager,thermae,39,96.4415405141085,44,asperiores,3,2,5,true,0.23167954142864952,2021-02-20T07:48:44.373Z,Lindgren - Zemlak,true
b987adf0-50ba-471e-9cb7-bbce18f99309,2025-06-03T12:02:11.288Z,Citrus Heights,Illinois,Kuwait,14.2026,-56.2796,tandem,adduco,thymum,eaque,desino,credo,benevolentia,83,202.30909779888847,99,ara,3,1,3,false,0.09602103391024833,2019-04-28T22:47:20.718Z,"Ryan, Boyle and Klein",false
28a6e945-8b99-494d-b9c2-e26af7054a30,2023-08-17T12:05:51.253Z,South Christopherbury,Arizona,Burkina Faso,-69.0685,-135.8431,creptio,clementia,strues,aspernatur,degusto,debilito,cubicularis,73,183.2937996705046,75,aurum,0,0,2,false,0.08652189620284254,2020-04-18T02:20:57.806Z,Schiller - Satterfield,false
d9db1487-466e-4423-882d-486a74d9a123,2019-08-20T22:12:10.945Z,Katlynnboro,Colorado,Cuba,28.8591,27.7531,trans,adulatio,ultio,depono,titulus,solvo,urbs,51,72.52264197424525,89,spes,4,1,3,true,0.1906875178877245,2024-12-17T11:17:18.839Z,"Stracke, Reichel and Pfannerstill",false
74fcb835-a590-4a62-896f-830a143e5ce8,2022-09-19T18:42:19.391Z,Fabianview,Virginia,Tokelau,-0.0485,18.2013,alveus,odit,virtus,universe,contabesco,corpus,aegrus,65,11.165110324115872,80,hic,3,0,5,true,0.07261738530809186,2022-01-23T15:14:10.038Z,Schmitt Group,false
670380b7-ece3-49da-a116-44656d8fbe14,2024-10-10T09:40:14.460Z,Fort Maribelfurt,New York,Argentina,52.4376,32.6375,clarus,dedico,tenuis,spectaculum,ceno,voro,victus,49,231.26538200318197,50,vaco,0,0,2,true,0.03138591581249381,2019-11-29T16:15:47.298Z,Kling Inc,false
ee3631cd-3580-4610-ae70-d77e1632d326,2025-04-14T15:23:25.669Z,Fort Tavares,South Dakota,Cayman Islands,72.957,-104.8255,timidus,vindico,debeo,dens,vulnero,sperno,coadunatio,58,105.12304715159298,43,aequus,3,2,2,false,0.21674850957355013,2021-04-07T16:44:19.431Z,"Williamson, Cole and Doyle",false
8579f7e0-dd20-4991-9d3e-3ef09c36df2d,2023-07-12T06:43:29.260Z,South Mitchellport,Delaware,New Caledonia,76.5122,-175.4472,studio,celebrer,depraedor,strues,valde,omnis,demoror,32,44.77727914682635,97,suppono,2,0,2,false,0.19084311308353552,2018-01-19T14:45:25.489Z,Blick LLC,true
a4d207c6-dc87-4ec4-b59b-c8fac0de2134,2018-04-01T14:08:21.763Z,Lake Danniebury,Louisiana,Mongolia,-31.5676,26.6466,adsuesco,commodo,acsi,acceptus,caste,charisma,vester,79,225.40610792992035,66,inventore,1,1,4,false,0.1521415309927064,2021-11-10T19:25:12.451Z,Herman Group,false
ec9ff8e0-26c1-4c87-800c-c38c6c199918,2024-09-04T21:03:13.427Z,West Jadeside,Virginia,Jordan,55.3288,-95.5114,capitulus,cribro,amaritudo,vomica,dens,carcer,delectus,123,28.51633998174873,17,esse,4,2,1,true,0.052844805632155045,2022-09-05T11:44:15.556Z,Cormier - Cummerata,false
ff849d5b-8133-4e7c-ad1c-06f45f443c3d,2021-08-08T08:07:09.389Z,South Berneicestad,Vermont,Tanzania,43.0151,167.781,astrum,deporto,credo,commodi,contego,tracto,tripudio,117,191.86508358850213,22,stips,2,2,1,false,0.20285012908610245,2025-07-21T12:12:36.582Z,Walter - Erdman,true
32566ee7-a18f-40cd-a1bd-8a07ab7aaacd,2024-06-09T22:24:23.926Z,Livermore,New Mexico,Guadeloupe,8.097,-169.8067,acerbitas,admoveo,pariatur,ater,casus,neque,vorago,23,150.28120131315725,51,quidem,6,1,4,true,0.20099101832355476,2024-08-04T10:36:35.963Z,"Beahan, Wiza and Windler",false
98da9032-98a1-4b16-9720-21ba794e3ff6,2024-01-08T19:05:26.369Z,Considinecester,Wisconsin,Switzerland,69.0443,98.237,omnis,distinctio,cunae,catena,ager,consuasor,admoneo,26,115.67821551439552,22,amet,2,2,1,false,0.10217177091577798,2023-02-22T07:32:14.621Z,Brown Group,false
c3a30468-1242-456f-b51c-5b7932b36ad9,2021-10-21T10:58:06.414Z,Hillsboro,Missouri,Iceland,-27.8787,33.605,suscipio,asperiores,aspernatur,antea,tantillus,deporto,taedium,70,26.20876537910017,16,aduro,1,1,5,false,0.15148122280508014,2024-04-03T03:32:25.491Z,Kerluke - Jacobs,true
bbf999ca-9c7a-4909-b62b-f27a55ccbf8f,2021-12-22T23:46:53.310Z,Bayonne,Montana,Kuwait,-15.1572,-171.6568,vos,facilis,valde,perspiciatis,temeritas,volva,curso,121,173.41851147594159,89,demitto,5,1,4,false,0.06332594026399335,2024-07-21T06:25:43.432Z,"Kemmer, Torphy and Windler",false
5b639cf7-ca19-4510-855e-b5e25e2aa98a,2025-07-27T06:37:59.166Z,Port Cielo,North Dakota,Guernsey,-27.1073,-6.2836,compono,suppono,caput,decimus,dolore,anser,casso,83,92.7864043789527,100,aveho,5,1,3,false,0.23339106194010908,2018-01-05T22:07:28.780Z,"Marquardt, Buckridge and Cronin",true
5d4b469c-0744-435e-a578-5e141625d779,2024-04-01T09:22:00.808Z,North Haleyside,New Jersey,Niger,59.1774,-125.0442,coruscus,alter,caelestis,delectatio,delectus,dapifer,audeo,63,131.16449559940915,80,umquam,5,1,4,false,0.11889410367163333,2025-12-21T03:02:40.664Z,Willms - Stoltenberg,true
cc0d70a9-c564-4b89-a940-73bc6f55e46c,2023-04-17T04:13:45.954Z,Antoninaton,Maryland,Hong Kong,-71.9201,-92.0214,vociferor,calamitas,beneficium,quidem,ab,aegre,corrigo,104,113.60486859727266,97,conculco,1,1,1,false,0.07438544643305656,2019-11-11T18:04:00.424Z,"Witting, Koss and Marks",true
5a7abf63-bb0b-4b16-b363-1c0690fd12b3,2021-01-21T03:49:54.393Z,Isaiascester,Nevada,Bahrain,-87.1053,132.7756,caritas,spectaculum,crustulum,quae,demo,argentum,sponte,105,85.06271008760717,45,vociferor,0,1,4,false,0.04210965055904933,2020-03-15T03:12:53.374Z,"Kozey, Konopelski and Reichert",true
a23b0978-d707-4f05-8930-34b5434981c6,2024-01-10T07:34:26.039Z,Flatleyfield,North Carolina,Nauru,75.3589,-54.7407,dapifer,supplanto,nulla,creator,cupressus,solum,supplanto,42,5.6668126091921245,80,video,1,2,3,true,0.15523547089836284,2018-09-08T13:06:55.512Z,Cartwright and Sons,true
408c058e-2e82-4ee8-8c0f-480a82d62824,2025-09-29T16:50:08.805Z,Kubtown,Arizona,Saint Helena,-61.7428,-139.6287,acervus,barba,blandior,conscendo,patruus,cribro,tumultus,49,120.35844449110725,27,suasoria,5,2,2,true,0.18041310746441208,2019-05-19T04:47:11.946Z,"Wyman, O'Keefe and Rempel",false
018c30be-38df-49ed-85e0-8a1642cd98fa,2018-11-08T07:20:12.472Z,Hoppefield,Utah,Afghanistan,-36.777,-26.091,stella,ter,et,contra,totam,casso,tenus,27,139.59451535129037,16,thymum,1,1,3,false,0.08721466742907397,2025-09-17T02:43:46.342Z,McCullough and Sons,false
12d0ca61-75b0-4d05-8e6d-611cc77b66c4,2025-10-09T20:35:33.361Z,Coconut Creek,South Carolina,Ecuador,-5.8835,173.1339,pel,ante,caritas,cur,bis,nemo,caste,50,235.72770650548864,92,asporto,2,0,5,false,0.1074002321524006,2024-04-14T08:53:15.030Z,"Kuhn, Rowe and Greenholt",false
d4bccf71-6f1c-46e8-8e2f-1a0152da9771,2025-06-10T01:07:38.697Z,South Beatrice,Delaware,Singapore,13.4824,-49.7012,vitiosus,vestigium,copia,valde,ager,voluptas,veniam,85,12.054516283720167,79,delego,5,2,1,false,0.07284706626745119,2018-09-25T05:58:46.730Z,Bednar Group,false
3d25cf8a-e7fc-49d0-aa81-0119ae140fb0,2020-01-07T16:06:23.301Z,Port Sadie,Vermont,Senegal,13.5352,3.0266,tabula,aranea,desolo,tempora,accusator,hic,arceo,39,15.222823521283422,27,sollicito,0,0,3,false,0.1743316802391819,2021-01-06T02:53:57.967Z,Mayer - Labadie,false
fb33e572-57c6-4154-9a8e-94f6d0897c47,2025-07-08T08:08:36.946Z,South Lemuel,Missouri,Niue,6.7028,-147.8004,assumenda,arto,fugit,carbo,aveho,derideo,demitto,89,103.32819243809679,48,curo,5,2,2,true,0.14642779927892133,2018-11-13T00:02:27.744Z,Kuvalis LLC,false
dc6cb2ad-66f6-4229-b92e-a03a2460c2f0,2019-02-27T14:04:13.271Z,South Arielle,Maine,Belize,-70.4922,-66.3792,deficio,audeo,absconditus,veniam,quidem,dapifer,sapiente,33,223.21822979828133,80,amo,1,1,3,true,0.08248454353949636,2021-02-08T03:38:21.014Z,Bruen Group,false
de25b428-101f-4062-a48d-6b3f01e00891,2020-11-01T03:08:11.873Z,Wyattfort,New York,South Sudan,-53.7306,70.7545,thymum,magni,centum,amet,adhuc,carcer,defero,89,28.329804013555496,97,ratione,6,1,3,true,0.12631983565838678,2024-11-09T21:00:07.162Z,Kessler Inc,true
27fe2b94-de25-407e-9b41-4094fb884a70,2018-04-15T10:06:37.410Z,Braunberg,Iowa,Barbados,-35.5599,46.2669,laboriosam,amita,summopere,ater,urbanus,vindico,alii,83,5.49886793903597,88,damno,2,0,5,false,0.009545196993140687,2024-12-24T10:32:09.058Z,"Ward, Mills and Bailey",true
9619206e-5d0d-4f08-8a68-cf636d3225a9,2021-06-03T00:33:50.922Z,Hermistonside,Maine,Czechia,-59.1628,64.1357,atque,mollitia,umerus,inventore,conforto,abutor,acies,67,29.897067286129804,63,contabesco,6,1,5,true,0.04942985721573531,2023-10-30T17:59:08.289Z,Schmitt - Lynch,true
5bf0e921-b249-4b0d-b28f-fb233ba091ad,2025-07-05T06:30:01.549Z,Camarillo,Georgia,Senegal,29.1906,174.396,carcer,vallum,color,pauper,eligendi,vere,censura,98,183.10126127982107,53,placeat,4,0,5,true,0.182255547259328,2023-03-17T11:10:48.225Z,Rosenbaum Inc,false
2a6b3ed3-5f7a-4acc-9d28-d76b64ac8792,2024-08-23T15:47:39.736Z,St. Peters,North Dakota,Germany,-37.4155,104.1645,velut,nulla,sufficio,caelum,earum,atrocitas,tabernus,129,116.69316757006942,78,vicissitudo,5,2,1,true,0.05250541449734272,2023-04-09T06:51:14.725Z,Dibbert - Walsh,false
effafa67-5b5d-469b-917d-dab200c111c1,2018-09-16T06:36:39.028Z,Orafort,Louisiana,Sao Tome and Principe,-77.4585,139.9069,cupiditas,curso,natus,conor,alo,deprimo,reprehenderit,124,100.26345083042519,86,cupiditate,5,1,5,true,0.004084897342267968,2025-06-24T23:11:22.049Z,"Welch, Doyle and Hauck",false
f2a03840-9706-4693-8754-e1600d36c2ad,2020-02-01T02:40:58.518Z,West Michale,Delaware,Belize,-4.0476,-117.5016,calcar,tot,candidus,cotidie,articulus,deserunt,convoco,118,80.07092480215042,84,audentia,3,2,2,true,0.24749266967503405,2018-01-27T08:59:00.530Z,"Kilback, Macejkovic and Howell",true
f83e96d8-e7c3-4785-ba84-da9c9f85bcc9,2024-01-12T04:58:22.476Z,Port Rogelioport,Oklahoma,Mozambique,3.9988,130.559,tam,patior,necessitatibus,adnuo,amicitia,deludo,repellendus,104,170.12336588429093,24,audeo,2,0,1,false,0.11843156676516803,2019-02-02T03:27:09.124Z,Schroeder Group,true
79ec9738-d77b-49f2-aea9-e5ce663410ca,2018-06-08T04:56:25.175Z,North Emmetchester,Florida,Croatia,45.775,111.4358,thalassinus,bonus,candidus,degero,varietas,accusantium,odit,92,164.1174401698109,19,spiritus,5,0,5,true,0.0026485018892145606,2021-05-14T12:15:00.846Z,"Rowe, Koss and Torp",true
9cff6023-6be9-4cc0-8d02-dc16960b8347,2025-12-11T14:54:56.099Z,Travisstad,Kansas,Turks and Caicos Islands,12.4415,-0.9336,voluptatibus,clibanus,adeo,vox,corporis,absorbeo,pariatur,73,128.4886792648386,56,demulceo,6,2,2,true,0.16524524946725214,2023-12-19T21:22:22.374Z,Wyman - McClure,false
422455c7-ceef-45a3-879d-5e29d5fbae3a,2024-07-29T04:29:09.492Z,Sunrise Manor,Wisconsin,Serbia,12.9041,179.9781,sunt,provident,virga,conventus,dedecor,pecus,adulescens,60,100.55147770381177,68,comparo,3,2,1,false,0.12071633377853694,2021-04-01T01:05:46.862Z,Walsh Group,true
7c7cf5cc-753f-49b3-8635-570373791784,2022-04-04T19:21:07.197Z,West Joana,Nebraska,Micronesia,-80.7545,8.2548,agnitio,utique,victoria,subito,capillus,alveus,desidero,91,230.6332043618456,19,quam,2,1,3,false,0.16588337123035832,2020-10-30T01:45:14.234Z,King - Spencer,false
fbf77e97-a66a-4e56-b017-320b9fd14753,2018-12-29T14:57:47.606Z,Trantowworth,Washington,Finland,-53.932,-150.0074,alias,cogo,adficio,thymum,compono,sui,vociferor,58,233.11272577905328,94,temeritas,2,0,4,true,0.018552378972979733,2022-04-14T17:50:57.636Z,Hoppe - Muller,false
122191f6-04f7-4246-9ce1-eb86652c778b,2020-08-19T08:20:47.049Z,Brakusport,Idaho,Micronesia,-67.0518,-162.4374,causa,dolorem,correptius,causa,attonbitus,tergum,ambitus,126,54.554625761503445,73,vos,6,1,1,true,0.24863996664170487,2024-02-25T06:13:39.040Z,Huels and Sons,false
13c49774-8398-4adb-ad27-ac51f3f8a401,2020-01-10T18:02:11.947Z,Port Maya,Minnesota,Bhutan,36.0824,23.9362,timor,toties,adulescens,ut,demitto,antepono,arto,30,1.601842401302651,84,talus,4,0,2,true,0.045065921691466226,2021-01-19T23:51:50.488Z,"Kemmer, Dicki and Leffler",false
86ed716d-430e-48c5-9c79-54670d657bfe,2023-08-05T22:04:49.666Z,New Viola,North Dakota,Russian Federation,35.1831,-13.9512,campana,molestias,anser,ager,constans,vomer,caries,62,107.06827380619623,32,comprehendo,6,1,4,false,0.033932496760321035,2020-08-14T15:49:52.824Z,Dach Inc,false
975f6805-0613-40ff-bf78-5bcd7339c969,2021-07-13T20:38:24.866Z,South Montyfield,Connecticut,Uruguay,16.2029,21.6345,vereor,arbustum,conventus,censura,aureus,dolorem,vorago,97,33.66685876406179,22,quis,6,0,5,false,0.02373523736179095,2024-06-15T02:26:13.868Z,"Hauck, Barton and DuBuque",false
25b740b6-daa9-4c34-a6cb-82cac4bdbfb1,2020-01-18T21:45:33.281Z,West Lila,Rhode Island,Armenia,-52.0997,52.3941,utilis,sponte,vitiosus,subiungo,aegre,cariosus,charisma,40,104.30356085061904,21,desolo,4,1,2,false,0.19184652353609968,2025-08-27T19:31:54.576Z,"Schimmel, Hilpert and Wintheiser",true
307126e4-3637-40d1-8363-40101dca743f,2020-04-15T02:44:11.399Z,West Jody,Utah,"Virgin Islands, British",-20.6039,109.4701,armarium,contabesco,incidunt,curto,abstergo,cognomen,versus,60,188.47779687036055,100,odit,5,2,1,false,0.024081629516206682,2018-01-01T15:35:42.416Z,"Orn, Morar and Towne",true
63249884-b088-483f-aff1-68a14f07384f,2019-02-07T04:46:37.764Z,Swaniawskiland,Oklahoma,Macao,70.8295,122.8275,aureus,apostolus,ipsum,vergo,bos,veritas,celebrer,80,42.68391131989894,80,cilicium,4,2,4,false,0.004323519406593396,2021-07-23T21:23:52.161Z,"Waelchi, Stokes and Stehr",true
dd594356-871f-4a80-ae88-284b56bc1367,2025-09-28T16:29:55.724Z,East Willaton,Utah,Hong Kong,-58.3599,-16.5566,cotidie,tamen,turbo,deripio,assumenda,auxilium,truculenter,27,141.59803080773133,51,velociter,6,1,4,true,0.004752495957242198,2020-12-20T06:37:48.106Z,Hodkiewicz Inc,false
64c6fcb7-260c-4994-8dcf-7084a15d783d,2021-12-14T05:48:56.711Z,Jerdeborough,Idaho,Anguilla,76.9624,58.8124,vae,quos,colo,admoneo,delectatio,statim,color,65,236.364507694313,38,decimus,5,2,3,true,0.11574093589579884,2023-10-05T12:00:11.644Z,Bauch LLC,false
cd6ae0c1-aba7-40de-a246-d478e70787c7,2020-08-23T18:27:16.643Z,Hagenestown,Idaho,Cyprus,-46.5696,106.739,aliquam,sumo,textor,solvo,inflammatio,exercitationem,tenetur,48,104.579147517235,64,temporibus,6,1,5,false,0.13479747839544093,2019-04-05T02:13:09.470Z,Haley - Mills,false
feb1033b-83de-49c3-af8c-fca8ed26073e,2020-09-05T03:21:27.368Z,Oakland,Alabama,Lebanon,13.2656,-160.577,conqueror,arcesso,fugiat,tot,truculenter,tabella,causa,30,0.6418864893333698,73,atrox,3,0,2,false,0.03654079359982537,2021-07-01T06:50:57.255Z,Jones Group,true
e59e78b8-0211-4e02-9240-2e62173458fb,2020-06-11T09:18:53.323Z,Newark,Arizona,American Samoa,69.812,8.0828,ager,validus,cruentus,vulticulus,doloremque,esse,vulgo,49,174.990195151183,55,velit,0,1,2,false,0.09680863229019124,2020-11-02T20:35:58.215Z,"Schmeler, Parisian and Schoen",false
14815b4a-2569-4164-9e79-f401152a327e,2018-11-02T21:14:21.408Z,Willton,Washington,United Kingdom,13.8354,106.1092,verbera,solus,addo,armarium,theca,ulterius,culpa,63,95.40875420585688,83,viridis,5,2,1,true,0.01648339078771291,2020-05-14T18:33:10.328Z,Sauer Inc,false
b7fc27a0-2ab2-415d-93d0-cc874cbff3ee,2019-01-11T17:57:54.703Z,Port Kody,Delaware,Curacao,-60.4528,35.2812,ulterius,bos,tribuo,verto,ut,solutio,conventus,122,33.31247522161205,53,tam,1,0,4,false,0.03324463507229958,2018-06-09T17:48:35.525Z,Daugherty - Batz,true
b360f244-62f6-4cb9-8f1f-80d3c44b489c,2019-04-29T07:26:10.566Z,Wunschton,North Carolina,Italy,-38.5692,-127.7234,utrimque,celer,acerbitas,compello,contra,corona,torqueo,55,112.65048798515812,89,spiritus,3,1,5,true,0.06979791510000469,2018-02-21T19:36:11.045Z,O'Kon Group,false
100af1fd-a98c-4325-9033-0cbc2f357031,2025-12-27T11:17:53.939Z,Fredymouth,Indiana,Comoros,-82.9727,-44.9298,cupiditate,sublime,utpote,iure,utilis,suffoco,soleo,20,153.24614921459607,67,video,0,2,4,false,0.15795873303126792,2025-08-07T11:16:34.401Z,"Leannon, Waters and O'Kon",false