accident_id,incident_datetime,city,state,country,latitude,longitude,road_name,road_type,intersection_type,accident_type,weather_condition,road_condition,light_condition,speed_limit,actual_speed_kph,driver_age,driver_gender,casualties,fatalities,vehicles_involved,alcohol_influence,blood_alcohol_level,weather_reported_at,reporting_department,pedestrian_involved
bb6ff7a1-9696-4270-9ea2-f7a03758c37d,2023-05-13T19:07:40.624Z,Port Dax,Connecticut,Bosnia and Herzegovina,22.82,171.1054,defleo,commemoro,considero,amicitia,administratio,celer,absorbeo,91,138.9302881660847,59,truculenter,4,0,3,true,0.07182777521017913,2023-03-27T17:16:06.570Z,"Greenholt, Torphy and Goodwin",false
2e1d2fe6-3bbe-48ca-94ce-a00c21d7d2da,2021-09-18T11:16:45.695Z,Carolina,Idaho,Bermuda,39.8818,79.304,carcer,undique,arca,veniam,timor,subiungo,sum,68,203.7959316246965,48,aurum,4,0,2,true,0.006963608876406263,2019-08-24T13:55:23.656Z,Schiller and Sons,false
82b986af-0d06-4e6d-bd1d-9c3ed58d653d,2022-03-29T14:10:35.502Z,North Isac,Florida,Philippines,34.7939,-40.7948,saepe,theatrum,delicate,carmen,agnosco,caelestis,verumtamen,107,23.49738873453702,69,claro,5,2,1,false,0.23413834805307027,2021-02-10T13:56:19.693Z,Leffler Inc,false
380fe91b-e263-423c-b59e-00bf1a1e12f6,2019-05-07T06:26:47.484Z,Soniaside,Missouri,Italy,-45.5086,36.6569,ceno,tenuis,delectatio,absconditus,cunae,quo,cruciamentum,111,119.52546904675859,65,absens,3,0,1,true,0.18427363210716427,2018-10-10T21:58:10.546Z,"VonRueden, Beatty and Rempel",false
e7e154b7-bbb6-43ce-b562-2de2c502227d,2021-10-18T04:10:17.228Z,Madison,Oklahoma,Montserrat,-86.2173,106.9601,tandem,color,tribuo,turbo,supplanto,confido,ullam,88,232.8954413450015,46,conculco,1,2,2,false,0.062192598161167206,2022-06-03T07:52:17.408Z,"King, Beier and Kerluke",false
43590790-8574-4841-a960-6003d985e524,2021-03-18T14:01:49.398Z,Abbottmouth,Mississippi,Cyprus,-13.7232,-21.1072,comes,conqueror,caput,caveo,coadunatio,natus,accusantium,73,22.586808529664317,92,acidus,1,0,1,false,0.14475785221845433,2019-07-22T05:30:17.566Z,Wolff LLC,false
ae3106da-11c2-480a-9aa7-75b4c76a2854,2022-03-27T09:11:08.973Z,Peytonberg,New Hampshire,Kenya,19.5799,164.5071,cado,facilis,traho,thymum,cupiditas,cimentarius,suppono,76,169.4381909265061,53,administratio,3,0,1,false,0.1967660900973864,2018-03-23T13:59:22.288Z,Farrell - Volkman,true
4fa3c1fe-afa4-4149-9457-d2b2802d2877,2023-09-05T20:06:53.007Z,Hannahbury,North Dakota,Cambodia,56.1329,-140.0562,inflammatio,torqueo,surculus,administratio,spes,auditor,adfectus,102,110.59427313941296,43,comis,2,1,2,true,0.06334017189286253,2022-06-30T13:36:38.735Z,Cartwright LLC,true
0b59a3eb-de47-4744-aa9d-9e219fa88557,2022-04-05T03:08:44.714Z,West Hesterboro,Connecticut,Croatia,77.1182,15.6653,vomer,vitiosus,peccatus,allatus,temeritas,absens,consequatur,115,26.205083038196424,76,facere,6,1,1,true,0.08535904257045648,2022-02-09T12:00:38.147Z,Langworth - Connelly,false
63236ade-8564-43c8-886e-da26c5a4a6b9,2020-11-13T13:00:37.047Z,Fort Noah,Maine,South Africa,54.2952,102.8022,torqueo,sperno,sub,eaque,vigilo,aeneus,degusto,20,166.39640501077787,84,corroboro,2,2,1,false,0.13859359956131925,2022-10-21T03:27:53.237Z,Macejkovic - Miller,true
42bcca04-7166-426d-a969-20ec28379c32,2021-03-27T13:53:16.269Z,Melynatown,Washington,Romania,-86.3221,-121.8478,repellendus,quasi,volaticus,tonsor,conforto,veritas,explicabo,42,40.54035817881694,17,desparatus,1,1,1,false,0.10918974203560766,2025-06-12T17:12:15.599Z,Leuschke - Christiansen,true
424b15e7-c3d2-4e5d-9a32-02940bfdda9e,2022-05-05T21:16:14.891Z,Abnermouth,New Hampshire,Eritrea,-27.7296,103.6346,crux,ter,quis,quo,ulciscor,casus,coma,36,57.275820109936845,91,ocer,1,2,5,false,0.22976045055731012,2024-01-05T12:46:07.303Z,"Feil, Collier and Hessel",false
b9b3a911-4285-4d4e-aeb1-856e5b4f6360,2025-04-14T00:39:07.822Z,Jaceworth,Montana,Guam,71.5399,39.3186,vindico,allatus,viduo,delicate,calco,ocer,apud,56,32.506448960415995,38,claro,4,0,2,true,0.1810446273300078,2019-07-21T13:27:52.870Z,Stehr - Hirthe,true
59dca9aa-ef22-4b73-aedb-1ad551de0404,2022-12-23T23:26:10.591Z,South Estelle,Florida,Austria,71.5915,54.4689,solus,sui,adstringo,vorax,suffoco,nostrum,tempore,101,123.0947880285539,39,ars,4,1,5,false,0.19659928453612682,2025-12-23T14:03:05.010Z,Aufderhar - Collins,true
47105ba2-791b-43e6-9e29-b9921dfa1da7,2024-01-27T08:33:17.805Z,Lake Cedrick,Hawaii,Switzerland,-11.4538,-86.5481,adimpleo,aureus,tui,tertius,spes,asperiores,vilitas,44,95.02854533701279,51,argumentum,2,0,4,false,0.16309950205837684,2020-04-19T10:52:46.151Z,Luettgen Group,true
4be39408-b277-44e9-9ec7-1e944198b0a4,2022-04-22T12:40:36.261Z,Cletaberg,Colorado,Seychelles,20.6588,110.1145,cura,delibero,vallum,pectus,sto,tergum,appositus,23,85.50089979989066,47,vita,5,2,2,true,0.15330663359846078,2022-04-10T20:25:56.106Z,Bahringer Inc,false
42fafe2b-96d7-4a57-830b-8fe258f51474,2025-05-30T17:37:56.813Z,New Laurianeport,Rhode Island,Burkina Faso,24.0664,-66.0479,demulceo,desolo,claustrum,curiositas,fuga,turbo,degero,46,79.34672490321512,78,dedico,1,2,5,true,0.23732781635325575,2022-08-14T07:06:25.114Z,Hirthe and Sons,true
49288243-9b0f-40ff-9512-d11af9e6ca49,2024-07-25T04:24:33.547Z,Macon-Bibb County,Hawaii,Burkina Faso,67.4018,166.8766,venio,venio,nam,demonstro,quidem,creptio,ciminatio,130,95.08049136849267,74,corporis,3,2,3,false,0.05557586413603213,2019-06-10T08:44:57.761Z,Ebert Group,true
7e98ee5d-85c5-46c0-9bdb-e86ee6037176,2020-05-26T09:55:31.594Z,Fort Ethanville,West Virginia,Algeria,-59.9956,133.8834,inventore,candidus,volubilis,capio,verbum,verbera,suscipit,67,112.4268012648343,31,cras,1,1,2,true,0.12635604202738454,2024-05-26T16:07:29.080Z,Kiehn LLC,false
2215f8dc-eedc-451e-ac7f-062f11dd5048,2021-09-20T17:29:59.688Z,North Jayme,South Dakota,Sint Maarten,-35.3685,-65.8226,succurro,sustineo,amet,ciminatio,tredecim,assumenda,suppellex,29,206.09163176033175,100,vilitas,5,1,2,false,0.11941969887394696,2018-08-04T18:33:17.824Z,"Graham, Dibbert and Friesen",false
e33ee7ba-7495-4956-878f-35ebfccfdb5c,2018-04-04T23:37:10.157Z,Mishawaka,New York,Democratic People's Republic of Korea,57.5244,-73.3293,velociter,uter,tactus,speciosus,cresco,terreo,adhaero,112,34.03786088796839,84,causa,3,2,3,false,0.17559284474823067,2019-10-24T22:44:56.806Z,"Gleason, Sipes and Koepp",false
1cbb7676-1ed3-4075-8981-bacff4e083bb,2020-01-28T21:40:51.072Z,West Cale,Virginia,Iran,45.7205,-108.278,rem,celo,ventito,vehemens,campana,ceno,ara,70,3.6818758080539205,85,dens,6,0,2,false,0.07111643998151287,2021-02-14T00:11:46.137Z,Swaniawski LLC,true
161f60ca-854d-4ba6-a880-732191c0678e,2023-02-27T08:30:57.477Z,Luettgenhaven,Wyoming,Grenada,-66.5111,72.1463,cilicium,utrum,aegre,venustas,trans,degenero,reiciendis,127,36.01608111123413,26,bonus,4,1,2,false,0.10826291135659705,2019-11-15T18:53:41.504Z,Emard - Schimmel,false
343b2c72-795a-41b8-99ed-05c99cd65914,2020-01-06T13:30:52.923Z,Harberfurt,Alaska,Saint Lucia,-45.2012,-150.5074,tener,assentator,corpus,uredo,articulus,molestias,sto,109,173.73077021706354,39,utrimque,5,0,1,false,0.1764588865890045,2021-03-03T09:55:34.311Z,DuBuque - Jenkins,false
147a48b6-7adb-4aa2-ba66-f44e9fb83a3b,2021-06-17T21:48:14.599Z,West Kobe,Massachusetts,Saint Pierre and Miquelon,-19.6061,19.0622,adsum,degenero,supplanto,theca,tribuo,artificiose,colo,74,180.6670917373849,27,conicio,1,0,4,false,0.22546385674593056,2024-01-01T19:46:58.211Z,Shields and Sons,true
ae7ff9e3-1076-4157-9049-5a1f0e9ccb0a,2023-07-16T08:53:37.788Z,St. Petersburg,Rhode Island,Niue,-31.1752,144.6189,vorax,caecus,aliqua,studio,tolero,abutor,conduco,113,194.91348753628333,41,in,6,1,2,true,0.2337355741326245,2019-07-11T08:09:26.517Z,Cruickshank - Kemmer,true
40eb4bc8-10a4-4790-982b-a7104c68f184,2024-08-11T09:56:14.031Z,Audreystad,Colorado,Saint Martin,-30.3479,164.8779,vulpes,charisma,suscipio,cuppedia,suadeo,conculco,utrum,31,209.53463873271622,39,validus,0,1,4,false,0.020696139382536505,2018-03-30T16:45:14.557Z,Ferry Inc,false
0900d092-ad90-463c-a8c3-259f381da5a0,2025-12-06T03:48:35.291Z,Port Gerard,Virginia,Bosnia and Herzegovina,-82.6552,-67.1496,statim,amet,acidus,solum,absum,turba,velociter,71,92.69513156503115,42,tantillus,0,2,5,true,0.029451333326499934,2019-11-17T10:16:52.344Z,"Torp, Littel and Dare",true
2c17ade7-0532-4ee6-b4ec-a51742e4af7e,2022-08-18T00:30:01.974Z,South Ellisfurt,Delaware,Nepal,88.4816,-100.3337,quis,corroboro,praesentium,vulgo,consequuntur,tamdiu,comburo,89,24.69632028821411,72,cultellus,2,1,5,false,0.2219061574469951,2025-08-18T11:22:40.889Z,"Moen, Ernser and Carter",true
c766d2ad-bafb-42fe-a7cb-057c7dd28e13,2023-04-08T11:03:12.291Z,Lake Margotstad,Indiana,New Caledonia,-40.7434,137.4937,virgo,desparatus,explicabo,advenio,defluo,charisma,defleo,87,160.54092821431865,36,bos,4,0,1,false,0.09687613957599697,2023-03-20T03:01:54.473Z,Adams - Jacobson,true
3ef831f6-900d-492e-a36c-59468caaca38,2025-10-19T07:49:00.271Z,Bauchchester,Texas,Malaysia,-59.3604,176.2192,distinctio,statim,aegrus,amissio,avaritia,ago,atrocitas,20,230.7009158195461,97,cruentus,2,2,5,false,0.19895964068844724,2019-06-03T07:47:19.650Z,Legros - Kutch,false
591f540d-8a93-41c7-810e-502d7b3f429e,2021-06-12T21:35:39.651Z,Jonfort,Kansas,Bolivia,-61.5717,61.5093,delinquo,sopor,tepesco,brevis,hic,vicinus,temporibus,119,214.92118409471976,83,molestias,5,1,3,false,0.10117356012523443,2025-02-16T19:21:03.820Z,"Will, Hackett and Dach",false
539187ba-2abc-4ff4-be94-26e8aa2e4f96,2019-05-15T22:15:48.936Z,Quigleyside,New Jersey,Germany,-76.3388,118.3223,adaugeo,absum,umquam,amet,deduco,aestus,sumptus,33,230.09015247472865,63,ubi,1,1,2,false,0.07495448359437074,2019-12-10T08:22:03.817Z,"Senger, Grimes and Boyle",true
e8ac5cb6-fa51-48a4-8efe-0e6fa3ed316e,2021-12-11T11:20:49.831Z,Ethanmouth,Maryland,Peru,-17.9188,41.2455,barba,delibero,deporto,vitae,atrocitas,alioqui,aetas,114,119.94218038523927,28,corrigo,3,2,1,false,0.025048413064563402,2021-07-07T05:42:44.574Z,Murray Group,false
8bea1402-bc38-4441-93a3-82835ed2de4a,2022-06-27T18:58:29.063Z,Jerrodworth,Michigan,Bangladesh,76.1485,-162.9089,similique,calamitas,adaugeo,aestivus,carcer,constans,verbera,125,146.84211489423734,44,capillus,3,2,2,false,0.24980879569295472,2025-06-21T01:49:51.832Z,Beatty - Wiegand,true
b7194c19-04b0-4c3c-81b3-7bca7d77ba75,2020-04-07T14:26:00.220Z,West Brigitte,New Hampshire,Fiji,63.3994,95.0079,coaegresco,ter,iure,adfero,asporto,porro,timidus,120,160.24385390279892,37,dignissimos,3,2,2,true,0.03852463959491387,2023-10-08T04:57:32.950Z,Ferry - Lindgren,false
a3bf4145-cb7e-4b96-8da7-85c1ee503415,2024-01-30T10:28:31.041Z,Midwest City,Colorado,Mexico,81.7727,77.6751,voluptas,aranea,quisquam,vae,patrocinor,virga,trucido,105,209.04100148077487,18,tamquam,5,1,2,false,0.017541839884274768,2024-03-02T15:26:33.540Z,Lynch - Powlowski,true
fb9cb489-ca6d-466d-9025-adaa6d10c0f2,2024-12-27T05:17:54.275Z,Hegmannfield,Illinois,Switzerland,-78.9961,-67.4397,reprehenderit,aduro,culpo,summisse,callide,desolo,crepusculum,25,201.09910722103965,39,testimonium,6,0,1,true,0.15522553005826775,2020-10-13T04:47:11.161Z,Reynolds - Kutch,false
44f03f39-9e62-4d5c-b192-1e68d94d0474,2022-04-24T02:15:40.054Z,Chico,New Mexico,Belarus,48.2221,-175.6255,venio,vespillo,illum,aduro,utrimque,accusantium,solus,32,63.2521118735368,100,sufficio,5,2,3,false,0.23337482924420003,2018-02-07T16:10:40.966Z,Nikolaus - Anderson,false
77449729-9a90-4ae4-a8b0-5e36c39982a9,2024-04-22T23:00:43.899Z,Aureliestad,Maryland,Antarctica,5.8057,118.9002,conturbo,modi,thalassinus,cumque,sonitus,crebro,sollicito,62,160.85012529650123,84,quod,1,0,3,false,0.14101390910281084,2022-05-20T22:30:35.958Z,"Baumbach, Kuphal and Grady",false
7eb2a151-930e-4514-9793-f5e798f84b81,2025-09-20T18:34:26.717Z,New Justicehaven,Delaware,Ireland,37.2786,-64.1983,basium,aptus,aestas,cohors,corroboro,delectus,aer,96,155.1544460941391,48,tutamen,3,2,5,true,0.09285353858557605,2024-07-09T02:11:04.379Z,"Metz, Kovacek and Wolff",true
6489837f-30e8-4791-b319-474a7b934b80,2020-07-28T20:20:44.480Z,Lake Elyseburgh,Louisiana,Bulgaria,-6.9352,139.0924,amplitudo,ullus,carmen,nesciunt,tot,sustineo,thesaurus,67,16.145363622888933,92,sono,2,2,5,false,0.11732504403291372,2022-01-25T23:07:55.026Z,"Spencer, Olson and Wintheiser",true
afc37d3d-9946-4807-9324-e8fd02406646,2022-06-04T11:54:32.063Z,South Pasqualeton,Louisiana,Iraq,-6.3223,-164.3069,atque,barba,theca,admiratio,eaque,apostolus,decumbo,47,4.592622538638427,19,tergo,5,2,5,false,0.2001621739198169,2022-05-06T04:46:52.796Z,Smitham - Pfannerstill,true
6e6c6f35-f18b-41c6-b95a-ef995b6f1cc7,2020-03-27T07:18:56.531Z,Lake Helene,Arkansas,Lao People's Democratic Republic,-69.6475,93.4398,vere,alioqui,dolore,carcer,adiuvo,cavus,teneo,123,35.102293385787036,78,eos,0,1,3,true,0.14003708256935282,2018-03-14T16:57:24.751Z,"Altenwerth, McKenzie and Gusikowski",false
b514c866-6c33-426d-92a8-113742f557ef,2025-05-08T12:22:00.591Z,Union City,New Jersey,Italy,-55.4933,97.3349,coaegresco,civitas,attero,illo,tribuo,derideo,vereor,93,158.74394630827652,54,quae,2,0,1,false,0.06325106440904651,2021-04-25T08:28:55.909Z,"Donnelly, Macejkovic and Crist",true
a0c552be-1799-4b9d-942e-b3b3215f68bc,2018-11-28T06:38:27.537Z,Charleston,Washington,Thailand,89.571,-155.8021,casus,tamen,amita,accusantium,tonsor,vesper,solum,42,82.3191888918829,91,angulus,0,2,5,false,0.21489812166970573,2020-12-18T04:42:28.618Z,Wintheiser and Sons,true
5f097ff5-571b-4c37-98cf-8a3b44aeef2f,2021-10-23T22:17:32.016Z,Christopheville,Wisconsin,Christmas Island,-9.6399,-122.9373,volubilis,carmen,thymum,cresco,usque,thymum,assumenda,62,44.17523544321394,51,supra,1,1,4,true,0.03212936632614216,2020-11-15T14:06:22.667Z,"O'Conner, White and Rau",true
01ee501b-8bde-4c64-8f59-f5ac2e209661,2019-12-17T23:38:00.553Z,Quitzonshire,Montana,Tanzania,-41.2617,-151.1032,cinis,officiis,denego,crudelis,tres,deporto,suscipio,102,5.553341681319992,89,bene,3,2,4,true,0.03883462997687076,2025-02-26T20:54:43.849Z,Ondricka Inc,false
386adb5c-ca43-4f91-96d1-4ba8a04c0d00,2025-07-30T23:09:36.778Z,Herzogboro,North Dakota,Western Sahara,-69.9123,55.7249,temperantia,tergo,totidem,careo,cuppedia,nulla,uxor,48,132.86553269617943,26,defleo,6,0,3,true,0.15146927540335647,2021-10-30T04:00:24.735Z,"Ferry, Balistreri and Treutel",false
e2e71d2d-4f1e-4ef3-8064-83f17025f07e,2019-09-05T00:27:13.245Z,Eldonville,Utah,Sao Tome and Principe,27.4025,58.1469,teneo,comptus,sunt,trado,cervus,cunae,aperio,35,87.37011717987089,77,adsuesco,4,1,1,false,0.04704401980334666,2024-05-28T11:17:45.602Z,Smith - Ryan,false
f6b9ffad-caba-457b-aac1-f558fd35fa67,2022-08-26T08:21:17.016Z,Redmond,New Hampshire,Italy,62.5658,69.7498,tres,quidem,annus,minima,commodi,aperio,versus,76,171.87863387668358,75,agnosco,6,1,3,false,0.22530334708507802,2021-09-19T20:44:55.340Z,Vandervort - Pfannerstill,true
d686b2ad-1889-4204-b1b7-9aa651afcc47,2022-10-16T03:55:45.061Z,New Sebastiancester,Connecticut,Liberia,-25.6627,113.7663,depono,contego,nemo,claro,vindico,vere,correptius,118,69.30908400395693,22,culpo,1,0,2,false,0.12947216115330037,2025-09-22T02:31:38.781Z,"Russel, Rutherford and Bernier",true
ca960391-3601-4c11-8189-4e0b823415db,2018-06-25T14:56:38.065Z,Port Audreanne,Utah,"Virgin Islands, U.S.",-56.5838,3.4952,ars,umerus,tripudio,peccatus,tredecim,voluptatem,absque,112,101.93674743483082,65,pecto,3,1,3,false,0.09854858632757044,2023-09-13T00:44:35.478Z,Littel - Kessler,true
0d8b2bae-3814-46e5-9cb8-acdd93de4792,2021-04-29T12:24:53.972Z,Johnstonstead,New York,Lithuania,-56.5223,121.2618,vespillo,temporibus,constans,succedo,conforto,adhuc,tricesimus,94,192.961889984576,84,demens,6,0,5,false,0.24935357695173063,2025-08-15T08:58:57.787Z,"Beatty, Johns and Ullrich",true
e15b7a19-1883-4731-acf8-b39624802b6f,2023-11-11T20:51:41.281Z,El Dorado Hills,New York,Ireland,-74.8577,-103.1844,adulatio,versus,corroboro,accedo,beneficium,deleniti,aeternus,31,126.65770962347426,56,bis,6,1,5,false,0.09855299978835722,2021-05-07T15:48:03.588Z,Luettgen - Renner,true
e0ba06dc-6827-4d32-923e-2e5ec2acf188,2024-08-14T22:52:32.246Z,Lake Macie,Washington,Singapore,51.3414,-122.4007,decerno,baiulus,defendo,nihil,verto,vulariter,facere,53,208.3632240519549,91,baiulus,3,1,5,false,0.2099349201431356,2020-04-28T13:37:11.884Z,"Schulist, Barrows and Greenholt",false
1ced3448-2107-4fc1-a15b-be8d3d4db91f,2021-03-26T17:02:14.035Z,New Annamae,North Carolina,Martinique,74.5558,154.811,contego,culpa,uterque,cetera,cogito,deporto,coma,84,66.85103765314949,96,candidus,1,1,5,false,0.017875658963645763,2019-11-02T17:23:46.550Z,"Casper, Kunde and Goyette",true
7acb2ba7-ac64-4165-a31f-9a751359f65c,2020-07-13T23:21:50.580Z,Winifredview,Alabama,Christmas Island,62.0781,-178.1525,ubi,cresco,maxime,tamquam,trado,esse,alter,80,160.6314316906107,25,curto,3,0,1,false,0.20206847275963807,2022-05-17T12:12:14.820Z,Franecki - Marvin,false
d946e555-7c44-4b1d-ab3b-d6e26c993bcf,2022-09-11T18:46:27.094Z,Rowlett,Minnesota,Portugal,-57.5202,102.7683,trado,tempore,asperiores,vae,centum,tersus,tersus,57,93.35621173088283,33,suffoco,0,0,5,false,0.14422483627836696,2023-08-06T04:26:17.537Z,"Wiegand, Connelly and Denesik",true
9b53a48b-49b7-48b5-808c-263531ce1921,2020-05-31T12:01:25.151Z,Renton,Louisiana,Chile,74.0244,-75.4098,nesciunt,crudelis,verbum,voco,copia,antea,laborum,20,224.4246628448785,24,urbanus,0,1,1,false,0.07492230106426809,2025-10-31T04:24:51.121Z,Mante - Effertz,true
d003df9f-27da-4ef0-9786-e5f7aaaf4e60,2025-06-16T06:09:54.146Z,Wildermanville,Maryland,Lithuania,10.1873,-12.8673,termes,at,abduco,trepide,defendo,depulso,triumphus,34,105.2763004621899,79,umbra,3,2,3,true,0.20421263543793514,2025-06-29T08:17:23.763Z,Wolff and Sons,true
e04e9a21-684e-4546-860b-1deb0fb921fe,2023-04-22T07:51:23.740Z,South Clementine,Oklahoma,Antarctica,-11.8691,119.8023,ducimus,subnecto,distinctio,quae,totidem,canis,maiores,91,185.11251313488697,25,suscipio,4,1,1,true,0.16469568554362002,2024-01-31T04:58:44.027Z,Rolfson and Sons,false
fec286a5-3e6c-4dad-b6bd-5c6c674cd110,2025-06-20T08:35:13.205Z,Pittsburg,Wyoming,Mongolia,-57.9863,47.093,amitto,thermae,cupressus,cubo,absconditus,crinis,cribro,117,197.07953437034203,25,autus,4,0,4,true,0.13526484998915558,2019-07-29T01:52:57.715Z,Hartmann - Hintz,true
09a74065-d5a7-43ee-9829-a1d5b9cd8831,2020-11-21T10:03:12.936Z,North Juanita,Illinois,Tanzania,-78.2943,88.5822,subito,curatio,velum,dedico,tonsor,subseco,perferendis,100,166.08709179966039,82,aequus,0,2,3,true,0.06413487714294674,2025-04-19T20:21:05.541Z,Lubowitz - Kiehn,false
75609159-29a8-48e5-b774-9a289cc08f17,2018-10-11T17:27:28.065Z,Wisokyfort,West Virginia,Palau,80.5782,-35.378,bibo,deleo,stabilis,vitiosus,pecus,terror,vulgus,39,169.22851583168836,71,balbus,1,0,1,true,0.08680427054678228,2024-05-01T23:52:26.737Z,Mitchell - Frami,true
4725c3c5-8136-4e5c-9995-4fe8f38b26bf,2023-08-01T18:20:39.613Z,Albinfurt,Indiana,Democratic People's Republic of Korea,-40.1257,-137.4626,capio,thorax,quo,arbustum,villa,reiciendis,bos,116,211.40549394361832,83,vulticulus,3,1,2,false,0.08156690958942772,2020-03-02T00:03:15.254Z,Oberbrunner - Roob,false
3420d1c3-63a2-49e2-9414-56a4a327c8ac,2024-04-01T07:41:39.822Z,West Richmondview,North Carolina,United States of America,81.4039,3.2292,arbustum,umbra,voluptate,admoveo,ara,arcesso,angustus,44,83.23608252347658,56,tui,6,2,4,true,0.15477891101868604,2021-02-23T13:40:28.493Z,Bernhard - Boyle,false
22710351-4ffd-4144-a37e-7f77fad3e41f,2025-11-24T12:48:33.047Z,Wittingfurt,Washington,Wallis and Futuna,-15.06,101.3258,tergo,convoco,adsidue,videlicet,ipsa,dolorum,beatus,59,18.933238305126405,22,ullus,3,1,1,false,0.1731062119427486,2024-11-14T06:11:30.806Z,Hermann LLC,true
78a0c045-ae80-4d4e-903b-baae37442ae6,2025-11-04T12:19:43.244Z,Mullertown,Wisconsin,Democratic Republic of the Congo,-52.2003,-38.7657,cetera,amiculum,cultellus,totus,succurro,calco,capto,83,166.44216415723812,41,accommodo,5,2,1,true,0.0598090150702518,2019-05-10T00:44:26.646Z,Kessler and Sons,false
27b895f2-8900-4eb7-ba42-f9466355759b,2024-04-11T03:00:52.797Z,Daughertyhaven,New York,Congo,-76.9913,148.1268,verbera,cubitum,sapiente,venia,annus,decipio,claustrum,96,103.20035607658892,34,illum,5,0,4,false,0.17378802628872586,2018-09-20T15:03:16.868Z,Toy - Zulauf,false
3db82f8b-4f08-4763-9c39-8ee0d1205748,2019-09-05T15:07:59.900Z,Placentia,Kentucky,Bangladesh,37.9085,104.9771,attollo,absconditus,verumtamen,et,vergo,nobis,tamquam,100,227.29378983875242,89,damnatio,1,2,5,true,0.20385873216771686,2020-08-17T14:32:30.067Z,Reynolds LLC,true
d5b9d4fc-1767-4143-84b0-b62b2bb9e6c8,2019-04-25T17:56:09.259Z,South Isaiah,Utah,Armenia,89.2755,156.736,summa,cariosus,amaritudo,teneo,ver,amplus,censura,117,7.893111213806927,93,caelum,0,0,3,false,0.14963340281315776,2018-09-08T16:13:02.212Z,Rolfson - Leannon,true
69d619b3-cac7-4cb7-a5c2-47a84b583d30,2024-05-24T03:24:46.156Z,Fort Michel,Kansas,Japan,25.1681,-164.8286,carpo,articulus,adhaero,aedificium,consequatur,solum,speciosus,53,131.1891703896778,38,utrimque,6,2,5,false,0.24527780264277577,2018-01-24T13:48:35.135Z,Cummerata - Rosenbaum,false
4448acfe-cc85-4047-bf50-49443640e245,2023-12-01T11:27:32.793Z,East Ebonychester,Maryland,Tajikistan,-36.1569,-97.427,optio,cado,calamitas,considero,tempus,utrimque,comparo,86,128.45616722049797,51,armarium,4,1,2,true,0.12252316318260009,2018-04-29T17:10:29.393Z,"VonRueden, Stiedemann and Hoeger",true
55c542ee-1a68-4de9-bf5d-be91cdd4640b,2023-05-26T05:31:55.166Z,Bahringerfurt,North Dakota,Ghana,-12.5822,-125.3276,quis,odit,animi,subnecto,adsuesco,basium,civis,35,129.53661630206915,49,bellicus,0,2,5,false,0.19301855164593268,2024-08-14T10:01:57.932Z,"Cassin, McKenzie and Wuckert",true
2ac176fb-e98b-4e76-a77f-95f01c76cab2,2018-09-05T07:44:45.894Z,South Loyal,South Dakota,Somalia,-21.7685,-88.394,totidem,caute,veritas,conventus,molestias,vester,doloremque,38,93.98960690121227,69,animadverto,4,1,3,false,0.12949564686747184,2022-06-05T12:00:58.432Z,Ullrich - Huels,true
7b1a2f35-fe80-4d88-9511-2be1b98643e5,2018-05-31T23:48:06.186Z,East Velda,New Hampshire,Puerto Rico,-46.9263,85.8576,debeo,infit,deputo,acervus,apto,votum,cuius,68,239.52147566383906,66,solvo,5,2,1,true,0.234737028294109,2018-05-18T21:10:57.818Z,Boyer - Flatley,false
3a8330dd-b138-4716-bff7-8215a8548b28,2021-08-31T10:09:48.524Z,New Elmoshire,North Carolina,Libyan Arab Jamahiriya,-14.6184,155.2576,cupio,recusandae,curriculum,ubi,rem,expedita,capitulus,126,12.202627317465335,86,tertius,3,0,1,true,0.06287104964095774,2021-03-08T13:49:17.670Z,"McDermott, Waters and Pouros",true
b303f684-4eae-4ecf-be03-f2d6b2d4169f,2024-01-06T17:33:49.093Z,West Suzanneworth,New Hampshire,Senegal,37.952,50.253,arma,virtus,ater,sursum,delego,asperiores,voluptatibus,43,37.034196203630344,69,ipsum,1,0,1,true,0.16055676679448175,2021-10-26T17:53:41.469Z,Yost - Fritsch,false
4d9b16d2-4eee-4812-b4bd-cee3ca6e3bfb,2024-02-07T01:38:35.497Z,Deanborough,Iowa,Dominican Republic,24.9069,136.3096,vetus,uter,degusto,consequatur,accusator,complectus,conitor,49,84.86701023618166,55,cubo,1,2,2,false,0.14015019655415883,2021-10-28T09:13:01.322Z,Hyatt - Feest,true
70a3c0ec-81f7-4324-847e-06b32ea78d08,2021-06-13T01:50:27.960Z,West Cloyd,Florida,Papua New Guinea,66.7657,24.5994,tepidus,vitiosus,annus,cariosus,aureus,atqui,apud,80,131.22801480849586,25,amplus,2,0,2,true,0.21533487087253372,2020-06-20T03:50:06.427Z,"Conn, Kshlerin and McCullough",true
8cf7df76-0caa-4766-bf0a-84a791a3ce9e,2021-03-07T21:07:11.981Z,Hackettmouth,South Carolina,Bulgaria,66.7849,-157.957,esse,pauci,benevolentia,approbo,canis,molestiae,atrox,123,131.23813820131716,77,tego,4,2,5,false,0.22448447786230352,2022-09-23T07:50:55.253Z,"Blick, Hamill and Quitzon",true
b6e1558f-0b04-4abe-8e7e-fa37322d9458,2024-02-24T19:03:32.180Z,West Zelda,New York,Zimbabwe,-84.8312,115.8383,depopulo,trado,ea,audentia,vinitor,beatae,paens,42,108.94609978103304,41,apto,2,2,2,true,0.14198890084944968,2025-06-12T19:21:21.005Z,Abshire - Franey,true