accident_id,incident_datetime,city,state,country,latitude,longitude,road_name,road_type,intersection_type,accident_type,weather_condition,road_condition,light_condition,speed_limit,actual_speed_kph,driver_age,driver_gender,casualties,fatalities,vehicles_involved,alcohol_influence,blood_alcohol_level,weather_reported_at,reporting_department,pedestrian_involved
759d66e0-8a26-493e-8d5e-1b95b4e1fe43,2022-05-29T15:01:25.136Z,Port Paul,Wisconsin,Bahrain,49.2205,19.4482,capto,sopor,beneficium,commemoro,curvo,vulgivagus,comptus,65,126.15615912279588,57,desparatus,1,1,4,false,0.24764400171687792,2021-02-24T22:53:02.335Z,Erdman - Dickinson,true
3533a024-a2dd-4f05-ba17-7ae7cc7cf24d,2025-07-24T00:46:47.422Z,Effertzmouth,Mississippi,Guam,-30.45,-65.8999,utrum,caput,autus,congregatio,quisquam,degenero,denego,83,200.70170515265153,66,varius,6,2,3,true,0.1347538535435093,2023-04-24T13:35:02.117Z,Swift and Sons,false
d76c0e59-b7ee-4230-a1fd-74171055b55f,2021-07-11T05:57:08.001Z,Douglasworth,Louisiana,Italy,-64.8067,-76.9078,bellicus,cernuus,capitulus,strenuus,absum,admoveo,crinis,48,141.00916725818269,27,adimpleo,4,1,4,true,0.19504200599517346,2018-06-10T20:32:27.071Z,Cole - Walsh,false
151b3368-37e8-4277-bb78-4bdbd1e8e8a0,2021-07-11T04:02:27.959Z,Lake Citlalli,Tennessee,United Arab Emirates,-74.5137,144.9159,appositus,inflammatio,arceo,statim,aufero,vel,provident,34,79.92348734228352,23,canonicus,4,2,1,true,0.15597781041677422,2025-02-13T11:03:09.525Z,VonRueden Group,false
7f5c845e-292f-454b-a47d-725fca4df096,2019-12-30T00:29:33.840Z,East Jalon,Nevada,Nauru,31.7648,138.1048,ducimus,ver,tego,tonsor,agnosco,corrigo,theatrum,118,133.75042410746258,25,adduco,5,1,4,false,0.091044160184646,2023-10-08T08:58:01.168Z,"Runolfsdottir, Pfeffer and Hilll",false
f4f580fb-ec85-4436-8a37-7a94028a78d2,2020-03-09T08:15:47.141Z,Lakewood,Oklahoma,Andorra,85.0816,-164.5423,arx,vere,ipsa,crudelis,tametsi,canonicus,autus,64,237.9411481692041,100,utpote,3,0,1,true,0.21618896594617357,2018-05-10T07:16:05.936Z,Koelpin Group,false
8b4bd51f-2eb9-45f3-9435-12ace06d6f54,2019-11-09T06:53:43.478Z,Burien,Oregon,Niue,9.9444,75.3496,utrimque,cras,deporto,cultellus,socius,clarus,claudeo,81,156.58785650290153,31,decimus,1,1,5,false,0.0024912010004170537,2020-01-25T09:19:44.217Z,Gislason - Franey,false
f5b8e85d-77e1-4a20-9316-191ed74067f8,2020-08-27T19:47:37.029Z,Covina,Connecticut,Bhutan,50.5169,-4.3085,tremo,ambitus,pauci,dolores,peior,recusandae,saepe,60,63.308625887661655,30,coepi,5,0,5,false,0.2402495801484186,2023-10-01T06:23:47.954Z,Lockman Group,true
d8d87dae-7a11-411d-b3b9-a6dde1959753,2025-04-26T18:47:13.813Z,Faheychester,Delaware,El Salvador,62.9299,9.1799,centum,cuius,absque,campana,ustilo,cuppedia,clamo,55,11.747365495240505,67,deinde,2,1,3,true,0.05196241011921887,2025-12-30T00:25:50.935Z,Upton - Littel,false
aad27cf5-780f-42c8-80a3-633b6cada69c,2022-08-10T14:39:10.520Z,Luisaside,Utah,Liberia,-62.7176,-43.8668,civis,arbitro,bestia,aeneus,deduco,vereor,copia,61,181.3151609091719,36,audax,5,1,2,false,0.18505557204085976,2022-01-06T06:32:23.387Z,Macejkovic Inc,false
8dff1c4c-b43b-4d0e-a490-5e0704479336,2021-09-09T02:42:17.498Z,Kassulkeport,Minnesota,Sao Tome and Principe,-28.6686,128.0957,bardus,minima,quia,thema,vita,ustilo,amplexus,81,128.8485590501627,69,crapula,2,1,1,true,0.24595672391062745,2020-01-13T02:54:07.188Z,Hintz - Lind,true
b7be8862-872a-48dc-b59d-466383f7bf65,2019-10-01T23:43:37.347Z,West Janyport,Vermont,Denmark,-11.5015,-113.4094,amaritudo,curvo,terebro,triumphus,tempus,bestia,ager,100,123.73465245029382,22,terebro,0,0,5,true,0.18965212542399051,2019-08-29T19:07:37.671Z,Koch Inc,true
4df6012e-1b65-40a5-8bba-8e065b7ff5cb,2021-11-28T13:35:00.074Z,Lake Margefield,New Mexico,Democratic People's Republic of Korea,-77.4624,-65.9127,aestivus,venia,cursim,careo,pecus,eum,viduo,109,5.084190927778733,19,theca,6,2,3,false,0.19846214131779105,2023-05-18T17:21:31.494Z,"Kihn, Conn and Schulist",true
9b35f833-158a-4428-9e2e-4db5854c65e8,2018-02-28T04:25:54.477Z,Swiftchester,Rhode Island,Uruguay,39.9776,-14.8518,beatus,vetus,caecus,stillicidium,cum,victus,voluntarius,50,19.852469931123878,27,beatae,5,0,4,false,0.1785642753462933,2019-08-09T01:44:58.323Z,Hand Inc,false
8f25386a-8e00-40f2-9a88-768d4de9fda1,2020-11-14T04:30:01.955Z,North Guiseppeworth,Vermont,Moldova,-25.9214,54.1644,verus,ratione,thesaurus,tabernus,appositus,desidero,sopor,47,121.830646259196,22,amor,2,1,1,false,0.007580836689584397,2019-07-03T18:08:49.539Z,"Graham, Huel and Crist",false
7635ded6-75ac-4070-b11f-b12b7f1d4908,2021-12-27T20:49:31.463Z,Sydneystad,Indiana,Falkland Islands (Malvinas),43.3779,-73.1716,attonbitus,conatus,victoria,infit,ab,thema,incidunt,41,229.08438498431096,55,coepi,5,2,5,true,0.04670833628439658,2024-02-01T10:27:14.267Z,Torphy LLC,true
bdf0f606-076d-43b4-ba77-a18271c3ec98,2021-06-05T03:02:00.075Z,Lefflerberg,Iowa,Indonesia,-26.8763,7.7704,curiositas,umerus,cupressus,tripudio,conscendo,mollitia,curia,65,106.40918972377123,39,tergiversatio,2,1,3,false,0.1725418979590913,2018-11-21T16:10:07.765Z,"Considine, Klocko and Crooks",false
ea53d0ec-2b4f-4e0f-af24-a50e274d3546,2018-12-27T03:34:49.026Z,Gardnerworth,Missouri,Mauritania,10.7367,-163.3928,peior,bonus,constans,ager,colo,tergiversatio,fugiat,30,179.21347403971328,68,tabernus,4,1,2,false,0.10686454466051701,2025-07-01T06:55:25.517Z,Pollich LLC,true
6958c963-348c-4f5f-b6b4-f3b91972f4db,2022-05-31T18:15:03.796Z,South Coleman,Ohio,Iraq,33.9326,143.3484,quaerat,amicitia,virga,cresco,annus,aperio,ipsum,37,128.35042465460793,76,coniuratio,1,2,3,true,0.11164933199126748,2020-02-05T07:03:53.360Z,Mante - Smitham,false
388299f0-2b4b-44d5-b060-fc463a0c5ed3,2020-07-30T16:47:07.998Z,Lynchfort,North Dakota,Saint Vincent and the Grenadines,43.3737,119.1129,absorbeo,voluptates,conservo,utor,decimus,nesciunt,vir,77,41.685546274728836,17,adiuvo,3,0,2,true,0.0071571624990761085,2023-11-24T23:57:30.328Z,Schiller - Maggio,true
2352c459-e78d-414a-9431-dfc9f850c1b0,2021-09-04T02:34:20.675Z,Esmeraldaberg,Idaho,Kuwait,57.336,-106.6677,tabgo,celer,depraedor,altus,cena,veritas,acceptus,92,46.777195551248795,27,usitas,3,0,4,false,0.043768189876756736,2025-07-20T15:39:42.946Z,"Breitenberg, Little and Willms",true
d6d29be2-2fa4-4937-8828-ee665f7b6b8d,2024-09-30T04:23:04.717Z,Madera,Connecticut,Christmas Island,87.7447,166.9839,sequi,fugit,vita,earum,copia,bonus,amplitudo,95,52.98913390945438,49,spiculum,3,2,4,true,0.1181983748280715,2022-09-10T20:34:52.174Z,"Hickle, Fay and Rempel",false
1fe18f0d-73a1-48a5-bea5-1b4f228d687d,2023-05-24T12:37:31.556Z,Poinciana,Oklahoma,Lao People's Democratic Republic,-85.2339,-6.0917,thesis,viscus,quo,vesper,sub,delinquo,alias,98,234.2988785543056,98,studio,0,0,1,true,0.0525871294034824,2020-07-04T16:30:51.410Z,"Goodwin, Lindgren and Bosco",false
2ec96e03-6508-47f7-bd4a-5ba864e7148b,2020-11-03T04:02:36.778Z,West Niacester,Pennsylvania,Jordan,-10.3076,-19.1345,adflicto,coepi,claudeo,utroque,conscendo,utilis,cubicularis,63,8.647713185026422,42,avaritia,2,0,4,true,0.15537423545620038,2022-02-27T14:06:40.517Z,Rogahn and Sons,false
29d0aef3-b208-403c-b22c-58bdd1dbd4fe,2022-07-23T06:25:53.784Z,Aufderhartown,Vermont,Cambodia,-54.5329,57.1608,cometes,toties,adduco,surgo,molestias,sumptus,tum,60,130.7905552312439,95,tergiversatio,3,2,4,false,0.09478688676205513,2020-08-28T02:06:58.183Z,"Treutel, Lowe and Lang",true
910a3873-2f52-4ead-a7dc-7894ccef6bc8,2023-06-03T01:22:47.626Z,Oceanside,New York,Bolivia,44.2263,-72.8619,unus,vesco,adflicto,appono,absque,stillicidium,censura,118,101.12625518878359,92,vorax,3,0,2,true,0.06395133993421895,2022-05-30T06:34:45.230Z,Doyle - Walker,false
85dd4438-1255-4369-a323-ca0ca0b89db5,2021-09-09T09:42:54.377Z,New Mohammad,Alaska,Portugal,53.2299,-14.6373,blanditiis,ab,valeo,consequuntur,caute,attero,eligendi,113,86.761225115618,31,dedecor,2,1,2,true,0.062909631718607,2018-02-15T07:25:24.218Z,Jacobs - Stehr,false
3aaa40de-3cf1-4538-a7ca-bd82acdc67ed,2025-11-04T09:10:00.441Z,North Trevion,Wisconsin,Turkey,79.0327,-69.3968,defungo,velociter,argentum,arcus,vox,sustineo,studio,70,128.70054146895964,46,thesaurus,6,2,4,false,0.1789698881813818,2022-11-04T18:48:41.468Z,Grimes Group,false
4303047f-0a7a-4c86-8d30-bac8ddd7fa76,2022-03-05T18:49:19.788Z,Fort Polly,Alaska,Latvia,11.6007,-164.6004,vaco,desolo,exercitationem,ustilo,attollo,capitulus,calculus,121,64.9629549237201,75,adficio,0,1,3,false,0.07242509808112368,2019-12-04T19:34:57.666Z,"Rodriguez, Feil and Renner",false
7d1d1ef9-0f5b-49c9-985a-ade708a42dec,2024-09-26T11:23:02.117Z,Monroe,North Carolina,South Georgia and the South Sandwich Islands,-24.8109,179.4735,coniuratio,cruentus,acquiro,sint,abscido,abscido,curo,48,32.482940095421625,52,vigilo,5,2,3,true,0.09165108876210454,2022-10-30T16:24:40.545Z,Hyatt Inc,true
b18f87f7-85f7-4731-af59-8a00406a26f6,2018-01-21T15:09:46.550Z,Wainoshire,Maryland,Equatorial Guinea,23.7338,25.5239,deludo,validus,pariatur,laborum,tumultus,sursum,angustus,130,96.99144839636585,22,voluptas,0,0,2,true,0.23208098519839587,2023-08-09T02:35:51.669Z,King Group,false
f74cba92-7319-4cf8-b0ba-693fef26c9a8,2023-10-07T19:23:17.279Z,Balistreriside,Nebraska,New Caledonia,87.1013,62.2949,cruentus,subito,asporto,vigor,consequatur,virtus,conqueror,106,108.2303425050203,84,facere,4,0,3,true,0.23316247753443176,2023-01-07T18:10:40.001Z,Nader Inc,false
40ced370-c2cd-448d-87dc-702717163fb9,2022-05-28T18:31:53.919Z,Littelborough,Arkansas,Cyprus,-32.3543,36.1523,crudelis,ustilo,valde,voveo,abscido,celebrer,copiose,116,133.3554361239269,58,curiositas,2,2,1,false,0.21944422201550912,2018-09-12T21:10:49.896Z,Deckow - Russel,false
dfef80dc-242c-4902-bf3b-9b5d7289df92,2023-12-13T00:13:24.184Z,Port Meggie,Michigan,Uruguay,70.3958,-20.7286,illum,veniam,vos,deinde,cursus,vicinus,recusandae,68,105.79565134519251,25,copiose,4,2,2,true,0.09704837692816976,2018-08-23T12:42:39.368Z,Mante LLC,true
c86803b2-21f8-4075-8af1-e67ab70c0094,2023-01-28T04:59:07.132Z,West Maria,Arizona,Sao Tome and Principe,38.4219,13.9227,torqueo,alo,confido,amiculum,tutis,solvo,volo,76,238.0101165466283,78,talus,3,1,2,false,0.1624486880860372,2022-11-02T01:34:27.039Z,Pfannerstill - Schamberger,false
a6ad599a-5d23-48e1-a13a-2a79c402d80a,2020-11-02T00:46:04.691Z,Littlebury,Nevada,Greenland,-17.7902,-108.2319,adsuesco,basium,dolor,animi,pauper,armarium,vere,26,2.9172635061166385,34,absum,2,2,2,true,0.14685010932454884,2021-10-15T11:54:40.371Z,"Parisian, Cruickshank and Senger",true
8e88110b-1b0d-475a-8dcf-ee3ecd5fa967,2025-11-10T20:35:30.582Z,Lake Elliotton,North Carolina,Sudan,74.3766,-116.0264,addo,cicuta,depereo,delinquo,vallum,aqua,impedit,44,137.67089138265064,87,depromo,2,2,4,false,0.14584324528964554,2024-08-11T02:39:58.261Z,"Durgan, Cartwright and Oberbrunner",true
9807b574-f628-4cc7-958f-964f3c23afe1,2025-08-29T08:47:25.569Z,Garland,Colorado,Lithuania,-49.871,124.7142,averto,debilito,aliquid,tenax,terebro,depraedor,cenaculum,98,46.05773725420467,61,testimonium,6,1,4,true,0.22594197867662888,2019-11-08T15:19:02.586Z,Bernier and Sons,false
9b8f023d-79a0-463c-8297-ac6de3991ed8,2023-03-23T16:04:48.952Z,New Annabellefield,Oklahoma,Guinea-Bissau,79.7901,154.4641,campana,ceno,canto,ipsum,cupressus,subiungo,stillicidium,80,134.8652731138157,85,curvo,0,2,2,false,0.24930233426739196,2023-02-22T11:05:21.920Z,Yundt - Farrell,true
e83fe424-d82e-46d7-af0c-be2b45abb67f,2020-07-04T15:46:43.982Z,Aubreeborough,New York,North Macedonia,53.2505,-116.9802,accendo,conqueror,colo,solus,stillicidium,surculus,tres,34,154.40123214508847,83,supra,3,0,3,false,0.000049634946335058716,2020-01-21T15:06:43.991Z,Mueller - D'Amore,false
c1070a9a-c3bd-4992-8970-79f2b6be969d,2019-09-28T12:37:44.984Z,Port Arthur,Arkansas,Azerbaijan,3.2453,-55.5145,compono,talio,coma,decretum,curia,vomer,laborum,100,193.65602475434514,30,virgo,5,0,3,false,0.05062193813803045,2020-12-16T19:19:30.384Z,"Bauch, Green and Lueilwitz",true
219f34d6-ab63-4d3e-adda-343563d5767d,2018-05-08T11:30:32.951Z,Port Grant,Kentucky,Guernsey,-46.4878,-145.7368,aliqua,voluptates,super,vetus,capillus,valde,dolores,87,63.176641894927684,70,sumptus,6,0,2,true,0.21971089332509489,2025-06-23T05:17:20.081Z,Schuppe and Sons,false
5485adc9-7ede-4db0-b0c1-3b9387eaced2,2019-08-12T23:39:32.437Z,North Bennymouth,Georgia,Eswatini,-45.2219,-15.7944,cur,voluptatem,laudantium,debeo,clibanus,eveniet,earum,93,224.42404483256212,83,curto,0,0,4,true,0.06972574964842118,2020-02-10T15:56:25.923Z,"Murray, Oberbrunner and Bernier",false
195e47fc-7565-421d-90a4-0b3486d0100a,2021-06-24T19:38:56.071Z,Harrisstead,Wyoming,Equatorial Guinea,-20.5597,159.6449,solutio,fugit,minima,conculco,teres,quaerat,bene,127,204.59605399176885,18,vulnero,4,2,5,false,0.2141987646827766,2024-04-08T17:50:20.101Z,"Purdy, Schulist and Herzog",true
ff055906-6702-4203-a477-1ea2e4887c76,2024-11-03T14:58:27.165Z,New Alexandreland,South Dakota,Senegal,-70.5366,11.453,sui,articulus,auditor,vox,adduco,acquiro,decumbo,57,67.5026863520891,40,vero,6,1,4,false,0.12754031171969218,2024-09-11T02:05:19.382Z,Lebsack and Sons,true
2bb52d26-a0ce-4f75-9484-c1e956e30f3b,2020-10-28T18:09:03.988Z,Gislasonberg,Idaho,Georgia,-57.2107,119.232,defendo,commodi,corporis,vivo,adfero,temporibus,virtus,88,99.05808033796754,45,tibi,6,2,3,true,0.2004099540253354,2023-03-01T09:50:04.693Z,Schowalter LLC,false
4db361bd-b1a8-4bd4-8782-d70649c769db,2025-10-07T03:09:03.349Z,Gunnarbury,Texas,"Virgin Islands, British",-4.0091,118.0611,capto,cribro,suasoria,voco,totus,clam,crepusculum,80,233.6029366335186,28,dedecor,0,0,1,false,0.24450354339777283,2023-12-25T23:07:52.718Z,"Larkin, Feil and Hermiston",true
c6a5fb99-62d8-4066-98c8-7391b70ba630,2019-02-03T02:26:26.444Z,Larsonland,Virginia,Netherlands,-54.2254,-176.8005,conatus,spero,volaticus,benigne,supellex,aestus,compello,127,48.36604222791646,95,spectaculum,1,1,3,false,0.18805330077165625,2024-10-10T00:36:52.274Z,McCullough and Sons,true
dcf0e0f1-293b-4eef-b81f-936de0b1a740,2020-03-09T08:27:32.455Z,Reeceville,Michigan,Uganda,-40.8873,-35.4902,demulceo,desino,adipiscor,suspendo,tres,votum,conspergo,58,153.28055257168276,63,sperno,1,2,5,true,0.2243037121483501,2020-11-28T04:20:06.186Z,Rodriguez - Schumm,true
87b763c5-6cad-45f6-83f1-171b33f2cbdd,2025-07-19T03:37:37.539Z,Henderson,Indiana,Aland Islands,-22.4218,-129.2879,sapiente,conservo,culpa,custodia,atqui,cras,tergum,63,189.15169097004252,78,solitudo,3,0,2,false,0.11230645060368319,2018-11-20T18:52:26.893Z,Effertz - Jones,false
579d6c27-1ac5-4943-9794-97e48740ce54,2018-10-07T12:03:34.150Z,Zackcester,Connecticut,Mauritius,-78.979,62.7358,calculus,theologus,arx,textilis,verbum,audio,centum,46,0.16579712570311322,61,desolo,4,1,1,true,0.13918101865975951,2023-10-02T11:45:59.678Z,"Leuschke, Abernathy and Reinger",true
75515246-6469-4fe0-829b-948d735a4feb,2020-07-29T13:11:08.269Z,Watersfurt,Kansas,Cayman Islands,89.2259,-39.1014,denuo,candidus,aperio,corpus,utrimque,deinde,quas,71,199.28658237650785,85,velut,4,0,1,true,0.19142923436291462,2024-07-05T01:03:20.579Z,"Abernathy, Jacobs and Prosacco",false
12dd5788-2a03-4816-8405-d78dfb5cdb8f,2023-08-13T11:14:23.396Z,Lake Jamilstead,West Virginia,Montserrat,88.852,-161.61,concedo,versus,caritas,viduo,architecto,patrocinor,voco,79,235.62222298001555,23,alius,2,1,4,true,0.0440709147453715,2021-07-24T04:42:25.713Z,Reinger Group,false
99feba71-1361-420a-b06d-3ed4d9249b61,2020-04-23T05:53:05.076Z,Catharinemouth,Oregon,Benin,-15.0114,109.5202,adversus,cariosus,caput,canis,illo,credo,fugiat,82,8.90251768454978,33,aequitas,6,2,5,true,0.10012089254689677,2020-04-11T10:16:34.300Z,Kerluke - Waelchi,true
3454b8d0-d74c-4960-ae9d-e413fed42f48,2022-10-16T17:31:57.000Z,Boyerstad,Mississippi,Armenia,87.0391,113.2186,tibi,abstergo,at,surculus,carus,colo,angelus,30,151.48267000188775,89,nihil,1,1,2,true,0.15671926525524055,2021-09-30T03:14:58.792Z,"Schinner, Ryan and Cartwright",false
e8d94654-a41d-4c45-9f31-999930395be6,2023-11-21T23:23:38.556Z,West Anahi,New Mexico,Seychelles,33.0836,55.5684,vesica,tertius,ex,enim,conitor,consectetur,villa,57,63.16126187637296,50,saepe,5,1,5,true,0.18025327927972773,2022-01-11T19:24:10.096Z,Monahan - Ratke,true
2b974d9c-dc8b-4952-a48c-dce12a67d222,2025-08-01T02:07:15.346Z,Fort Ken,Michigan,Gibraltar,11.9943,55.5199,audio,nulla,angulus,necessitatibus,curto,consequatur,video,46,151.72919589573135,30,bellum,1,1,5,true,0.06850913272665737,2024-06-13T13:42:56.456Z,"Marks, Erdman and Jerde",true
7945564c-04f2-47be-b608-554e515de7f1,2020-05-15T10:25:31.460Z,Fort Leilani,Nebraska,Mayotte,-31.7885,140.3024,atrocitas,cursus,ago,verus,amplus,arguo,carus,84,140.2252122619523,63,surculus,5,0,3,true,0.1716379918745629,2020-11-25T02:14:36.932Z,"Rowe, Kris and Denesik",true
a5f1feb6-9b35-4f83-bf23-894f1b39d795,2022-12-30T16:42:50.431Z,South Janet,Kentucky,Afghanistan,-34.587,-134.8899,apud,tabgo,molestias,advoco,cavus,cultura,testimonium,91,79.54021645840326,61,solutio,2,2,2,true,0.14142939767230445,2024-08-29T03:42:13.529Z,"Rempel, Funk and Dare",true
627976d1-f12c-453f-98ed-fffaad27f4a5,2020-05-01T18:32:41.600Z,New Citlalli,Massachusetts,Cocos (Keeling) Islands,-1.5912,103.4085,voco,ocer,vulpes,tabernus,molestias,harum,ciminatio,116,118.53491746449112,36,ulciscor,1,2,5,false,0.2260532339320549,2025-03-07T08:58:49.753Z,Kohler - Gislason,true
b8004084-222f-4611-9b57-12c6e71e50ff,2018-07-11T10:33:11.880Z,Linden,Delaware,Pakistan,30.1234,113.6354,sumo,sto,acer,animadverto,atque,acerbitas,vicinus,125,82.78543872150604,45,taceo,2,1,3,true,0.03506633414969473,2025-03-10T15:13:25.753Z,West - Lowe,false
1bfdb21d-9dc5-49fa-b891-58a69695cb2b,2020-07-18T06:25:53.977Z,South Lilianaboro,Arizona,Panama,-79.0451,71.2175,atque,capillus,sordeo,utilis,tolero,alienus,absque,23,116.4426764261845,38,appono,1,0,1,true,0.08612410186742575,2024-11-05T16:51:05.673Z,Lubowitz - Oberbrunner,false
93896b08-d01c-4f6d-b6cb-26b951ff311c,2022-08-22T08:16:45.034Z,Lednerfield,Kentucky,Tanzania,80.4592,-103.5582,vapulus,tredecim,cerno,quaerat,subvenio,autem,temeritas,31,220.2646505541261,100,venustas,6,1,4,true,0.17022289128044196,2023-06-09T18:14:50.210Z,"Jenkins, Schiller and Hyatt",true
e6fc4b8e-48e0-4b11-86ad-e648c43c20d8,2020-09-11T16:15:18.633Z,San Diego,West Virginia,Oman,-56.728,-24.5939,veniam,vehemens,cubicularis,voluptatem,vito,suasoria,cado,110,235.4030277007322,46,comminor,2,2,2,true,0.13275272066762459,2018-11-01T13:02:03.437Z,Connelly LLC,false
edcac931-53ce-47e2-870f-90fb9c7ea833,2018-02-02T06:05:34.991Z,Tiarafurt,Kentucky,Austria,44.3336,-3.0907,vix,tabgo,absens,tardus,vitium,canto,velum,81,7.236614577209899,84,volo,2,2,3,true,0.12636248071221745,2018-02-22T04:01:23.714Z,Lesch LLC,false
9c37bd64-93a1-4b16-a2a6-e2368b1909a0,2019-05-05T23:57:46.350Z,Litzyfort,Vermont,Falkland Islands (Malvinas),69.2026,97.8927,optio,sto,teneo,comparo,recusandae,crinis,incidunt,67,53.18315821386123,80,adipisci,5,1,5,false,0.23834938882918816,2022-01-08T14:29:54.585Z,Heaney Inc,true
00a8f285-2b65-4aa3-a297-69182194639f,2025-03-24T17:50:10.925Z,Keller,Florida,Hong Kong,-44.1858,-20.2584,curatio,eligendi,aureus,tandem,deleo,pecto,demens,91,108.3033981019161,44,suppellex,2,2,4,false,0.20231621146710152,2023-11-05T10:22:40.991Z,"Keebler, Sporer and Glover",false
4b8569ce-305d-4e3c-ab09-018717cb07cb,2018-05-02T19:58:10.804Z,East Roelberg,New Jersey,Burkina Faso,44.5408,65.595,quos,ventito,pecco,compello,tracto,eligendi,admoveo,34,21.572512407151983,42,ascisco,6,1,2,true,0.1183061810372294,2024-03-15T08:37:47.183Z,Grady - Padberg,true
daaedeae-d458-4179-81e7-48b86c39e80c,2023-08-10T02:55:19.688Z,Kaylahstead,New Hampshire,Somalia,-38.1697,136.0771,coma,peccatus,tutamen,coepi,amicitia,voluntarius,vehemens,111,107.75207597366514,76,undique,2,1,3,true,0.1877605624421381,2021-12-24T16:31:41.095Z,"Wiza, Adams and Beahan",true
8a3c0e11-dbf7-45dc-97ce-504e87421643,2020-10-14T21:42:57.143Z,Fort Augusta,Nebraska,Montenegro,15.055,-75.408,validus,illo,cibo,vesica,perspiciatis,defluo,creptio,75,66.52400372658464,89,corporis,0,0,4,true,0.045865196927665886,2025-09-24T08:57:34.704Z,Rippin - Gibson,true
b64f869f-9191-47e6-a5fd-c17bef2759fd,2023-02-23T00:54:09.822Z,Schmelerfield,Texas,Ethiopia,17.4147,77.4174,virga,absum,coruscus,angustus,rem,convoco,carpo,71,105.62881889951575,68,tenus,1,0,4,false,0.20112281547361205,2018-06-28T00:55:31.027Z,"Carroll, McClure and Kertzmann",false
44c41e6f-db75-42ca-af8c-4b1640636855,2021-03-13T13:21:08.528Z,South Florian,Texas,United States of America,-42.3086,131.9246,vorax,decor,aperiam,cuius,alii,corrumpo,amor,42,109.05803250882695,66,desparatus,1,1,1,true,0.08529362806892035,2020-03-19T16:56:04.234Z,"Farrell, Green and Maggio",false
82cfcb41-cb18-4544-9096-566bfadad523,2022-07-03T10:14:38.149Z,Nathenview,Washington,Palestine,61.1658,20.4154,caecus,caecus,calco,damno,decerno,volo,rem,51,203.6839887435019,23,voluntarius,5,0,5,false,0.021088755256349012,2020-02-11T13:30:47.463Z,Bernier LLC,true
67c353b8-89dc-4002-afc0-785a78a7d685,2018-11-29T21:55:58.057Z,Lake Juwantown,Hawaii,Guinea-Bissau,-38.8384,-40.8416,vel,ventito,canonicus,degenero,sit,sumo,video,47,114.2632830059213,51,cena,5,2,4,false,0.0811389312982739,2021-12-19T20:31:08.212Z,"Pagac, McLaughlin and Schultz",false
727b13ae-97a7-4541-9af0-191831ccc53b,2019-03-17T06:41:53.689Z,Jamelburgh,Washington,Isle of Man,-32.8883,-72.5271,deripio,magnam,cervus,articulus,libero,custodia,abstergo,28,34.45683632104611,33,in,3,2,3,false,0.10430754769145945,2024-05-20T02:18:30.088Z,Bosco LLC,true
dee760a8-0b13-4e8b-b94d-3a1ffcc969a7,2023-05-03T19:08:00.206Z,North Rylanfurt,Kentucky,Afghanistan,57.8871,15.6746,adsum,strues,virga,ambitus,bellicus,ait,theca,70,96.58433376226827,25,cerno,0,0,2,false,0.23841043097273631,2024-04-04T23:04:39.002Z,Stoltenberg - Keebler,false
008eb21c-981e-4e45-8451-4738abc71a7e,2018-10-28T01:10:56.885Z,Lake Otiliaburgh,Alaska,Nauru,-34.9132,22.2469,aro,convoco,saepe,aggredior,vulariter,aer,asperiores,95,28.35894390892812,51,vulpes,4,2,1,true,0.20142047346332248,2024-08-23T21:18:20.902Z,Sipes Group,false
d18f282b-2963-4e56-b084-f0306786ecf6,2020-09-29T19:47:43.153Z,New Chrisborough,Ohio,Guam,48.2377,73.4848,vito,praesentium,caput,cogito,vesco,soleo,qui,27,122.37661033845578,22,sopor,5,0,5,false,0.16166498297709747,2020-02-09T19:32:44.651Z,Wiegand LLC,false
f3794989-c75c-4437-901f-27db059b5808,2022-06-29T04:25:49.805Z,Lake Savanah,Georgia,Bhutan,-24.6169,83.8643,mollitia,tergo,audacia,aiunt,consuasor,esse,deprimo,74,192.66390584492416,45,confido,2,2,4,true,0.0631777644806921,2023-04-08T16:36:02.104Z,Walsh - Cummings,false
83342d1b-437e-42dd-a099-d3cfe19f3e15,2024-05-14T23:11:24.500Z,Rosalindville,Rhode Island,Niue,-32.9519,31.2988,cura,approbo,blandior,caecus,aranea,cedo,somnus,109,124.97095039714472,37,stella,1,0,1,true,0.21375695993893998,2022-06-20T09:09:41.566Z,Hegmann and Sons,true
e0cfd7d9-f905-4c7f-9430-007bf4a9937b,2018-05-29T15:24:33.810Z,Fort Mariela,Wisconsin,Saint Martin,15.9271,-34.3885,confido,absconditus,perferendis,vae,coniuratio,vulticulus,eius,67,41.579645144616954,36,cauda,6,2,4,false,0.14657127357575533,2019-06-01T20:32:48.066Z,"Daugherty, Collier and Kling",true
5ebd6092-4700-4615-910e-337090ef7b61,2021-07-27T10:02:33.159Z,Melvinaland,Ohio,Anguilla,-38.8308,-150.5231,desino,apparatus,viscus,totus,ratione,alioqui,celer,25,235.9907918150385,42,congregatio,2,2,4,true,0.12139189201343997,2023-07-31T10:32:11.432Z,Koch - Bode,true