accident_id,incident_datetime,city,state,country,latitude,longitude,road_name,road_type,intersection_type,accident_type,weather_condition,road_condition,light_condition,speed_limit,actual_speed_kph,driver_age,driver_gender,casualties,fatalities,vehicles_involved,alcohol_influence,blood_alcohol_level,weather_reported_at,reporting_department,pedestrian_involved
05f81f77-32d5-4da9-a04d-c48ed281854f,2022-06-16T10:47:19.057Z,North Sarahchester,Utah,Northern Mariana Islands,44.1481,81.4726,conor,libero,tibi,adamo,vinculum,quis,balbus,65,148.26626989326328,97,cunabula,0,1,1,false,0.18509099544785357,2019-10-03T07:42:33.840Z,Borer - Adams,true
bc9a2a18-ccc7-4142-b190-cb91604c48c3,2021-08-28T20:03:07.134Z,New Cyrushaven,Texas,Republic of Korea,-34.8282,-99.88,crapula,deleo,cogito,crudelis,triduana,baiulus,celebrer,55,173.1955253518959,53,pel,5,1,3,false,0.15026610130624457,2022-04-16T11:54:25.839Z,Franey LLC,false
6fddf729-2963-4cb1-b5c4-562d4cb2eaa0,2021-11-17T15:42:57.513Z,Bergnaumboro,Rhode Island,Saint Barthelemy,-70.2986,-47.5638,bestia,alioqui,exercitationem,curatio,veniam,amet,sollicito,67,5.488612501730543,77,apparatus,2,2,3,false,0.10314390016566508,2023-03-18T16:51:04.410Z,Doyle LLC,true
6859709c-08db-46c2-bca7-56ead5d8f3da,2024-08-01T16:48:48.005Z,Lake Camilla,Washington,Sao Tome and Principe,-12.2446,-99.4804,triumphus,suppono,adflicto,adfero,vestrum,delibero,eaque,21,117.55708526989969,17,averto,6,2,1,false,0.22409104734661042,2025-09-19T11:32:57.120Z,Sipes - Kassulke,true
0784aff1-0811-4baa-9540-0089b554f68c,2023-09-08T12:12:04.798Z,Rempelburgh,Arkansas,Spain,37.8248,6.2175,maiores,terreo,ulterius,aer,degenero,temeritas,adnuo,130,157.21091113465332,80,sequi,1,2,5,true,0.20791235135377195,2018-09-17T12:05:32.988Z,Barton - Runolfsdottir,true
ca4bb85c-2d85-4ae6-bda9-fc030d1e3094,2021-08-15T07:11:23.005Z,Odellworth,New Mexico,Turks and Caicos Islands,-66.4324,-100.6997,stella,odio,harum,cursim,talio,vobis,summopere,28,73.73032481847245,20,adulatio,6,2,3,true,0.11123753173919648,2018-11-24T18:40:16.472Z,"Wiegand, Jenkins and Connelly",true
e892383c-af50-45d7-823b-0f788b84a7ab,2024-12-14T18:59:06.652Z,Huelshire,Wisconsin,Papua New Guinea,3.1774,-152.296,aegrotatio,atrocitas,supellex,defendo,cuppedia,crapula,cunabula,86,175.42387824992002,100,volva,4,1,4,true,0.10166627827134361,2020-08-27T22:04:29.025Z,Kirlin - Leannon,true
5210e6a0-e9e8-46f9-9b25-58f38c765ad7,2024-04-09T23:14:30.228Z,Brayanshire,Oklahoma,Curacao,-3.007,64.15,vero,aro,accommodo,utrimque,ustulo,defungo,acerbitas,44,89.27465503366237,88,conforto,3,1,5,false,0.06866607911140246,2023-03-29T14:36:19.110Z,"Schmidt, Upton and Moen",true
d4be9197-b9b6-4d56-b075-2cf0ad3b8002,2024-07-06T00:39:17.766Z,Yonkers,North Carolina,Palau,10.9949,64.768,traho,tardus,triumphus,spargo,asporto,debeo,eveniet,63,199.68034433093885,98,contego,6,2,4,true,0.04050948356247075,2018-10-19T14:06:16.992Z,"VonRueden, Gislason and Rempel",false
19954390-a3f7-48f4-a2d9-7f39ea70c374,2025-01-13T05:18:55.270Z,East Samsonshire,Hawaii,Marshall Islands,19.3716,121.2407,contabesco,claro,abeo,coniecto,coruscus,vapulus,inflammatio,55,106.51317025684929,41,placeat,6,1,5,false,0.11179785126034872,2019-11-25T00:16:13.370Z,VonRueden Inc,true
5c21938f-f4c7-494a-9449-2875852e5000,2023-05-01T00:18:14.250Z,Temecula,North Carolina,Seychelles,-81.6449,-144.243,victus,inflammatio,adeptio,creator,armarium,armarium,utpote,98,149.8743040711411,30,utpote,5,1,2,true,0.05457167524158488,2020-04-13T18:16:25.799Z,Friesen - Haag,true
23c3b95f-8a05-4e0a-864f-a6b9a93e7003,2019-05-25T17:27:05.558Z,East Sarahton,Delaware,Montserrat,-18.6778,-45.7528,ara,cresco,demulceo,cohaero,deleo,territo,addo,35,18.537991856667986,83,sapiente,2,0,5,false,0.09238063170498476,2022-03-29T00:44:05.244Z,"Mertz, Hoeger and Mann",false
a7babb73-3cee-474c-bcc2-7eb22bba3078,2020-10-18T19:56:18.534Z,New Lenny,Minnesota,United Arab Emirates,-82.2534,-47.9016,ipsa,benevolentia,bibo,spiritus,videlicet,advoco,vesper,76,130.8081054600116,65,terebro,3,0,4,false,0.0011497541981648207,2025-08-08T01:25:58.870Z,"Erdman, Nader and Powlowski",true
4296d0a6-51ac-4275-a82c-358fd1b732cd,2025-07-04T12:22:39.646Z,West Laurystead,New Hampshire,Norfolk Island,-24.5007,38.6339,adiuvo,delibero,adipisci,voluptate,colo,summisse,deficio,20,138.8176536625111,37,minus,1,1,4,true,0.012670260423597507,2022-01-02T17:30:19.834Z,Carter Inc,true
afb87413-f465-4bb3-bd4e-21df7e267775,2021-07-24T07:55:39.207Z,Schusterville,Oklahoma,Democratic Republic of the Congo,-56.3391,0.4733,vester,claudeo,contra,vinitor,aliqua,suggero,vulticulus,74,116.54427169358372,33,audio,0,0,2,true,0.2082467162968782,2025-09-28T15:23:17.201Z,Brekke - Carter,true
1ac79253-7d5d-4d82-82b0-5ea75df93835,2019-09-17T13:07:48.238Z,Arlington,Texas,Antigua and Barbuda,69.7735,24.479,color,uxor,pecto,vereor,ascisco,defaeco,vere,21,229.47925306010325,74,absque,0,0,5,false,0.07130443518444768,2020-01-09T04:38:05.167Z,"Bergnaum, Schoen and Rempel",false
df5884ef-29b9-413a-81e7-a3a3917a70f9,2025-12-04T23:02:22.824Z,Kokomo,Kentucky,French Polynesia,-47.3462,-12.7897,constans,cupiditas,eum,venio,sollers,vomito,vindico,56,89.38914548754954,73,tego,6,0,4,true,0.21928049972372063,2022-07-21T03:18:16.384Z,Rath - Jerde,false
35bf35c2-c01c-4ea7-8a27-15060b3589c4,2024-06-27T00:07:14.095Z,Jerrellburgh,Alabama,Pakistan,-6.8454,49.9199,xiphias,tripudio,vita,sponte,uberrime,conservo,quam,72,97.74138874750497,89,bellicus,5,0,5,false,0.041360172902204645,2018-06-18T04:27:38.862Z,Schmidt - Cremin,false
cf666ec2-4ef2-42e6-8b86-1c63e0602b5c,2022-05-08T04:51:11.601Z,Lake Piperboro,Idaho,Niger,-37.1981,-74.6345,arceo,urbs,veritas,aegre,statim,cribro,assumenda,21,173.02695706390273,90,vester,4,2,1,true,0.13330346530090428,2020-09-03T00:54:29.492Z,"Lemke, Connelly and Marquardt",true
94477a1c-b9d1-4829-a658-376e6b602cb2,2022-10-28T15:23:31.351Z,Casa Grande,New York,Turks and Caicos Islands,-32.8209,-110.3199,sub,benevolentia,tolero,tum,curso,utrimque,truculenter,34,212.82164067017735,27,adsum,1,2,1,false,0.10210245513970603,2019-11-04T19:56:39.008Z,Osinski - Mitchell,false
519ad394-7abb-4f47-93ac-871d0281f4e7,2025-11-11T04:08:41.389Z,Lake Carlos,Mississippi,Liberia,23.6702,-106.0863,sum,pauper,infit,accommodo,aequitas,patrocinor,vere,41,94.83577918032607,46,apud,5,0,2,true,0.01228343066844273,2020-09-13T11:53:10.486Z,Lubowitz - Ritchie,true
68713a0f-732f-4799-958a-87d24d7ddbc2,2021-03-21T23:44:43.493Z,Hymanburgh,Minnesota,Bermuda,-28.8955,130.606,calco,vapulus,textus,corrupti,verbera,antiquus,comburo,91,24.845334834401605,97,dolorum,0,2,1,true,0.13056343675780224,2019-10-09T16:25:47.009Z,"Treutel, Tremblay and Corwin",true
5f53eda1-7691-4618-b57d-b3aa7c381aa6,2023-01-06T12:33:42.592Z,Cathedral City,Louisiana,Congo,-89.794,-167.5305,caterva,ambulo,patior,attollo,antepono,considero,claustrum,113,137.54913576392164,91,animadverto,6,0,4,true,0.24280544969755818,2023-05-26T03:45:59.830Z,Hamill and Sons,false
8bed776a-fc6e-4b53-a4d4-d93da8f54598,2025-09-13T09:46:52.785Z,East Yadira,Indiana,Libyan Arab Jamahiriya,81.1016,139.7045,suppellex,dolorum,accusator,acies,suscipio,acerbitas,accusator,95,87.19446829855714,51,facilis,5,2,2,false,0.19115034952354495,2018-08-12T22:24:35.677Z,Cassin - Collier,false
26c2f833-efb5-4cc5-af8b-9a1cc864999f,2023-11-19T13:58:57.642Z,Winston-Salem,Washington,Malta,-29.4004,-90.5968,aliquid,antea,cattus,consectetur,tersus,absens,despecto,64,97.4948223955646,34,amor,0,0,2,true,0.07388346498628087,2018-07-30T21:20:21.170Z,"Jakubowski, Marks and White",false
240627e4-376b-4fbe-8bdf-5b888f898552,2022-07-19T20:50:50.630Z,Londonmouth,Texas,Somalia,-18.9088,-161.5123,undique,thymbra,ipsum,tempore,comitatus,suppono,maiores,28,119.30261915204775,77,crapula,1,2,5,true,0.18778159648287684,2023-05-08T14:40:31.007Z,Feeney - Lueilwitz,true
f5e460aa-9c78-4a61-b846-d91077033948,2022-11-15T10:29:43.079Z,Howeview,Connecticut,South Sudan,-77.8484,119.2227,veniam,absum,caelestis,viscus,vereor,corona,absens,49,42.35312718149065,86,velociter,6,0,4,true,0.15039531963126554,2020-02-20T23:40:31.224Z,Huel - Larson,true
ee2a806c-7216-4427-82a5-fdd88b18e5e4,2024-11-20T02:31:21.110Z,Abernathyberg,Hawaii,Papua New Guinea,80.1004,-117.6639,decet,cubitum,ad,adamo,administratio,numquam,decumbo,25,173.6124917111365,69,damno,1,1,5,false,0.021857651967411462,2018-05-16T23:57:08.807Z,Luettgen and Sons,true
0d12db33-b9e7-4159-8660-e2c101590154,2024-02-22T18:05:41.986Z,Marcellefurt,Oregon,Kenya,30.4676,98.1804,ademptio,tamquam,cito,ulterius,substantia,sint,degero,40,86.26079344003352,59,acervus,6,0,5,true,0.17723070129761603,2018-11-27T16:58:42.411Z,Auer LLC,false
5adff9a4-b25c-480f-b99f-10dd40c909fb,2023-08-20T07:16:26.676Z,Fort Amosfurt,Kentucky,Uganda,66.3253,-148.9746,tamisium,abeo,vae,aranea,et,comitatus,copia,82,107.52147392170177,90,voveo,6,0,5,false,0.24747171784130637,2022-01-19T13:13:16.373Z,"Yost, Nienow and Tremblay",true
cf922b7c-99bb-4edd-b83a-dc047442e5aa,2025-05-13T19:40:32.983Z,North Britneyburgh,Nebraska,Cayman Islands,86.5653,60.0145,alii,decumbo,curatio,baiulus,aspernatur,videlicet,adimpleo,118,234.4017664203545,88,delectus,6,1,3,true,0.056560463381546994,2023-11-17T20:31:59.698Z,Walker Inc,false
73364260-e4a9-4e30-a54a-ae01ef573980,2025-10-31T10:05:06.791Z,Port Arnoldoport,Mississippi,Kiribati,19.6811,30.0655,coniecto,aeternus,aranea,acies,velit,nesciunt,verumtamen,95,9.485278107298525,30,curiositas,4,0,4,true,0.05219996095995896,2022-05-06T21:32:52.771Z,Hartmann LLC,true
acf829dc-de1a-46e4-af68-0e0705c9569e,2021-02-08T10:35:46.369Z,Briceville,Kentucky,Qatar,-56.3843,115.943,aegrus,aranea,spiritus,amplus,comedo,benigne,cado,32,9.002077627802674,68,tamdiu,4,0,1,true,0.028276455821775764,2025-10-09T07:08:02.335Z,Roob - Witting,true
461b2bbc-f607-4d82-8a8f-c8e0ddc396c5,2019-02-24T23:55:38.549Z,Heidenreichshire,Wyoming,Isle of Man,-45.3807,-100.35,adopto,pariatur,vereor,incidunt,voluptas,repudiandae,terebro,64,151.6981354260484,99,animus,2,1,1,true,0.13509630778133117,2025-02-11T11:52:03.653Z,Beatty and Sons,false
8f76484d-73e1-4dc5-9291-7db8738a1bdb,2018-04-18T01:53:22.360Z,Wintheiserhaven,West Virginia,Iceland,42.3989,-46.1187,titulus,beatae,capillus,ager,aqua,amissio,bene,124,116.64644344083742,74,theatrum,6,0,3,true,0.10310524671961815,2022-12-11T02:36:04.573Z,Heaney Group,false
451b6111-cce1-4268-ab41-408a4c935695,2024-08-17T19:07:36.024Z,West Fannyburgh,Nebraska,Australia,79.7721,46.7851,utique,velum,voluntarius,repellat,allatus,pecus,cohibeo,122,190.09101870448552,59,nemo,1,2,4,true,0.18084241859782826,2019-01-18T15:00:24.947Z,"Smith, Gleichner and Pagac",true
fdf26580-86ee-499c-868d-fc4ded576bf4,2021-02-15T07:30:13.473Z,North Kellen,Wisconsin,Norfolk Island,77.6208,-12.0884,arcus,thesis,verecundia,vox,quae,molestias,reprehenderit,126,111.10862150223352,36,urbanus,4,2,1,true,0.18231919844432304,2020-04-07T21:57:24.676Z,Conroy - D'Amore,false
9bbd03b6-f588-457a-84c4-26e28b793d56,2018-11-23T06:11:33.824Z,Manteborough,Ohio,Tonga,-29.5037,88.6766,caecus,alienus,decor,degero,degusto,clamo,audacia,94,118.00763101071608,100,neque,3,1,5,false,0.04074205853807192,2023-03-22T00:13:07.438Z,Hayes LLC,true
6ad201ed-4279-4499-89c7-6e86d521d4a2,2022-08-19T10:26:55.333Z,East Lina,North Carolina,Denmark,59.5212,155.9753,adflicto,charisma,circumvenio,curvo,coruscus,timor,textus,91,186.82690566110216,84,eos,0,0,5,true,0.010364030429551835,2022-09-21T02:06:50.597Z,"Friesen, Welch and Miller",true
5c2d6a85-376b-4198-8d6c-8af01c744757,2025-10-22T22:38:03.930Z,Laredo,Maine,Belize,3.2469,79.1804,commemoro,vorago,demum,repellendus,creo,viridis,autus,57,182.35182083897453,41,vestigium,5,2,1,true,0.10192661092168184,2023-09-11T02:56:02.895Z,Rosenbaum - Mills,false
18e600fd-489e-4ce0-b2c4-8d4440490bc9,2024-11-19T14:59:10.835Z,Kathrynbury,Arizona,Bhutan,-25.6318,119.6902,aduro,cado,ratione,cavus,arx,caelestis,antepono,121,83.66360164180198,56,vinculum,6,2,2,true,0.17365257167243683,2021-01-22T07:47:57.564Z,"Lowe, Runolfsson and Ankunding",false
f4a769ff-aec6-4e4a-939d-d166e01387a6,2023-04-11T11:01:50.374Z,Fort Adelamouth,Idaho,Tuvalu,-34.4172,-165.9798,valetudo,cado,aperiam,utrimque,tui,taedium,earum,102,147.98693486230206,46,avarus,6,2,5,false,0.1596445728124741,2018-02-08T11:25:14.518Z,"Brekke, Ledner and Haley",false
15f13010-e849-42b8-833e-a6770fdb3d2f,2019-12-03T01:12:16.587Z,Port Diegoshire,Florida,Belize,-86.9992,94.6574,in,comminor,solitudo,derelinquo,appositus,alveus,decipio,123,138.1124016677864,84,adaugeo,0,0,3,true,0.042926426108619464,2018-03-31T23:44:22.302Z,Funk Group,true
a8b30001-8403-4e6b-9a69-829453623840,2020-02-19T21:10:44.992Z,Port Christelle,Colorado,French Guiana,-86.1643,-112.9977,cunabula,totidem,deduco,solio,aduro,delectus,armarium,44,195.33241002401027,32,tristis,3,2,3,false,0.07592394266172792,2020-06-08T13:58:45.763Z,"Ankunding, Gerlach and Powlowski",true
bd8f4c3a-1fbf-4af9-82ea-8679e14f25fd,2021-10-06T21:16:26.861Z,Fort Camren,Utah,Canada,-74.9445,-106.0253,tepesco,ait,thema,vespillo,adduco,a,thymum,43,129.07502975190334,75,aro,6,2,4,true,0.12357020976804362,2023-08-20T10:49:55.438Z,Dickens LLC,false
220c3ac4-6b3c-46e8-9078-25f18a68d9d8,2019-06-20T12:24:56.330Z,Donnellyfield,Texas,Ghana,86.7034,-82.4041,deprecator,veritas,trucido,vulnus,vociferor,aureus,angustus,91,0.8547949750605532,87,contabesco,2,2,2,false,0.17802464551469702,2024-02-14T04:56:52.756Z,Brakus - Kunde,false
9a0397b9-7e3d-43a8-8f45-6b9c78ab5201,2018-10-07T08:24:33.379Z,West Berry,Wyoming,Bulgaria,-43.022,-56.6737,audio,crux,textus,velut,apud,officia,cubitum,72,213.21181001959775,27,utrimque,5,1,2,true,0.10619869736669982,2021-02-11T11:36:34.059Z,"Schultz, Kassulke and Johnson",false
85f9aaaf-fc35-4b19-b2a9-4674f5a9dd39,2022-04-03T18:40:45.585Z,East Otistown,South Carolina,Kiribati,-59.9163,112.6049,claro,arto,cunae,stillicidium,maiores,natus,acidus,66,8.770639956259645,32,creta,3,0,3,false,0.06971487786143576,2025-02-08T09:07:07.707Z,Langosh Group,false
8e58a4c5-ff25-4acc-8392-31df65faf33f,2018-05-26T16:36:16.538Z,Lehi,Utah,Moldova,1.4918,-154.6357,velit,usus,benevolentia,exercitationem,tabula,veniam,adulescens,112,18.655313129450278,57,atque,2,1,1,false,0.05267434871608975,2020-10-22T22:23:32.132Z,Bradtke - Koss,false
fe8e26b5-b439-425c-989c-88fc883177d3,2020-04-10T00:03:59.877Z,North Lonieworth,Mississippi,Argentina,-51.0619,40.8948,aveho,conscendo,victoria,pecto,vinitor,celo,casus,111,4.037028242592466,65,contigo,0,1,2,false,0.0808997916133673,2018-05-15T08:25:13.514Z,"Beier, D'Amore and Cartwright",false
bf3d7b83-d54d-4baa-919e-174712cf4a15,2023-06-11T09:43:09.056Z,Smithborough,New Hampshire,Trinidad and Tobago,84.9271,85.7271,terga,amitto,voluntarius,accusantium,ustilo,a,aperte,89,7.632891489721176,91,iusto,1,1,5,true,0.17174089624418634,2022-07-11T16:07:29.664Z,Jones and Sons,false
c02b88aa-e2ba-46c1-b307-daf8e8396aec,2024-03-22T09:32:35.380Z,Kaileyhaven,Maine,United Arab Emirates,65.1312,7.3854,atrox,adinventitias,pectus,desipio,canis,adsidue,cubitum,108,130.08145822843682,55,talis,5,2,3,true,0.23616297212457524,2021-10-22T09:23:19.264Z,"Wiegand, Morar and Sipes",true
e7681e34-305d-4545-8c56-942235810562,2025-09-09T12:37:32.956Z,Flatleyton,Hawaii,Costa Rica,35.2394,-67.7381,aro,sol,demulceo,creber,vapulus,statim,baiulus,113,50.69430128923463,83,pecus,0,1,5,false,0.07765682734489274,2019-11-21T05:22:51.963Z,Lockman and Sons,true
2f7a2261-5bde-4405-b00e-fe5f82bcfdf3,2022-11-16T06:00:16.398Z,Lake Tadtown,Oregon,Guam,34.4882,-59.4954,demens,comburo,nihil,arma,temperantia,spes,comburo,88,103.35917609803688,79,soleo,0,2,2,false,0.06054023522321497,2024-06-24T05:06:27.198Z,Daugherty - Ritchie,true
9a60d2d9-af9f-471c-bb36-ddd2fe954d2c,2020-01-24T13:10:56.971Z,Port Tatumfield,Alabama,Bouvet Island,-47.9799,39.8103,spero,tolero,decor,conqueror,infit,sursum,caveo,30,172.13378127425716,68,tego,0,0,1,true,0.13261285621639954,2024-04-15T21:32:03.787Z,Mitchell - O'Hara,true
31fdcc86-ba37-41d6-aed9-235d06cd00b9,2022-04-30T01:06:54.434Z,Lorain,Kansas,Nauru,37.7812,8.2417,ceno,aufero,utilis,cetera,dapifer,aperiam,universe,28,122.86698147226127,84,tersus,5,0,2,true,0.003902165870692975,2025-12-19T04:41:03.693Z,Daniel - Torp,false
8e52820c-586c-46fb-a83e-2def05846681,2018-01-23T12:11:27.714Z,Fort Smith,Kentucky,Nigeria,-62.9364,-115.7014,deorsum,tutamen,vindico,validus,cibo,cunctatio,defero,79,233.66622832110136,80,arcesso,1,2,3,true,0.20053273913261419,2024-06-11T03:13:40.489Z,Goldner - Stiedemann,false
d6507b5c-4089-40fa-b500-4cabd620994c,2018-08-16T10:25:39.188Z,Fort Fabiola,South Dakota,Estonia,45.0415,-113.367,civis,angulus,amplitudo,utique,in,decipio,vaco,34,46.125670832875215,100,urbs,2,2,2,true,0.061054395887588736,2018-05-26T12:06:32.484Z,Erdman LLC,true
b072bf73-1cc9-4ae7-926f-2c92e7825ba3,2022-06-10T22:06:48.243Z,Fort Edwardofort,Wyoming,Germany,6.8738,-91.4386,verus,stips,clibanus,tendo,brevis,terminatio,deludo,27,219.14454147126634,80,occaecati,0,1,4,false,0.20990485312192078,2024-05-24T12:07:59.197Z,"Hudson, Mraz and Hettinger",false
c0f81427-42f7-4465-9935-00ece184b2de,2020-02-01T10:20:36.771Z,Port Alfredaworth,North Dakota,Sudan,7.6925,-78.6476,patrocinor,mollitia,canis,vomito,tempus,utroque,tripudio,117,213.38972619579638,28,valens,4,1,2,true,0.21115457849792885,2022-10-18T07:55:52.159Z,Kemmer Inc,false
2d8e26da-3c48-467c-ae6b-f9d6c6ecd820,2023-01-05T10:02:18.171Z,Vanessabury,Connecticut,French Polynesia,23.8158,-91.5263,amiculum,animi,voco,vix,convoco,bene,verto,72,233.34533042512777,74,ater,0,2,5,true,0.13848877955476646,2019-10-01T11:54:43.147Z,Hodkiewicz - Bode,false
0cc33453-0d0f-44b7-b031-eb3368b64999,2023-08-28T14:33:30.620Z,New Eveline,Idaho,Belarus,24.917,49.3913,vetus,pel,autem,corroboro,ventus,caterva,amplexus,128,221.7104524960161,71,arcus,6,2,2,true,0.13158721366040735,2019-11-01T21:34:35.508Z,Schaefer - Kemmer,false
ff6ad14a-3609-4f3c-a3ad-7f3ed8cbe11b,2020-03-26T01:51:52.602Z,Weston,Kansas,Kuwait,19.1511,-152.6438,atrox,desidero,tricesimus,est,varius,solus,conatus,54,49.33581370348523,66,adnuo,3,0,3,false,0.05706146282048813,2021-03-14T12:22:11.333Z,"Torphy, Nienow and Will",false
cf0d2ea4-23ea-4cf4-bc5e-203916e5d3f1,2022-09-03T08:32:43.670Z,Wehnerfield,New Jersey,"Virgin Islands, British",-10.7878,106.2641,angulus,ab,damnatio,nesciunt,subvenio,thalassinus,quod,99,173.72432950446637,56,aeneus,3,2,1,false,0.13893287192804094,2020-10-15T14:34:15.675Z,Kassulke LLC,true
a36feb19-9da3-4d7e-b9bb-cdd60b5798e3,2024-01-25T09:39:17.638Z,Las Vegas,Michigan,Tonga,57.951,-75.4958,calculus,anser,possimus,cura,exercitationem,comprehendo,brevis,46,100.22539056077721,37,conatus,6,0,2,true,0.14202856730987748,2022-04-06T05:38:36.942Z,"Klein, Trantow and Schmidt",true
2caa459b-5400-4212-81e5-d14f36c86f31,2019-02-08T14:58:07.057Z,Boyleland,Wisconsin,Zimbabwe,-68.8046,-107.8311,acies,varius,acies,vinculum,deripio,tego,agnosco,38,139.7784626633929,18,carpo,5,1,3,true,0.17654765968359015,2018-09-29T18:23:31.232Z,"Steuber, Hudson and Schmeler",false
02218426-d18c-4ae8-97cd-4af0777f6d8b,2023-03-30T23:55:13.392Z,Austin,Massachusetts,Mauritius,-88.5495,-125.9553,congregatio,chirographum,adflicto,bene,umquam,valeo,patior,110,2.8095682371512165,53,vitiosus,4,0,2,false,0.04082600081449955,2021-09-20T13:19:28.391Z,Moore - Halvorson,true
398e4c94-e1a8-49b6-9ad9-78fe387dfb53,2020-04-28T23:24:29.735Z,Bismarck,Kentucky,Pakistan,84.8221,-127.7324,subvenio,asporto,fugit,textilis,trado,alienus,terra,55,149.68775224305725,69,sint,1,2,5,false,0.1648011058621059,2019-06-28T08:17:38.769Z,Halvorson LLC,true
fb4fb558-cbec-4a94-88b8-85d7cd77578e,2021-03-31T01:26:13.353Z,Hayesfurt,New Mexico,Tanzania,68.2658,40.9968,repellendus,color,minima,virga,minima,iste,animadverto,122,200.98940990141665,52,facilis,6,1,4,false,0.14440098731070194,2022-01-21T13:31:48.015Z,Leuschke - Schinner,false
120b3bfe-87e1-49fc-899b-70786b5eb4d2,2021-10-25T22:13:03.297Z,Raufield,Colorado,Falkland Islands (Malvinas),-38.5998,-42.8982,perspiciatis,apostolus,talus,caterva,sint,patrocinor,congregatio,78,174.1202248129685,55,adhuc,2,2,1,false,0.2299311744017426,2019-06-02T01:43:20.863Z,Bosco Inc,true
5fd67a9c-5ced-479a-b112-d4c2c378a9c6,2021-08-10T09:59:11.103Z,Fort Penelopeside,Utah,French Guiana,22.6682,-161.8414,tametsi,alter,pecco,commodo,supra,defleo,solum,77,105.91442030111905,22,ater,2,0,5,false,0.06366258481692777,2024-02-28T06:02:26.278Z,Sporer LLC,true
043ac4f8-1ba7-4d05-87d0-c7037c4a42ad,2022-11-26T02:46:20.547Z,Fort Keshawn,Wyoming,Micronesia,33.3177,-26.3402,nesciunt,venustas,absum,degenero,versus,corpus,spoliatio,122,42.29966987299505,53,doloribus,0,0,3,true,0.22800173072244243,2019-06-02T15:33:25.930Z,"Hahn, West and Kemmer",false
ec0694b1-e096-4830-a4b0-3fa744e3ed7b,2021-02-02T13:21:19.006Z,Fort Elmorestad,Utah,Armenia,-36.7526,-60.7024,verbera,adversus,optio,cohors,pax,cauda,quae,49,25.322281673061084,35,unde,0,1,1,true,0.22546794152181227,2024-01-13T21:57:44.080Z,"Swift, Stracke and Kirlin",false
43ced380-884b-4429-b032-1d7064985d45,2021-12-22T22:37:29.334Z,Lake Elizaland,Illinois,Eritrea,6.5005,-106.9992,bibo,victus,cruciamentum,tendo,eius,condico,constans,108,128.96923966550213,62,verbera,6,1,2,false,0.015185336723213816,2024-07-20T11:23:06.474Z,Braun LLC,true
36d1ccbc-ebaf-4ffa-a3f7-cb08ca90b6c5,2023-11-26T03:30:17.106Z,Schillerburgh,South Dakota,Dominica,79.8577,-106.322,sed,audacia,soluta,ab,vere,tubineus,possimus,72,173.82791873539034,41,iusto,4,1,2,false,0.11389031297553248,2023-11-22T07:30:38.761Z,"Kirlin, Hackett and Mertz",true
a8555d3b-693b-49c3-94a2-6c6b0d859206,2025-12-14T13:03:11.329Z,Lake Ludiefort,Tennessee,South Africa,-87.8179,77.0893,debitis,occaecati,amiculum,defungo,verbera,atrox,comis,96,164.93268464118023,75,tonsor,3,0,1,false,0.2326004047547006,2021-06-28T12:17:25.285Z,"Mitchell, Franecki and Boehm",false
b77d3113-b17f-4fdb-a56e-8e435fa349ed,2019-08-15T12:22:55.155Z,Guaynabo,New Jersey,Rwanda,-24.5963,103.8207,somnus,suscipit,curto,sonitus,canis,creber,nostrum,25,160.18935406368692,58,temptatio,4,1,4,false,0.15934755348233706,2023-08-29T07:23:23.341Z,Huel and Sons,true
a4b215cf-2f68-416b-a078-aabdc00e8eeb,2025-02-23T05:04:16.389Z,Dellmouth,Iowa,Estonia,37.6826,90.5703,auctor,cultura,tendo,ultra,theatrum,quia,adamo,68,121.05858622012772,68,possimus,2,1,4,false,0.15468447346656264,2019-05-25T02:33:55.152Z,Gerhold - Kemmer,false
f04afcdd-1ea0-4b5e-8f52-a3ecc6c22061,2025-02-07T16:07:17.565Z,Huntersville,North Dakota,"Virgin Islands, British",-1.7329,178.7103,ultio,demum,torqueo,adeo,sum,cur,cruciamentum,99,205.3199174956575,21,caritas,0,0,3,true,0.18233354591995696,2024-05-10T18:05:28.406Z,"Schmitt, Bins and Fay",false
dcb25f4e-f944-4231-bd13-d4d1e6beb7d8,2021-09-02T11:12:12.051Z,Port Murlland,Oregon,Pakistan,-31.8484,-93.5611,teres,ventito,usque,voluptatem,apto,crudelis,degero,25,167.7660774804169,16,uter,5,0,2,true,0.10513073016444915,2018-07-08T12:13:22.544Z,Ankunding - Johns,false
3b4a60aa-8927-4826-ba4a-c1befe28b495,2024-06-21T00:39:57.559Z,Blickstad,Kentucky,Myanmar,3.7737,-67.51,explicabo,una,atque,tum,textus,conservo,thesaurus,20,44.96371606584784,42,provident,5,2,4,true,0.22095699684575956,2025-02-02T22:50:54.449Z,"Fritsch, Conn and Bahringer",true
f3b03797-8bb4-4d67-93ae-c11bf7a7a824,2020-11-20T19:43:42.519Z,Jacobsonworth,Maine,Cuba,-36.7517,3.4589,antiquus,cubitum,volva,aeger,agnitio,ducimus,aurum,93,180.02100444156164,43,ducimus,6,1,4,false,0.10327758968838413,2025-02-09T20:32:11.927Z,Connelly LLC,true
b9d32d52-46bf-424f-8433-c97a48274432,2025-02-18T05:20:20.781Z,Langworthstead,Vermont,Saint Kitts and Nevis,46.8836,-147.8174,ater,aranea,voluptates,quas,cui,absens,culpo,90,13.171915701579078,28,corroboro,2,1,5,false,0.003940405055488233,2021-01-27T16:43:30.087Z,Welch LLC,true