accident_id,incident_datetime,city,state,country,latitude,longitude,road_name,road_type,intersection_type,accident_type,weather_condition,road_condition,light_condition,speed_limit,actual_speed_kph,driver_age,driver_gender,casualties,fatalities,vehicles_involved,alcohol_influence,blood_alcohol_level,weather_reported_at,reporting_department,pedestrian_involved
cfa16b51-e677-47fd-825d-6e01e932c5f2,2021-04-22T12:11:49.236Z,Konopelskishire,Wyoming,Uzbekistan,57.0665,-94.0872,in,tepidus,vicinus,umerus,vulariter,vestrum,trans,105,117.24707719414644,46,territo,1,1,3,true,0.2207387064167436,2022-11-24T09:37:54.063Z,"Kemmer, Block and Lockman",false
5ce948b0-fbb3-4e39-9bdf-35ae3f553948,2022-12-10T06:54:39.335Z,Lauryport,Colorado,Svalbard & Jan Mayen Islands,-34.4767,-71.4813,delego,vulgo,adsidue,sint,aspernatur,paens,abeo,113,229.27044418104288,73,atqui,0,1,1,false,0.2072832291880325,2019-12-25T01:23:47.749Z,"Kozey, Stamm and Kreiger",true
2c0fdea3-8bd9-4006-9172-82a4cf54174b,2025-02-26T21:36:42.849Z,Drewport,Massachusetts,Eritrea,-57.4979,-66.2645,spargo,adulescens,voluptatum,libero,cubo,angulus,earum,74,174.32951260205294,22,delibero,0,0,3,true,0.033884797281882234,2025-09-20T03:26:54.638Z,"West, Terry and Kiehn",true
60a7cd21-2130-49e0-9796-8fa86d0f3ce3,2018-10-16T22:59:16.877Z,Aylaside,Alaska,Luxembourg,-15.8569,-10.7125,dapifer,deputo,delego,tabula,vorax,voluptates,necessitatibus,113,16.77465434890741,78,spes,3,0,4,false,0.07602372014593578,2021-09-26T17:57:27.409Z,Pollich Inc,true
0383c34f-1f54-484e-ab20-2945a7420894,2024-11-27T23:55:50.853Z,Schuppestad,Michigan,Democratic People's Republic of Korea,-77.5119,46.4986,calco,sunt,arma,templum,aurum,carcer,suppono,37,195.20782705626567,86,auctus,4,1,1,false,0.17136249145794566,2025-08-07T17:27:31.275Z,Mraz - Carter,true
7cb08f4b-0fd2-4d61-bffa-8b389a3b97ff,2025-08-31T05:36:18.737Z,Thompsonland,Hawaii,Belgium,82.1929,3.7647,adnuo,paulatim,strenuus,molestiae,claro,abeo,terreo,75,66.0346020052983,89,totam,3,0,1,false,0.1925092345919186,2019-12-13T04:13:58.422Z,Kassulke Group,false
af62fde9-e251-4455-9e0c-90f107550e09,2024-01-23T17:14:18.052Z,Naderhaven,Arkansas,Montserrat,76.3399,-95.4156,beatae,sumptus,collum,tactus,comptus,tristis,alter,42,215.70596595555247,69,suggero,2,0,3,false,0.21661582155820594,2019-11-02T07:42:55.869Z,"McLaughlin, Zboncak and Stokes",true
5fdb8514-2929-44f8-a49d-442f0f45bc6d,2021-04-30T11:40:28.708Z,East Bradley,Georgia,Burkina Faso,-43.1593,-68.8055,cernuus,careo,pectus,carbo,ver,suffoco,clementia,43,148.95221193297354,89,ara,5,2,4,false,0.10272128163289954,2023-02-24T14:36:55.054Z,"Nienow, Bradtke and Bergstrom",true
f0ce933e-1cb1-4bfc-b49b-6005fd2e0dfe,2025-05-13T17:48:02.925Z,Patsyhaven,Kentucky,Spain,39.9408,-43.0815,conspergo,advenio,adulatio,patria,temporibus,acies,sublime,57,156.61949990242,40,addo,1,1,2,false,0.13510201660425022,2021-01-14T02:09:02.043Z,"McLaughlin, Zulauf and Bins",false
fad23906-8d00-4075-86f7-0ffa1e85b050,2021-08-23T23:12:07.301Z,Ziemebury,Minnesota,Sri Lanka,63.8828,14.305,aro,tersus,tertius,summopere,tantillus,similique,vindico,116,109.43548244220217,68,appono,1,2,3,false,0.22709865001099003,2024-11-18T00:17:42.934Z,Kuhlman Group,true
35d40eeb-5d6d-4d0c-8730-0f36c99df425,2020-01-11T06:28:54.507Z,Vincenzahaven,Alaska,Kazakhstan,-66.8476,-110.4845,absque,provident,colligo,non,volutabrum,agnosco,adficio,43,140.66958937486035,50,aegre,1,2,3,false,0.08559550419081363,2021-08-30T11:27:56.342Z,"Pfeffer, Ankunding and Beer",true
971caa42-6344-4f37-84e0-fd0a7ebf53f1,2023-11-01T17:34:46.250Z,Ethanbury,Montana,Heard Island and McDonald Islands,-16.3969,-130.2538,creator,aut,desipio,umerus,abduco,textus,peior,127,195.71943540137494,33,audeo,4,2,5,true,0.05055032831704459,2024-09-23T02:51:04.207Z,Rowe and Sons,true
6ca2d87c-17d8-4b43-967d-bb4716d70701,2020-09-23T07:44:56.488Z,Fort Jaidaborough,West Virginia,Suriname,-44.9773,-114.2665,aduro,maxime,agnosco,substantia,valetudo,cubo,annus,49,180.75876923626225,51,vinum,3,1,3,false,0.1507342212808648,2025-06-10T12:21:29.786Z,"Schuppe, MacGyver and Parisian",true
2609247b-5aaf-4cc5-9de0-065c2c40f192,2019-02-28T05:57:28.073Z,West Baron,Maine,Pitcairn Islands,75.9143,119.6526,ulciscor,statim,voco,taceo,stella,modi,fuga,68,199.2186081504328,80,amor,3,1,2,false,0.01382718029097979,2021-08-17T19:32:48.872Z,"Fay, Ruecker and Mohr",false
d15dbb5b-f461-4fc6-bfb4-a821995133aa,2021-01-03T18:39:18.607Z,Boganberg,Michigan,Benin,-55.0175,161.5245,abutor,auctus,dolor,virgo,capitulus,hic,auditor,113,74.01196533577547,96,sto,4,2,3,true,0.007244602372251441,2022-06-20T05:12:31.559Z,"Bernier, Stracke and Durgan",false
2f514d1a-107d-4291-801f-6323788dee7d,2019-06-05T03:32:32.772Z,Lake Cornelius,North Dakota,Latvia,-37.2841,68.0028,tollo,tutis,solio,tribuo,denuncio,thymbra,arcesso,77,235.77324917823805,49,cruciamentum,1,2,4,false,0.021924941756209265,2023-03-05T01:16:33.950Z,"Schowalter, Koelpin and Schulist",false
a2ce7833-a614-4206-b7ac-5fad662846b2,2020-07-26T00:59:35.569Z,Port Melany,Connecticut,Taiwan,80.128,128.7797,patria,templum,timor,somnus,bardus,arcesso,coma,93,163.97808194461433,97,tempus,2,2,1,false,0.011333064103322993,2025-01-27T22:28:33.730Z,O'Hara - Bogan,true
00ea4277-1316-4d6b-ad54-b565e97d320c,2021-11-05T00:29:16.540Z,Kirkland,Kansas,Western Sahara,2.3858,154.9686,acquiro,aeternus,aegre,consequuntur,admoveo,cunctatio,deporto,112,205.4303693485539,22,depereo,6,2,5,false,0.1545060818300851,2024-12-02T18:36:07.930Z,Berge LLC,false
1211f0eb-4e82-4438-b763-84e3d4eba4ca,2022-12-27T05:54:21.815Z,Sparks,Missouri,Uganda,-23.9739,9.5917,bellum,claudeo,consectetur,civis,utpote,acerbitas,libero,76,6.6544890564506165,58,tergum,6,0,2,false,0.0016982420480132487,2018-08-10T04:14:19.754Z,Ruecker Inc,false
5b80ef1a-5fb4-4753-bc90-2ab3c4c9d7ec,2024-02-04T04:27:02.456Z,West Katlynn,Wisconsin,Bouvet Island,-85.3674,19.9491,arto,cupio,cresco,commodi,rem,ipsa,conscendo,34,180.629659248911,64,vindico,6,2,4,true,0.01763097025206281,2022-11-16T10:07:53.438Z,Tromp Inc,true
c89e2f43-e183-48ee-a5c9-12d0dc3f6bdb,2022-10-01T13:07:25.152Z,Cranston,Utah,Senegal,-75.6235,-28.8215,commodo,tempore,catena,cur,valetudo,degusto,deleo,66,201.51946225318866,61,cursim,6,0,1,false,0.12882763168374384,2023-06-02T22:55:40.343Z,Hahn LLC,true
d4dc06aa-587e-4d4e-b68f-b616b4e8372a,2021-05-19T18:56:01.779Z,Alvinaport,Oklahoma,India,82.3314,144.481,color,ipsam,cubo,sol,attonbitus,alias,comptus,121,82.14016322792178,18,infit,5,1,3,true,0.048976481152636364,2018-05-13T12:31:22.915Z,Ziemann - O'Keefe,true
c0fda3d6-3e4a-47f9-9ff6-349411fd446b,2023-02-24T01:44:15.463Z,North Ameliaville,Louisiana,Bouvet Island,-53.6767,52.5266,tutamen,vicissitudo,quia,amita,ver,solvo,comedo,106,45.08869298571754,43,sequi,5,1,4,false,0.16215416518414835,2018-12-24T05:14:13.667Z,Wintheiser - Labadie,true
5908d592-8ab4-40a2-981d-640309517c07,2021-07-18T12:58:19.370Z,North Loma,Massachusetts,Nauru,-35.4976,-34.7305,clarus,solium,modi,carbo,tot,defendo,sperno,45,42.83496870472325,69,veniam,3,2,3,true,0.2020637666577194,2022-07-14T16:09:11.789Z,"Bogisich, Johnston and Marvin",false
0c0461bb-69b7-4478-b8b8-974f113491ab,2019-03-12T22:19:43.416Z,Asheville,Kansas,Somalia,82.1421,59.2348,debitis,sordeo,adimpleo,calcar,fugiat,degero,defaeco,32,74.20200654006044,21,quae,6,1,3,true,0.007876342483688181,2022-05-13T13:20:19.132Z,Rogahn - Muller,false
cf35011f-ffd1-4da2-87d8-e4f2ef6d4091,2021-08-26T01:44:25.122Z,Raphaelleport,Arkansas,Nigeria,-2.9329,149.6812,aperiam,brevis,tergo,voro,ciminatio,averto,centum,124,19.614315622523037,51,aeger,4,0,2,true,0.0798597877513319,2018-06-28T14:04:46.657Z,Rodriguez and Sons,false
707f6e6e-587f-48ad-915f-665ed4145535,2019-06-03T18:59:51.127Z,Lake Pasqualeworth,Illinois,Mauritania,77.5241,94.7027,denuncio,quam,absens,turba,sed,tactus,umerus,35,28.45936169444613,50,sustineo,4,1,5,true,0.18268409305236422,2018-05-01T05:22:10.638Z,Jacobs LLC,false
02b1f3eb-9b44-413d-85d0-80b623680e14,2020-11-25T09:22:01.471Z,Honolulu,Arizona,Lesotho,9.7742,-171.7679,valeo,vulariter,suus,suppono,quo,creator,decumbo,37,55.08496121319201,92,arma,5,0,3,false,0.029056197779995102,2019-09-21T08:16:12.056Z,Von Group,true
fcf5cc06-32ef-452b-b6ad-9a50bdc89768,2024-09-29T00:15:54.122Z,South Rogeliobury,Minnesota,Madagascar,-25.6923,-162.8416,solus,censura,thesaurus,verbum,eius,vitium,vespillo,34,55.25279080465079,50,angustus,4,2,2,false,0.1745460014355055,2025-08-13T20:48:40.876Z,"Greenholt, Cummerata and Morar",true
475edcf0-42b6-43de-86e6-42903a74728c,2022-09-13T11:49:11.498Z,Wisokyside,Florida,Ecuador,76.6029,-77.177,taedium,valens,aegrotatio,quam,cena,vallum,cernuus,53,137.15811918085944,85,praesentium,4,2,1,true,0.16279035478785583,2022-07-17T18:57:40.827Z,"Dickens, Konopelski and Feest",true
1e337bfd-7140-4b0b-8a15-639773a1c5e8,2023-04-21T12:52:50.025Z,Port Aditya,North Carolina,Jamaica,-68.8449,-162.2077,cogito,sumptus,alii,vigilo,quod,cernuus,arcesso,74,7.816603560007271,56,solutio,2,1,5,true,0.09097481414542202,2024-04-05T23:47:57.855Z,Rippin - Cole,true
0b32455f-935d-48b6-96f3-c58429fa97a9,2019-10-03T23:33:42.807Z,North Kyleigh,Delaware,Indonesia,-49.0791,-1.0645,a,summa,cerno,tamen,sollicito,conduco,commodi,27,182.87177941462076,20,tergiversatio,5,1,2,true,0.006715072642908049,2023-10-23T09:14:07.894Z,Willms - Altenwerth,true
718b9808-9fa5-4663-97ee-c56956568f09,2020-05-27T02:50:00.048Z,Bretworth,North Dakota,Lao People's Democratic Republic,-80.3687,130.9053,avaritia,crastinus,volva,tactus,tracto,cicuta,cunctatio,100,56.43780675516065,34,coepi,1,1,1,false,0.2373396306971712,2024-09-04T18:33:47.997Z,Cremin - Raynor,true
94034c82-bd47-4f7c-8200-21cf5ef0d847,2018-02-24T19:42:46.717Z,Port Curtis,Nebraska,Antarctica,22.2368,-132.9434,audax,arcus,tergeo,arcesso,sono,versus,universe,70,27.30496583025839,52,timidus,4,2,3,true,0.09965577614078966,2019-06-18T20:23:27.850Z,"Crist, Windler and Gottlieb",true
788b26fe-f727-4358-902c-fc8057ca646f,2025-05-06T16:12:28.703Z,Coleshire,New York,Isle of Man,28.5767,1.2041,iusto,sodalitas,occaecati,thesis,appono,vulgo,abduco,116,233.4848941997301,33,virtus,4,2,3,false,0.04941617352029845,2022-03-04T14:53:46.878Z,"Lesch, Douglas and Skiles",false
6b217d33-1612-421b-8092-1698f2cfe001,2025-05-12T10:37:28.522Z,Mitchellburgh,Alaska,Andorra,-5.6866,-22.9371,abeo,vacuus,utpote,viriliter,tumultus,ullam,argumentum,114,127.60863704534574,30,vilis,1,1,2,false,0.06746609287475994,2020-02-01T12:39:00.102Z,"Smitham, Brakus and Barrows",false
56a06617-8a3b-4744-a1fb-28a72392bb6c,2024-07-22T15:22:53.396Z,Londonfurt,Vermont,Guinea-Bissau,-80.2511,-118.9378,colligo,aedificium,decipio,allatus,sto,terra,uterque,112,137.7880309303828,29,fugit,0,0,1,false,0.14781687940246394,2024-10-23T08:43:24.963Z,Yost LLC,false
b6c20e00-98e7-4e6e-9948-4744b1349acb,2024-12-15T22:15:52.099Z,Kenyabury,Maryland,Somalia,64.7989,42.7802,confido,quod,velociter,constans,desipio,eius,summa,128,44.235259860288004,17,conforto,3,2,4,true,0.026063618031952368,2023-08-16T03:40:17.477Z,"Bogisich, Hegmann and Volkman",true
0e1e85c1-a15c-406b-a9f1-5123bdc7f217,2018-02-11T16:07:11.679Z,South Norrisside,Oregon,Hong Kong,33.4839,-165.1785,color,convoco,cursim,reiciendis,natus,volup,adstringo,88,238.75371579803385,60,cupressus,5,0,2,false,0.014384064703847732,2020-02-15T16:30:15.048Z,"Stracke, Hickle and Becker",false
730b98a8-acad-4a15-80bd-4fe637fb0fba,2021-01-22T18:01:05.781Z,Lake Sydnietown,Wyoming,Egypt,-85.3002,159.845,alter,sperno,stella,ars,curiositas,aegrotatio,vinitor,119,23.954392671620248,33,casso,0,0,4,true,0.20318875182271867,2020-07-22T03:51:44.291Z,Bogan - MacGyver,true
8c2c633a-4c40-4cbc-8bbd-229eb409d247,2021-10-17T02:03:45.753Z,Ashburn,Connecticut,Congo,-85.3461,-73.3613,arx,artificiose,quas,ciminatio,desino,angelus,vilis,124,112.52665287903986,47,aptus,1,2,4,false,0.05871227207224894,2018-08-26T16:04:44.775Z,Bosco Inc,true
ddbcc04f-6ad8-49b4-910d-7ab76d6f3e1b,2024-07-11T05:13:01.370Z,Ednafort,Michigan,Dominica,-81.1235,-16.9656,cui,vulgivagus,bibo,ex,textor,tego,ulciscor,125,220.7038172475707,32,tenax,1,0,1,false,0.23651762529167913,2018-10-06T20:48:14.575Z,"Kshlerin, Feeney and Blanda",true
62f0f689-d90e-4dbe-8549-532318876184,2021-11-10T11:36:11.261Z,Collinshaven,South Carolina,Belgium,-72.7501,3.7352,adsum,utique,supra,absens,sapiente,confido,et,21,73.27876063743724,55,ventosus,6,0,3,false,0.24613893174496218,2019-07-02T15:57:41.938Z,Bartoletti Inc,true
25696cba-6aae-40ac-94c7-8696b731179e,2020-03-23T19:23:47.708Z,Jefferson City,Virginia,Mexico,-63.9915,100.5158,torrens,pel,caste,arca,curatio,veritatis,synagoga,108,131.95955196521732,59,sophismata,2,2,5,true,0.047981230512921885,2018-05-10T10:04:46.639Z,Schmeler - Klocko,true
84bbabf4-8af1-4f87-9c66-77f3883f575a,2019-10-20T21:04:20.883Z,West Lois,Montana,Iraq,26.641,14.4635,magni,aduro,cunctatio,torqueo,in,placeat,sponte,125,163.5839360425274,56,sollers,6,1,1,false,0.09785995794300442,2021-02-13T19:31:56.862Z,Jast - Breitenberg,false
81af38c8-0396-4c78-959f-25642e5b3aba,2018-10-20T15:33:49.317Z,West Eleanoreview,South Carolina,Yemen,-4.5297,-52.7869,demoror,vulgo,summa,deficio,audio,uredo,thermae,116,82.08473866952295,93,carcer,6,2,2,false,0.10955570728289313,2018-09-02T07:31:04.282Z,"Bahringer, Wisoky and Okuneva",true
3eb04b38-8f5a-4eb7-af11-79bd0b52992d,2019-12-23T06:36:54.270Z,East Ally,Florida,Botswana,68.0328,90.5634,thymum,tantum,natus,utor,adversus,at,solvo,94,160.0743877322186,62,usitas,3,2,3,true,0.13170878634775485,2018-09-29T02:39:07.591Z,Wolff and Sons,true
7dbf99e2-5302-49a4-853f-bbc3b915d62a,2024-04-29T10:56:43.854Z,Denesikhaven,Michigan,Cape Verde,-45.0547,178.5522,aro,deprecator,sono,defungo,cado,corona,summopere,42,138.3003763095855,74,soluta,2,0,4,false,0.10971396702974093,2024-01-26T00:41:46.591Z,"Schinner, Rowe and Dickinson",true
b2c8a82c-525b-4355-bc01-b639433c7519,2021-09-26T10:55:36.058Z,Fort Mohammadborough,Hawaii,Andorra,24.8532,-142.6015,peior,cohaero,deludo,verumtamen,tres,iure,depraedor,117,236.48755790792902,44,decipio,3,2,2,true,0.12254195976986595,2018-02-07T06:46:01.462Z,Carroll Inc,true
effe8469-8a4b-4de6-9248-f714f2b8ef49,2024-10-15T13:50:54.172Z,Leannoncester,Georgia,Bolivia,-64.847,-64.3383,copia,arbitro,sodalitas,viridis,verbum,culpo,vaco,64,72.49508657481452,79,non,3,2,5,false,0.04517057273994396,2021-05-09T06:20:43.528Z,Boehm and Sons,true
6517ec33-c0ae-4a01-a4b2-cee52fdeee69,2023-08-10T21:48:53.026Z,Carolina,Michigan,Mali,29.1124,-42.6924,copia,conturbo,tres,solitudo,apparatus,turba,corpus,83,166.17212542026195,85,stillicidium,0,0,3,true,0.21924105977884586,2020-09-26T15:17:09.234Z,Goldner - Bode,true
4a3a27ce-4487-4f20-8826-95bc7314931a,2018-07-16T21:34:52.870Z,South Paigeview,Maryland,French Southern Territories,-33.766,-22.5073,audax,aestus,aeger,rerum,comptus,amor,cupiditas,22,42.12284839116371,45,placeat,4,0,3,true,0.0119739649287951,2021-06-29T21:21:55.623Z,"Cummerata, Nienow and Fritsch",true
b902fa51-a594-4bed-b3cf-6ee5c5a95e0b,2019-06-09T04:38:18.686Z,Augusta-Richmond County,Minnesota,Lebanon,-55.784,-70.3348,aggero,administratio,tempora,depono,crudelis,delectus,aegre,27,52.9768271165083,67,minus,6,0,1,true,0.141967768607382,2020-12-26T07:16:30.997Z,"Walsh, Jenkins and West",true
5a16d663-a7af-49b6-8996-83cb6575df66,2020-11-26T02:12:57.855Z,Eden Prairie,Pennsylvania,Ethiopia,-82.6321,-23.4811,canto,supra,ipsa,cito,tutamen,aequitas,suffragium,98,50.05542327014258,90,torqueo,3,0,4,false,0.23552580858796307,2024-11-26T23:04:39.266Z,Goyette Group,false
154e6755-d15b-4fd5-97da-fb3322d393b6,2018-02-07T12:23:39.795Z,Mercedesside,North Dakota,Thailand,-86.1711,-116.6,cras,tredecim,clarus,ter,deprecator,recusandae,currus,67,30.70170270481853,87,amitto,3,2,3,true,0.24672939008300696,2022-02-21T09:11:13.317Z,Considine - West,false
72a3dfec-cc46-45ce-beef-9f576585cb51,2018-12-31T22:20:29.228Z,Port Trentberg,Delaware,Latvia,30.0999,-175.1042,ocer,vereor,atavus,aveho,appositus,victoria,acer,43,81.63379208078666,72,speciosus,6,2,3,true,0.24085006113330762,2019-03-26T06:13:00.808Z,"Bartell, Schoen and Erdman",false
627f99f3-6173-499b-8d8f-a2546fd451fa,2024-01-06T07:12:13.933Z,Mayertshire,Arkansas,Solomon Islands,29.1515,140.2778,bos,excepturi,abstergo,corrupti,cohors,minima,appono,25,158.59343032104846,34,arceo,1,2,4,false,0.19181641079097614,2021-06-08T15:38:33.285Z,Pfeffer - Anderson,true
7231244e-d0f5-45d4-a700-803c2e86292b,2023-10-11T09:17:59.726Z,Sauerworth,Wyoming,Reunion,-54.6299,161.674,stips,correptius,aiunt,cultura,atavus,talis,quia,126,14.150932989641518,82,voluptatum,6,0,4,false,0.03187781979480439,2018-08-08T22:44:02.360Z,Emard Inc,false
89912fb4-5a13-49c3-bf7d-ee9c9490a319,2025-12-25T23:15:56.935Z,New Dan,Texas,Portugal,-73.7972,-34.175,abundans,vilicus,custodia,constans,credo,approbo,viscus,63,109.145275504531,50,summa,0,0,5,true,0.23307177843825982,2019-07-20T18:26:53.250Z,Rogahn - Mraz,true
b63ec2e0-3819-481e-812e-3804861e78ee,2024-09-20T23:33:20.844Z,New Sylvesterville,Wyoming,Grenada,76.2581,-103.1104,vorax,tui,inventore,surgo,conitor,recusandae,vigor,97,146.42394583829736,47,totam,4,2,4,true,0.06789662536111979,2021-12-23T21:44:09.809Z,Swift Inc,false
c088f83c-6366-478f-bbe7-32a40e6830cb,2020-08-14T18:15:15.402Z,New Kallie,Connecticut,Dominica,83.3922,48.8045,magni,tolero,vobis,suffragium,ascisco,combibo,sint,97,74.76165615563337,55,aetas,3,0,1,true,0.23564638841675567,2025-03-28T12:15:38.386Z,"Schamberger, Orn and Nitzsche",false
0ac217ac-8383-4f9e-baa0-248d4bf36424,2024-01-24T03:31:51.363Z,Alexandreaboro,West Virginia,Albania,38.0884,107.9548,copia,adflicto,speciosus,quaerat,absum,aggero,apparatus,52,35.09125898654668,37,aiunt,5,2,5,false,0.24919544585888123,2024-10-20T10:14:26.520Z,Torphy and Sons,false
564f2e0c-c95a-4815-86bd-43360d8cbe3a,2019-07-16T00:29:47.618Z,Lake Judgeworth,North Carolina,British Indian Ocean Territory (Chagos Archipelago),75.8222,-57.4704,excepturi,tumultus,cogo,dicta,coniecto,demum,molestiae,122,63.40987669321339,44,admoveo,3,0,5,false,0.12264860777692799,2020-07-14T19:31:31.642Z,"Pacocha, Kilback and Swaniawski",true
2648fcd1-1bcc-400c-8fa3-8611ef43629c,2024-08-23T18:27:09.544Z,Kirlinchester,Pennsylvania,Cameroon,-14.7042,65.5712,allatus,fuga,vulariter,corrigo,aureus,placeat,dedecor,82,45.141148143589916,93,caterva,4,1,5,false,0.050588980595302785,2024-09-16T18:30:32.942Z,Breitenberg - Sanford,true
9ae6eb54-e055-40b6-a5d3-ceb4c5af4c2b,2022-05-28T09:04:12.015Z,Conroycester,Maine,Bahrain,-11.4137,157.6733,angulus,clarus,substantia,abundans,totam,admiratio,absconditus,53,127.03796204856572,99,statim,3,0,1,true,0.10809336785857043,2022-08-11T12:11:35.744Z,Brakus - Abbott,false
6883c1f8-0892-421f-bd77-028280981a94,2022-04-21T07:02:35.222Z,North Dorthy,Virginia,Costa Rica,-13.3381,-38.8745,bellum,cimentarius,balbus,abbas,atrox,teres,arx,68,55.867786501772315,90,curo,2,2,4,true,0.16170630471646588,2020-06-15T11:13:05.210Z,Erdman - Barrows,true
6ac565fd-315e-4c09-a67f-ccd93ca74346,2025-05-10T07:07:41.427Z,Port Dortha,Rhode Island,Dominican Republic,56.3844,-47.188,cursim,dedecor,coadunatio,curiositas,defendo,centum,corona,55,157.75483416431499,23,sum,1,0,1,false,0.2484967949956248,2019-03-03T05:04:12.963Z,"Braun, Smitham and West",false
00b60589-73a9-46c3-8462-5bb79f39639f,2022-04-24T14:56:56.886Z,West Kade,Ohio,Chad,50.7814,-87.7025,terga,tyrannus,demum,suspendo,virga,dolores,sordeo,70,45.19392872703041,58,inventore,5,0,3,true,0.016407796439657063,2022-06-23T18:23:48.659Z,"Aufderhar, Daugherty and Pacocha",true
1fa8eed8-15e3-453e-8c5b-2c98b38c1c8b,2024-12-08T19:05:22.477Z,Fort Candaceborough,Arizona,Djibouti,79.8857,171.1747,dolorem,pel,enim,triumphus,universe,suspendo,tero,120,182.0246917777062,47,consuasor,3,0,1,true,0.07440867992101019,2019-07-29T12:15:30.760Z,Crooks and Sons,false
825eeeb6-7539-453e-96b3-742d4b5bfcd1,2025-03-22T06:29:28.955Z,Milpitas,Illinois,Martinique,-87.7266,176.4847,cicuta,fugiat,caelum,victus,dolor,decretum,tot,32,225.67153316424523,60,velut,4,0,4,false,0.04467843982118613,2022-10-05T21:40:20.900Z,Okuneva - Fritsch,false
b81a4a29-de2c-43aa-b199-a78381f74b1b,2022-10-31T20:14:49.899Z,Faustinoview,Mississippi,Seychelles,78.6357,19.0497,sustineo,uberrime,acidus,amita,calamitas,infit,conicio,72,182.10550381600348,74,arbitro,4,2,3,false,0.08582382636052491,2018-05-04T23:23:06.612Z,Tremblay and Sons,true
492350d6-0409-430e-86bc-f2a7949b5e20,2022-06-27T12:38:31.217Z,Kundestead,Hawaii,Republic of Korea,83.8203,54.3099,arceo,libero,pectus,suffragium,correptius,velut,tutis,27,139.70613347906567,16,accusamus,0,2,4,true,0.20225275944636262,2018-01-09T04:54:14.327Z,Wuckert - Klein,true
639cb233-d2bb-4c7f-b7c8-19700579e58f,2023-01-11T20:54:36.715Z,Stoltenbergton,Maryland,British Indian Ocean Territory (Chagos Archipelago),56.0796,-102.0076,inventore,veritas,degusto,tergum,possimus,amaritudo,valde,29,111.26661400158024,66,volutabrum,6,1,5,true,0.07482069394471294,2020-11-04T00:33:53.101Z,Auer and Sons,false
1cf749c4-de19-4800-9304-444dcfc1f0c6,2020-02-13T20:07:24.564Z,Alessiahaven,South Dakota,Democratic Republic of the Congo,46.8238,-145.7791,aliquam,corpus,carcer,canis,dolorum,surgo,speciosus,103,49.306943978796376,67,caelum,6,0,2,true,0.1876811323509775,2019-08-19T22:18:08.752Z,Feeney - Moore,false
0f81e841-d5d4-4337-a2ab-d3722bb995cf,2025-12-18T14:46:11.358Z,Fort Devon,Oklahoma,Jamaica,2.1851,156.6201,maxime,deduco,suscipit,concedo,teres,statim,trado,31,12.436673708680193,39,taedium,0,1,5,false,0.010025639566448363,2025-10-20T14:56:51.019Z,O'Kon - Collier,false
c681772e-6ea2-478c-a6ab-f8389e116f13,2023-06-09T00:10:49.777Z,Fort Nellahaven,Ohio,Montserrat,67.4924,-32.3635,appono,cimentarius,cogito,subvenio,illo,tergum,atrocitas,34,182.1779344307109,61,corona,2,1,5,true,0.24131601122438326,2020-07-11T11:54:37.284Z,Schneider - Shields,false
6402c77c-a7de-463e-a42f-080c335b5710,2022-10-08T17:02:29.078Z,Plantation,Connecticut,Turkey,-13.687,157.7047,cubicularis,debilito,aduro,civitas,spero,tego,odio,105,68.01555841249362,37,deduco,0,2,5,false,0.12547321888053709,2025-08-24T17:13:06.779Z,"Kreiger, Kihn and Bahringer",false
d4d00080-52b4-4451-8c4a-8f3ae739db54,2022-09-09T18:20:38.661Z,Legroston,West Virginia,Brunei Darussalam,77.8201,78.8248,suus,valde,deprecator,ver,thalassinus,textus,conqueror,48,7.053033687195942,86,tergo,2,1,2,true,0.022443752944417167,2025-01-24T22:08:58.819Z,Torp LLC,true
030a4029-5a11-46b7-a330-634dc5f01ac7,2019-06-03T15:01:54.273Z,Medhursttown,Delaware,Cape Verde,58.9228,22.8173,amita,coniecto,turpis,curo,truculenter,aeneus,cupio,114,152.7201970210107,99,accusantium,2,2,2,false,0.15768190335574503,2025-11-08T05:52:19.615Z,Swift Group,false
8fda29b0-4597-4e05-9b4c-880cff32da04,2021-04-20T05:19:49.737Z,North Macie,Pennsylvania,Dominican Republic,-74.8996,67.8001,vomito,crur,exercitationem,cultellus,amitto,suus,terror,69,234.53328171591676,97,deserunt,6,1,5,true,0.18884795477229813,2022-11-25T17:11:55.914Z,"Streich, Jacobs and Gusikowski",false
d3ec1b26-2e74-4d7f-b271-b20192b394db,2018-03-03T05:13:03.562Z,East Clarissa,Ohio,Grenada,43.4987,-140.0172,curis,sophismata,adaugeo,crepusculum,thymbra,catena,carbo,107,141.84868441483144,89,delego,1,0,2,true,0.0564818877754206,2020-04-02T04:05:57.371Z,Stracke - Rice,true
1c1bd328-924f-4594-924e-1712aaa24068,2021-07-26T19:25:25.208Z,Emmaleehaven,Missouri,Norway,-72.4819,-121.1714,molestiae,amo,minima,absens,vox,defleo,utor,105,188.47995972221432,87,super,4,1,5,false,0.13931933095215468,2025-11-07T06:27:02.487Z,Cole - Schulist,false