accident_id,incident_datetime,city,state,country,latitude,longitude,road_name,road_type,intersection_type,accident_type,weather_condition,road_condition,light_condition,speed_limit,actual_speed_kph,driver_age,driver_gender,casualties,fatalities,vehicles_involved,alcohol_influence,blood_alcohol_level,weather_reported_at,reporting_department,pedestrian_involved
dc427984-b173-48af-9248-1505bd1f8ce4,2022-05-24T11:26:01.286Z,Hendersonville,Wisconsin,Republic of Korea,67.9206,168.4065,barba,voveo,anser,ultio,minima,nemo,tutamen,92,99.55791562046818,62,veniam,6,2,4,true,0.1989037595487971,2023-02-20T07:03:19.998Z,Hintz Inc,false
9fef6166-1b9b-4327-8f7e-be49dd6a14c1,2021-12-16T18:14:08.111Z,North Millerbury,Hawaii,Malta,62.349,-105.5444,ultio,cilicium,pauci,custodia,facere,desidero,cupressus,69,51.371818604829905,17,sumo,1,0,3,true,0.11670696167070857,2023-08-15T19:28:35.058Z,Turner Group,true
3084bd50-f1a7-4553-a83c-8156c73c2ddd,2024-10-13T04:36:49.599Z,Brownsville,Minnesota,Armenia,11.3867,-156.6266,tolero,defessus,certus,umbra,correptius,voro,termes,78,5.158964819569336,81,audentia,1,2,1,true,0.1270105771922749,2025-02-21T02:36:47.798Z,"Mayert, Torphy and Zulauf",false
9785f001-3277-49ed-8b5f-0692e37478c7,2022-01-19T07:25:18.299Z,Goldnerton,New York,Liechtenstein,-16.6122,152.8448,vaco,blandior,strenuus,deficio,verus,amplexus,corrumpo,42,83.68713336069833,53,defluo,2,1,2,false,0.1320710272391806,2019-01-30T19:07:49.265Z,Sipes Group,false
a74e138c-c9a8-422e-b061-4e6d1520082e,2019-01-06T22:59:50.195Z,Joseside,Alaska,Chad,75.8234,94.6982,caveo,delinquo,comis,ter,denego,subito,ascit,26,206.32423971031932,82,umbra,2,1,4,false,0.21127528677488153,2021-06-06T01:00:03.566Z,McKenzie Group,false
58c77f31-75fa-432b-be57-177454f2e6f5,2021-06-19T15:58:31.973Z,South Elenor,Tennessee,Turkmenistan,55.5475,43.9656,cui,tremo,vaco,adulescens,cunae,nemo,depulso,104,179.21720096140334,71,harum,1,0,3,false,0.1994421349197123,2024-06-25T03:49:00.027Z,"Wolff, Funk and Champlin",true
9eecf5d5-1963-463f-b623-a79aaebb95ac,2025-08-26T07:02:27.739Z,Martinabury,South Carolina,Liberia,45.6307,147.0165,desipio,volo,sapiente,deserunt,tamen,tumultus,colligo,65,197.56994542497358,94,vomer,4,0,4,true,0.18134375876423253,2025-12-17T03:03:43.843Z,Altenwerth Inc,false
89ef28f1-5dfa-4218-bb32-c64831c2698a,2018-12-23T16:50:40.068Z,North Lululand,New Hampshire,Serbia,-78.5009,-123.0188,mollitia,addo,cruciamentum,conatus,uberrime,ara,derelinquo,65,48.44420133204959,84,trepide,3,0,4,false,0.23708191931390624,2025-11-17T23:09:43.310Z,Hoeger - Gleason,true
c9edd1f8-be86-4738-a431-6200dc997bde,2020-07-19T14:31:23.846Z,New Edwardoview,Colorado,Singapore,43.968,69.5112,quidem,atrox,ulterius,subito,victoria,utilis,brevis,34,85.27857583907944,75,eum,0,0,2,true,0.05326637500918613,2018-09-15T17:58:24.877Z,Herman - Rodriguez,false
16acb959-4f77-4d5f-8c5d-4430c4847928,2021-12-19T08:24:31.022Z,Lenniestad,New Jersey,Dominican Republic,20.0021,-114.6769,absconditus,caveo,depono,auctor,vicinus,tot,uxor,74,10.815401314625372,68,temeritas,1,2,4,true,0.22642049261833347,2024-08-15T05:44:28.947Z,"Schowalter, Barton and Langworth",false
b760aec3-b6e9-4ffe-8da5-5139e477f1be,2020-07-14T15:14:14.347Z,Trantowstead,Alaska,Tokelau,82.5162,3.381,titulus,caste,tepesco,umerus,calco,ocer,succedo,63,187.08268440598152,98,aureus,5,2,5,true,0.05064115433113958,2024-05-05T01:01:03.863Z,"Nicolas, Boehm and Hansen",true
21f5e1fc-99ee-4a95-a980-d03fda9cfff5,2021-11-06T12:07:29.775Z,Deckowburgh,Indiana,Bulgaria,-3.9285,-102.5859,tenetur,temporibus,ceno,civis,cogito,aestus,cuius,124,233.66833628767395,25,deporto,5,2,2,false,0.021608413643550428,2024-10-19T00:25:32.168Z,Skiles - Klocko,true
7d66569e-d02c-46ad-a404-b9c6089863b2,2024-10-05T08:22:17.767Z,Virgiestad,Alabama,Latvia,52.4179,47.131,benigne,deorsum,tumultus,quo,praesentium,arbitro,subnecto,104,90.44377060082935,60,certe,2,1,1,true,0.02771664121171838,2024-09-18T03:34:41.653Z,Emmerich - Conn,true
ac5b220a-47a2-4461-9938-3da0a3b7e213,2024-10-06T04:33:43.670Z,St. Louis,Maryland,Thailand,71.3342,-134.5881,coaegresco,atrocitas,argentum,curriculum,thema,quia,usque,44,177.1499863525539,47,ultra,0,1,3,true,0.2129346843978095,2021-01-29T20:14:45.815Z,Corwin Group,false
e13313be-8a24-4be6-ad11-15a70f2717ce,2023-11-03T11:08:43.213Z,North Las Vegas,Colorado,Colombia,82.0209,64.8849,certus,viduo,officiis,defendo,baiulus,cui,acquiro,112,209.69274552801457,67,paens,1,2,1,false,0.09565728763200657,2018-05-21T09:24:44.855Z,"Koss, Nolan and Roob",false
f2b46966-a505-411c-b0cb-ca4bfcc8d438,2024-07-05T23:20:21.646Z,South Leola,Nevada,Pitcairn Islands,-87.3312,125.8975,talus,aeger,tergeo,agnitio,summisse,uterque,animi,91,170.84111477750488,48,accusantium,5,1,2,false,0.053589571252182666,2018-06-04T23:50:14.267Z,Gutkowski Inc,false
5bbf4e98-62d9-41b5-9a7f-5383d6809afd,2023-03-02T09:03:56.717Z,New Curtismouth,Ohio,Andorra,-39.2847,-101.5924,enim,eaque,libero,rerum,et,templum,crepusculum,44,213.01299123412733,41,accusamus,3,1,2,true,0.21185376136864478,2020-07-04T16:25:48.887Z,Kuphal Group,false
be68b519-d46a-4e41-b3dd-32ad6293f77c,2025-11-13T06:47:52.808Z,North Destinymouth,Georgia,Armenia,-16.0955,-72.6841,velit,torrens,vereor,cunabula,maiores,sponte,demo,37,65.54683891146215,26,iste,5,1,4,true,0.13808776147765014,2019-06-09T08:08:20.778Z,Murazik and Sons,false
0a39fa4b-a946-444f-9b79-8d57c683e9a1,2022-09-22T08:22:48.395Z,Pollichcester,Michigan,Guinea-Bissau,15.6766,95.5043,minima,odio,deduco,aequus,utrimque,capitulus,torqueo,125,35.99575938907738,100,adsum,1,0,2,true,0.00006340453336001195,2018-07-18T18:10:50.321Z,"Cassin, Bergstrom and Gutmann",true
ea75d4fa-713b-4c27-b3df-cea9a0f3d338,2021-06-07T02:48:25.358Z,South Kingview,Iowa,Senegal,-53.4065,-3.1603,vesco,videlicet,creptio,adipisci,conservo,temperantia,xiphias,54,227.79306545066666,86,odio,6,1,3,true,0.20199192998093715,2019-11-27T09:14:50.631Z,"Wilderman, Wyman and Berge",true
d7643225-dcb3-401d-a2fd-c90360ac2d50,2024-09-03T21:26:11.607Z,Arlington,Indiana,Greenland,43.6731,144.0175,terror,commodi,succurro,quibusdam,arca,odio,cursus,92,51.74314627050187,74,adulatio,1,0,3,false,0.20450972975894874,2018-12-06T22:41:46.137Z,Luettgen - Renner,true
37cce11c-b53f-4bef-9b49-274d585dc55b,2023-08-05T19:38:35.697Z,Antoniettastad,Colorado,Guyana,59.7326,-1.397,tondeo,cado,similique,assentator,decens,texo,accommodo,129,10.776355029442337,24,atqui,2,1,4,false,0.02084413574137381,2023-05-29T17:46:16.312Z,Zboncak Group,true
afe35753-6376-4fec-b4e7-6775ec61ad57,2025-07-25T00:57:40.303Z,Macejkovicboro,Colorado,Equatorial Guinea,-62.3731,108.5336,ventito,suscipio,quam,curtus,vetus,cotidie,considero,35,200.21356024509603,28,stabilis,3,1,4,true,0.18387157651305366,2019-02-10T05:49:50.119Z,Lesch Inc,false
1d48dda6-c375-4813-a91b-b77f93474278,2023-07-27T02:42:39.217Z,Wiegandchester,Delaware,Afghanistan,-11.2324,-160.0774,damno,nam,pauper,error,accusator,velociter,abscido,26,170.96505592523496,60,abbas,4,1,4,true,0.0022132830777291945,2023-05-09T02:32:36.083Z,"Herzog, Johnson and Dibbert",true
3112ebe0-7f68-46a5-9a8a-00dd0962a877,2018-11-08T05:30:06.516Z,Deontaestead,Georgia,Nauru,62.5265,147.3103,deporto,adstringo,celebrer,accusator,utilis,tam,maxime,35,27.52575724801798,23,patria,2,2,1,false,0.18232970644254562,2021-08-11T13:06:29.986Z,Deckow - Gorczany,true
37a06376-4a1a-4595-95d1-e8833fb42f4f,2018-02-09T11:33:46.145Z,Hyattfurt,South Dakota,Kazakhstan,-14.298,-134.9885,adduco,decerno,provident,commodo,amplus,sumptus,aeternus,102,101.02710490329056,28,solus,6,0,1,false,0.18853859230944328,2025-12-22T04:49:32.596Z,"Howell, Witting and Homenick",false
bc13a2fb-c43a-418c-8828-21d4233cd6a5,2021-08-26T13:40:00.159Z,Thoratown,Indiana,San Marino,-48.0508,-33.9615,beatae,caries,bis,carpo,varietas,censura,conventus,111,122.86619859405951,65,tolero,3,2,3,false,0.044675608502850794,2022-10-19T05:35:24.409Z,Pfeffer Inc,false
cfc4220d-c172-4890-82da-3a9825526de5,2021-12-21T11:13:28.192Z,Handboro,Alabama,Sao Tome and Principe,-16.1399,153.5431,vero,textor,tempora,perspiciatis,avarus,cohaero,crur,96,52.382337518088384,64,thorax,6,1,4,true,0.11546112568530367,2022-04-17T15:07:28.347Z,Von - Boyle,true
f573b1f8-ffec-4569-a52f-be803d4d2ca3,2019-05-03T13:06:57.056Z,Fort Wendy,Ohio,Falkland Islands (Malvinas),-13.6032,53.1691,nam,minus,subnecto,conspergo,coniecto,angulus,coepi,41,140.47058443912036,26,odio,4,1,2,true,0.10249641008962332,2020-10-28T07:25:18.301Z,"Rutherford, Lueilwitz and Metz",false
312423cb-f45c-42f9-8e4d-33ac0244ccc1,2019-01-23T18:24:19.125Z,West Buster,Delaware,Guadeloupe,-70.3466,-77.8467,appono,concedo,acquiro,vulariter,substantia,cenaculum,venia,100,176.39494545281605,30,apud,6,0,2,false,0.09363693662254863,2021-05-13T16:29:15.849Z,DuBuque LLC,true
bf162f44-135d-4271-ab4a-865d99a1a313,2021-07-19T10:01:28.474Z,Lindboro,Oklahoma,Isle of Man,87.3132,-23.8146,sursum,calcar,alias,atrocitas,auditor,suggero,alveus,114,98.64824112652965,63,spoliatio,4,1,2,true,0.08700782667814941,2022-02-04T00:59:23.354Z,Corwin - Bergnaum,false
a008df19-6ca6-4f79-a061-3592c3a25a38,2020-03-22T18:22:33.078Z,Sengerboro,Oklahoma,Haiti,-87.7392,58.694,sponte,uredo,teres,tolero,aestas,teres,ciminatio,87,67.90330665031043,96,placeat,4,0,4,false,0.23185471619847842,2019-11-03T03:17:35.157Z,McGlynn Inc,false
76b54e0b-053e-4085-b9f5-aab61c62d93e,2020-03-13T16:49:07.772Z,Compton,Texas,Croatia,-66.9416,56.5573,articulus,audio,clarus,deleo,substantia,amplexus,calculus,48,129.50913367299395,65,viduo,5,1,1,true,0.11502462155395826,2020-02-21T14:51:14.490Z,"Lemke, Dicki and Douglas",false
351329d1-0ac9-4634-a928-38d769486f75,2025-03-29T23:28:21.102Z,South Tarynfort,Indiana,Bosnia and Herzegovina,-62.8885,-87.3223,cubicularis,thesaurus,accommodo,unus,congregatio,perspiciatis,deporto,66,39.75916040636274,84,aggredior,1,2,3,false,0.038581501807102264,2022-02-25T06:45:04.947Z,Maggio - Jacobs,true
1c4f2540-45f8-4bfe-adf0-e4ca577ce124,2021-07-16T10:24:18.289Z,Prosaccoburgh,Virginia,Thailand,64.6288,40.7626,tot,sollicito,via,tepidus,correptius,adiuvo,sint,116,228.50161332507037,48,uter,1,1,1,true,0.05311096956762401,2025-05-14T04:49:44.326Z,Barrows LLC,true
7a478fca-d1ef-480f-8913-285f108889a4,2021-08-27T03:44:40.083Z,New Brookville,Pennsylvania,Saudi Arabia,-26.2513,66.5154,corrumpo,harum,suus,attero,trado,cernuus,clibanus,100,176.69468872364766,30,dedico,1,1,4,true,0.06194087087252689,2021-07-26T23:27:04.116Z,Cremin LLC,false
5e7d74a1-f985-4303-b744-cc6feee30c69,2020-04-07T01:12:07.413Z,Boganstad,Colorado,Belarus,-52.8533,-74.4551,ipsum,annus,confido,universe,apparatus,adsum,amplexus,107,37.47222268948227,79,clibanus,4,0,5,true,0.0771303460005972,2019-07-19T15:04:08.253Z,Pagac LLC,true
42904196-6f60-41c4-a601-9444aa9e2e87,2020-05-09T01:05:11.829Z,Port Janie,Rhode Island,Armenia,40.5202,-3.3089,asper,cubo,ea,officiis,crux,vulticulus,aureus,93,26.77820671412176,64,cimentarius,4,1,3,true,0.08740586645779194,2020-02-16T00:44:07.365Z,Dach Group,true
1b01c4c0-88f6-43f7-b24f-10b20af18c81,2024-02-27T02:11:47.727Z,Fort Lauderdale,New Jersey,Cape Verde,-5.2505,-74.4082,conatus,conitor,sponte,cimentarius,desipio,concedo,cuius,127,141.18664577641732,90,tardus,2,2,2,true,0.11689979157456168,2021-01-29T05:35:13.272Z,Rath and Sons,false
41fdf73d-2cfd-4801-bcde-7ffa21bcfe19,2022-06-28T22:57:09.225Z,Trujillo Alto,Nebraska,Papua New Guinea,65.8831,114.4188,vesco,ait,carbo,decipio,sint,tui,coma,128,82.48031367795409,88,cohors,1,0,2,false,0.019788637578059515,2020-09-29T20:40:55.238Z,Hermann LLC,false
94f993a2-e36e-4499-be66-ec1f763ec4b7,2024-03-29T19:31:41.852Z,Colorado Springs,Vermont,Kazakhstan,35.7182,16.5669,adulescens,atqui,sapiente,creber,audax,benevolentia,beatae,89,153.54639843750243,32,caritas,1,2,4,false,0.1868670938202935,2019-04-27T23:04:29.966Z,Funk Inc,true
4fe967ab-72b8-4caf-9fa6-d3eb5e646b57,2021-01-28T22:39:09.369Z,Linden,Missouri,Faroe Islands,51.4367,-79.5248,cinis,sustineo,turpis,deporto,ara,desolo,attollo,130,170.78635370255168,78,cum,4,0,5,false,0.16247423929418559,2023-03-19T22:31:06.634Z,"Skiles, Schmitt and Hills",true
92b41ea6-cdd5-4e54-af47-b326cca38e66,2025-01-04T19:15:46.707Z,South Jaquelineland,New Mexico,Dominican Republic,-68.9553,-78.3249,aestivus,cribro,cribro,solium,ex,vapulus,aperte,29,86.97288209812893,23,deporto,5,1,2,true,0.19498346301095568,2022-02-13T16:06:32.862Z,Rippin Inc,true
8961e2b6-4cc7-40aa-8c5c-684489f572a0,2024-05-12T12:26:51.168Z,Koelpinworth,Texas,Guinea-Bissau,22.1946,-89.827,fuga,statim,creta,centum,aeneus,omnis,arx,50,56.25325195979454,48,aedificium,6,1,1,true,0.03358392101800009,2022-03-16T05:16:24.436Z,Harris LLC,true
9fedcaec-f998-4a02-9f24-bd049742be39,2019-03-14T09:31:16.593Z,Evansville,Texas,Solomon Islands,18.451,25.3767,damnatio,aggero,sopor,summa,crinis,delinquo,solitudo,81,25.43088641003024,94,strues,0,2,1,true,0.08901393871754384,2021-04-19T23:09:09.792Z,Gusikowski Group,true
d774f65c-1392-42f2-8883-b0417d32055e,2022-08-25T13:55:14.013Z,Mishawaka,Vermont,Somalia,21.7683,134.2041,tenetur,voluptatum,varietas,coma,pecus,verecundia,depereo,91,206.19487191645746,72,ventus,5,0,1,false,0.09941271670250679,2021-12-08T18:19:16.542Z,Adams Group,false
e0a31c2d-f0d1-43b7-bbf3-e0d1fae48dc6,2020-06-25T11:27:38.147Z,Demarcofield,Kentucky,South Sudan,15.9108,57.8096,damno,arceo,tergo,adflicto,spero,creator,vapulus,114,5.335494692851714,47,decretum,2,2,3,false,0.019229631336711323,2018-07-24T21:21:36.750Z,Jones - Lind,false
97cb527e-4e69-4a95-9398-60f85c52dc69,2025-11-12T02:00:33.380Z,Fort Natalia,Nevada,Holy See (Vatican City State),-3.4742,90.1237,denuo,strues,valeo,deludo,cruentus,derelinquo,delego,25,22.83420899879158,81,vorax,0,0,5,true,0.004162741260130193,2020-03-31T07:49:29.445Z,Dietrich Inc,true
d09bb88b-738c-41ad-a0ee-849fbc68a832,2020-06-17T18:59:29.187Z,Ethelfurt,Nebraska,Lithuania,-18.9474,-82.0407,sui,asperiores,surculus,velit,calcar,crapula,adhaero,52,82.43621474504181,72,viridis,5,1,1,true,0.047298871183141356,2018-07-13T22:39:56.380Z,"Lubowitz, Pfannerstill and Morissette",true
a779fb95-831d-4eed-a5c2-9b69b82f8416,2024-06-17T06:13:22.550Z,Clarkland,Idaho,Pitcairn Islands,-24.1616,103.8549,censura,incidunt,claustrum,tergeo,tersus,reiciendis,administratio,33,23.633930599581944,60,adipisci,6,0,1,false,0.13538348726156743,2018-05-23T07:57:32.392Z,Lehner - Heidenreich,false
7c4669e8-bea2-4265-9496-1c7e44457831,2022-11-20T14:16:04.109Z,Lake Cotybury,Missouri,Argentina,-72.6373,60.5735,vomito,depulso,territo,expedita,testimonium,conculco,vacuus,88,15.847981318268785,79,ea,6,1,1,false,0.09789523943705036,2024-07-29T20:55:24.387Z,"Spinka, Rolfson and Green",true
47124399-c4e3-47fb-b388-5335809f0b61,2022-02-25T14:54:43.471Z,Lehnerhaven,Arkansas,Svalbard & Jan Mayen Islands,-76.009,99.431,quae,trans,deduco,tertius,bellicus,amplexus,testimonium,30,22.213711607679862,50,sol,1,2,1,true,0.13693234154423917,2025-08-24T21:31:29.184Z,Farrell - Hudson,false
71b53949-31cb-4e9c-a8bb-f705a79d0fad,2021-09-02T09:31:31.642Z,Oakland,Nebraska,Burkina Faso,54.4403,154.6996,pel,ut,aureus,voluntarius,comis,alias,bene,31,65.85509903478729,97,quia,2,2,3,false,0.18089167286130814,2021-06-22T00:26:19.803Z,Raynor Inc,false
4c61d8b5-ce72-4122-ac77-93e150f2d38a,2020-12-07T18:05:02.770Z,West Babylon,Indiana,American Samoa,40.8366,-164.7107,voveo,trepide,ipsam,apparatus,aegrotatio,quod,summopere,121,212.83427946330733,74,studio,3,0,3,true,0.14466816919059047,2019-12-08T17:43:27.115Z,Pfannerstill - Green,false
6e10e0dc-02d3-4a0e-a402-6c6d1a574bd6,2022-02-13T20:22:19.138Z,Bartonshire,Rhode Island,Rwanda,-6.02,-111.0289,denique,ipsum,volubilis,claudeo,eveniet,agnitio,curto,122,205.29088809787692,54,vehemens,0,1,3,false,0.2297873060049215,2018-05-30T00:29:59.794Z,Turcotte LLC,true
c2ee83f2-fae1-4322-9a62-a015824074cb,2025-03-24T06:19:01.071Z,Fort Remingtonborough,Georgia,Czechia,47.7089,82.0254,vulnero,calcar,pectus,voluptate,vehemens,cupiditas,condico,34,104.94418571428204,84,optio,1,0,1,true,0.07906312786408962,2020-11-14T04:28:58.016Z,"Abshire, Yost and Towne",false
f7e5745a-d467-40d6-b2fc-2e04bbe196e2,2022-10-30T13:29:48.260Z,Lake Jerrod,Maryland,Libyan Arab Jamahiriya,-68.8049,-125.8329,amplitudo,agnosco,sumo,voluptates,acquiro,arcesso,volo,117,20.555160403663734,65,curvo,6,1,2,false,0.21577955509125685,2020-01-04T09:30:23.789Z,Buckridge - Parisian,true
9bf550cc-aaf1-4447-b087-688dc64c3bc6,2025-10-28T20:05:00.334Z,Moreno Valley,Arkansas,Sint Maarten,-44.1271,68.7235,decumbo,tenuis,tener,celer,tandem,corona,denego,120,183.65649111795102,55,volo,2,2,2,false,0.08679067297035842,2025-05-31T16:14:10.866Z,"Pouros, Schultz and Hoeger",false
f17b76fa-5e04-42e9-a940-9ac9cdecd60e,2025-12-23T11:58:13.568Z,Douglasborough,New York,Georgia,-20.7343,46.8446,tolero,summisse,carcer,eligendi,carcer,nisi,amplus,122,181.4894033751817,98,cariosus,1,2,4,false,0.2253223501005579,2022-02-05T07:53:07.885Z,Wintheiser Inc,true
4ebcdb02-03ea-42c0-b2d9-9c5de61f0c71,2019-09-19T16:50:21.049Z,East Kenyonton,Oklahoma,Svalbard & Jan Mayen Islands,52.3765,3.6737,caries,spiculum,utrimque,verbera,teneo,admitto,nesciunt,38,233.08446893399116,99,vaco,4,2,1,false,0.2214181055004507,2024-08-20T18:52:40.767Z,Barton Inc,false
9d44a793-29a5-4e80-838c-644f8d3f5936,2018-11-07T12:27:06.804Z,Tamiaville,South Dakota,Bosnia and Herzegovina,28.5221,90.6863,peior,crastinus,territo,temeritas,omnis,denuo,absum,52,209.52083555814468,93,contra,3,2,1,true,0.08910535835899991,2023-05-03T13:05:34.053Z,Hintz Group,true
8cabe50f-7588-4853-9b02-8e3c44a91c55,2019-02-12T23:29:49.208Z,Goodyear,Wyoming,Chad,-20.5626,129.2955,tricesimus,vociferor,curia,fugit,cognomen,arto,sono,66,31.64911504621142,89,tollo,1,0,3,false,0.23648409586916497,2021-10-22T02:34:13.453Z,Mosciski - Kirlin,true
f2764c4e-1b42-4fc9-81a9-e7fd7ced5ec7,2022-11-09T12:40:29.603Z,Antioch,Mississippi,Kyrgyz Republic,71.0435,-176.1384,audacia,aperte,decet,valetudo,delibero,cubo,vorax,112,119.37192725387507,51,videlicet,5,0,3,true,0.2163943415077976,2022-07-16T13:29:23.839Z,Gleichner Inc,true
e09ff2e0-098e-42f0-9939-7916ff7ca161,2022-05-22T01:28:29.051Z,Pacochabury,Texas,Bhutan,67.6177,-144.2456,terga,animi,speciosus,paens,antepono,appello,bestia,68,100.24165715273742,77,acies,0,2,1,true,0.07571067288474104,2020-12-06T10:10:50.880Z,"Johns, Braun and West",false
0ee5c0d2-4934-4271-9950-373a5c065027,2023-06-08T12:04:41.627Z,Abbottmouth,Virginia,Slovenia,-84.1108,5.9992,aestus,cubicularis,desparatus,totidem,provident,agnosco,aveho,64,28.616673888606698,46,subnecto,6,2,1,true,0.216438485370338,2022-11-13T14:44:58.881Z,Schulist - Moen,true
b633898f-9c8d-40da-b3f5-d065ee80f987,2023-04-23T03:46:27.120Z,Moreno Valley,Vermont,Eswatini,12.7886,177.4957,delectatio,cruentus,subnecto,tonsor,aiunt,dignissimos,calcar,37,195.2965160734025,66,timor,2,0,4,true,0.24949423384440803,2021-03-08T14:18:20.980Z,Durgan Group,true
ceb6f5bb-2d77-4257-9a66-cb0c659127a1,2022-04-26T00:25:40.602Z,New Neil,West Virginia,Brunei Darussalam,-59.7844,-4.4528,alter,cernuus,adamo,non,decor,temperantia,clibanus,69,146.1607774471163,93,varietas,3,1,2,false,0.07109299833543398,2020-09-26T09:44:58.174Z,Emmerich Inc,false
42132624-54c3-444d-82c1-9c3c33d6d4e6,2020-10-23T00:41:03.661Z,Hoover,New York,Benin,67.7684,139.5414,conitor,cunctatio,atqui,blanditiis,tersus,turpis,amiculum,125,137.66419457464008,22,conitor,4,2,5,false,0.1101687590069092,2020-07-07T20:47:59.282Z,McGlynn - Bernier,true
c130b0b2-3bf5-42e4-9b1b-bd170d335057,2020-10-25T19:42:06.988Z,Lake Kyleigh,New York,Congo,-29.4708,70.3261,spectaculum,alveus,adhaero,atavus,pecus,valde,tot,116,95.35856419005452,65,ultra,6,0,1,true,0.12181344550318524,2018-12-31T09:30:01.980Z,Abshire LLC,true
f1af44ef-2e24-4c09-8f82-e20374891864,2019-12-23T04:45:17.520Z,East Christopher,Nebraska,Moldova,-38.8096,-134.8748,amor,termes,cado,dolor,denuo,angulus,magnam,43,85.53308691925379,19,possimus,1,1,2,false,0.09568106433506568,2024-05-21T20:34:35.910Z,Stiedemann - Kris,true
fd7413e7-a954-4032-926b-2674ed7f1874,2021-01-16T01:40:21.140Z,Lake Krystel,Wisconsin,Turkey,-2.7446,-136.761,corroboro,trado,calcar,amplitudo,canto,cumque,dicta,86,237.02972288524282,19,decet,2,1,5,false,0.21460538166783474,2021-06-06T05:19:43.980Z,Hintz - Schroeder,true
3e8c92e7-c9f7-4178-9643-8fc56270276e,2025-08-14T07:28:29.949Z,North Avisburgh,North Carolina,Switzerland,-84.1281,0.1008,caste,turbo,ventus,casso,decretum,libero,conitor,30,219.97273596752967,50,laborum,5,0,1,false,0.1065160466035584,2023-11-27T04:21:00.041Z,McKenzie and Sons,true
0412a220-a6e6-4e0b-accd-bccea4ba5a7a,2019-10-22T15:53:43.729Z,Earlfurt,Texas,Sweden,-40.2908,-5.48,summisse,ad,brevis,doloremque,undique,dolores,sui,119,180.43569167021766,85,dolor,6,0,3,false,0.14896777043912712,2023-03-01T00:42:28.763Z,"Mayer, Gorczany and Steuber",true
1aa795db-4a4a-462b-826d-2f5001c63f04,2021-11-10T10:28:11.773Z,Goodyear,Hawaii,Montserrat,72.9809,93.2122,dignissimos,crustulum,temporibus,canonicus,aspicio,tamdiu,dicta,119,143.30362769816057,37,coniuratio,4,0,1,true,0.05121673905713109,2023-12-04T11:14:54.415Z,Beer - Tillman,true
b4df5d38-1d18-4109-98a8-43c018ad111d,2022-01-13T19:49:51.337Z,Murazikhaven,New Hampshire,Jersey,-6.0571,49.5771,claro,qui,aetas,volva,voluptates,somniculosus,confugo,100,96.7451395347502,46,auxilium,6,0,3,true,0.03829549688106035,2019-07-10T15:05:09.473Z,Rosenbaum - Schuppe,true
eca900b9-6083-4ea9-b501-ff124aa97c28,2023-09-23T22:28:14.876Z,Redding,Wisconsin,Curacao,11.9836,-58.8094,mollitia,considero,aliqua,animus,crux,vinum,vinco,121,31.4826094643806,81,solio,4,0,1,true,0.12759757444362874,2024-06-19T14:35:21.213Z,"Harvey, Lesch and Mante",false
54df0639-8d51-43a1-af62-aef4b6e63c0b,2019-06-26T16:24:41.899Z,West Magnolia,North Dakota,Aruba,-64.4903,-26.8667,paens,amplitudo,strenuus,communis,vobis,textus,comitatus,102,49.021599198952075,66,repellendus,0,2,2,true,0.0755576236115213,2023-04-11T18:29:27.565Z,Brakus Group,false
1b09647b-fa11-4a15-aa25-4983749d7bc9,2023-05-29T08:58:31.044Z,East Heaven,Georgia,Timor-Leste,-42.655,-178.2159,volubilis,arbitro,sonitus,defungo,sufficio,quos,a,59,218.9882760302516,91,adversus,5,0,5,false,0.21155021678688865,2023-11-23T01:08:34.942Z,Schamberger - Keeling,false
d7b38a7c-5d73-4d82-abcc-8119dc642016,2018-10-12T05:41:24.465Z,McClurecester,Vermont,Yemen,-46.5373,-109.0632,vado,vinco,virgo,iste,soleo,rerum,astrum,34,113.47590269225469,50,adflicto,4,1,3,true,0.2050281031126839,2023-03-02T01:20:19.116Z,Braun - Gleichner,false
854fac3f-18be-45b7-aa12-a1eaaf254652,2021-10-02T07:14:32.048Z,South Renee,Rhode Island,New Caledonia,-49.1163,69.2889,accommodo,volva,perspiciatis,coruscus,utilis,illo,universe,34,35.50724509595553,75,accusamus,4,1,4,false,0.22750774615983296,2018-02-24T20:01:13.843Z,"Greenholt, Braun and Mitchell",true
067f4cd2-2a9f-42c7-ad44-5798bb57131a,2025-07-19T23:31:17.206Z,Gaetanocester,New Jersey,United States of America,83.9625,-134.6487,sublime,tristis,cattus,enim,thema,decimus,turba,43,211.50700409619188,100,eligendi,2,1,5,false,0.1399540071517568,2019-06-11T00:04:05.394Z,Ebert - Sawayn,false
42d97a27-73f8-4a96-859e-73d4b0655d18,2021-01-29T22:56:06.135Z,Stellacester,Pennsylvania,Holy See (Vatican City State),76.9181,146.7124,xiphias,vomer,beneficium,cupressus,spes,conduco,labore,40,15.22975105580822,98,abduco,1,0,5,true,0.2427554987583403,2021-11-20T20:33:29.350Z,"Kris, Buckridge and McGlynn",false
88178f3a-edac-4920-8e50-36567741973d,2020-01-21T05:04:14.070Z,New Orleans,Utah,Montserrat,49.1797,-155.1025,tamdiu,doloribus,benigne,cresco,adsum,deorsum,amet,111,227.25131388332716,18,vitium,0,0,3,false,0.19613978416485262,2022-01-17T23:11:44.637Z,Dach - Kulas,false