accident_id,incident_datetime,city,state,country,latitude,longitude,road_name,road_type,intersection_type,accident_type,weather_condition,road_condition,light_condition,speed_limit,actual_speed_kph,driver_age,driver_gender,casualties,fatalities,vehicles_involved,alcohol_influence,blood_alcohol_level,weather_reported_at,reporting_department,pedestrian_involved
198fa421-3fd6-4948-afca-3c18befa8d2b,2025-05-11T20:08:00.870Z,North Janfield,North Carolina,Iran,29.7406,-55.1528,dicta,corona,constans,quia,natus,cupiditate,abscido,55,239.40408541115852,95,adeo,1,2,2,true,0.2364903338304733,2018-08-27T02:09:41.385Z,"Quigley, Swaniawski and Bernhard",true
f0439fc5-4648-493c-8ab8-85e240791e95,2024-03-24T11:14:52.570Z,Wadefurt,Colorado,Montenegro,-21.2705,-134.8209,sollers,amicitia,tamdiu,abduco,complectus,decretum,suus,65,131.51139358783425,19,articulus,4,1,3,false,0.1260846771222203,2020-06-03T12:55:18.108Z,"Kuphal, Herman and Tillman",false
9702073a-b5d0-485a-b063-5abe7c0fa65e,2024-06-16T02:24:00.679Z,North Paolo,Missouri,Brunei Darussalam,31.5709,137.2349,adhaero,maiores,repudiandae,baiulus,ipsum,adulescens,civis,22,190.14449746728226,52,quo,3,0,3,true,0.18060294848150504,2023-10-13T13:42:15.937Z,"Gulgowski, Hilpert and Hegmann",true
4dd65347-05c2-4fb8-8784-8b7350be49f2,2021-10-07T13:31:44.536Z,Liafurt,Maryland,Liechtenstein,-2.1742,150.7362,cibus,virgo,cunctatio,caterva,ascisco,claro,accusator,82,50.03216416685593,90,templum,2,0,3,false,0.10038993535069457,2023-04-08T16:04:04.363Z,Schuppe - Raynor,true
da96ecb2-a29c-403b-828c-71d841946c79,2025-02-14T13:55:33.859Z,West Domenickville,Nevada,San Marino,-62.538,-23.0768,carmen,sortitus,annus,terreo,voluptate,brevis,adimpleo,118,219.23811423090558,30,vespillo,5,2,3,false,0.1089775870819609,2021-01-16T19:00:08.450Z,Wolff Inc,false
bbe5bd77-7001-4eb1-9c06-d52a44ab4bdf,2023-02-17T09:27:18.083Z,Davenport,Kentucky,Myanmar,-44.0082,-74.8118,urbanus,utrum,tepidus,vulnus,convoco,spes,defungo,129,147.25234268031753,31,defungo,4,0,2,true,0.21639293555788097,2022-07-20T15:56:51.082Z,"Padberg, Mosciski and DuBuque",false
8ca8911c-a56b-4523-974c-e290dc8b7007,2020-12-14T04:47:17.934Z,Rosemaryfort,Hawaii,Montenegro,-70.0307,-124.7809,cum,uredo,spero,a,umerus,nisi,blandior,83,174.16726730807065,26,conservo,5,1,5,true,0.04243619067153648,2019-01-08T14:48:07.016Z,Braun - Fay,false
77b3b221-734a-4ce5-9c18-36495d27dbc2,2022-10-09T22:07:23.736Z,Harmonshire,Wyoming,Denmark,-72.1359,63.6951,arbustum,consequatur,desparatus,clarus,tolero,dolorum,cresco,130,201.66370447366364,43,alveus,6,0,2,true,0.24288651147990473,2025-05-22T19:34:23.357Z,Hackett and Sons,false
1157e732-7e9a-4042-907b-0c2d1ce5f17a,2023-09-25T19:02:24.614Z,Bayamon,Nevada,Bahrain,67.6279,-142.4866,atque,tempore,non,tutis,cupiditas,sumo,dolorum,28,103.23070562615524,16,autem,2,2,4,false,0.13334454891933994,2022-07-16T17:14:30.937Z,Wiza - Bradtke,false
8bcfde27-2192-49fa-b49d-11df3ff8c4dc,2023-07-22T08:32:08.989Z,Madgeside,Mississippi,Argentina,-78.6,-7.9242,creator,volo,vito,comis,accusantium,stipes,quia,68,186.03079051666634,33,error,5,1,1,false,0.2259948844133092,2021-05-26T06:20:44.302Z,Wiza - Pfeffer,false
a88142ed-ec75-4c09-a9e0-3324fa1ffcfb,2024-06-05T21:05:29.028Z,South Zariaside,Maryland,Czechia,-83.2044,161.5659,atrox,degusto,depereo,vesica,summopere,vulgo,illo,102,105.68381294687099,32,pel,4,0,5,true,0.0009638835812129931,2020-02-02T02:20:26.230Z,"Kautzer, Hane and DuBuque",true
dba2262b-8d01-40f4-a3dd-ba75fc06c218,2018-11-09T23:48:44.735Z,Tremblayton,Maine,Republic of Korea,-64.9859,94.0671,ab,optio,suus,sustineo,textor,sordeo,rem,76,113.66067510664539,47,sublime,6,0,4,true,0.13357182532915085,2020-07-09T01:04:15.539Z,Ryan - Daugherty,false
c866c7a1-8d14-4702-8fee-c9e06153b49b,2018-12-04T13:06:31.493Z,North Bernardofurt,West Virginia,Saint Martin,-16.1908,71.9164,corrigo,utroque,arbor,theatrum,cubo,confero,eaque,43,55.19710282609937,20,cuppedia,3,2,5,true,0.06980001661038604,2023-01-19T12:43:34.796Z,"Beatty, Schulist and Gutmann",false
dc7f7fec-3fcc-4a26-8f5a-abecec942580,2019-08-19T23:18:21.818Z,Lake Henrietteview,Kansas,Niger,-43.097,175.9573,crinis,texo,socius,coma,error,pauper,venio,109,71.07960173255906,56,caelum,5,0,1,true,0.1862277332555304,2020-03-10T07:45:57.697Z,Hamill and Sons,true
02d9ad59-d72b-4dde-859b-8410ebce104f,2020-05-31T03:33:42.724Z,Smithamberg,South Dakota,Greece,30.3627,-49.6347,cribro,architecto,molestias,vitium,demonstro,tepesco,aequus,83,186.93295791752027,95,toties,0,2,4,true,0.21372742467360178,2019-08-06T19:16:07.469Z,Goodwin and Sons,true
7b68ebc0-886f-4f0a-a97d-71d40d4c3ce7,2018-06-04T17:06:59.580Z,South Laila,Oregon,Antigua and Barbuda,-75.8784,81.7838,acerbitas,aduro,cognomen,vulnus,illum,aperiam,coadunatio,53,71.7968754662144,45,accusator,1,0,1,false,0.0809435847852179,2020-12-06T17:29:34.665Z,Veum and Sons,false
d396598e-0358-43f6-b6aa-69be455a4869,2023-06-28T11:28:25.866Z,Norwalk,Kentucky,Mauritania,45.692,81.9057,complectus,ventus,aureus,tergum,pel,celebrer,appello,70,109.43785558940063,63,vorago,6,0,3,true,0.04148587832004619,2018-11-30T23:08:45.430Z,Larson - Konopelski,true
600f4677-0509-4870-a25b-ad924122478c,2020-02-21T00:00:06.823Z,North Kay,Massachusetts,Chad,-40.2988,-97.9359,vito,approbo,artificiose,stips,capitulus,confido,eum,55,149.6802395647203,95,bonus,4,2,1,true,0.24328943259979666,2018-12-26T20:56:32.802Z,Friesen - Gleason,false
46bf1fba-ba49-4b86-b694-2fa09efffd31,2025-03-11T21:25:05.697Z,South Pearliemouth,Kentucky,Tanzania,-78.4082,8.2587,balbus,aestus,creber,deorsum,decor,solvo,fugit,39,175.83140177264823,65,claudeo,3,2,5,true,0.02019467160166427,2025-07-09T18:50:31.522Z,"Bednar, Nader and Mohr",true
7cf4f82d-6d0b-4d02-ac91-791dda3121db,2020-09-05T21:51:07.132Z,Daynaview,Michigan,Western Sahara,-16.8771,4.2062,cohibeo,degenero,vespillo,terror,error,aliquid,vilicus,99,135.05844682164138,97,adeptio,4,2,3,false,0.13110619823993072,2025-12-14T01:55:13.034Z,Yost - Kozey,true
567a1182-6348-4d30-b1f4-61b677c4d3bd,2019-08-01T17:30:41.705Z,Madera,Vermont,Argentina,79.2684,-54.7884,deripio,ventito,comparo,vespillo,cilicium,utique,trepide,77,231.60112161496986,95,defaeco,1,2,3,true,0.2276135115028997,2019-08-17T01:45:17.702Z,Herzog - Langosh,true
526f6ba6-fedf-4393-a6fd-9a7d35fca04a,2023-09-09T06:40:25.074Z,South Shayleefurt,Alabama,Belize,-69.1963,-147.3019,compono,tumultus,auxilium,creator,summisse,umerus,accusator,34,129.7471816007485,36,arca,2,1,1,true,0.14766247904316404,2023-07-11T15:12:33.969Z,"Osinski, Donnelly and Jenkins",true
577fc5c8-ee2b-42f5-a0f0-ac422a0c8734,2018-04-05T06:48:03.692Z,Kariannecester,West Virginia,Angola,88.8419,69.4378,aeger,calculus,verecundia,uter,teneo,crudelis,contra,50,42.98286921539049,86,caterva,1,2,2,false,0.21172199996025684,2022-10-22T04:25:34.726Z,"Hackett, White and Ruecker",false
bd576c7e-e7d9-49a8-adf8-0defb599ac68,2018-07-24T08:48:41.324Z,Brooklynboro,Vermont,Eswatini,-45.1521,-19.859,cogo,voluptatum,vitae,tremo,triduana,tametsi,aegrotatio,104,3.4392134727221,19,timidus,1,1,2,false,0.13464922392270245,2021-05-31T11:24:07.294Z,"Dach, Becker and Prohaska",true
8c1cb73c-4d5c-4a60-9d58-2653e53be8c8,2021-03-17T08:51:17.639Z,New Arloboro,Minnesota,Christmas Island,70.6525,112.9162,facere,confugo,decens,caritas,commodo,atqui,repudiandae,69,100.43568490232973,46,sunt,3,2,5,false,0.09312951546453749,2023-03-19T07:24:44.519Z,Morar - Stanton,true
a542c409-7a29-4fcf-a3fc-0eef0befc00c,2023-07-31T09:55:32.571Z,San Bernardino,Pennsylvania,Dominican Republic,-43.3247,133.6447,atavus,sublime,voluptatibus,virtus,aperiam,approbo,cultura,120,8.022460913060288,19,pecto,5,0,1,true,0.1923732399456794,2022-11-27T19:15:41.627Z,Johnston LLC,false
3c48a0ed-d18e-4a10-a133-2509b1094062,2025-01-01T20:55:57.235Z,West Des Moines,Pennsylvania,Gabon,28.1078,36.9755,cui,solus,volaticus,anser,currus,totidem,vix,127,203.1021531937826,48,decor,1,2,3,false,0.15794083998165867,2024-12-20T22:53:26.824Z,"Heathcote, West and Purdy",false
6a66563f-6d22-4092-9b4d-a485a26ea52a,2023-10-20T15:17:55.334Z,Delmershire,North Carolina,Yemen,29.851,92.2628,amitto,debeo,canis,vicissitudo,totus,xiphias,adeo,32,60.73850600421331,93,accusamus,2,1,4,true,0.02360631235369387,2022-12-04T03:14:29.736Z,Braun - Feeney,false
9b8d8a39-22cc-4435-8dcb-5ef8b73536fe,2020-05-13T13:23:12.564Z,Fort Jademouth,Hawaii,Monaco,-37.6961,58.7806,deputo,coadunatio,harum,accusator,teres,quisquam,cultellus,106,31.860395280018004,75,quod,5,2,3,true,0.21267332604063233,2021-01-31T21:11:10.032Z,Trantow Inc,true
13fbf8af-984d-4400-91a9-0f77e98006c4,2025-06-24T13:37:32.557Z,New Ruthechester,Mississippi,Papua New Guinea,24.4976,41.5309,texo,quisquam,ascit,vomica,convoco,antepono,defleo,66,152.33086561744153,94,damnatio,4,2,5,true,0.04144468928637127,2023-06-05T16:43:49.819Z,Goldner - Lindgren,true
9e7217a8-4ec6-4250-bba3-483752c67c58,2023-01-21T16:56:22.725Z,Antelope,Oklahoma,Jersey,37.5217,7.8896,corpus,tepesco,uberrime,velociter,nam,trado,conatus,121,196.03448462804823,99,quasi,3,2,5,true,0.07694886330525805,2022-09-18T20:21:08.036Z,Olson Inc,true
d5832b5c-448e-4e3f-ba43-3fa97d2d2b7f,2022-08-03T02:36:42.505Z,Hesselville,Nevada,Cuba,-52.2194,-9.48,articulus,adimpleo,desino,villa,capto,auctor,nulla,24,213.36717248207236,65,adipiscor,2,2,2,false,0.10427072568161475,2018-09-12T16:08:46.136Z,Gerlach - Lubowitz,false
68015bbb-c311-48e4-b356-99234391c991,2023-06-20T11:25:23.328Z,Hayleetown,New York,Cape Verde,33.2695,-152.4484,caput,aqua,cognatus,deludo,vociferor,omnis,texo,84,41.43831126076299,93,tepidus,5,2,1,false,0.04740354848701156,2024-06-07T13:54:48.331Z,Block - Muller,true
7505005e-0c28-431c-8c61-5ea5b6dd4e47,2025-10-11T20:24:40.748Z,Fort Jace,Arizona,"Virgin Islands, British",-20.0543,176.8063,comitatus,dapifer,ver,vorago,consuasor,temperantia,subiungo,25,110.48884147833051,53,dapifer,5,0,2,false,0.010862183056535135,2020-11-04T20:26:01.772Z,Aufderhar - Wilderman,false
8968c9ad-d46e-4aa3-b141-c4ee837cf5e2,2022-04-17T08:51:21.138Z,Mitchellberg,Alabama,Turkmenistan,4.8546,-140.8723,adipisci,spectaculum,clibanus,eaque,volubilis,acervus,defessus,123,189.85192958056578,100,delectatio,1,2,2,true,0.23596538851745918,2023-07-17T12:44:12.677Z,O'Hara - Botsford,false
a2f64535-4308-4b83-877a-64808d594b37,2018-11-20T02:54:37.237Z,Lake Marjory,Wisconsin,Togo,41.4703,-105.6947,pecco,quasi,commodi,omnis,absconditus,vivo,denuo,67,17.07206153003833,75,repellat,0,2,5,true,0.06816347297002709,2018-08-22T11:11:24.442Z,Bahringer Inc,false
769c2719-c783-4186-9c42-5957dcea55fd,2022-05-07T12:30:13.138Z,Myrtiehaven,Oklahoma,Ecuador,-73.9863,-27.315,coepi,cubicularis,benevolentia,demum,capio,crux,aut,77,209.93323593250324,96,defessus,0,1,3,true,0.05339983927671957,2018-12-03T09:21:59.135Z,"Bashirian, Treutel and Reilly",false
c7b21931-b432-4d8a-87bb-57a6d8accaa2,2023-05-17T09:21:29.856Z,Westfield,New York,Moldova,-41.86,-74.3762,amissio,usus,arguo,conicio,suus,crinis,beatae,80,67.43876481412549,42,tego,0,2,4,false,0.12698618263235228,2019-10-14T04:23:41.193Z,"Hintz, Herzog and Ullrich",true
5f9d07cd-0f3e-4772-85cd-3f052c6035e1,2023-09-24T06:41:04.283Z,North Bobbyland,Kentucky,Fiji,-59.802,73.2519,suggero,vos,theologus,delectatio,ventus,taedium,quos,30,75.68799127058126,46,canonicus,4,2,2,false,0.05080975493889531,2018-09-08T22:42:41.782Z,"Towne, Pollich and Barrows",true
00be8b9b-c170-4ab2-895f-8b433db3deda,2018-06-21T15:45:58.169Z,Oro Valley,New Mexico,South Africa,-24.8599,-150.7411,fugiat,tumultus,incidunt,ex,terra,amaritudo,occaecati,22,97.17899597125795,83,antea,2,2,2,true,0.19941070388496987,2018-05-11T20:32:32.573Z,Boyer - Marks,true
d17b9cc7-1395-446f-9d3a-9c20afb1309b,2020-04-06T14:17:01.755Z,Homestead,New Hampshire,Jamaica,-9.7881,-42.2942,aestivus,timidus,corporis,sumo,bibo,armarium,bis,23,93.97549684451951,83,aetas,0,2,5,false,0.11498207495469023,2023-03-11T05:29:23.723Z,Nikolaus Inc,false
eccd1c5d-f74f-480e-a1f5-dbcb69124b2c,2020-10-27T17:52:43.828Z,Adeliamouth,Virginia,Angola,-0.8602,-176.8931,voco,tum,tracto,amoveo,coruscus,ubi,vehemens,81,122.44582557186155,100,defero,5,1,1,true,0.23210180848899342,2019-01-05T13:03:05.489Z,Hauck and Sons,true
e90a854b-0461-4480-82a2-0e571e4bd604,2022-09-22T13:01:19.431Z,North Joe,Michigan,Nigeria,22.8215,146.0265,templum,voluptate,talis,ceno,triumphus,deorsum,tandem,128,212.87016111929086,72,condico,2,1,3,false,0.14834771858658438,2019-02-28T13:04:56.394Z,Lemke Inc,false
428547bb-6ec1-4766-b1c3-d73630bf85e7,2020-12-30T05:48:16.307Z,Fort Londonshire,Kansas,Macao,-45.5375,-106.8353,acerbitas,thema,atavus,cras,utrimque,ustulo,solutio,83,10.235335601881017,70,aduro,5,2,4,true,0.22460922535538538,2018-12-21T06:03:33.871Z,"Miller, Wisoky and Mante",true
e21bfd01-9a6f-4d07-b716-af433abf93d5,2025-04-19T16:02:29.168Z,Burnsville,Illinois,Mozambique,-88.0767,-64.8105,patrocinor,cupressus,barba,cetera,colligo,vetus,antea,62,107.00125894246413,19,varietas,1,2,3,false,0.13884336208900794,2024-09-02T06:09:29.456Z,"Murazik, Gulgowski and Stoltenberg",false
c4fbdc22-4c5e-41ff-961e-9dd21aa1af47,2022-08-18T02:04:12.546Z,Aurelioberg,Georgia,Liechtenstein,-49.2439,36.4273,defero,veritatis,capitulus,claustrum,ad,vobis,pel,97,27.90411807491349,23,adulescens,2,2,4,false,0.24244403368170334,2021-10-25T01:53:23.272Z,Deckow - Zieme,false
f9259d4b-1c41-40fd-8924-c66df87a60fa,2022-01-27T15:08:42.943Z,Oberbrunnercester,South Carolina,Somalia,-87.4022,30.5273,spectaculum,cometes,tempore,depopulo,bene,paulatim,expedita,121,10.680684274634178,17,spoliatio,4,2,1,false,0.23136352508551922,2023-06-01T04:53:32.585Z,Boehm Inc,true
80be4d7b-ead7-4f38-bdef-e83d15e66807,2022-03-12T18:58:31.151Z,Dibbertfield,Florida,Faroe Islands,83.0902,123.2143,corroboro,textus,ullam,arbustum,campana,administratio,commemoro,53,14.437935530441424,92,copia,0,2,5,false,0.2417102587939266,2021-12-26T01:08:37.222Z,Wolff - Ernser,false
2556caeb-dac1-4b3b-9af9-90729814cb35,2025-03-14T14:19:46.087Z,Valentinamouth,Delaware,Jersey,32.0833,-174.2599,statim,coma,corpus,caelum,tristis,decerno,commodo,41,26.162913562992145,31,cimentarius,1,2,5,false,0.1443285939559346,2020-11-12T22:39:49.260Z,"Collier, Pollich and Leuschke",true
a6ff32aa-409f-4bd5-a17b-395d84d750ec,2021-09-29T17:32:03.391Z,Tamiabury,North Carolina,Isle of Man,47.2362,-58.1405,adipisci,vitae,carmen,aufero,synagoga,ad,vomito,103,209.48289298608205,57,ademptio,1,2,3,false,0.16706774488914664,2020-03-22T23:49:43.791Z,Muller - Considine,false
7be3bfe9-70b5-4e8f-ae62-5fda671de3b2,2023-08-04T20:25:23.190Z,Riverview,Florida,Saint Barthelemy,82.1608,54.6333,soleo,maiores,commodo,atrocitas,civis,atrocitas,benevolentia,98,201.7967232922434,44,absens,3,2,2,false,0.06628989021788745,2025-05-25T08:51:22.523Z,"Glover, Yost and Boehm",false
a1ed20e3-8d93-4636-87a4-5365e1f4ae7a,2022-07-22T07:38:47.254Z,Darionville,Alabama,Bhutan,-19.7319,-121.6494,curto,non,commemoro,crur,utor,abscido,truculenter,63,10.325374440112558,18,deludo,2,2,4,true,0.07459578463475172,2021-03-01T15:01:11.471Z,Murphy Group,true
6674873b-5be7-4efe-a702-bee78ee4c9be,2025-03-04T00:33:00.539Z,Fort Darrenfort,Wisconsin,Falkland Islands (Malvinas),30.6219,137.7008,perferendis,illum,tutamen,bos,demulceo,acceptus,coerceo,99,28.91540957192971,71,infit,3,2,1,true,0.04466342218832961,2018-10-04T21:49:08.155Z,Schumm LLC,true
078805fc-f5fd-4d32-becf-b6e9d72cdad9,2020-12-20T09:53:30.889Z,Willowborough,Oklahoma,Tunisia,86.2145,93.3514,territo,adfectus,stips,civitas,aetas,depromo,vomica,110,148.38404252661707,75,aestivus,1,1,2,true,0.17043830119957118,2025-07-19T23:16:46.555Z,Bernier - Bode,true
824f1370-749c-4af4-b95a-2a4e62f766cb,2025-10-15T18:58:58.106Z,Port Arthur,Mississippi,Wallis and Futuna,-59.6016,96.3726,aufero,inventore,quae,cometes,adficio,sunt,allatus,66,47.179009484805654,87,audeo,0,2,3,true,0.17321965188887042,2024-05-04T09:47:57.460Z,"Rath, Gleason and Wyman",false
d4d6c08f-c423-4707-a8bf-f402bdc374d3,2020-10-14T10:58:44.721Z,Watsicastead,Kansas,Peru,-51.9531,-43.9267,esse,arceo,et,cotidie,pectus,consectetur,sol,30,162.21618902379737,52,via,1,2,3,false,0.035605244983817785,2018-06-26T08:16:52.106Z,Kertzmann and Sons,true
394ffac3-69ef-4298-b788-9fc3616683d7,2020-08-18T15:28:34.400Z,Lake Junius,Hawaii,Hong Kong,21.327,8.2134,assumenda,ago,maxime,adiuvo,solus,soluta,averto,58,155.7129543055183,87,reprehenderit,3,1,3,false,0.18186897841302108,2023-02-13T12:00:39.115Z,"Homenick, Schumm and Barrows",true
5f1ffe52-185e-4982-b825-e7a8702e4671,2020-04-04T06:59:22.496Z,Lake Kylastad,North Carolina,Andorra,83.3448,59.9882,arx,taedium,ea,nesciunt,caritas,tergum,audacia,58,66.16648281587848,68,recusandae,1,1,2,false,0.005443407790607924,2023-11-19T02:43:38.229Z,Daugherty Group,false
55598359-d0ed-435f-9054-c516be5ba6d9,2022-12-05T01:36:25.248Z,Sporershire,Nevada,Dominican Republic,-28.4544,-107.3219,veritas,alveus,tredecim,conduco,aureus,baiulus,atqui,56,31.20799657278991,87,voluptatum,3,1,2,false,0.24320867712356523,2019-04-21T08:19:01.103Z,Breitenberg - Moore,true
0535a145-bd13-4d63-bd52-6ad884fc210c,2025-09-03T22:00:43.923Z,Lake Hendersonside,Colorado,Finland,-73.4183,-89.32,uberrime,excepturi,cinis,vir,ventito,cerno,catena,33,172.2303232089538,26,torqueo,0,2,3,true,0.016517045447215634,2023-02-01T22:35:35.020Z,Bashirian - Lindgren,true
2c38ae8c-d2bb-48cc-bba3-22cf9cc55063,2023-03-02T16:21:10.772Z,Woodland,Minnesota,Fiji,21.682,148.7547,volaticus,quos,textus,patior,desparatus,audacia,vespillo,105,216.03707793630528,36,derelinquo,0,2,4,true,0.07363314502619112,2024-04-09T03:45:36.419Z,King LLC,true
a845c42e-c134-4446-990c-494ff4461f8f,2023-05-13T07:35:10.625Z,Mohammedboro,Arkansas,Liechtenstein,-83.1847,82.2009,vitiosus,vergo,et,umerus,temeritas,accendo,adopto,89,60.92898408401801,45,cultura,6,2,1,false,0.1732799253386064,2022-03-28T13:26:54.331Z,VonRueden and Sons,false
70057cf3-2fb5-4014-afa7-c9bb9a9a1bba,2018-05-03T21:47:52.726Z,Lake Vita,Delaware,Jersey,-66.7771,-146.4807,quisquam,alo,caput,quasi,depereo,assumenda,triduana,58,25.295569256288324,37,qui,0,1,2,true,0.17813147815425912,2018-07-07T09:54:01.434Z,"Schmitt, Schulist and Adams",false
4507f77e-9290-4d8a-908a-1cf12eb40083,2022-03-10T18:01:11.741Z,Bryanafurt,Louisiana,Monaco,-13.5579,-88.4672,coruscus,omnis,callide,voluptatibus,victoria,sollers,stultus,86,7.832504596992154,29,astrum,2,2,1,true,0.005074717129040701,2021-01-25T22:40:16.981Z,Becker - Hilll,true
cd36ea4a-b905-49c4-b9fd-3161acc37f2b,2024-08-04T08:18:07.397Z,Haagville,Georgia,Indonesia,-9.7916,168.4243,assentator,vobis,casus,subnecto,crur,vis,uxor,41,128.09372548039119,81,desparatus,1,2,3,false,0.00933704849461034,2021-06-14T13:55:06.595Z,"King, Hintz and Effertz",false
ec95266a-e104-4970-bc2f-3c945a01e571,2020-06-01T07:35:06.852Z,Bradland,Massachusetts,Russian Federation,-13.7645,83.0485,solus,defungo,advoco,tantum,curtus,sumptus,claudeo,61,91.39762900760887,21,cras,5,1,2,true,0.010578823025674922,2024-04-29T23:14:36.511Z,"Bogisich, Krajcik and Hand",false
4d9484d1-f07d-4e27-bd32-2a37a4723a87,2023-10-23T11:24:28.387Z,Jupiter,Rhode Island,Sweden,-61.5208,-174.1252,chirographum,adnuo,sordeo,debilito,cauda,degenero,textor,33,138.7011702812535,43,arbitro,6,1,2,true,0.20583999591640634,2020-05-09T23:09:43.636Z,Dibbert - Gutmann,false
afa6e5d1-e245-4fb3-af7f-ac6d769fb68d,2019-06-24T20:07:22.728Z,East Gus,Wisconsin,Mozambique,-12.8856,-98.9853,succedo,utroque,dolorum,arguo,acsi,vociferor,tumultus,87,29.519306203752905,49,uberrime,2,2,2,true,0.21974897969924592,2020-04-15T19:32:11.297Z,"Lowe, Kunze and Dickens",false
db2b1ee9-3939-43b5-a301-73b0232294e0,2019-07-06T06:04:29.425Z,Richmond,New Hampshire,Antarctica,63.9984,-152.7655,denique,villa,stipes,thermae,consuasor,admitto,atrox,127,97.09714197272062,61,surculus,1,2,5,true,0.08193330281840783,2020-10-23T03:01:32.230Z,"Graham, Feil and Brekke",false
38000a39-b9b5-47d7-891a-9f6b99cd07d1,2019-04-30T14:20:40.236Z,Todberg,South Carolina,Bermuda,-35.9646,163.7768,clementia,commemoro,ventito,voluptatibus,caute,absum,tamisium,126,225.3413210161813,90,mollitia,4,2,2,true,0.24239589602676645,2024-05-28T03:35:49.928Z,Lang LLC,false
59990591-b398-44f9-b8e3-92563611885e,2023-02-09T06:25:38.707Z,East Arianemouth,Georgia,Greenland,30.0687,-170.7863,tabgo,terga,confero,aequitas,bis,praesentium,cunae,121,157.21401007290152,91,excepturi,6,2,2,true,0.06422019712087443,2023-12-10T23:35:20.584Z,Streich and Sons,false
61ad2a98-1316-4082-b87b-b9d9a925fb41,2022-06-14T02:55:56.341Z,Ann Arbor,Illinois,North Macedonia,68.7529,76.922,adduco,deprimo,sulum,tyrannus,solium,demo,corona,73,219.7746363794838,55,verbum,6,0,3,true,0.11058535646703968,2020-07-31T20:31:34.576Z,"Tillman, Welch and Schulist",false
e5546d5d-34bc-44a4-8f84-b66c4bd697f2,2018-02-01T01:01:24.455Z,Reichelworth,Wisconsin,Cambodia,80.053,153.1056,aequus,tamquam,exercitationem,agnitio,blanditiis,vinco,angustus,130,114.65233943774506,22,socius,4,1,2,true,0.01464475469779386,2020-12-03T04:43:00.295Z,Howe - Ankunding,true
bd8aac40-1f70-4bb1-9ce7-16ef624c6aa4,2019-12-31T09:09:43.131Z,South Vincenzo,Mississippi,Somalia,8.073,-27.5539,undique,decimus,debitis,caterva,alius,condico,articulus,89,35.05373810232279,45,currus,0,1,3,true,0.11346243505776629,2022-01-18T13:06:21.556Z,"Raynor, Daugherty and Sauer",true
f4a95915-bf39-452e-a228-0e21a936eb17,2020-09-07T02:22:34.302Z,Fort Salvatoremouth,South Carolina,Albania,22.366,-145.8983,nobis,conspergo,spes,facilis,bellicus,venustas,quasi,112,144.84521810281163,98,textilis,0,1,5,true,0.15222499645771487,2021-11-30T20:02:38.995Z,Denesik LLC,true
f340509d-9101-4a9c-af04-f549cd10df4c,2022-03-07T12:16:17.526Z,Andersonton,Florida,Nepal,12.3313,-118.6218,antepono,cometes,minus,defetiscor,non,centum,aperiam,39,213.35167958481196,59,villa,3,0,3,true,0.08813349632970979,2019-10-10T19:08:59.772Z,Mohr Inc,false
84fa5856-b505-49dd-8e5e-5ca4f65a2bd8,2020-07-12T23:25:33.105Z,West Justice,Delaware,Dominican Republic,60.8364,11.0533,laborum,communis,verecundia,omnis,ducimus,deserunt,fugiat,24,193.61879691443244,59,nesciunt,3,1,1,false,0.08841492639525345,2018-01-06T18:40:53.510Z,Rolfson LLC,false
12a59c64-ce8c-4e31-9b65-a18a88902142,2024-07-20T15:55:12.727Z,Florinestead,Kentucky,South Sudan,7.6854,-70.5784,sequi,subnecto,claro,dapifer,decet,verus,stabilis,63,69.64741715940859,24,tredecim,0,1,4,false,0.17543890046101324,2019-10-28T18:54:58.035Z,"Schowalter, Heller and Beier",false
6a525b23-0639-4667-b4c9-9adf13215d10,2019-07-19T03:09:29.688Z,Highland,Iowa,Gambia,32.4381,174.611,coerceo,possimus,tam,crepusculum,ustulo,molestiae,aeternus,74,92.42014745230159,99,atqui,1,0,5,false,0.12357131361356313,2018-06-28T10:46:06.239Z,Haag - Ratke,true
e145bc2a-c59f-4a31-9d4c-26d042daebbd,2022-03-06T07:06:20.551Z,Fort Felipaberg,Vermont,Guadeloupe,-27.0199,-5.8143,cursim,conturbo,curo,apparatus,ubi,causa,amor,83,55.47243311845706,39,alioqui,5,1,1,false,0.20676970205272016,2025-12-11T17:37:54.219Z,"Funk, Predovic and Weissnat",false
0b60044d-a9af-4836-bd69-7e0f911aeaaf,2025-07-17T10:40:10.234Z,Hutchinson,Colorado,Chad,58.2183,-61.6044,vesica,vitae,comedo,patior,aeternus,aurum,quos,38,57.15048144200267,28,recusandae,4,1,4,true,0.18480614751888302,2024-11-14T09:43:34.149Z,"Bogan, Stark and Schultz",false
1071bd2d-415d-44fa-b3e3-48720cf8ec1a,2020-12-10T14:05:47.655Z,Lake Danyka,Kentucky,Kuwait,-38.6773,169.1456,vindico,tenax,peccatus,thymbra,repudiandae,defaeco,causa,112,107.9776686084273,42,atrocitas,3,0,2,true,0.11999871060479378,2020-03-05T08:39:52.899Z,Schamberger - Hilpert,false
c02f62b7-5303-4d69-92a4-4ad0e7afd5a4,2022-04-08T12:59:46.996Z,South Jerrodmouth,South Dakota,Tunisia,38.555,-132.0004,denique,via,temeritas,cupio,cura,cumque,conitor,122,52.57364091732132,60,conscendo,4,1,4,false,0.10553357843048025,2020-05-29T09:33:00.045Z,"Wuckert, Walker and Vandervort",false