accident_id,incident_datetime,city,state,country,latitude,longitude,road_name,road_type,intersection_type,accident_type,weather_condition,road_condition,light_condition,speed_limit,actual_speed_kph,driver_age,driver_gender,casualties,fatalities,vehicles_involved,alcohol_influence,blood_alcohol_level,weather_reported_at,reporting_department,pedestrian_involved
4adeb72e-89db-48c9-b53a-431da9d859dc,2020-01-09T07:51:10.405Z,Fort Norriston,California,Azerbaijan,-23.1406,6.8891,uberrime,iusto,articulus,accusantium,vomito,cernuus,adeptio,45,0.6272032841966002,86,corona,1,2,1,false,0.08255315359728055,2019-02-10T06:33:10.903Z,"Lubowitz, Gottlieb and McLaughlin",false
572b69d0-f9e7-4a29-82fb-82b3be042c87,2023-03-30T23:21:04.938Z,Schneiderworth,California,Gambia,-64.8134,-133.5739,tamdiu,tibi,surgo,et,expedita,tolero,vomica,68,219.94931312188646,88,tempus,0,1,5,false,0.14937798771310729,2020-01-31T15:10:50.687Z,"Konopelski, Zieme and Jacobi",true
ce521e16-c717-424c-9272-c26ea112e7ff,2023-07-08T14:27:04.270Z,Edinburg,California,Antarctica,32.0079,137.5174,adflicto,suadeo,sulum,defluo,amplitudo,adamo,porro,29,178.6503126046383,22,unde,3,1,5,false,0.09250484119223024,2020-11-30T03:22:56.322Z,Rippin LLC,true
939747ba-e4a5-4f56-8887-c89bd86ad431,2019-08-11T13:07:56.466Z,New Maximilliantown,California,Mozambique,87.57,-120.0086,thesaurus,ocer,absconditus,credo,summisse,tondeo,tendo,44,165.12460980022183,87,triumphus,3,0,1,false,0.23163970399325215,2024-06-24T23:52:56.796Z,Zboncak - Hilll,false
c9590018-1bb6-41f3-b8bb-3dd8fad2bc5a,2025-09-19T13:21:02.682Z,Gislasonview,California,Bhutan,27.9175,112.8132,abutor,tenuis,bonus,curatio,cupiditate,demergo,adipisci,65,33.27540215273096,80,voluptates,0,0,3,false,0.06972584053999711,2021-06-06T10:52:54.395Z,Collier Inc,false
31ed736d-827a-4ab8-a987-bd635257874a,2023-01-13T02:21:23.442Z,Nasircester,California,Saint Barthelemy,11.7162,160.762,deporto,sollers,tenetur,calcar,viduo,coma,demum,119,13.13450687543619,40,commodo,5,2,4,true,0.017996450177519968,2019-07-06T18:11:50.005Z,"Spinka, Goodwin and Conroy",false
af724e47-ca75-44a3-9e2d-9c146d546f8c,2020-07-24T13:59:18.636Z,Canton,California,Nigeria,73.1904,-42.9378,tero,asporto,tredecim,celo,commodi,cena,candidus,125,18.14033325873349,56,conculco,3,2,4,true,0.17922373504666994,2025-02-15T21:19:18.945Z,Heaney Group,true
ac4ec0de-6a54-42cd-bd91-37730a6d2a19,2024-06-21T01:04:01.227Z,Mannchester,California,Croatia,3.9316,-79.1152,calamitas,dens,sit,caelum,amplitudo,articulus,cura,53,216.73271449855264,91,defendo,4,1,1,false,0.03434648659565326,2020-12-23T20:16:10.173Z,Hayes - Nienow,false
0fb44900-b70b-4cb5-b693-10679db25f29,2023-08-07T05:58:59.042Z,Port Xander,California,Guernsey,40.7441,60.8236,somniculosus,demulceo,creptio,defero,voveo,verumtamen,valetudo,66,226.55912458607355,90,undique,5,2,2,false,0.12869320170176704,2020-05-24T10:25:15.496Z,"Olson, Anderson and Mayert",true
b75d8739-decc-4182-b0ab-1a45c1c204d8,2024-06-17T13:01:22.677Z,Delphiaboro,Oklahoma,Indonesia,-34.3464,-122.8344,compello,spargo,canto,paulatim,stultus,repellendus,cum,55,117.02106468469516,46,aegrotatio,0,2,2,false,0.051535093257996656,2021-07-11T07:16:48.301Z,White - Lind,false
2dbba48a-ea66-49fb-a619-d743363ce07f,2020-04-04T02:13:13.574Z,Lake Clemens,California,American Samoa,44.8083,-72.9633,stabilis,torqueo,quae,omnis,admiratio,statua,paens,38,181.45244622367645,80,adfectus,4,1,3,true,0.21879156636210986,2025-11-17T18:21:09.812Z,Buckridge - Rau,true
9fd3109d-63bd-4eec-8a3f-7d7585e09529,2022-12-02T07:25:40.061Z,Euclid,California,Haiti,23.2353,-134.9063,cedo,timor,tubineus,usitas,derelinquo,vinitor,vix,53,37.216628805019816,29,decretum,0,2,1,false,0.15741911596191605,2024-03-11T12:01:41.523Z,"Lebsack, Doyle and Feil",false
82144a53-2273-49d4-a99d-9e5ecd1e6838,2020-06-09T13:24:54.160Z,East Mossie,Arkansas,Saint Lucia,-37.4097,-116.3199,unde,ultio,absens,desino,impedit,atavus,consequuntur,66,227.18336082379474,49,deserunt,2,0,2,true,0.2129219191623403,2023-04-25T00:14:34.906Z,Kertzmann and Sons,false
21f29551-9629-4ab0-bba8-d18c2ba4e909,2024-05-07T04:52:40.390Z,Kurtstead,California,Vietnam,-37.4633,135.8048,crebro,comptus,talio,combibo,sub,vaco,tui,104,120.66219057906727,90,culpo,6,1,2,false,0.17955093293176455,2021-04-20T11:54:04.785Z,Kub LLC,true
0796b152-1450-453b-a760-b2243ae9c75a,2020-03-12T20:49:51.268Z,West Gabeburgh,California,Romania,35.4986,64.7242,contabesco,defero,bibo,textus,spargo,voluptatem,iste,63,238.9897762084459,26,contego,6,0,5,true,0.11730082333146713,2019-08-09T12:00:07.424Z,Bednar Group,false
fd385439-7163-4990-9070-c7479c291f58,2018-12-27T20:42:42.636Z,Boehmburgh,California,Belize,-53.2169,-123.2817,totam,thema,truculenter,coma,textor,vigor,cauda,70,189.1022042079956,79,quidem,0,2,3,false,0.11837579135906912,2021-04-20T05:58:33.601Z,"Bednar, Senger and Armstrong",true
2515ff93-28b2-48c7-9896-586edfec58b3,2025-10-16T22:55:18.687Z,Lake Gregg,California,Gibraltar,-0.1136,-37.206,suggero,ver,deorsum,cernuus,cenaculum,enim,arto,46,148.20348014823713,24,cursim,2,0,4,true,0.23432836159360923,2024-10-20T15:27:01.741Z,Conn - Welch,false
d8dbb473-9746-42ab-955e-4f3a95c1f638,2024-09-15T22:17:24.447Z,Warwick,California,Saint Barthelemy,89.2643,-135.1991,acidus,corrumpo,demulceo,auctus,absque,natus,denego,78,47.91179072411042,58,quos,2,0,4,true,0.24667307114245185,2023-07-26T21:50:27.322Z,"Haley, Doyle and Upton",true
6a44fadd-2af9-457a-90d1-4f2f882b0aec,2018-06-30T03:03:02.073Z,Port Deshaunfort,California,Cocos (Keeling) Islands,89.1939,143.5058,tonsor,curto,versus,creber,absum,tredecim,utroque,94,65.77970481243948,36,bellicus,0,1,1,true,0.11897042882245845,2025-03-04T23:57:54.091Z,"Bins, Daugherty and Klein",true
f48ecb2b-4eac-4e78-bdd0-c5f8f30152dd,2023-05-14T22:47:46.087Z,North Geovany,California,Paraguay,55.7337,133.138,utor,surgo,aestivus,testimonium,harum,coadunatio,apostolus,26,148.18547006657047,20,usitas,2,0,4,false,0.0038978578287838794,2019-01-30T01:47:36.625Z,Murphy - Kling,false
3ed60700-01e6-4270-bcbd-51f9fc708ee8,2019-11-09T08:30:32.010Z,North Karleyland,California,Chile,-72.4887,84.0187,teres,arto,ventosus,clementia,subito,carbo,vallum,125,86.08209478497182,40,ars,0,0,3,false,0.0837716104353366,2019-02-14T05:49:42.972Z,Gulgowski - Jerde,true
86daadfa-2381-4440-842c-f59abb7e2ec5,2020-03-08T09:02:22.288Z,Jedediahshire,California,French Guiana,-51.2502,-6.648,vae,acer,cursus,expedita,denego,uredo,bestia,108,48.5768791058587,48,tersus,1,0,3,false,0.17636003605725112,2019-09-13T18:23:00.958Z,Schinner Inc,false
a55c5787-25d6-44f8-81e3-8261a07812ea,2022-12-13T21:17:36.925Z,Royalburgh,California,Niue,40.4709,29.8254,tantum,studio,molestiae,sperno,arbustum,suscipio,rerum,21,44.37648709440989,22,voluntarius,3,2,4,false,0.17537128436627153,2021-10-27T13:39:02.390Z,Sporer - Schulist,false
99decb5c-6772-43f6-b8e0-493a35af4bcb,2023-12-21T15:49:04.772Z,South Danielleland,California,Brunei Darussalam,-56.9418,-142.6153,desidero,derideo,peccatus,ancilla,ante,denuncio,carbo,80,46.82813355647027,40,spero,2,2,1,false,0.18962568394220725,2022-07-24T05:34:19.599Z,Reilly LLC,true
b0039721-754c-4293-94ab-485cebb02dc4,2024-11-10T07:20:15.832Z,Verdieworth,California,Cambodia,39.1222,54.1248,acerbitas,maxime,argentum,corrupti,perferendis,curso,cultellus,27,183.7931295943386,85,accusator,5,1,2,false,0.11489647284433371,2022-06-10T16:10:39.522Z,Sipes Inc,false
74fb9b84-b4cb-4fec-96ea-cf4f94191f03,2024-03-07T07:18:37.976Z,Eagan,California,Niue,-58.9784,-25.4629,deinde,validus,amplitudo,amo,averto,alter,stabilis,94,114.783475863257,85,cupiditas,3,1,1,false,0.10026442137876698,2022-05-31T12:01:52.116Z,Bartoletti - Legros,false
e242810f-0869-4d53-8903-4fb36ec27f5f,2021-05-24T01:17:04.209Z,Wehnerchester,California,Myanmar,-39.5575,166.2286,uxor,arbustum,sponte,clibanus,tergiversatio,quaerat,umbra,91,36.395470822532594,40,careo,2,2,5,false,0.15518095636855234,2021-07-28T13:30:42.219Z,Beier Group,false
d7e10183-4f5e-47c9-a8eb-e198116c80e8,2023-07-01T09:59:37.943Z,Doral,California,Finland,-36.1762,122.2812,adfero,adsum,territo,vulnus,delinquo,cuppedia,ustulo,48,99.25062971027425,59,celebrer,0,1,2,true,0.23922668402960878,2024-01-23T04:03:07.363Z,Greenholt - Buckridge,true
cc7e8315-bb57-42b5-879e-a20bae2071f1,2022-11-22T19:01:45.477Z,Pocatello,California,Bolivia,-80.811,-128.4865,comitatus,urbs,adiuvo,absum,optio,approbo,deserunt,22,142.04620762951393,39,vinitor,0,0,2,true,0.1425322084512965,2018-12-07T05:23:13.496Z,Larkin - Shields,false
eb2e20e1-345a-4b70-a398-a3d41e039d3f,2021-12-09T12:11:19.928Z,West Kamrynshire,California,Myanmar,54.3173,66.5999,vestigium,molestiae,vox,coerceo,aureus,charisma,adulatio,73,39.85341043487261,73,ara,0,2,4,false,0.012475781136369712,2022-04-24T12:12:43.039Z,Klocko Group,false
731e23aa-d83f-4e00-9726-4a16fb62b89b,2024-08-07T17:22:27.341Z,Port Arelyland,Alaska,Nicaragua,35.1429,-123.8314,bellum,ullam,adsuesco,suppono,talis,defaeco,certe,73,81.45244826465829,21,decerno,6,0,1,false,0.2183722753565349,2022-03-12T14:15:42.819Z,Kohler - Lang,true
3f6ba992-1330-4818-8bab-5c41b4886c12,2021-02-06T15:00:34.508Z,West Evansfort,California,Czechia,-70.3609,38.5863,aggredior,conscendo,vigor,textus,aggero,volva,cervus,29,172.59619560615715,62,tenetur,5,0,4,true,0.14372068749561953,2025-03-07T07:46:57.465Z,"Kub, Lakin and Bergnaum",true
3801001c-867f-4980-ac54-ea845368e346,2021-02-22T17:52:33.036Z,Thompsonworth,California,French Polynesia,-15.6746,37.7618,caute,suasoria,valetudo,debitis,asper,vobis,desino,36,26.601086905402962,95,auxilium,3,2,3,false,0.1467653124662751,2023-04-15T13:30:46.960Z,"Emmerich, Parker and Fadel",true
9934d998-9178-4ad0-ad17-3f409b464b9f,2021-11-11T16:00:14.228Z,Wallaceport,California,French Polynesia,12.6362,62.1871,alo,tyrannus,tergum,alo,truculenter,decumbo,claudeo,26,26.749130897371014,53,deorsum,4,2,4,true,0.0181973364614193,2019-06-24T20:16:12.475Z,"Powlowski, Grimes and Harris",false
07b13896-1509-44c6-8953-8a7b71d389e2,2021-12-24T08:29:09.645Z,Rubieville,California,Aland Islands,-71.1807,121.7007,contigo,calculus,bos,vesco,adnuo,voco,coma,27,188.25785080126073,86,acsi,2,2,4,true,0.013999913934600927,2025-08-02T22:44:01.562Z,"Lubowitz, Skiles and Schaden",true
f5c052d9-d11f-480d-a0f9-04944d5a81e5,2021-05-04T01:09:16.589Z,Larsonchester,California,Ireland,-57.387,174.3849,deprecator,acies,civitas,cernuus,color,depereo,patruus,24,73.73669820415655,69,causa,3,1,3,true,0.2435919133113247,2024-04-20T16:23:58.040Z,Ondricka Inc,false
b5b1c0f1-6283-4452-8d1e-1bd90daf5817,2019-09-01T05:30:08.456Z,Stromanview,California,India,58.6318,-59.6112,adipisci,tego,suscipio,tabula,deleniti,quia,voluptates,83,101.60047011288603,81,concedo,6,1,5,true,0.17564128615816987,2024-01-13T11:39:29.045Z,Dooley - Sawayn,false
63ed4beb-1376-455d-b03a-88d50fb657bf,2021-03-15T07:44:01.535Z,Pagacbury,Maine,Timor-Leste,-39.9566,-121.2118,subito,ipsa,atrox,sursum,vitiosus,amo,vado,91,50.94439847639347,52,abundans,4,1,5,false,0.24209759147534554,2024-12-24T14:40:33.181Z,"Ward, Mertz and Block",false
f8eafa7a-b4d9-4fcb-85ab-d52b98a6ec23,2025-10-03T14:28:05.763Z,South Joannyton,California,Mauritania,-14.763,60.0494,quidem,cernuus,vestigium,acies,terminatio,anser,aranea,29,144.07627671385188,93,defendo,3,2,3,false,0.24614834074644706,2025-12-28T23:58:45.768Z,Koelpin Inc,true
eb57e83f-8ab0-402f-a9d4-a0979ac511ad,2018-08-01T23:48:41.324Z,Joplin,California,Turkmenistan,28.1052,-90.5573,verumtamen,vinculum,vel,arto,canis,cariosus,combibo,93,186.26873453747106,30,aufero,0,2,5,true,0.1040931409474932,2022-11-26T07:44:24.589Z,Koch - Stokes,true
31d972d4-b6ec-4311-899e-951b4aecd415,2023-07-14T11:07:52.950Z,Kovacekstad,California,Suriname,-52.4207,-16.6212,beatae,enim,concido,aestus,asperiores,vallum,antea,118,15.558460804253826,54,aveho,4,1,4,false,0.004166746680709904,2020-10-24T09:08:09.324Z,Collier - Wolff,true
f6a7fb0e-a82c-44ba-af60-c0e37604c0de,2023-09-28T07:16:25.319Z,Dellstad,California,Republic of Korea,-85.1623,168.7592,vestigium,antiquus,stipes,voro,aegre,aliquam,facilis,104,220.70412445411338,71,abduco,3,1,4,true,0.13905647303789748,2022-05-22T07:49:08.675Z,"Barton, Goodwin and Hoeger",true
81dae5d8-95f9-4fd9-a05f-1e7a4fedbb34,2021-04-10T13:11:19.822Z,Joefort,California,Dominica,77.1313,170.6834,tum,conspergo,tricesimus,tamquam,alias,contego,deserunt,43,59.528548254711126,16,coadunatio,1,0,2,false,0.07965571213663708,2019-11-26T02:06:54.491Z,"Gutmann, Farrell and Ledner",true
ff19a9d6-3d32-4ecd-b94c-2703b107bc46,2024-07-28T04:35:41.754Z,Kuvalisstead,California,France,-26.5595,-88.8864,spiritus,aduro,valde,tum,fuga,cribro,auctor,101,89.17008160596563,25,explicabo,4,2,1,true,0.014334061737702353,2025-01-29T00:37:22.005Z,Koelpin - Fay,false
6300f700-dfa9-4c78-bbc1-dd1c156f6c53,2020-09-11T03:40:42.545Z,Dexterland,California,Japan,-88.2545,149.5172,voro,condico,surgo,tantum,tremo,deleo,eos,42,163.17214748203133,28,sufficio,0,2,5,false,0.1200763786283445,2021-01-19T07:26:31.308Z,Bode - Runolfsdottir,true
2534c2b5-62c7-49ca-b273-9a9b0f3a4402,2019-04-11T00:12:27.418Z,Hoegerboro,California,Sao Tome and Principe,-7.2328,45.0264,theologus,corporis,cultellus,tenetur,suspendo,traho,despecto,82,221.8945524816338,43,veritas,6,1,1,false,0.20912189177640605,2019-11-20T18:54:06.078Z,Marvin LLC,true
b9d13b8c-20f7-4ac2-be86-5c55c37f00f7,2023-06-13T01:44:48.815Z,Brakusville,California,North Macedonia,31.7498,145.2525,solium,cubitum,quasi,conturbo,xiphias,repellat,arbitro,109,91.16299707832079,47,summopere,6,0,5,false,0.17096061647251837,2018-08-06T23:49:20.549Z,"Roberts, Heidenreich and Cole",true
fbf34e02-1ba4-4f2c-9c5e-67f483476754,2019-12-04T14:48:16.299Z,Cheyanneberg,Indiana,Zimbabwe,32.3335,-119.1151,degusto,repellendus,conitor,vita,impedit,totam,recusandae,102,113.09917224610831,99,theatrum,4,2,3,false,0.22686090759735528,2020-06-22T16:04:56.277Z,Stark - Watsica,true
4f0cd32f-82b8-43c6-bf32-9fa4455d3eda,2018-05-17T10:23:34.682Z,East Libbieworth,California,Saint Kitts and Nevis,15.7449,118.5535,appositus,accommodo,amo,coma,creta,succedo,accedo,72,174.39928502982437,70,possimus,1,1,3,true,0.004391386712920886,2018-02-07T02:15:03.163Z,"Murphy, Schroeder and Hyatt",true
c79a0ce7-0eb4-45fe-a4e6-432fa2bcb26b,2020-08-03T10:34:49.580Z,Alexabury,California,Algeria,-12.1543,20.3396,avarus,temperantia,clementia,ocer,validus,aeneus,temporibus,94,72.55333727807502,50,celebrer,3,2,4,false,0.05405431684575984,2022-09-06T04:12:10.072Z,"Bartoletti, Doyle and Rempel",true
8cba622c-b1e7-42dd-b2b2-1df90d11673e,2021-05-27T19:17:38.359Z,San Diego,California,Andorra,-27.9845,49.104,vorax,capitulus,terga,adduco,usus,thesis,aedificium,56,42.34171989278862,69,civitas,5,2,3,false,0.021912175503108255,2021-12-11T14:19:45.629Z,Wunsch and Sons,false
97c0f29b-3649-4497-8cdd-9d8062489352,2018-11-30T08:42:22.718Z,Rudolphland,California,Zambia,9.0557,-86.1508,dolore,deripio,cogito,video,summa,perferendis,soluta,64,18.753285875836063,83,synagoga,4,1,1,true,0.10613802334740119,2019-10-15T03:16:44.850Z,Gibson LLC,false
ccd8ba00-fc20-4e26-a0c2-44d011d0bd04,2025-02-11T07:48:37.932Z,Lake Asaview,California,Thailand,39.8888,74.3584,vitium,tertius,barba,accendo,aetas,cibus,auditor,114,141.829059159814,24,solus,1,1,5,true,0.19376519006190207,2024-04-18T01:53:23.255Z,Ratke LLC,false
b65ffbe8-f349-47ec-a042-8f597baa2a21,2024-09-20T20:22:49.408Z,Eloiseland,California,Kyrgyz Republic,-75.9583,77.0402,depulso,vigilo,deripio,vestigium,aspicio,cicuta,aegrus,36,221.6827360164036,25,peccatus,4,0,4,false,0.20167631604169348,2025-07-07T16:44:37.555Z,"Ritchie, Kemmer and Schamberger",true
f02eb42b-7294-41f3-8ddd-a60afdbc9dc2,2021-01-04T19:27:35.362Z,Billborough,California,France,60.9446,-138.618,temperantia,corrumpo,voluptates,provident,tabesco,admoneo,tantum,127,201.40116183532913,66,termes,0,0,5,false,0.04225064273162249,2018-10-15T21:35:16.825Z,Kris LLC,true
ffa692d9-b290-4ce9-a1fb-d2cf1ec738e2,2019-06-10T06:55:31.293Z,Yadiracester,North Carolina,Northern Mariana Islands,-40.5723,-118.4377,varius,supplanto,degusto,totus,arto,natus,velum,57,152.5282629250709,19,aeternus,3,0,2,false,0.02317992592450535,2023-09-27T17:15:08.892Z,"Zboncak, Maggio and Moen",false
ad1f7e9a-d494-4969-b8f6-47e6066c97f9,2020-12-29T18:59:10.160Z,South Sanfordtown,California,San Marino,80.1865,18.5492,alter,nam,totidem,cras,alo,curto,aeneus,40,71.56157651178829,91,crebro,5,2,3,true,0.22799824695668308,2020-06-16T20:32:11.057Z,Wiza - Haley,false
c303b120-c2b5-47f5-b677-5506bf2b60d5,2023-02-16T20:12:22.098Z,Daishafield,California,Saint Lucia,21.8795,-3.6772,turpis,defendo,vallum,repudiandae,aeternus,atqui,absens,66,120.10990754244396,94,sumo,5,1,3,false,0.012206780067915451,2019-02-25T16:59:01.130Z,Ziemann LLC,false
8c055bd6-797e-4a76-a261-1c88c5b81612,2021-06-07T07:33:18.476Z,East Owenberg,West Virginia,Bangladesh,-35.3012,-124.102,sumo,tondeo,cogito,aestus,vester,eveniet,ducimus,112,224.3506856944036,51,centum,3,0,2,false,0.03208823668594726,2023-04-12T10:28:12.824Z,"Flatley, Lehner and Christiansen",false
3ca1d028-429e-48b8-bf23-c32981afb223,2023-08-29T18:09:38.129Z,Tacoma,California,Venezuela,-39.6445,-49.2636,animi,labore,pecus,aggredior,tutis,acsi,bibo,121,89.65756343785476,32,varius,5,2,1,true,0.05533310571627342,2023-08-10T09:21:02.477Z,Mitchell LLC,false
4f911d1c-59a9-4154-a5ca-eccb8ab74684,2025-04-13T17:34:24.154Z,Effertzberg,California,Mauritius,26.8391,-163.2041,creo,thermae,tribuo,consequuntur,vado,expedita,copia,98,32.75777372090665,31,speciosus,0,0,3,false,0.0753703962202493,2021-04-30T05:34:19.293Z,Heller - Fadel,true
2b68da89-2948-456b-9eb7-371f88b32ad3,2022-02-05T16:43:54.630Z,New Nasirland,California,Kenya,31.0899,0.8812,claustrum,summopere,numquam,curia,aspernatur,aveho,ultra,43,93.24097323962025,36,comitatus,5,0,4,false,0.14695972989544323,2023-09-24T16:57:20.386Z,"Lindgren, Streich and Schaden",true
03c9ac1e-e3dc-4eab-b80f-bc047092b90e,2022-07-01T12:38:46.144Z,Liacester,California,Morocco,-38.7756,-150.3363,fugit,terga,solio,adhuc,comedo,volup,accusator,83,113.6163967613131,80,degero,2,2,4,true,0.13840984572985987,2021-03-14T00:29:06.353Z,Rice - Zboncak,true
1a078564-3293-4c61-b8e2-c72500e321cd,2022-04-22T04:31:14.870Z,West Jackbury,California,Bosnia and Herzegovina,41.7947,-28.8072,cruciamentum,autus,terebro,aqua,saepe,adstringo,charisma,53,20.139743207331584,61,vehemens,0,2,1,true,0.09151418987217,2024-02-26T20:51:15.330Z,Howell LLC,false
55e4ea1a-c59b-4f1a-9bf6-1919ced701ab,2022-08-21T21:03:33.632Z,South Benjaminville,California,Czechia,-57.201,19.6629,quos,suppellex,sperno,depraedor,consequuntur,porro,architecto,60,144.36658679436775,89,tolero,4,0,2,true,0.20337552965666642,2018-05-08T09:55:15.841Z,Reichel LLC,false
d70c07bd-0005-48e7-96b4-bc1f0baefb78,2022-09-17T06:48:38.818Z,Battle Creek,California,Angola,54.9562,43.8929,ulciscor,nisi,tibi,modi,rem,vulgo,contego,96,110.62558613082041,47,claro,2,1,5,true,0.24629165191178867,2022-01-08T03:45:01.966Z,Jacobi Inc,false
ed77ada6-0733-4f84-92f6-e09fd8de6b7d,2025-09-24T05:28:35.295Z,Miami Beach,Maine,Mayotte,-36.3664,-122.8997,acies,acervus,concedo,abduco,ultra,odit,comitatus,53,108.87825813151493,43,bos,4,1,3,true,0.013229396297859991,2023-06-24T02:59:52.694Z,Rice LLC,true
d832becf-6282-4a73-b42b-b87b2a90dbb9,2020-10-17T00:16:32.140Z,Lake Myrtlestead,California,Saint Helena,-66.0021,-32.267,surgo,argumentum,nulla,depraedor,caecus,deficio,sequi,124,180.3865203040379,75,aer,6,0,5,false,0.04082687845741112,2019-02-05T08:16:31.038Z,Nolan - O'Keefe,true
894dd9c7-feab-4261-b936-e20b6b65ddc8,2018-05-21T10:28:01.824Z,New Elenora,Pennsylvania,Honduras,35.528,-121.0609,aperiam,super,umbra,strenuus,aestus,vaco,conspergo,112,35.102935951588535,36,allatus,0,0,5,false,0.03452329038016516,2023-10-13T10:12:08.281Z,Bruen LLC,true
a985a79c-ef19-4bf9-8589-80f69b09ddc8,2022-12-02T15:58:24.465Z,East Katlynn,California,Taiwan,-29.2781,49.7894,facilis,trans,admitto,vado,tredecim,commodo,talus,95,231.97867896320454,35,cupressus,3,0,4,false,0.10033897936356415,2020-02-15T16:44:49.511Z,"Wunsch, Paucek and McGlynn",true
c39b7af4-8735-40ea-80de-93f95683918b,2020-11-12T17:34:59.812Z,Adelinechester,California,South Africa,-61.8179,79.1636,argentum,et,assumenda,acer,cuius,repellat,conicio,52,97.73878637459711,77,vis,5,1,4,false,0.20062916358842772,2022-06-30T17:43:10.026Z,Marvin - Emard,true
e0368a9d-a328-4a8f-a304-28966ce90d74,2025-04-28T03:15:36.361Z,Kyleighboro,Arizona,Lithuania,-40.238,-118.1515,cognomen,artificiose,vinco,aperte,vulticulus,aggero,molestiae,30,24.201678059925868,76,odit,1,2,4,false,0.09359771394629929,2020-12-05T21:42:51.195Z,"Kihn, Pfannerstill and Thiel",false
920ddecf-3575-4545-b09c-8a19cabc45b3,2024-06-24T17:28:03.341Z,Danville,California,Belize,-40.5313,92.9885,quae,autem,crux,thymum,amet,arx,tibi,68,66.04101081434506,20,deprimo,0,2,2,false,0.004928901450762441,2022-10-08T15:51:52.110Z,"Vandervort, Farrell and Anderson",false
fdcf4d9f-e197-4a2a-badd-b6f72e800f21,2020-02-23T19:05:24.085Z,North Bertrammouth,California,Argentina,-15.7773,-31.1137,beatus,amplus,cavus,tabernus,vetus,tot,abscido,22,201.5041708866258,34,officia,0,0,5,false,0.1924302850353942,2025-10-01T04:06:01.862Z,"Denesik, Zemlak and Zboncak",true
3c4b953a-a5da-4864-a75a-416b9990cf28,2022-07-01T14:44:50.099Z,Arlington,Connecticut,New Zealand,-38.6138,-116.2333,auxilium,praesentium,tremo,solum,vulgo,ver,aestas,129,6.917244820335942,69,theatrum,2,1,2,false,0.01402581816205034,2020-12-15T00:25:45.863Z,"Keebler, Koepp and Nader",true
eb2d4b7a-6b43-4960-bf54-1d2f202a52d8,2025-07-06T22:10:32.372Z,North Amayahaven,California,Guam,-27.994,90.7157,trans,crepusculum,ultio,assentator,aequus,brevis,torrens,60,166.25237237384079,45,tum,2,1,4,false,0.12329088628690979,2023-02-07T01:18:06.071Z,Schulist - Carter,true
a62a9dcf-5891-401d-ab02-4581902d7992,2019-05-18T10:50:43.157Z,New Magnolia,California,Heard Island and McDonald Islands,-50.7701,6.7158,summa,approbo,omnis,summopere,sono,aliqua,viridis,26,219.4588430279412,73,tunc,3,1,3,false,0.0873960193507875,2024-12-29T06:48:38.673Z,Schamberger LLC,false
0badc781-a441-4d17-a9b2-e75deadc6d47,2020-10-16T21:56:10.909Z,Oxnard,Illinois,Rwanda,40.6788,-114.4921,vociferor,voro,quas,certe,suscipit,sopor,audacia,74,51.866112785450476,90,animus,1,0,2,true,0.049604822926981124,2024-05-16T08:19:36.408Z,"Mertz, Kassulke and Metz",false